Frame,PC1,PC2
0,5.195702,5.2354827
1,7.245329,5.7738247
2,6.0647764,8.062605
3,6.7015343,9.103413
4,5.217478,9.123911
5,6.0432997,6.8363075
6,6.2570314,6.5938787
7,4.0829697,2.6039672
8,4.8260503,3.9125662
9,4.99788,2.5667343
10,4.670278,8.9665165
11,6.3293667,7.168707
12,5.099378,6.3809357
13,5.9514847,3.854785
14,5.6604867,4.7553535
15,6.1016846,4.233119
16,6.161023,5.575056
17,6.0615478,4.816715
18,5.1126256,3.144296
19,4.5769176,4.6391344
20,6.0698624,4.3459573
21,6.4382267,4.939932
22,4.6621394,4.8073907
23,4.900814,5.7042823
24,5.0885463,5.552159
25,7.2521777,6.535342
26,6.6188116,6.053423
27,6.915554,6.71377
28,6.2793565,3.0056162
29,5.0975184,4.977687
30,7.0585465,5.448154
31,6.4336085,5.002887
32,4.8943167,8.001439
33,5.7190275,6.4661145
34,6.6010447,6.461787
35,4.7184653,6.9572845
36,5.221912,5.179497
37,5.320423,5.9515204
38,4.8235207,4.1856737
39,5.686265,7.6857305
40,6.123088,8.224659
41,5.8589454,8.107858
42,6.2731185,6.0836883
43,5.9948053,5.5731754
44,6.463735,4.54339
45,5.0777645,7.6295714
46,5.2049108,7.19417
47,6.4989147,5.7253385
48,6.3477383,7.7502317
49,5.1794744,5.3085036
50,6.388867,6.100381
51,5.935777,4.7421455
52,5.6082687,5.431996
53,6.686037,6.477002
54,5.6927814,2.6613576
55,6.7460017,4.9727783
56,5.2436633,4.5382366
57,5.4398704,5.384192
58,5.951489,6.938831
59,4.523023,6.824969
60,6.643825,5.4721622
61,5.315869,6.6467156
62,4.0150905,7.7983
63,5.7947917,4.258959
64,6.7242184,5.1312695
65,5.111189,5.9731026
66,5.9243627,6.65311
67,6.143289,6.3469343
68,5.7141824,7.518206
69,5.4490952,4.4544353
70,6.755378,5.2592607
71,5.997789,6.99132
72,5.5408278,6.922979
73,5.5932727,5.2458453
74,6.156076,7.74983
75,5.7921576,7.5911217
76,4.102798,3.8053007
77,5.3489957,6.8713336
78,5.864656,3.4965878
79,7.5971293,6.8248568
80,6.1677628,6.1245427
81,7.851924,4.95737
82,6.9176702,6.1713376
83,6.520041,6.80197
84,5.0164094,10.371691
85,5.4112153,2.596447
86,5.6425548,4.842972
87,5.412908,5.339684
88,6.4551206,4.626855
89,5.4608545,3.1443799
90,7.0672846,8.6370535
91,6.891981,5.796284
92,3.1899815,6.9847207
93,5.8059,6.634167
94,3.6347485,7.112706
95,5.75973,6.6190825
96,5.4247475,9.023233
97,3.668392,4.766779
98,4.7647314,6.690162
99,5.341383,7.3163056
100,6.111344,4.4501195
101,4.306336,6.8993745
102,6.2263837,4.751738
103,6.727894,7.5631304
104,4.9236617,7.1362133
105,5.9071417,6.095346
106,6.452465,5.799995
107,4.340135,7.285085
108,6.7199664,6.935081
109,5.2787795,7.0492725
110,6.242619,6.1070237
111,6.9776726,4.23894
112,6.824369,6.1968145
113,6.2362294,2.9312127
114,6.8197885,4.167872
115,4.801667,5.4947014
116,5.3073697,7.343883
117,5.541521,3.4446
118,7.0524073,4.1926694
119,5.388142,4.788504
120,6.359988,2.9541266
121,5.831199,3.156115
122,4.898938,3.7097974
123,5.1530046,-1.4709278
124,4.9049096,0.48079714
125,5.542165,3.7582865
126,4.3441906,2.800153
127,6.4981794,4.246586
128,7.1275845,7.544937
129,4.1837153,3.8697648
130,4.231983,2.0696828
131,4.3068037,-0.038338732
132,5.1320906,4.3908353
133,5.1447835,1.9015137
134,5.596914,3.692309
135,5.334468,4.6528177
136,4.667893,6.263646
137,6.387332,4.1843657
138,6.6442237,1.8968307
139,5.221751,3.5297139
140,5.4265428,3.6688852
141,5.6955113,0.9331032
142,6.1805205,0.04189046
143,6.6734505,2.3275487
144,5.065019,0.41096184
145,4.8638077,4.380883
146,5.842418,4.4918733
147,5.741308,5.075437
148,5.838391,5.227725
149,5.6945343,1.4474607
150,4.724873,2.5222766
151,5.897853,7.7997775
152,4.028287,7.138291
153,5.2376695,5.044005
154,5.9150734,6.722918
155,5.7856483,6.8166957
156,5.575748,8.613488
157,5.7989616,8.276425
158,4.827981,6.9288073
159,5.9792733,4.4939537
160,5.9840336,4.701265
161,5.252941,5.1066575
162,5.088923,2.9393787
163,5.2532506,3.2092016
164,6.082278,4.5169683
165,5.11385,5.8923807
166,6.531153,2.7082052
167,6.782819,0.38607207
168,6.039193,1.5264438
169,5.2047544,3.4840384
170,5.431011,3.2717416
171,5.433847,4.2459493
172,5.5317817,0.777365
173,5.91021,1.0790597
174,6.8234024,0.031126963
175,5.2977524,3.2822628
176,5.2445965,4.51195
177,5.8189783,6.97144
178,5.5046434,6.5276814
179,5.879938,5.6869483
180,6.9344873,7.154898
181,6.3170853,3.6401873
182,6.7416406,2.5835578
183,6.4519534,6.0506454
184,5.590651,4.515631
185,5.7901464,5.6077957
186,4.9449887,6.2943287
187,5.911811,6.8902893
188,6.77265,2.5316398
189,6.771295,6.384068
190,6.640611,3.6846693
191,7.192973,4.7485895
192,5.0702147,5.5964336
193,7.008151,4.786779
194,6.0181575,5.7189045
195,4.74754,2.7644823
196,5.075721,4.644282
197,5.890624,5.6674075
198,5.585498,4.6561227
199,6.1981044,5.358809
200,6.19933,10.820312
201,5.6078353,6.5807524
202,4.8951826,10.487559
203,6.740088,6.72961
204,4.9003577,5.3667417
205,6.3033075,8.504605
206,5.84383,6.482209
207,7.980933,7.3191867
208,6.0698485,5.3166013
209,7.568049,6.9686155
210,8.48563,7.316608
211,7.305841,6.976586
212,7.5555744,4.48402
213,6.713228,6.160512
214,7.2066927,5.2304616
215,7.5131927,4.809308
216,5.823339,9.773821
217,8.754893,5.4000096
218,8.106285,4.399017
219,7.3011575,7.0250945
220,5.9726257,3.139269
221,5.9543347,3.6995614
222,3.9462593,6.4741764
223,6.9281855,6.0905633
224,6.319692,4.293529
225,5.732957,3.5146518
226,7.425398,0.20249937
227,6.7981925,0.0365729
228,6.658602,-0.10298405
229,5.650109,4.0472713
230,7.783394,3.1555352
231,5.5354137,2.6307383
232,7.121328,2.739364
233,5.242862,8.096044
234,5.1717005,2.5710487
235,7.028578,3.7753463
236,6.4186378,3.9129615
237,7.051148,8.464059
238,6.9206424,7.023992
239,6.6952305,7.0886703
240,5.6853247,6.993735
241,6.582085,5.629989
242,6.547899,5.691004
243,6.4536576,4.2349777
244,6.085578,5.7390003
245,6.7149014,6.4747477
246,5.5696955,7.1415133
247,7.0444584,6.013718
248,6.2000823,4.3301015
249,5.5729485,4.178961
250,5.592276,8.377022
251,6.5020576,5.5020833
252,4.9802384,5.37532
253,6.5924273,4.5803475
254,5.336889,4.842361
255,6.246781,4.5308876
256,5.4602284,4.4882565
257,5.75734,3.786227
258,2.9732533,3.0989459
259,3.4925013,0.42752233
260,6.626731,3.1896942
261,7.4875326,5.727414
262,6.104138,6.8948035
263,7.5307326,6.405899
264,6.6133986,6.392765
265,5.586398,9.544886
266,7.6343355,6.799365
267,5.651936,3.5522778
268,6.8562837,6.421381
269,6.464353,7.0378265
270,5.9045925,4.9003243
271,7.444932,8.734323
272,5.1341667,5.2268863
273,6.020734,4.9652915
274,6.9629345,5.827354
275,7.1721754,4.5533295
276,5.6496935,3.4578
277,6.6266007,1.7416848
278,6.1053557,1.3590683
279,7.607528,3.989441
280,5.349749,4.060219
281,6.496098,6.195487
282,6.052259,1.9947942
283,7.230616,5.9654536
284,6.7077274,3.1479197
285,5.8129206,5.748376
286,6.3103743,5.778688
287,7.817411,5.5780516
288,7.0088563,5.2632747
289,6.702287,7.6663437
290,4.8180776,7.4564767
291,6.4615707,8.094703
292,5.2560506,6.3444242
293,4.9777517,5.0773087
294,5.4157443,7.456522
295,4.7119823,8.118525
296,5.17872,6.937661
297,5.622459,7.818271
298,6.488073,8.856474
299,6.655041,8.102224
300,7.1210265,5.9128785
301,5.7843685,9.614354
302,6.674847,8.738655
303,5.2396455,5.757991
304,7.522544,6.7527885
305,5.1739783,5.2495627
306,4.8492618,7.1115828
307,6.6553993,7.7126155
308,4.5971475,7.644307
309,4.4503436,6.190012
310,6.820756,5.3493533
311,6.4916635,2.8735158
312,5.895484,-0.17833541
313,5.722889,5.470811
314,4.157651,3.1928458
315,6.4929748,3.336895
316,5.044911,3.8788078
317,6.347163,5.1856613
318,5.904731,6.5711923
319,6.614427,3.9479008
320,4.984309,2.3959076
321,5.317591,6.567726
322,5.6971817,4.8383927
323,7.003803,3.3823497
324,7.0189004,4.0110974
325,8.4890175,3.314889
326,6.9457397,3.8940914
327,7.396703,3.3004467
328,7.1297665,3.0145702
329,8.183525,4.9561343
330,7.857313,3.5305974
331,7.2084727,3.24356
332,5.4488482,6.2492886
333,4.6849704,4.846938
334,7.591722,6.767918
335,6.965595,3.5818074
336,7.17099,5.442184
337,8.77855,7.8839407
338,6.6935754,7.0795693
339,8.677451,8.048271
340,7.6697326,8.007522
341,5.241109,8.651203
342,8.724398,7.802249
343,6.651879,5.9939604
344,5.4931307,9.433233
345,5.5430574,5.71946
346,6.7844954,8.652593
347,7.4520454,6.736199
348,8.032095,5.942968
349,7.3424163,8.721969
350,7.2144084,6.823814
351,6.6748915,8.756536
352,6.675759,6.646701
353,7.3101053,6.67112
354,5.0497456,6.4154325
355,5.7254834,4.904776
356,5.6620216,4.770831
357,6.747157,4.484521
358,6.409819,4.4330378
359,6.3731294,7.2708063
360,6.822282,4.8262687
361,5.7413645,6.77359
362,6.005561,3.184412
363,7.3832903,4.918977
364,5.830581,3.0826757
365,6.814475,3.4596975
366,5.026087,3.6202853
367,5.780952,9.479398
368,5.3942413,8.204963
369,4.022019,4.695783
370,4.209961,5.312217
371,5.573813,3.2528527
372,6.294186,4.6879044
373,6.5813575,3.5002804
374,6.665003,4.4547544
375,5.4454255,3.530866
376,5.778658,2.9093022
377,4.9972334,5.376475
378,4.580515,3.3777494
379,6.6717625,2.808381
380,7.347289,3.305342
381,5.0586724,6.617547
382,5.8634396,7.195401
383,4.904602,8.43599
384,5.2621775,5.404917
385,6.3161798,5.3936276
386,4.7885375,7.9490724
387,6.57335,6.165811
388,7.262006,5.2978683
389,6.228219,3.847931
390,6.2079005,2.4550927
391,7.3307824,5.865701
392,5.5987964,4.4467826
393,6.078313,4.0685425
394,7.3865566,5.012095
395,7.114618,3.9519951
396,6.83955,2.3169951
397,5.301922,4.25709
398,5.3686624,2.7519114
399,6.349268,7.169786
400,4.4543414,6.5932393
401,5.3025928,8.481713
402,6.056611,4.4549828
403,4.822988,5.954555
404,5.2596536,6.1768737
405,5.989309,8.846449
406,7.108927,4.6830616
407,6.845685,9.268111
408,5.6215982,5.3068857
409,6.3823767,2.7844524
410,5.868306,4.3315654
411,6.7520022,5.293771
412,6.1497116,3.622561
413,6.812954,3.1868224
414,7.1746726,4.8555007
415,5.230451,4.81515
416,5.7393303,1.9362867
417,5.2726645,6.4563026
418,6.042261,4.38871
419,5.507686,1.8054377
420,6.413737,2.1408305
421,6.129297,7.1135144
422,5.625851,2.6056967
423,6.1814003,5.9845376
424,7.344192,6.480638
425,5.384937,7.3114038
426,6.2376933,5.707368
427,7.0380244,8.962049
428,5.2160974,6.25138
429,4.930981,5.772879
430,6.270521,5.535666
431,4.772208,2.973036
432,6.2353024,3.316931
433,6.4100876,1.2481097
434,6.15094,1.9072578
435,7.1936917,2.8822858
436,5.798999,8.653627
437,6.079409,2.8747306
438,5.9395437,5.230585
439,6.034027,4.9474025
440,6.5773015,2.443633
441,3.254835,1.0330065
442,5.0656815,-2.3978522
443,8.123139,1.1433063
444,7.348163,0.0004965996
445,7.468696,1.0726277
446,7.7799754,-1.6928078
447,7.257009,-0.9195572
448,5.712779,-0.18242937
449,6.8848224,2.2211647
450,8.12441,0.49644196
451,6.3290544,0.18546396
452,6.516863,0.15966806
453,6.6491666,2.7907078
454,4.335628,-0.57402736
455,4.4857774,-1.1383766
456,3.860088,0.3597871
457,6.3485456,-0.95211077
458,5.761674,-1.4660997
459,5.65552,-2.2250545
460,6.1525865,-1.3880281
461,6.1810894,-1.4455923
462,6.030734,-1.968615
463,5.3108206,-1.8876942
464,5.0860796,1.9404728
465,5.9113703,2.8385103
466,4.968379,1.5362775
467,6.22657,-2.336401
468,6.480256,-1.2963685
469,6.933176,-1.9788747
470,8.823001,-1.4297073
471,6.0801163,1.356863
472,7.57317,0.09029216
473,6.8208194,-1.5979999
474,6.7097154,3.8611133
475,7.8027425,4.02527
476,6.1909313,1.4019592
477,7.302826,4.2474427
478,7.353856,1.4075261
479,7.5427876,3.5771663
480,7.003627,3.0665998
481,6.411992,0.7392713
482,7.4760714,2.6956608
483,5.569963,3.6571383
484,7.3327985,4.38992
485,5.9373198,1.7307396
486,6.5176315,5.892635
487,7.759226,4.3583384
488,5.8848405,5.053705
489,5.8147063,3.4971733
490,7.266798,6.649228
491,6.1960692,3.8086631
492,5.243027,5.789612
493,7.1939344,2.6539063
494,5.380333,4.341093
495,4.8489165,4.2000995
496,6.0382185,3.5132325
497,5.583804,6.562855
498,4.497622,2.2649367
499,4.4866624,3.356978
500,5.3369203,0.8974297
501,4.11393,2.359965
502,5.6955776,7.851706
503,6.619083,4.4239693
504,5.5944943,4.6731043
505,6.758679,3.096988
506,7.1593485,1.6130543
507,6.6487827,4.927529
508,6.866883,0.88042474
509,6.781277,5.9355874
510,4.8879833,2.6513386
511,6.5962667,3.4550097
512,5.3615146,5.3154407
513,6.180914,3.1520493
514,6.7357426,7.089268
515,7.08373,5.61171
516,6.2846417,4.1566195
517,5.5382843,2.682164
518,5.633717,3.0422668
519,6.971996,4.6247215
520,5.9205666,4.399447
521,5.236277,4.167255
522,5.3072343,8.448209
523,5.5122995,2.9746482
524,6.659756,5.9603024
525,7.046252,3.8970916
526,5.9750257,1.746399
527,5.598447,1.9387993
528,6.3270764,1.9097606
529,6.302911,5.464156
530,6.0961413,2.3486097
531,5.3081284,3.5823321
532,5.2142034,3.0832362
533,4.323326,0.90807086
534,5.8627377,1.2061895
535,6.3409767,5.3606186
536,6.5020795,6.1818213
537,7.0896635,5.2687693
538,6.2486305,4.408213
539,7.3661213,3.2813346
540,6.207619,2.312606
541,5.9088054,0.5339262
542,5.711766,-1.1298982
543,6.4155927,2.3813708
544,6.0636396,-0.9887985
545,6.526002,0.31438112
546,7.3039837,-1.7014124
547,7.363341,-3.1813083
548,7.810323,0.4313543
549,6.362431,3.465063
550,5.388409,1.6980675
551,7.981337,2.5804708
552,7.170329,0.73354566
553,7.7662306,3.6549861
554,6.8690753,3.1651857
555,5.273835,3.292456
556,7.7645397,1.7970178
557,5.5493584,5.3187547
558,6.7758455,3.4675937
559,7.1322203,3.7648442
560,7.248453,3.2058132
561,5.485168,5.6539793
562,5.9891834,5.700304
563,5.7228293,0.5038715
564,7.2198553,2.9196784
565,6.606562,2.9299514
566,8.144451,0.4042257
567,7.4958696,0.5454229
568,7.8424196,3.169748
569,5.7236414,4.0809503
570,7.1696754,4.0537205
571,6.8086386,3.4904025
572,6.974833,4.625946
573,6.4182844,5.8627095
574,6.423575,5.2193565
575,6.178506,6.28671
576,7.019019,7.5578337
577,6.868166,7.129696
578,6.9108877,3.2305973
579,5.2681093,7.379958
580,5.452789,4.014913
581,5.8840437,5.946561
582,7.2532682,7.955841
583,7.71283,6.916287
584,6.067248,7.0440936
585,6.4242873,6.323489
586,7.5960836,9.420806
587,8.075938,8.256897
588,7.7356095,7.8747687
589,6.815661,4.4486785
590,7.9835954,7.999065
591,7.84572,5.383275
592,5.1958675,8.574887
593,6.7936683,5.786106
594,6.603799,6.2625766
595,6.127253,7.2719655
596,6.426239,6.916229
597,5.732477,5.033649
598,6.095589,5.037969
599,6.8722987,6.209428
600,7.148277,6.612407
601,6.4119153,4.433611
602,7.15991,4.7849026
603,6.44687,3.6721978
604,5.7108107,7.4465575
605,6.546099,4.7038875
606,8.422619,4.8473487
607,5.6600785,6.591286
608,6.047988,2.6799507
609,8.022229,6.065086
610,7.068065,4.40991
611,7.6365323,5.17329
612,7.0693393,7.2009306
613,4.714998,3.0279922
614,5.371182,5.875466
615,6.778742,7.5451517
616,6.6727624,3.2319064
617,6.539864,6.2710433
618,6.035725,7.502893
619,5.1578665,7.3591385
620,6.4395027,6.2300987
621,6.6167803,4.571842
622,7.200178,5.911677
623,6.6312675,5.8762994
624,6.9871206,4.4414225
625,5.0021677,4.978578
626,7.225643,4.792711
627,7.6809626,4.9868016
628,5.631003,1.5972801
629,6.9025116,7.3241973
630,7.1668687,5.9755163
631,5.0811896,6.458918
632,5.453111,6.8505473
633,5.7618885,4.651458
634,4.692841,3.1696382
635,4.8353806,4.4898815
636,5.5679193,6.4513755
637,6.936734,4.8598795
638,5.0777354,8.604778
639,6.9327025,9.470914
640,7.735082,7.7026973
641,6.4262414,6.722068
642,5.352095,6.82233
643,4.7437334,8.066049
644,7.312585,7.4093275
645,5.030266,6.92383
646,5.0140233,6.975426
647,4.484724,10.559761
648,5.0410786,9.866798
649,4.36839,11.246961
650,5.866646,9.285908
651,5.9871097,6.7753086
652,4.651852,6.647837
653,5.5147176,7.740997
654,6.020837,7.4658723
655,6.8795714,12.821359
656,6.2413383,8.954349
657,6.0061593,11.117616
658,6.001122,8.129429
659,5.9603577,10.234273
660,5.7886543,7.454738
661,5.6588984,8.854677
662,5.8413553,9.226498
663,6.6695857,7.4350286
664,5.202027,7.5956097
665,4.7336154,6.062824
666,4.3571568,9.52546
667,5.3147397,11.274147
668,6.707939,14.292763
669,6.363954,7.6449323
670,6.269578,10.869279
671,7.0403495,12.191697
672,4.1845913,9.890664
673,4.607438,10.03471
674,6.5590525,10.025863
675,7.452983,9.169149
676,4.446323,7.50448
677,4.775355,8.597981
678,5.91276,8.566539
679,5.629275,6.955956
680,3.7685807,9.560947
681,4.255939,6.2137156
682,5.2751126,11.308138
683,4.993466,8.906645
684,3.620356,8.530982
685,3.7385094,9.793278
686,5.439262,11.564835
687,5.6739497,11.163167
688,5.500091,7.175985
689,5.145003,10.429048
690,5.031739,9.957428
691,4.8951373,10.006534
692,3.8562522,9.16341
693,5.4282928,10.319632
694,7.426058,6.109508
695,5.3610597,9.1554
696,7.7124634,11.375212
697,5.20791,10.912029
698,5.676279,8.029524
699,5.654869,10.303057
700,3.9314559,8.889227
701,4.4641566,11.3336315
702,4.510969,11.93549
703,6.5578184,12.687674
704,5.626026,10.177921
705,5.4648323,11.4916315
706,6.4367833,11.8572855
707,5.4859653,14.359076
708,4.8865547,13.717591
709,6.524754,13.220468
710,6.0837307,12.180167
711,5.1717567,7.736789
712,6.2750936,9.373758
713,5.745058,8.521748
714,6.3361206,5.7859983
715,6.887351,6.7523694
716,5.3050776,9.813782
717,5.8215375,5.719642
718,5.223476,10.000222
719,5.370496,6.563847
720,4.7278295,6.661609
721,5.7865624,9.950408
722,5.769233,9.80626
723,7.7189007,9.479401
724,7.851889,4.6330204
725,5.6613894,8.138742
726,5.4418883,8.7818
727,4.6165676,8.92249
728,4.0768313,9.614918
729,4.2353725,9.468751
730,3.673495,6.597602
731,5.420158,5.987299
732,3.8492541,7.0829644
733,4.092732,5.571093
734,5.6377454,6.7533984
735,3.9998386,7.25413
736,4.3417745,9.900306
737,4.975065,10.6617365
738,6.2789426,7.306445
739,5.4247975,10.33607
740,4.2558427,10.91796
741,4.29642,9.94849
742,3.7550766,9.635243
743,6.2227764,5.6270947
744,5.4797015,8.588799
745,4.2419834,8.354745
746,3.2939603,8.150335
747,5.2365026,9.804509
748,4.04297,9.784522
749,3.8724217,8.340963
750,5.1394258,10.982268
751,5.4487977,9.0839615
752,5.558223,7.733193
753,6.236155,11.998605
754,4.5545664,12.347593
755,5.357366,8.2918415
756,6.119539,6.3737445
757,6.620348,8.497253
758,3.7769444,7.09007
759,5.3575487,8.258717
760,5.6045136,8.662012
761,4.100291,8.298442
762,4.0717826,11.229301
763,4.2955494,10.479216
764,5.0198755,12.474524
765,3.8809958,9.238097
766,6.585405,8.609918
767,4.7224846,8.348405
768,3.9617388,6.1045623
769,4.5511246,7.5116506
770,4.438816,6.815656
771,5.381034,11.100822
772,5.5527287,6.3635144
773,4.6537027,8.625236
774,4.801831,7.9010873
775,6.6519213,7.4850307
776,6.48595,6.394703
777,2.623627,10.581494
778,4.7279906,8.569607
779,5.406799,9.465931
780,6.083172,9.197594
781,5.5773745,9.618034
782,4.1544733,8.122923
783,4.827128,8.5551
784,3.740453,2.6820831
785,4.6429048,6.4910693
786,4.5286636,7.8753324
787,5.521387,6.742759
788,5.2032905,7.6996574
789,3.765772,9.37799
790,6.07314,7.242298
791,5.0570436,7.807716
792,4.719703,8.008916
793,7.106514,6.646274
794,4.417941,8.751038
795,4.103483,6.985084
796,6.6305995,9.81009
797,4.6005573,6.1466417
798,4.2112765,6.7021585
799,5.088106,5.5116854
800,4.666143,7.597271
801,6.9983244,6.242884
802,3.7720938,8.204132
803,5.527015,5.897681
804,5.209047,7.938215
805,5.5636888,7.5950847
806,5.7738605,6.015599
807,6.16927,6.297944
808,6.1449842,2.3101928
809,6.2709394,5.4717426
810,7.6324577,4.365617
811,7.4416375,5.3272524
812,6.272248,8.503727
813,5.7518253,3.5357082
814,5.0261264,7.8514805
815,6.5685015,5.413397
816,7.0304127,3.697221
817,7.2760053,6.181389
818,5.3493357,5.2030077
819,5.911863,5.383272
820,7.237373,3.2012146
821,7.1278944,4.000103
822,7.9058213,3.4064379
823,4.14801,5.6071568
824,7.2301364,4.8450437
825,6.1296353,3.071696
826,6.0470095,5.033287
827,6.6616726,3.6249986
828,3.8090718,7.246207
829,5.8823557,3.7082903
830,6.6043844,1.6142783
831,5.578173,3.500154
832,4.4933696,8.06467
833,4.853049,5.863797
834,4.643504,1.5984747
835,6.9715147,3.29138
836,6.74919,6.6732044
837,5.5622134,6.2341056
838,5.8581524,5.2250032
839,7.210402,3.003419
840,5.629763,-0.30753377
841,8.2498255,1.3192837
842,7.7122345,5.976282
843,7.563558,0.95676297
844,7.335922,0.7255609
845,6.8659635,0.9227614
846,6.9594064,1.9101574
847,6.0768256,1.7930323
848,7.1951923,5.629492
849,7.6288114,0.96355027
850,7.294447,1.8206809
851,7.413327,2.7618074
852,6.4565325,4.6716757
853,6.590427,6.955354
854,6.9601383,4.484734
855,6.1821747,4.1899357
856,5.099362,7.5515738
857,3.9510393,4.426568
858,5.8202624,5.215097
859,6.8616,3.7064443
860,4.437401,5.5492196
861,6.54048,6.5524797
862,5.8940263,6.020579
863,6.1924276,4.5147777
864,5.867654,3.5977232
865,6.4533687,4.3480372
866,6.559257,6.8522224
867,5.287541,5.5407696
868,4.7896905,3.1384616
869,8.135583,4.097355
870,5.441339,5.759129
871,6.8088784,4.821827
872,5.044653,5.5261655
873,6.473349,3.4708498
874,5.752421,2.9505534
875,5.3042703,4.421029
876,5.975118,4.172206
877,6.64032,6.7606497
878,5.92814,4.032758
879,6.153987,6.6050963
880,5.6019998,6.3106728
881,6.0783744,4.7326756
882,5.7751746,9.024492
883,6.403943,6.5521564
884,6.9223695,5.1598835
885,6.536717,3.3589513
886,5.76993,5.1430564
887,5.4434485,5.345663
888,5.452316,5.6433578
889,6.8375673,5.007747
890,6.3454957,4.4778104
891,5.241375,5.956357
892,4.884588,9.074941
893,4.815912,5.4903173
894,4.682108,9.051816
895,3.9713304,9.255254
896,4.6865015,7.3407655
897,5.7859597,3.8035154
898,5.4543667,3.4837918
899,3.562844,5.575295
900,5.8948817,5.7001243
901,4.163644,3.7273886
902,5.9085298,5.5353928
903,6.6872516,4.801387
904,6.1683936,2.830077
905,6.5100646,0.51635945
906,5.283552,4.0215845
907,6.955928,4.655707
908,6.5425816,5.351802
909,6.1635346,6.5238957
910,6.6209235,5.7968693
911,5.1960573,6.507642
912,4.149792,3.7466135
913,5.0582733,5.678141
914,6.852946,4.3925853
915,6.220756,4.827387
916,7.250833,3.0002577
917,7.0981393,4.77829
918,6.694254,3.3505075
919,6.935527,3.6920576
920,4.8648987,3.2776556
921,5.318124,2.8824673
922,6.630542,0.9028688
923,5.7881274,3.2543044
924,4.550303,3.608202
925,5.7472258,4.165139
926,5.3094964,1.5107518
927,5.6898704,3.3691306
928,5.0891776,3.0981522
929,6.132466,5.342085
930,5.64175,4.324246
931,5.560081,1.9964927
932,5.694974,2.7567677
933,7.0039277,-0.62399524
934,6.7821736,3.5935984
935,4.9286265,3.7792187
936,6.8384,1.5043312
937,5.226796,2.4328904
938,7.393086,4.8235373
939,5.344381,4.2095747
940,6.8421865,3.541228
941,4.5570955,4.351083
942,4.467974,2.3527
943,4.3370123,2.8360643
944,5.26074,5.3871913
945,6.003552,3.874498
946,4.704334,3.397492
947,6.7711167,5.0456963
948,6.0689154,3.253749
949,6.0139365,1.6793066
950,5.329585,5.124021
951,6.2871265,4.3682575
952,6.535713,2.6980567
953,5.952571,7.7733207
954,6.132332,5.3613057
955,5.771459,3.7504969
956,4.3217287,6.273792
957,4.8348827,4.20496
958,5.5786195,4.2965713
959,5.372834,4.774246
960,3.2260191,5.851995
961,5.31574,7.8099957
962,4.7407966,3.2071342
963,4.777845,6.223776
964,5.9599233,5.480926
965,4.937704,2.7374773
966,4.665052,2.777487
967,6.8317924,3.8859417
968,6.772864,5.983409
969,7.7028065,5.242669
970,4.7892537,3.9766364
971,6.9859457,5.107002
972,4.9479403,6.480626
973,6.2039495,2.255546
974,5.3694406,5.6981807
975,6.469607,10.57663
976,4.1917667,8.7726755
977,4.814948,7.835032
978,6.2570524,5.1330576
979,7.194781,6.7532325
980,4.9408364,4.2974553
981,5.4403186,4.1034718
982,5.2859364,4.053246
983,5.0102897,6.2552776
984,4.7213683,6.5254817
985,5.8883095,4.2358565
986,6.5296392,5.5983176
987,4.828822,4.4482284
988,5.183547,6.2591066
989,5.9422197,1.7769974
990,5.375225,3.1788416
991,5.265068,5.3635616
992,5.216953,7.0229526
993,5.30473,5.332274
994,6.827331,5.9520626
995,5.285272,2.3048925
996,6.113235,1.2028615
997,6.2472773,3.7433925
998,5.097347,3.6591356
999,5.685717,3.051264
1000,7.7463536,2.6061628
1001,6.240745,2.5547087
1002,7.2009954,3.4868426
1003,7.3269224,0.9914582
1004,6.222923,2.5114992
1005,6.933096,3.8233256
1006,7.254574,3.0881093
1007,7.82112,5.4950013
1008,6.842645,7.837383
1009,5.3260455,4.1862683
1010,5.963746,4.9889393
1011,5.26535,4.6697383
1012,4.8170843,6.597622
1013,7.188958,4.381118
1014,5.657133,7.3724356
1015,6.7223825,1.8662013
1016,5.614901,4.7006364
1017,5.868943,4.3805723
1018,6.7153835,6.0208116
1019,6.380434,3.586107
1020,5.9612527,3.3777397
1021,7.6397095,5.740842
1022,7.0900545,5.199193
1023,7.6376557,4.0674257
1024,7.9405065,7.6131916
1025,5.7718363,5.520295
1026,5.642533,8.084711
1027,6.082451,7.264954
1028,5.8232045,2.2179835
1029,5.686643,6.829062
1030,6.1331286,7.3923483
1031,6.7082214,6.263048
1032,5.1105847,7.714194
1033,4.6321263,6.441581
1034,5.5292716,5.6454935
1035,6.155214,6.170511
1036,5.6357293,3.359569
1037,5.2022047,7.286729
1038,6.764284,3.3283396
1039,5.8669558,5.6674314
1040,6.4862375,3.5440464
1041,5.5883446,6.2903104
1042,6.9927783,6.8673635
1043,7.398856,5.092609
1044,5.6939588,5.613758
1045,6.369493,6.171847
1046,5.525914,4.593302
1047,5.375511,5.9119835
1048,7.83882,7.754953
1049,6.1651764,8.019141
1050,5.922601,5.972758
1051,6.916402,5.5605583
1052,5.6080537,4.77534
1053,5.1485057,7.6084795
1054,4.102136,7.3214283
1055,5.6118608,4.3715177
1056,4.9028554,4.6243663
1057,4.311593,5.787154
1058,7.6460724,5.013752
1059,6.5800514,5.1092186
1060,5.479721,4.0030103
1061,4.902269,5.8465505
1062,5.0071716,6.758637
1063,4.958717,6.444305
1064,6.31572,6.691974
1065,3.885575,9.41782
1066,5.20761,5.0481367
1067,5.553532,4.928262
1068,6.387137,5.3601146
1069,5.1871386,5.5922704
1070,6.046736,3.712913
1071,5.6640854,5.9364758
1072,5.5871973,5.7261453
1073,5.1496196,4.6736083
1074,5.771615,5.570741
1075,5.156584,4.8369026
1076,5.44219,4.6530957
1077,5.3975964,5.2405043
1078,3.926884,7.702644
1079,5.267655,6.6075487
1080,7.619297,4.82478
1081,7.2459188,5.7955503
1082,5.744031,4.7169313
1083,7.333984,7.5997963
1084,5.8239746,5.951992
1085,5.8718057,4.525589
1086,6.9275026,7.1245356
1087,4.5012393,10.122365
1088,4.511063,6.571337
1089,7.449665,9.533829
1090,6.036907,4.9641633
1091,5.8430476,8.546218
1092,5.9762797,6.7527924
1093,8.084677,6.275719
1094,6.2757163,7.0587864
1095,7.224786,4.22294
1096,4.370487,6.54388
1097,4.882249,6.4643354
1098,4.9773755,8.06373
1099,4.4844837,6.6374435
1100,5.694797,6.2793126
1101,5.890315,5.9784923
1102,6.185888,7.357109
1103,5.3995304,6.6665325
1104,6.442228,6.478571
1105,6.938223,6.3408995
1106,6.373135,6.485474
1107,5.7216463,5.8426075
1108,6.169931,4.644877
1109,6.8626776,7.214648
1110,6.896971,6.463013
1111,5.60985,4.5198283
1112,5.0343957,7.7738647
1113,3.934219,5.0301785
1114,6.067692,5.904368
1115,5.849602,5.994986
1116,6.359347,5.0914617
1117,4.708792,5.962301
1118,5.9864154,5.2672977
1119,6.864363,7.4429784
1120,5.0936484,6.9383607
1121,6.9261527,6.4405894
1122,3.5100763,5.786738
1123,6.0814342,5.3879156
1124,7.106678,4.5832644
1125,6.5480714,5.4186945
1126,5.0354075,5.7507086
1127,6.251196,2.3581722
1128,5.560288,3.4391944
1129,4.8765073,4.012203
1130,5.321719,4.084204
1131,6.086964,5.4847875
1132,4.328119,8.180907
1133,5.4137626,2.7243836
1134,4.399775,3.196806
1135,5.2527657,6.9901586
1136,5.3139944,7.554961
1137,4.457594,2.69998
1138,5.0280275,7.97521
1139,6.0781126,5.8844013
1140,5.8550153,5.421975
1141,3.6858451,6.1877146
1142,5.2414603,0.49278697
1143,5.518524,3.9075503
1144,4.5322742,7.049506
1145,4.389625,7.767451
1146,5.8774734,9.048405
1147,3.0788789,7.784286
1148,5.706973,5.7673397
1149,6.378165,6.530204
1150,4.0039515,4.7813935
1151,5.0733504,6.07033
1152,6.510485,6.087643
1153,3.8287315,6.4663696
1154,5.5460567,4.060415
1155,4.730009,7.4510937
1156,4.0008903,6.70071
1157,4.411106,7.153548
1158,3.90401,7.272619
1159,4.5258055,5.8807144
1160,7.6934686,2.9953024
1161,7.7313395,4.7243195
1162,5.8414307,3.7000294
1163,5.857896,7.2010083
1164,4.629572,6.9430976
1165,5.6261873,2.2008696
1166,6.74686,5.1041493
1167,4.901421,6.890775
1168,4.9222517,6.2010837
1169,6.3868484,5.323106
1170,4.925781,6.8561993
1171,4.9245863,6.9376087
1172,5.0190797,6.5036297
1173,4.3366933,7.554342
1174,4.7818317,7.8457704
1175,5.952071,6.854126
1176,5.4912763,8.9880495
1177,6.261829,5.127895
1178,4.59276,7.0655794
1179,3.6336017,7.270217
1180,4.074838,5.2342215
1181,5.8021307,9.224207
1182,6.8438187,4.945427
1183,4.4394603,6.903207
1184,5.583077,8.392762
1185,4.0613995,9.238813
1186,2.804505,8.966919
1187,5.437536,4.3149023
1188,6.2642884,6.1142926
1189,6.1598177,4.2920475
1190,4.7993264,9.65552
1191,5.4787903,5.863268
1192,4.8207607,8.870439
1193,5.286651,9.40174
1194,4.7901464,8.892607
1195,5.240388,7.3335176
1196,4.1044297,7.8159933
1197,4.880305,6.5639663
1198,5.821471,7.327689
1199,6.1549354,6.1822467
1200,4.844788,8.943922
1201,5.2568717,7.0707984
1202,4.9218435,7.9357157
1203,5.12353,6.093659
1204,6.8268566,4.7242885
1205,5.799013,5.5965853
1206,4.540796,1.9685324
1207,5.304013,7.860214
1208,6.4015174,5.3526516
1209,5.9147573,6.4666796
1210,6.934113,3.5444043
1211,5.746247,3.7465584
1212,5.938039,7.265806
1213,5.542094,8.534572
1214,6.737879,3.2779424
1215,5.2615156,5.068343
1216,4.6890116,8.562692
1217,5.530697,5.983176
1218,7.693624,5.428852
1219,5.408113,5.481042
1220,7.893396,4.2570705
1221,6.0811768,5.5462985
1222,3.9940073,5.1936145
1223,7.0831046,6.746287
1224,5.7889423,4.2310886
1225,4.531682,6.6755424
1226,4.7216535,5.5758424
1227,6.7783775,5.2281218
1228,5.05631,6.1286635
1229,6.886399,6.34008
1230,6.4961824,2.9858432
1231,5.8805046,5.2462583
1232,5.5949655,4.4776773
1233,5.783369,9.562914
1234,5.750086,7.5356812
1235,4.0805326,6.940127
1236,4.1383443,6.66308
1237,5.972101,11.205783
1238,5.7621646,8.748404
1239,5.6932206,8.038917
1240,5.455852,8.348461
1241,6.7829714,7.2141113
1242,6.2576294,6.119846
1243,4.6642637,10.374179
1244,5.118956,8.062868
1245,4.92607,8.08801
1246,4.9797535,8.411774
1247,4.964391,8.891916
1248,5.8834796,7.8762817
1249,5.8368154,5.5906415
1250,5.9846473,6.0243306
1251,4.8844604,5.382306
1252,5.2282186,5.832879
1253,4.5796623,7.6518745
1254,5.0094867,7.6413183
1255,4.693996,5.395575
1256,5.541901,7.5768576
1257,5.5845704,8.816901
1258,3.3500402,7.0051866
1259,6.645127,4.9790306
1260,5.446084,5.5468535
1261,4.3239436,7.9782243
1262,3.8502908,7.2004647
1263,4.7696915,9.317684
1264,4.5060043,8.705397
1265,3.3854327,6.5139413
1266,6.318104,5.9457345
1267,6.1441574,4.5462904
1268,5.9875383,4.897134
1269,4.105253,5.6829333
1270,4.395315,8.121593
1271,5.805681,5.706091
1272,5.0880723,7.796405
1273,6.4285893,4.2489805
1274,6.332208,3.8555665
1275,6.0869308,5.5610757
1276,6.6607423,3.1899295
1277,6.2134156,8.217269
1278,4.669624,4.031895
1279,6.467852,9.476735
1280,5.9056587,7.6084933
1281,7.0120835,7.1520896
1282,5.5605283,3.7248156
1283,4.5974107,7.372259
1284,4.5200706,4.7088113
1285,5.3641324,4.5377665
1286,5.707183,6.6128697
1287,4.132324,4.88308
1288,3.0526502,7.321908
1289,4.178944,5.1710563
1290,4.144587,5.478394
1291,6.029995,6.7297506
1292,3.8199363,6.4160113
1293,3.4916594,7.7550755
1294,3.8890705,4.9516706
1295,5.2470293,8.410854
1296,5.8285966,6.106406
1297,3.8180552,3.741754
1298,3.9719965,6.7299685
1299,3.0230045,2.5474901
1300,5.2353034,3.2825727
1301,6.960901,3.372799
1302,5.627637,4.129264
1303,4.366182,4.23535
1304,4.270129,2.933825
1305,4.9170966,3.152574
1306,5.0513716,3.9353328
1307,4.2478447,4.519088
1308,5.6732535,6.460505
1309,4.1005154,9.604915
1310,4.133636,3.1497307
1311,4.7342343,7.0370483
1312,3.791122,5.779573
1313,5.088657,4.2613473
1314,4.1844854,6.453939
1315,4.919626,5.854534
1316,5.359655,7.6136904
1317,5.4964094,6.4420815
1318,3.6663835,4.0156865
1319,4.3405037,3.638416
1320,6.110342,3.9711611
1321,4.7337904,7.160001
1322,6.435006,4.4974475
1323,5.661453,3.7435863
1324,6.12135,4.467857
1325,4.116213,6.220105
1326,5.5871863,2.8133738
1327,5.095209,3.3255649
1328,4.7790623,5.465214
1329,4.2448797,2.555341
1330,6.020954,1.8171325
1331,5.5345664,3.3987272
1332,4.540326,3.447255
1333,5.4700756,3.8953946
1334,5.6335673,4.05414
1335,6.618992,4.73811
1336,6.4880075,5.844929
1337,6.5722737,2.6864495
1338,7.0545473,-0.7034541
1339,4.5112295,-1.413794
1340,5.6686935,3.9812412
1341,5.215729,3.2226827
1342,5.242103,4.1456814
1343,6.3043966,-3.4278646
1344,6.5529447,0.86734027
1345,6.745392,1.6846408
1346,5.4200287,0.8268984
1347,6.0752716,0.5627514
1348,5.9093375,0.34371725
1349,5.2109714,5.144323
1350,4.4864707,4.640258
1351,3.436789,3.7267475
1352,7.6242566,-0.18560915
1353,7.4699097,-1.5667527
1354,8.30338,0.13696356
1355,6.191176,-2.0112536
1356,5.797815,1.8515468
1357,6.934045,1.838171
1358,4.574834,-1.0753291
1359,7.084886,0.58550215
1360,4.9805512,2.8913705
1361,5.7229543,6.2387233
1362,4.117375,3.6096473
1363,4.5410967,-0.4363755
1364,3.027102,1.0987531
1365,6.3319798,-0.2379463
1366,5.7013197,3.7114584
1367,5.762603,8.222081
1368,5.4141693,4.089526
1369,5.6863694,3.9274046
1370,6.483585,3.5142424
1371,5.511974,5.64389
1372,6.361651,1.5201597
1373,6.457079,3.5109756
1374,6.7879443,4.484089
1375,5.6714554,6.7278686
1376,5.7301316,8.849568
1377,4.8789706,3.6995227
1378,5.785621,2.213586
1379,7.131701,4.513216
1380,5.0665684,3.0376818
1381,6.431147,4.0073614
1382,5.487802,4.170843
1383,4.926096,2.3904817
1384,4.9701066,1.1411126
1385,6.743128,1.3065093
1386,7.6783323,1.2973082
1387,6.4313188,0.24590054
1388,2.979416,1.88311
1389,6.8656483,0.45021403
1390,4.6698303,2.2793598
1391,4.6537824,0.9430879
1392,6.2217283,7.298948
1393,5.8756065,4.0995317
1394,7.3273845,5.212245
1395,7.4863877,4.682279
1396,6.2212033,4.621523
1397,4.987311,5.544886
1398,6.0082793,2.0506525
1399,4.6854854,6.1000814
1400,5.438192,5.0438123
1401,5.4514284,5.420162
1402,7.5383034,4.65251
1403,5.8318467,8.640044
1404,5.9377437,6.2033567
1405,5.7103486,4.380811
1406,7.6624613,6.530716
1407,7.1853576,7.261732
1408,6.564666,8.171908
1409,7.5227623,5.573241
1410,4.2953568,4.640005
1411,7.556998,7.0143237
1412,6.6631293,5.1537814
1413,5.999785,5.431787
1414,4.831732,4.5183992
1415,5.501331,6.5734205
1416,5.84992,6.7691483
1417,6.2098427,8.547743
1418,5.7288594,7.424591
1419,6.8533797,7.688979
1420,5.59357,1.2501034
1421,6.9551454,3.2884653
1422,7.1482086,1.8639331
1423,7.5159154,2.477019
1424,5.345607,3.1312683
1425,7.2301836,1.7752053
1426,6.3447504,4.5705132
1427,5.291987,3.0698872
1428,5.439242,10.384359
1429,5.161942,9.868429
1430,4.311395,7.8128867
1431,5.680331,6.917937
1432,4.5326333,8.996706
1433,5.073685,4.146094
1434,5.1099973,4.5609307
1435,5.774887,3.6233501
1436,4.3212724,4.441115
1437,5.6261005,3.641096
1438,4.497834,4.24083
1439,5.325662,2.9691923
1440,5.9274006,3.8029356
1441,5.2152634,3.0682669
1442,5.6392555,3.6039934
1443,5.414044,4.407008
1444,4.7620435,3.4571643
1445,4.218104,8.189235
1446,4.8532505,5.830171
1447,4.4649167,3.7167587
1448,5.1337676,2.9686935
1449,4.4897337,2.8410633
1450,5.068459,4.827952
1451,4.574365,5.5107374
1452,5.2951074,2.5547695
1453,6.2657576,0.64358073
1454,5.5919003,-0.169968
1455,5.923977,2.5163336
1456,5.7677116,2.0545013
1457,5.5621696,2.147424
1458,4.289065,4.250041
1459,4.161491,4.456001
1460,6.0999126,-0.9896159
1461,6.7870355,-0.43158638
1462,5.9011025,4.044696
1463,4.333014,1.7444351
1464,5.275974,-0.04621302
1465,6.3487434,2.153271
1466,5.4658427,3.5783727
1467,6.2051187,3.6715345
1468,5.6148553,1.8294139
1469,5.864617,-0.047133766
1470,7.0190387,0.2493261
1471,5.642291,3.0213118
1472,3.9112298,1.979755
1473,5.012024,1.8589078
1474,4.619512,5.0110903
1475,5.7711024,1.6397021
1476,3.6563442,5.5938134
1477,3.1201708,5.138221
1478,3.110921,2.0816495
1479,4.390843,2.2359738
1480,1.5315294,0.9637989
1481,4.4501815,2.5831373
1482,3.4253786,2.516493
1483,2.1007302,3.5958076
1484,4.23482,1.8148373
1485,7.2547526,4.475531
1486,3.9241838,4.37592
1487,4.4349833,-2.685191
1488,4.5691514,0.032976516
1489,4.3680406,4.193968
1490,3.8834603,4.984537
1491,2.5874543,5.384094
1492,2.7337809,4.142881
1493,3.2544682,6.026543
1494,3.2289553,6.0656037
1495,2.5811546,5.978092
1496,1.9549892,5.995328
1497,2.849551,7.2866273
1498,1.5566729,6.623042
1499,0.6869324,4.3650723
1500,3.7334344,4.6331563
1501,3.4659417,7.6061783
1502,3.691667,7.3839602
1503,3.1952453,3.1159642
1504,3.8944309,5.030965
1505,3.9557967,0.24562009
1506,2.5885432,1.8701587
1507,3.5562482,-0.48480383
1508,4.037171,1.0664533
1509,0.50530106,4.6435037
1510,2.5799801,5.9380107
1511,2.821716,5.469283
1512,4.09157,1.7305143
1513,4.584233,2.5056105
1514,5.0777345,2.7730272
1515,3.6287982,4.9867306
1516,5.9713497,1.4769928
1517,6.0794272,4.2065325
1518,3.8500175,2.9075625
1519,4.466131,4.0571237
1520,2.7836614,0.84927607
1521,3.7849524,2.250983
1522,5.686004,4.0031505
1523,5.8651195,3.6250458
1524,3.3029308,3.6858256
1525,4.802527,-1.4472663
1526,3.3131332,1.7810816
1527,2.0025852,0.07889037
1528,4.605314,-0.62267494
1529,4.971392,-0.0621869
1530,4.0423756,2.455347
1531,5.3336544,0.74810064
1532,3.1839345,1.0726167
1533,5.5052648,2.8996568
1534,3.9014187,-1.9093653
1535,3.384938,0.67407334
1536,4.2823787,1.8386815
1537,3.264227,0.07341292
1538,3.6988397,-0.4258838
1539,4.236121,3.4928029
1540,3.9100416,4.1008215
1541,4.4400144,0.6517353
1542,3.0708818,1.9905535
1543,2.5225253,1.95297
1544,2.360724,1.3674878
1545,4.4973474,1.1739907
1546,2.1889265,1.9318607
1547,2.8757749,2.2947936
1548,4.1694517,0.92330235
1549,4.1357517,-0.6570628
1550,4.909901,3.1367602
1551,5.3708916,3.8306668
1552,4.807995,4.242207
1553,4.259913,3.3846471
1554,3.9708025,3.2208064
1555,3.9524581,1.025416
1556,3.8893158,-0.35526538
1557,4.5865555,-0.81593907
1558,4.4844403,-2.0975893
1559,4.9970717,-0.5573196
1560,2.5164235,1.2263383
1561,4.005707,1.085908
1562,4.9220443,1.1634107
1563,5.1832237,4.2430844
1564,4.736353,-0.24053004
1565,4.6185656,2.2414162
1566,3.0564115,3.6167085
1567,3.243525,6.426859
1568,3.915594,3.05963
1569,4.5435305,2.5109851
1570,2.7047834,4.0314646
1571,3.8279922,5.1222496
1572,2.7534943,7.5108967
1573,3.440904,9.50581
1574,3.3436606,7.926215
1575,5.445031,5.071496
1576,4.5775394,9.737504
1577,5.484145,9.487381
1578,3.6906536,6.236992
1579,5.2137628,8.458254
1580,4.810361,8.557688
1581,6.7049313,6.794249
1582,4.4956665,7.5101504
1583,5.019293,8.7213125
1584,4.220829,4.371274
1585,1.6866981,4.537852
1586,3.1127868,5.035427
1587,4.4816833,8.054418
1588,4.605703,2.7783551
1589,3.626434,4.992048
1590,4.2750773,2.7263718
1591,5.167889,5.825845
1592,3.3548706,5.123836
1593,3.8457897,8.162044
1594,3.9719584,3.268103
1595,3.682543,4.065465
1596,4.9146786,5.417105
1597,5.311275,5.348593
1598,5.905173,6.4382706
1599,3.2748096,3.9451742
1600,3.1166012,1.70358
1601,2.0311933,5.489498
1602,3.7045882,5.531538
1603,3.557714,3.823647
1604,3.7374504,6.7283607
1605,3.7414584,8.926094
1606,2.8508172,7.6415343
1607,3.4285908,5.881187
1608,3.7514863,5.524975
1609,3.874744,4.9186864
1610,3.5651577,5.030298
1611,6.0087504,5.0189543
1612,3.0474164,4.6286135
1613,4.366807,4.8180757
1614,2.1863458,6.3913655
1615,4.8274684,3.848362
1616,3.1338959,4.5175257
1617,1.7233503,4.585707
1618,3.7295387,4.538067
1619,2.8205783,8.25049
1620,2.7307284,8.54588
1621,4.2782135,5.894303
1622,5.2105803,7.4187236
1623,3.8464046,4.6742854
1624,3.5232368,7.573235
1625,3.8030987,6.475518
1626,3.9569917,5.098379
1627,3.8771732,6.6642814
1628,3.9796195,6.4844246
1629,5.0145073,6.3838005
1630,5.8648806,8.323884
1631,5.149245,8.587068
1632,4.432685,9.37291
1633,3.713995,7.5782876
1634,4.6030307,8.995335
1635,5.5614686,9.9967375
1636,4.1974354,7.3782506
1637,4.551269,4.466457
1638,2.2338915,6.752184
1639,3.0524938,5.461865
1640,4.211432,6.7855654
1641,2.902082,7.94987
1642,3.571151,5.651898
1643,2.8249545,8.811238
1644,3.5709083,7.2687116
1645,4.0763245,6.4855537
1646,4.6508236,6.636305
1647,5.672373,7.919467
1648,3.0930984,8.016721
1649,4.419016,6.426877
1650,4.918899,8.444989
1651,5.6618423,4.7995653
1652,3.6578686,6.518433
1653,2.766958,7.252872
1654,4.3193145,6.9670935
1655,5.0278563,5.8333545
1656,3.1996694,8.168916
1657,4.3087716,10.85707
1658,5.8696346,8.494616
1659,3.5192027,8.852263
1660,5.42611,7.75891
1661,3.5557334,8.939728
1662,5.910313,8.251931
1663,4.073507,10.879934
1664,5.404207,7.0085645
1665,4.6797757,6.420854
1666,4.077366,7.8711557
1667,3.1118135,7.896293
1668,1.9567299,8.493214
1669,2.3007383,7.4454103
1670,3.6036181,9.978164
1671,3.7696404,9.0700865
1672,5.471372,6.8797364
1673,5.427229,7.789972
1674,5.7019053,9.181818
1675,5.059144,9.740766
1676,4.6012173,7.0422807
1677,4.252586,10.823195
1678,5.113809,7.39439
1679,4.4756646,5.2872214
1680,2.9548984,5.3908005
1681,3.51517,8.378837
1682,4.846336,9.696792
1683,3.7922943,9.323046
1684,3.98959,7.3447576
1685,5.966928,6.283101
1686,2.6652381,5.245047
1687,2.9385471,6.220729
1688,4.7379074,7.2697854
1689,1.9925032,5.823503
1690,3.3004072,10.526041
1691,0.5570469,7.6721964
1692,4.080894,5.835274
1693,4.905271,6.3151946
1694,4.6544285,5.587374
1695,3.5230138,4.0710907
1696,5.967856,2.6306386
1697,3.6907127,2.6136732
1698,3.9670517,4.050596
1699,4.5984497,3.7779317
1700,3.828079,2.286973
1701,5.7809014,4.412866
1702,5.5589867,4.295548
1703,4.694043,7.4862843
1704,3.819152,5.2097154
1705,4.6834836,7.7772784
1706,4.2912164,9.004054
1707,6.055536,6.470073
1708,3.5982718,5.2412705
1709,4.1432576,7.4739575
1710,4.793243,6.1042647
1711,4.6062264,5.4685636
1712,5.365155,5.3703237
1713,4.0489097,3.3176434
1714,5.218303,4.552196
1715,3.8705153,7.8651385
1716,5.2036123,7.2003875
1717,5.2646008,9.754643
1718,4.6497297,5.077894
1719,2.9161258,7.1762915
1720,4.930764,9.596714
1721,4.516453,8.18415
1722,4.908627,11.234201
1723,4.8610287,14.120938
1724,3.455175,9.794417
1725,4.584109,10.554603
1726,3.9550989,9.000031
1727,4.7190804,11.633706
1728,4.5452003,8.443075
1729,4.006444,7.6104183
1730,4.2729783,6.5871224
1731,5.338352,6.71534
1732,3.5083342,7.756415
1733,4.357168,11.469294
1734,2.9853554,9.726595
1735,3.1466231,7.1866126
1736,2.2056043,8.938705
1737,2.289981,10.500409
1738,2.9979942,11.535527
1739,3.9162652,12.061829
1740,4.3669252,10.063391
1741,5.430976,9.801995
1742,4.655732,8.477072
1743,4.9109063,8.820799
1744,3.7590156,9.052832
1745,3.7837446,7.1271305
1746,4.3608146,6.224205
1747,3.7284212,9.9979925
1748,2.1669152,7.501221
1749,4.010651,6.8380127
1750,4.3210073,8.027092
1751,4.097358,7.9413824
1752,5.984677,2.4924188
1753,6.4992414,7.5161123
1754,1.0102979,5.743533
1755,3.6194491,6.425459
1756,3.9836106,8.6649475
1757,3.3144143,10.089021
1758,7.086182,10.611665
1759,6.0793533,9.542715
1760,4.6813064,7.767128
1761,6.780205,7.056847
1762,5.664479,4.3447895
1763,5.3387413,5.044237
1764,5.0588717,7.217244
1765,5.4334054,7.1424456
1766,5.2948594,5.611905
1767,5.7905917,5.6120763
1768,5.8566437,6.9062715
1769,6.266358,7.8463492
1770,6.975326,6.1377764
1771,4.225371,7.426254
1772,5.1845245,6.761463
1773,4.99128,7.623511
1774,4.7248077,7.103196
1775,5.672436,5.9783974
1776,5.816297,3.4895575
1777,4.920134,3.772468
1778,6.185554,8.027187
1779,5.4949718,5.724461
1780,5.701033,4.8914213
1781,6.04128,8.106276
1782,4.738763,4.0762167
1783,5.5867567,8.426463
1784,6.1193323,7.6005764
1785,6.334378,9.650438
1786,8.418257,8.253585
1787,5.1404223,9.777813
1788,3.6744316,10.600631
1789,3.0951746,7.7818785
1790,4.806433,8.29005
1791,4.228352,10.568227
1792,3.7559571,9.225971
1793,2.9637928,8.535085
1794,2.9408653,10.94191
1795,4.942123,9.80897
1796,3.6846738,8.75288
1797,4.5910926,6.7189875
1798,6.082228,9.622021
1799,3.862915,10.185062
1800,3.3832366,10.25779
1801,2.5133488,6.7780213
1802,2.681924,9.471866
1803,3.239765,9.399266
1804,3.4626248,10.815654
1805,4.703269,11.169197
1806,3.9644547,8.906603
1807,3.9431286,7.6628547
1808,3.4378939,6.9399385
1809,3.8192956,9.235239
1810,3.267194,7.2794757
1811,4.754793,7.8982406
1812,4.9805408,6.960322
1813,3.0240293,7.4137897
1814,3.3139799,6.3903947
1815,4.8396597,7.952747
1816,3.5159886,7.136646
1817,4.6687,5.1894784
1818,3.378445,8.899211
1819,4.299467,8.697618
1820,3.588806,8.243785
1821,4.623412,9.698947
1822,2.4649565,7.5975585
1823,2.4197342,9.335854
1824,3.3770986,7.166812
1825,4.5372996,8.737698
1826,3.065144,9.363874
1827,4.2865744,10.025108
1828,4.3620186,10.363383
1829,5.489261,9.743758
1830,4.9162636,13.66558
1831,4.098425,11.249563
1832,2.9346824,12.486095
1833,3.4535053,11.119958
1834,3.6738515,12.567617
1835,4.3267055,10.719899
1836,5.0491705,12.122945
1837,3.7876172,13.620361
1838,2.9282827,12.419058
1839,4.175001,7.5265527
1840,5.6486382,8.751602
1841,4.5487175,11.626767
1842,2.8577309,10.901635
1843,3.382265,12.089181
1844,4.2396493,10.427556
1845,6.2341247,11.411729
1846,3.8765266,7.0413785
1847,6.891762,5.6666174
1848,5.551923,6.544299
1849,4.7226443,6.822518
1850,3.483561,7.8758445
1851,4.1349864,8.586108
1852,1.6473994,5.3423147
1853,3.1183257,9.068843
1854,4.740103,7.3141265
1855,3.664565,7.355574
1856,4.10202,10.58573
1857,5.0070314,8.457632
1858,3.6856997,7.189365
1859,4.3061657,4.1697598
1860,3.4843044,7.067658
1861,4.313342,9.263317
1862,5.8729386,6.389227
1863,3.2749548,8.584861
1864,4.5901084,9.623941
1865,3.9322886,10.260541
1866,6.1770606,10.604971
1867,3.8388562,11.225228
1868,4.0236034,12.866806
1869,4.929357,16.464014
1870,3.6065838,13.54123
1871,3.883376,10.302726
1872,2.429976,11.187028
1873,3.5062265,9.888351
1874,6.2844644,14.19636
1875,3.1279051,13.454259
1876,2.8673894,8.791444
1877,3.9676318,9.375337
1878,0.6824104,10.534388
1879,4.040791,10.310473
1880,5.3422465,9.733717
1881,3.8076677,7.5765514
1882,4.319007,10.462029
1883,5.8659945,9.324675
1884,6.2963595,8.53625
1885,4.7636957,9.263807
1886,2.7196589,6.290363
1887,2.8621752,5.7946334
1888,3.360054,7.384054
1889,2.144008,7.714779
1890,4.7621446,5.8016024
1891,3.4317505,11.656227
1892,2.7223544,13.15111
1893,4.064892,5.854801
1894,4.509425,4.661313
1895,4.8202944,7.6016006
1896,4.39545,9.46624
1897,3.8707466,8.863287
1898,2.674822,7.2392287
1899,3.8525436,13.398698
1900,3.5006924,7.4720106
1901,2.598004,11.409613
1902,3.1919205,9.617086
1903,3.5312989,8.979499
1904,3.8369813,11.306124
1905,4.725973,11.841797
1906,3.1252425,11.650852
1907,5.0165696,8.798207
1908,6.156606,10.521674
1909,3.9744778,11.152526
1910,4.4322357,13.095123
1911,5.7211704,13.91346
1912,5.748538,12.044354
1913,3.6370246,10.446854
1914,5.3755364,9.239424
1915,6.067316,11.894199
1916,4.2285523,10.160852
1917,4.5187798,9.8914385
1918,6.5079436,13.288348
1919,5.8650665,10.095303
1920,3.0886116,13.452805
1921,2.3640807,10.142732
1922,6.0512276,6.0551972
1923,3.9144201,10.06843
1924,5.716807,9.858153
1925,4.991134,10.041362
1926,6.0143867,12.511128
1927,3.8906515,13.612194
1928,4.7011085,11.515798
1929,4.968556,9.427198
1930,3.681285,9.685432
1931,5.3885727,9.660109
1932,2.4443297,10.09584
1933,3.7873662,9.322523
1934,6.5693316,9.762525
1935,5.9452534,5.017336
1936,3.8991017,14.176864
1937,4.1548915,12.587306
1938,5.0726967,13.467798
1939,4.932711,13.843101
1940,6.284435,11.4021435
1941,4.0523252,18.258398
1942,3.6311421,15.902782
1943,3.888166,11.224045
1944,4.6020994,11.170874
1945,4.9973865,12.033055
1946,6.287493,13.279302
1947,5.116091,10.1552105
1948,4.7085056,15.346609
1949,3.915456,12.782772
1950,5.092113,11.705502
1951,4.1275363,13.47005
1952,6.593457,11.8659
1953,5.8961906,14.746158
1954,5.741189,10.410423
1955,6.466332,8.342376
1956,3.7674935,13.540391
1957,5.3339243,9.063243
1958,7.3563576,7.235074
1959,4.674164,9.141985
1960,6.970752,10.329373
1961,4.0083976,11.896515
1962,4.4785333,13.897375
1963,2.3066428,13.501452
1964,4.1027513,16.943954
1965,4.9064555,13.6658
1966,5.054183,10.386643
1967,4.5158377,10.426364
1968,3.6279252,7.303728
1969,2.9568691,6.4358315
1970,5.990032,9.032957
1971,6.611005,10.280901
1972,6.418381,12.284582
1973,6.1901298,11.621751
1974,3.673057,12.488538
1975,6.354894,8.534264
1976,6.7232695,9.940786
1977,4.6259394,8.94439
1978,5.2304106,7.766077
1979,5.4162188,6.912206
1980,6.3583126,10.36893
1981,3.3737516,5.7250743
1982,4.2445335,7.792681
1983,4.451862,4.4637113
1984,4.7415156,1.5867975
1985,5.2910924,3.8845253
1986,5.0331516,5.1004295
1987,3.379285,3.9432573
1988,6.840829,1.6759878
1989,4.1382856,0.006804172
1990,6.5860343,3.1514323
1991,5.5073104,2.516455
1992,5.0883207,6.889179
1993,4.43329,3.202345
1994,5.015082,4.6824727
1995,6.2576976,2.313376
1996,6.41716,4.0177875
1997,6.528373,5.977641
1998,5.972441,6.5893955
1999,2.593284,4.7916436
2000,4.828917,6.0667486
2001,4.082431,1.800533
2002,4.7911434,5.161583
2003,3.5001807,5.6666265
2004,4.221076,4.7416873
2005,3.8215806,8.674799
2006,4.7863126,7.287548
2007,4.759687,7.386209
2008,2.0604641,7.5701504
2009,2.4733114,6.3837733
2010,4.050429,8.659837
2011,4.4076614,10.103588
2012,4.0428047,5.7190056
2013,6.801666,7.354946
2014,3.8639631,9.860683
2015,4.18295,10.008017
2016,4.1342363,8.538092
2017,3.7819157,7.1967754
2018,5.378281,7.0225105
2019,4.8954997,5.5887804
2020,4.204975,7.682351
2021,4.8795767,6.2394276
2022,3.5765452,8.692938
2023,2.7823713,7.8883862
2024,5.3993855,8.618148
2025,3.0858724,6.7796226
2026,4.5393686,9.492376
2027,3.3770297,10.415484
2028,4.62801,7.0484204
2029,3.9009562,10.719481
2030,5.1543775,8.658049
2031,4.6184273,5.9624753
2032,4.5067964,9.114449
2033,3.059193,12.117084
2034,2.4447503,11.015755
2035,2.1190197,9.263747
2036,3.6252592,8.30265
2037,2.9663546,8.4857435
2038,5.07583,11.944261
2039,3.9951892,10.733916
2040,4.3304524,11.111305
2041,4.8681455,9.502096
2042,2.109546,7.6995416
2043,4.0354786,6.630233
2044,2.5918584,6.112192
2045,4.190427,7.5859265
2046,4.4042363,5.4239216
2047,5.58404,3.7216065
2048,4.8594556,5.159858
2049,5.115742,4.816367
2050,6.468491,6.4505477
2051,4.756139,6.829153
2052,4.899262,3.80674
2053,5.384931,5.275848
2054,4.677208,5.5878544
2055,5.030136,4.763395
2056,2.787994,4.061022
2057,4.231561,7.114305
2058,3.2012045,3.9004896
2059,2.9920406,7.939573
2060,4.1137667,4.2009926
2061,3.386679,5.9934306
2062,6.5831842,6.8500566
2063,5.0449953,3.0815046
2064,4.744904,5.737997
2065,4.6226006,6.893218
2066,5.374773,5.6397896
2067,4.867175,5.963992
2068,5.0991964,3.5476334
2069,4.9635067,5.679108
2070,7.4158225,4.238387
2071,5.9239874,5.282857
2072,5.203121,5.0657372
2073,5.885128,3.280322
2074,4.492099,2.468231
2075,6.0469275,1.2357912
2076,4.130104,2.7052498
2077,4.0758147,0.8502011
2078,5.547571,3.3268392
2079,2.1787677,4.6411757
2080,3.9088075,5.5011005
2081,4.374648,4.6649127
2082,5.4933653,1.3203555
2083,3.9672472,2.2459452
2084,3.6125727,-1.1264136
2085,4.542825,0.9666401
2086,4.722741,1.0824591
2087,5.688904,4.2253375
2088,5.5349956,1.8645294
2089,5.767575,1.3672452
2090,4.5798855,2.3116174
2091,4.8358383,0.5698719
2092,3.4592037,-1.3918686
2093,3.926687,-0.48309702
2094,4.660559,-1.5998743
2095,4.3526034,-0.6594326
2096,3.0834608,-0.08616893
2097,3.0980084,0.9140257
2098,3.8972998,-1.181692
2099,3.9370272,0.42378378
2100,2.961725,-1.6403121
2101,4.695034,1.8259726
2102,5.1378026,-1.1232703
2103,4.6512346,0.0025228085
2104,3.1174865,1.8600497
2105,4.8129582,-1.6287107
2106,4.437075,-0.9506762
2107,4.0944295,0.95007825
2108,4.504551,2.1015668
2109,4.6135774,1.4947598
2110,3.665327,-0.5264166
2111,2.7863162,2.8430529
2112,2.8742833,0.6858451
2113,3.8009448,2.3032923
2114,4.9670377,0.2661979
2115,3.2624407,0.6980043
2116,4.29238,-0.5376809
2117,4.367219,0.8375624
2118,4.767368,2.6831615
2119,3.4315844,1.1646098
2120,4.4233007,1.4436069
2121,6.598862,-1.735392
2122,3.6425083,-0.24810474
2123,3.6943557,0.9402654
2124,4.649093,1.3809142
2125,4.5483437,-1.0584631
2126,1.9880941,0.7311209
2127,3.9991364,-5.328526
2128,4.2525387,-2.6048145
2129,4.237961,-0.7185612
2130,5.1072507,-2.3170726
2131,3.9360383,-1.7700942
2132,4.6372185,-1.4409152
2133,5.9484186,-3.0765228
2134,4.9513373,-2.8233306
2135,5.0032206,-0.6926332
2136,4.990657,-2.5100253
2137,4.0601645,-0.4297625
2138,5.5545306,-1.0605775
2139,3.967389,-4.186057
2140,3.2021608,-4.14502
2141,4.882562,-3.3769262
2142,2.758732,-2.8818102
2143,3.5060327,-1.701907
2144,3.592175,-3.4050474
2145,0.7142675,-0.34056762
2146,0.67784363,-1.0993477
2147,3.7230089,-1.3220346
2148,4.4620957,-0.7201949
2149,3.2456625,-2.2268097
2150,3.2226727,-1.8205739
2151,0.9013327,-3.8259027
2152,2.016595,-0.45087445
2153,0.6171202,0.8904771
2154,-0.7270628,-2.7604687
2155,0.54334575,-2.6583836
2156,0.30219212,1.1755791
2157,2.0173826,-1.0575848
2158,1.7399733,-1.1192781
2159,2.7434247,-3.0419483
2160,4.06078,-3.6052408
2161,3.728,-1.193529
2162,3.4631684,-4.262491
2163,3.2673428,-2.748429
2164,3.4825518,-2.8836887
2165,2.662298,-5.2993746
2166,3.6399202,-6.1073465
2167,3.0255334,-2.5668058
2168,2.4730935,-2.8504837
2169,3.2781777,-2.9667668
2170,1.7402889,-2.898682
2171,4.130806,-4.216792
2172,2.6775799,-3.6939538
2173,4.299241,-1.1977909
2174,5.025856,-4.368789
2175,4.313214,-3.2688046
2176,3.921405,-5.353133
2177,3.4491498,-3.13814
2178,3.8174148,-3.4237852
2179,5.371571,-4.9199286
2180,4.4588227,-1.1942005
2181,3.25747,-0.76059777
2182,6.756296,-4.3617544
2183,4.2039623,-2.06826
2184,4.864718,-3.7525294
2185,3.4543781,-3.4159672
2186,3.3573542,-0.82951343
2187,3.1556604,-4.3833604
2188,1.9523135,-1.1609235
2189,5.429453,-6.208597
2190,2.8413079,-0.61187387
2191,4.7641535,-4.055342
2192,5.9655285,-0.39337632
2193,3.4020672,-0.48271653
2194,5.3588014,-1.5981472
2195,5.2953367,-2.4001966
2196,3.5352085,-2.3447049
2197,2.287007,-2.602247
2198,4.905788,-1.9010272
2199,6.726242,-1.852728
2200,6.7629457,0.22530682
2201,4.101313,-5.98812
2202,5.751374,-0.8698025
2203,3.1881418,-2.11793
2204,4.2152414,-2.3974533
2205,3.5358453,-2.4535437
2206,4.8990436,-2.777831
2207,4.0991726,-1.0054172
2208,4.897807,-0.122417174
2209,6.0438757,0.44629946
2210,6.2790065,1.8355138
2211,5.6231246,1.479597
2212,6.211272,1.1845315
2213,4.9719877,-0.56431603
2214,3.4683714,0.80507004
2215,3.9266756,-0.22697628
2216,3.3687441,-4.674075
2217,3.3615189,0.020248733
2218,3.2647834,-2.5854664
2219,3.9507673,-2.1869395
2220,6.7683215,-5.3217444
2221,6.990677,-1.5933983
2222,2.7379224,-1.0122011
2223,4.4142313,-1.7343647
2224,1.9274918,-2.8879743
2225,3.8337123,-4.857364
2226,5.7221932,-3.849634
2227,6.2542343,-2.3341012
2228,4.647858,-4.93603
2229,7.7002416,-5.714817
2230,7.043546,-4.35901
2231,7.483967,-7.0180917
2232,6.828711,-3.842697
2233,7.4865904,-4.107881
2234,7.9639354,-4.2022514
2235,6.7681437,-2.4322066
2236,8.670085,-1.767735
2237,7.3166504,-5.011696
2238,8.162757,-2.4640484
2239,8.05689,0.6697134
2240,8.881842,-4.5313087
2241,7.7706375,-1.8108246
2242,7.0164843,-1.2584138
2243,7.263634,-1.6224507
2244,8.234655,-4.972576
2245,8.768135,-4.8182983
2246,8.733567,-4.0117073
2247,8.016917,-4.0140924
2248,6.8057137,-3.7558298
2249,7.934465,0.0023845546
2250,7.870264,1.4137293
2251,6.958084,-0.7065075
2252,9.548171,-0.3538041
2253,8.329738,1.7734975
2254,8.45165,2.6334481
2255,9.388967,2.0793996
2256,8.467357,1.8894889
2257,7.2958403,4.584932
2258,7.7128077,3.084271
2259,9.47785,1.0406045
2260,8.772473,0.8617957
2261,5.1652846,2.2122793
2262,5.7927217,2.561778
2263,7.661867,1.2894936
2264,7.589291,0.85569805
2265,7.341736,1.4880524
2266,7.019392,1.4432778
2267,5.917568,5.714104
2268,5.250388,1.5862246
2269,8.4399185,2.1219075
2270,6.899837,4.2100654
2271,7.6594305,2.6619947
2272,10.218846,2.6613538
2273,7.6976604,4.13917
2274,8.691458,5.605703
2275,8.719979,4.337648
2276,8.73939,2.2926195
2277,8.225231,2.5187907
2278,9.894369,-0.47558162
2279,7.864041,-0.98532814
2280,9.479936,-0.47655174
2281,8.949347,2.6689184
2282,10.371674,0.9260434
2283,8.635737,1.7902249
2284,12.21539,-2.4214103
2285,9.112606,-1.1615156
2286,9.55742,3.557439
2287,10.134848,2.9647377
2288,7.012911,2.067326
2289,7.5642166,0.7937974
2290,6.0477285,4.1258454
2291,5.708349,0.8943629
2292,6.5574994,2.3775728
2293,7.746872,1.6312306
2294,7.578167,-0.16413213
2295,7.2630224,-0.24075206
2296,7.480337,-0.59283406
2297,5.900009,-2.158816
2298,6.6685843,-2.4499476
2299,8.426233,-0.2998341
2300,7.3661647,-2.53639
2301,4.514257,-2.288451
2302,4.031033,0.33160707
2303,6.225742,-5.787567
2304,7.9976463,-4.36938
2305,8.549026,-2.6092978
2306,9.375754,-2.7779698
2307,5.9649854,-0.22189526
2308,6.0304213,-1.911196
2309,8.140393,-2.8105655
2310,6.258572,2.1728446
2311,6.3794427,1.8270164
2312,4.908155,3.2290392
2313,5.0664954,-1.4294502
2314,7.6403,-1.3925464
2315,6.712119,1.4192446
2316,5.152555,3.0315683
2317,4.7147527,1.2065402
2318,6.6676273,0.4574816
2319,7.7026024,-0.25467137
2320,5.8967905,-1.5929253
2321,7.122017,0.48135275
2322,5.6843796,0.028421132
2323,6.0190573,-2.974824
2324,4.7362456,-1.9834789
2325,5.083357,0.21121192
2326,5.916699,-0.037783306
2327,4.7536335,-1.0864179
2328,6.70951,-1.4966667
2329,6.372396,0.8439138
2330,5.3610373,0.55516785
2331,6.2387066,1.3907505
2332,6.186511,0.8864485
2333,7.915853,-2.3228416
2334,6.221356,-0.68922967
2335,6.1906385,-0.4127605
2336,7.1837835,-0.83194834
2337,5.2482996,-1.1160926
2338,3.0309036,-2.1638806
2339,4.808717,0.16424969
2340,5.441986,1.5471467
2341,7.3725076,3.0717716
2342,5.0210466,-1.9262269
2343,2.163001,-1.2462537
2344,1.9204538,-1.1363094
2345,1.1458335,-1.9616804
2346,2.3927183,-4.026351
2347,2.5264208,-4.5349193
2348,3.269588,-3.9702463
2349,3.0837083,-2.1075819
2350,3.5130272,-4.4769893
2351,4.018966,-4.8403873
2352,2.4820213,-2.7997692
2353,3.558023,-3.330485
2354,3.1115856,-1.5527177
2355,4.4526296,-0.051631156
2356,2.81376,-1.1490561
2357,2.573326,0.25477222
2358,4.2491207,-0.04057311
2359,4.3783445,-1.2599733
2360,6.7757845,-1.2402499
2361,8.486032,0.776836
2362,6.5595784,3.400624
2363,8.026078,3.4124188
2364,6.291593,3.3392892
2365,4.7292094,0.14928618
2366,5.5040503,0.4191969
2367,7.174984,0.699432
2368,7.274014,2.0376759
2369,8.242786,2.4214923
2370,6.809617,2.2808087
2371,7.6069865,-2.4369295
2372,6.0478716,-0.4870219
2373,6.5292597,-0.6334559
2374,6.604324,-1.7802329
2375,5.575821,-0.7238457
2376,6.734157,5.3749166
2377,7.217411,3.9401877
2378,6.179578,5.3937902
2379,6.2389445,1.8898165
2380,7.231516,2.119225
2381,6.403568,3.2187073
2382,5.6703153,3.9923854
2383,4.7083616,1.4382519
2384,4.516559,4.0397873
2385,4.322863,3.8853693
2386,5.0359926,3.09287
2387,2.42119,3.5805495
2388,4.547234,1.125585
2389,2.5818117,0.8541114
2390,2.8495169,3.4176033
2391,2.88954,5.396499
2392,3.508761,0.48092306
2393,2.5901093,2.0322516
2394,3.0188644,1.9944035
2395,2.4978058,3.2942634
2396,3.6139364,1.0095389
2397,1.8484128,0.43162262
2398,4.8779573,0.80727935
2399,2.998681,3.2601283
2400,2.4263575,0.67387736
2401,3.8285332,2.1726315
2402,2.262442,1.080676
2403,3.119932,0.892411
2404,2.2673016,2.0055265
2405,4.065337,3.930938
2406,1.311211,3.8655083
2407,2.897815,6.213524
2408,0.47715342,5.1118712
2409,0.83547044,4.6221323
2410,0.36579478,5.6050873
2411,1.3130845,3.7392504
2412,1.9170308,4.7126017
2413,2.0874732,5.4456177
2414,0.76838404,3.7123096
2415,2.9574711,5.22094
2416,3.3335493,2.7790606
2417,2.644697,5.479426
2418,3.9357939,3.5122185
2419,2.9797587,6.193657
2420,4.6360908,5.285312
2421,5.507225,4.812947
2422,2.5107207,5.4273944
2423,3.300599,6.666858
2424,2.575361,6.889379
2425,3.3831832,6.4683213
2426,2.722823,4.8477244
2427,2.2945664,6.046701
2428,1.2498178,6.764919
2429,2.9541595,7.217446
2430,3.5299845,5.892864
2431,4.3070703,8.1114235
2432,-0.24719459,10.656397
2433,2.071087,4.8376646
2434,2.9225228,5.7352633
2435,4.197233,7.2727585
2436,0.8224863,5.402663
2437,4.425459,2.2448328
2438,4.7241883,4.6738973
2439,2.4027088,5.614075
2440,3.146247,6.057381
2441,2.9708598,7.5941186
2442,2.437286,7.011227
2443,3.2251291,6.395842
2444,3.2785196,7.967431
2445,3.3562746,6.1477623
2446,4.885858,4.5121665
2447,4.5454636,6.9718194
2448,4.68694,8.252437
2449,4.1945214,8.637758
2450,3.9047308,7.702053
2451,1.7584352,5.830563
2452,2.1826668,9.175063
2453,3.6240115,5.7353125
2454,2.4920564,3.3400238
2455,4.827192,5.6039443
2456,1.563793,6.9238505
2457,2.1185706,8.70683
2458,-0.028014377,5.1371603
2459,1.0560335,7.3244553
2460,0.48177052,6.137018
2461,-0.6086787,8.400386
2462,0.301921,9.626227
2463,2.4432278,6.677517
2464,-0.42224368,7.65406
2465,-0.0841427,7.522383
2466,0.8437576,9.83674
2467,0.43239817,8.824158
2468,0.27024347,7.7281184
2469,-1.5753279,5.944198
2470,1.4677486,4.9357057
2471,2.2477305,6.1436567
2472,1.996769,7.9859357
2473,2.039384,6.136765
2474,2.361863,6.0268836
2475,3.1183252,8.337811
2476,2.0050704,6.7667627
2477,2.9234746,7.1882157
2478,3.0546756,6.6195116
2479,2.9555767,6.7982087
2480,2.6759598,8.339675
2481,1.8884262,8.465146
2482,2.3760436,7.1496363
2483,0.45841137,7.8206263
2484,0.96257144,6.2444944
2485,0.69133663,8.370053
2486,1.8588417,7.19477
2487,1.1049455,8.197967
2488,-0.9996916,5.3720846
2489,2.1472967,2.7215912
2490,1.8278208,1.5234021
2491,0.83850557,3.4554627
2492,0.55840564,7.702696
2493,1.6146643,11.275288
2494,0.8848138,5.6511292
2495,2.573127,3.8945694
2496,2.5214934,7.765216
2497,1.6331592,7.2041473
2498,2.259615,7.8746166
2499,1.434606,6.724894
2500,0.06687274,5.057614
2501,-0.5208032,5.523204
2502,1.8715916,7.6052756
2503,0.21691655,13.555126
2504,0.35200238,6.5231338
2505,1.0290552,5.710371
2506,0.72325784,8.725819
2507,1.4801875,10.007797
2508,1.4207982,7.394421
2509,0.9194853,9.857368
2510,1.3211884,10.536873
2511,2.1475625,6.8709784
2512,1.8504589,9.950739
2513,1.6730716,6.834427
2514,0.001997846,8.514001
2515,0.51954275,5.89853
2516,0.26172867,6.509144
2517,0.79431534,9.895623
2518,0.56410825,8.699996
2519,1.8404435,7.667138
2520,-1.422795,9.382501
2521,1.0014026,3.7527242
2522,-0.052961916,4.6624875
2523,1.1476094,7.5223155
2524,0.3576637,2.844006
2525,2.2595468,7.941289
2526,0.47812882,6.9184165
2527,-0.35881373,5.334154
2528,0.90674275,6.2033286
2529,0.4776431,4.3181124
2530,0.35764277,5.161304
2531,1.2382035,8.003989
2532,1.1219418,4.567145
2533,0.7945772,7.0532436
2534,2.7988143,10.309843
2535,1.3100541,9.817218
2536,2.4650257,8.668021
2537,1.2565066,7.651431
2538,2.01261,5.8959517
2539,1.927044,7.482596
2540,0.9820649,6.010052
2541,2.5758731,4.6791263
2542,1.283913,5.8296866
2543,0.09264234,6.7517056
2544,1.3882215,4.5996685
2545,1.7613252,6.6577787
2546,2.7734835,4.071137
2547,2.6889024,5.2757955
2548,3.1833756,6.7597733
2549,4.5296426,5.874837
2550,3.4157457,7.229286
2551,2.5265102,6.7189126
2552,3.5586202,7.39665
2553,2.3134139,5.2762146
2554,3.5169303,6.8128366
2555,2.324118,6.044099
2556,2.4063435,4.2576056
2557,2.6555426,6.5060124
2558,3.0917666,6.2018814
2559,2.9550993,4.325728
2560,2.2530673,6.0915728
2561,2.438008,9.715149
2562,1.2013704,6.7960844
2563,1.7908565,6.0885124
2564,3.2880723,3.5650597
2565,3.0953605,6.228402
2566,3.4896138,4.1799927
2567,4.9094863,2.7234077
2568,3.9120486,5.7108045
2569,1.4260569,5.1588097
2570,2.3378172,6.2769113
2571,3.8027523,4.136742
2572,2.5110734,6.0251827
2573,3.0194366,4.8794446
2574,3.660396,4.8962903
2575,2.5648427,4.4524093
2576,2.4252846,5.938227
2577,0.6213535,6.317252
2578,0.98936933,5.586215
2579,0.7679591,6.3409553
2580,2.795969,5.674951
2581,2.0500777,8.324506
2582,2.2572873,6.578
2583,-0.053142644,7.8582554
2584,2.7731671,3.8455763
2585,1.358008,6.3797135
2586,2.8188612,7.043867
2587,1.429099,6.856973
2588,3.2352333,5.2599754
2589,3.5317943,5.1723394
2590,1.0554698,2.309945
2591,0.36809137,4.6305213
2592,4.072301,5.858149
2593,1.7141998,7.4401765
2594,1.4985417,7.760333
2595,2.1630478,3.6046023
2596,0.86849177,7.339425
2597,2.0641718,4.72747
2598,4.126777,4.376122
2599,4.198882,6.974128
2600,4.4586425,8.352509
2601,3.6490347,7.7219863
2602,0.27274022,7.771015
2603,0.7508911,5.149109
2604,3.7945971,6.7028813
2605,2.5789835,6.9895253
2606,2.6198843,5.1226
2607,1.3721701,7.9281983
2608,2.563011,7.743428
2609,0.74925596,7.2089124
2610,1.7336147,6.578415
2611,2.450914,7.299075
2612,3.238024,7.783808
2613,3.8799675,8.953656
2614,3.5572793,5.569996
2615,2.0705183,6.8315883
2616,1.4843427,5.7933335
2617,2.072676,5.7813153
2618,3.2524257,8.274534
2619,2.3666482,10.811305
2620,3.3366642,6.7353916
2621,1.0252174,8.42389
2622,1.5512265,6.6449246
2623,2.9999065,6.8225064
2624,2.8860753,7.940725
2625,2.0618718,5.204987
2626,1.7834358,7.82766
2627,1.9030254,10.049842
2628,3.0377805,7.0152526
2629,1.7291689,8.002034
2630,2.15094,6.2911043
2631,-1.0481185,7.9860387
2632,2.2826905,6.2077594
2633,2.2922912,6.2065187
2634,2.1372356,5.602744
2635,1.3225577,6.9724846
2636,3.2194326,7.3540545
2637,4.201191,4.8873386
2638,1.6413188,8.891783
2639,1.9206027,6.988228
2640,0.691194,5.4462905
2641,2.200089,4.0688124
2642,0.03722113,5.9956613
2643,3.862198,8.686468
2644,-0.35858268,6.454664
2645,1.0787929,6.454077
2646,1.7582822,9.061143
2647,1.2727952,4.5734286
2648,-0.57417566,6.7379
2649,0.8878471,7.3767242
2650,-0.34274802,9.934063
2651,-0.6146127,8.157337
2652,0.42761216,4.0158467
2653,0.084949136,9.171297
2654,0.4413958,9.186933
2655,1.9397545,7.8632307
2656,1.2257929,9.9679
2657,2.4403265,10.792604
2658,-0.35483795,12.584226
2659,-0.2456704,8.729613
2660,0.64919823,11.98347
2661,0.34069693,11.096043
2662,0.28017274,6.2660213
2663,-1.1689247,7.379693
2664,-0.98961073,9.304147
2665,2.010637,9.450605
2666,0.53351414,11.505787
2667,-1.7136526,10.002662
2668,-1.5147835,11.812671
2669,-1.2063419,8.758279
2670,-0.51140267,9.348994
2671,-0.053881224,11.839742
2672,-0.3168092,8.106099
2673,0.6525248,7.135799
2674,0.8111469,7.3685102
2675,-0.4618796,10.864314
2676,-1.3172821,11.595735
2677,-0.78868127,10.495547
2678,-2.639001,11.414607
2679,-5.3702235,10.42838
2680,-3.223238,6.724066
2681,-0.27816114,8.611137
2682,-1.4359623,11.686171
2683,-3.8646905,9.483117
2684,-3.688169,11.925998
2685,-7.324828,9.803008
2686,-4.000272,8.066329
2687,-3.5605574,7.6135063
2688,-1.2161875,8.358181
2689,-1.5777978,10.742182
2690,-0.51626927,5.158668
2691,-2.6892765,4.530088
2692,0.0076055205,2.692695
2693,-1.5856742,2.0560665
2694,-4.825292,2.8677707
2695,-2.719832,1.7928467
2696,-7.646029,6.2846627
2697,-10.188512,3.3580902
2698,-7.052953,4.1421533
2699,-12.635364,2.9472096
2700,-5.031177,2.8940353
2701,-6.9219213,2.849253
2702,-7.5089855,3.5260723
2703,-7.051794,4.6915536
2704,-10.714208,7.341303
2705,-10.029021,4.312818
2706,-10.218315,7.3395233
2707,-4.6535735,6.9606004
2708,-3.4077446,7.0413055
2709,-2.996767,6.2993817
2710,-9.586702,9.437258
2711,-9.5987215,8.799439
2712,-5.7210803,9.090945
2713,-5.4396954,9.081527
2714,-3.0899014,11.459476
2715,-3.88088,8.535508
2716,-3.9064486,7.6042185
2717,-3.7898717,9.41454
2718,-8.285849,7.4364257
2719,-4.861064,7.617591
2720,-8.299484,9.933953
2721,-7.8351507,5.434238
2722,-12.282452,6.253993
2723,-8.753603,4.641155
2724,-8.724506,6.5398498
2725,-4.847691,6.4918594
2726,-5.477924,5.1975675
2727,-4.2557516,7.9189415
2728,-3.8990638,7.8297343
2729,-3.206822,2.1479576
2730,-4.5484204,3.0546315
2731,-2.164738,4.4018965
2732,-3.3616986,7.9482164
2733,-0.8098622,5.777863
2734,-3.0871649,6.447925
2735,-2.7787774,9.853114
2736,-3.0387154,10.590403
2737,-3.8064964,7.5947227
2738,-5.052699,7.3839445
2739,-6.897329,7.992541
2740,-5.4929023,7.204456
2741,-6.40612,7.2585754
2742,-7.6816554,8.349062
2743,-7.803703,6.943357
2744,-6.10119,6.137394
2745,-7.6388335,6.1473336
2746,-7.335958,5.445283
2747,-10.973124,8.541807
2748,-9.629206,8.004153
2749,-10.599711,5.991265
2750,-8.239308,3.9764197
2751,-5.5095797,1.4651192
2752,-5.923801,3.5101256
2753,-7.749241,6.564157
2754,-12.704227,6.79709
2755,-11.017437,7.1132617
2756,-10.779578,9.646762
2757,-7.160567,6.016222
2758,-6.588673,5.690286
2759,-3.8905666,7.4966598
2760,-8.122204,7.954247
2761,-9.612289,5.475285
2762,-7.6998177,4.9297085
2763,-7.551448,6.515304
2764,-6.7684183,6.923539
2765,-7.4458175,8.05883
2766,-7.756328,10.04359
2767,-7.18284,7.7162657
2768,-4.0192523,6.37135
2769,-5.8357377,5.913826
2770,-9.0944605,7.1655264
2771,-9.328897,8.146358
2772,-8.250095,5.799482
2773,-6.2272573,8.315483
2774,-6.85855,5.25703
2775,-8.906491,6.101261
2776,-8.622386,3.3758976
2777,-8.544154,5.912046
2778,-10.263207,6.438849
2779,-11.495757,6.856149
2780,-10.823169,11.230272
2781,-8.708906,5.90435
2782,-9.121745,8.105606
2783,-8.487132,5.111588
2784,-9.652016,4.61149
2785,-9.619775,6.2317605
2786,-9.703108,5.6566443
2787,-10.5985565,5.975445
2788,-11.919383,3.16469
2789,-11.316473,1.9686677
2790,-7.52423,0.8198279
2791,-10.083979,7.014868
2792,-8.983004,6.9400005
2793,-10.081458,4.7065043
2794,-9.192697,4.124665
2795,-8.170125,3.7508705
2796,-6.756778,6.6092153
2797,-7.2639384,5.8273005
2798,-8.958141,6.1713533
2799,-9.457719,3.7399952
2800,-9.545002,5.412589
2801,-11.539363,2.913356
2802,-11.601837,6.2851043
2803,-8.219342,3.5310016
2804,-10.602748,6.118904
2805,-10.092484,3.4070883
2806,-9.820179,5.8233314
2807,-8.412731,5.6808605
2808,-9.146,2.1828954
2809,-6.113382,3.3847394
2810,-10.546773,8.8027315
2811,-6.458268,5.375783
2812,-6.486558,6.053827
2813,-7.1191216,7.2077317
2814,-9.0439205,6.7827477
2815,-8.992999,8.7584095
2816,-9.783633,6.412677
2817,-7.89947,7.672674
2818,-7.800934,7.8624578
2819,-8.500991,4.8637176
2820,-6.624635,4.966193
2821,-6.143848,3.6064553
2822,-4.8455105,5.1108046
2823,-2.718443,2.999205
2824,-3.543993,3.5448925
2825,-5.605238,4.8744564
2826,-2.930583,6.727418
2827,-5.8633986,6.094308
2828,-5.1971664,6.67437
2829,-6.3521996,6.9131336
2830,-6.8737674,3.9422145
2831,-6.3029337,3.2446146
2832,-4.6103644,5.5768185
2833,-5.131743,7.27617
2834,-7.3691983,8.953974
2835,-4.480226,8.487962
2836,-5.9967647,8.966664
2837,-3.4940524,6.2405725
2838,-4.802469,4.030574
2839,-4.39576,5.756275
2840,-3.1827843,8.616669
2841,-2.0024848,4.8444633
2842,-5.394527,7.227431
2843,-2.9503868,4.196105
2844,-3.25201,6.0030017
2845,-3.9404619,7.054783
2846,-2.2451272,5.441358
2847,-2.0346975,6.5755925
2848,-3.298425,6.5616107
2849,-2.466819,3.3554022
2850,-3.299417,7.555169
2851,-3.7919369,5.7921715
2852,-3.3241544,8.492529
2853,-4.408667,5.9726725
2854,-4.838945,6.751737
2855,-2.4281518,8.396903
2856,-3.88815,5.055936
2857,-4.7871037,5.0653343
2858,-4.261901,6.2049303
2859,-4.432126,6.9878874
2860,-3.4172914,8.804943
2861,-5.3865347,7.4039702
2862,-4.612228,6.78463
2863,-2.672202,7.530778
2864,-3.409277,7.3206725
2865,-4.9051805,9.62417
2866,-1.3466439,9.070728
2867,-5.000179,6.8229775
2868,-2.666811,9.742355
2869,-4.297238,9.60924
2870,-5.4512625,5.3258758
2871,-6.1253123,9.145434
2872,-8.058297,9.472094
2873,-6.6829844,6.460448
2874,-5.2363176,8.914162
2875,-6.608841,9.403095
2876,-4.2468753,7.8577924
2877,-2.410604,6.7891927
2878,-0.70100665,7.728648
2879,-1.7655638,6.7986946
2880,-1.2231745,8.181838
2881,-0.07938009,8.24101
2882,0.09434213,8.934751
2883,0.6685009,10.556623
2884,1.5260512,6.497983
2885,0.6880054,9.4378
2886,1.2204598,11.167636
2887,1.0317379,8.101214
2888,-0.31260464,7.153526
2889,0.47011888,6.2434587
2890,2.3198445,4.000197
2891,0.82765985,7.6868186
2892,1.2714057,9.631325
2893,2.9740999,11.315846
2894,1.5170145,5.8903847
2895,3.0809116,8.190774
2896,2.1169453,9.0282135
2897,1.0631366,7.6498427
2898,2.1667855,9.013782
2899,3.8841908,6.038118
2900,3.444173,3.6772358
2901,1.5433463,5.6944804
2902,1.7370826,7.8571954
2903,5.2768617,8.847462
2904,3.0560458,8.715833
2905,3.135267,5.5723934
2906,0.6301719,4.981956
2907,0.21937503,3.7631128
2908,0.88144267,9.90488
2909,1.4589376,5.149263
2910,2.1847153,8.137499
2911,4.2411785,5.3116198
2912,1.8900149,8.954971
2913,2.5332794,7.7084394
2914,2.9985232,8.92831
2915,5.03194,5.2111588
2916,4.3495746,10.489084
2917,5.1983356,8.550172
2918,1.94015,4.746325
2919,3.252994,5.8877115
2920,4.8095093,4.341118
2921,4.162423,5.9746695
2922,4.1179,7.383823
2923,4.045608,7.38466
2924,3.5354507,7.0317554
2925,2.5542843,5.587447
2926,4.5139046,8.439948
2927,2.7618997,3.475874
2928,-0.081323676,3.5078087
2929,2.1511993,4.614983
2930,0.9569366,4.9696364
2931,-1.0491223,6.691158
2932,0.7709289,7.0359697
2933,2.0560634,6.773397
2934,2.839458,7.6135097
2935,2.8900487,7.5858235
2936,3.4996994,8.39423
2937,2.3837435,7.222835
2938,3.754189,8.495968
2939,2.5928261,9.806397
2940,1.3203603,6.702938
2941,3.337279,8.051096
2942,3.3617384,8.489431
2943,1.2704787,5.158628
2944,2.1641226,3.9119513
2945,4.064549,4.9847674
2946,2.5148952,3.169171
2947,0.9928317,8.747281
2948,-0.5650759,8.95157
2949,-0.6127528,9.288882
2950,-1.4942002,5.6114883
2951,3.1613407,6.027865
2952,4.536647,6.949236
2953,0.45238307,8.995576
2954,2.1193652,7.8203015
2955,0.39625794,5.715908
2956,-1.7477111,7.1316214
2957,-0.17463185,6.3642344
2958,0.5792503,3.717647
2959,-1.1194843,2.6264477
2960,-0.9641456,5.2856364
2961,0.45774746,4.780525
2962,-0.9533652,6.373711
2963,-0.6860834,5.266777
2964,-0.14532615,5.3258147
2965,-1.8226643,8.004554
2966,-0.72676533,5.4404573
2967,-0.7748263,5.3321896
2968,-1.4211603,10.558435
2969,-2.3645172,8.566104
2970,-2.0246363,11.012933
2971,-3.7535133,8.740204
2972,-1.624626,9.68866
2973,-3.303364,6.4784236
2974,-2.2034922,6.8807964
2975,-3.6272838,8.1616335
2976,-2.472987,7.4759836
2977,-2.2311697,9.5691805
2978,-6.943871,5.871453
2979,-5.7883058,6.9005194
2980,-0.8083006,8.913846
2981,1.035766,7.105763
2982,0.26703188,7.677709
2983,-2.4938293,9.09316
2984,-0.5150987,8.660875
2985,-1.7678162,6.3371835
2986,-3.8034418,4.6207128
2987,-5.045722,3.8606713
2988,-2.091364,5.197614
2989,-4.1169977,3.7238715
2990,-4.5764256,1.5096855
2991,-3.8578382,1.9749267
2992,-2.3515172,-0.57270825
2993,-1.6747042,0.6604169
2994,-1.856878,5.1307797
2995,-3.1042447,1.351577
2996,-3.9293084,3.1212301
2997,-3.6177392,5.920445
2998,-2.8484175,8.505389
2999,-1.0645788,6.721477
3000,-2.2719593,6.4785643
3001,-4.5824847,5.243079
3002,-2.9560425,4.532254
3003,-2.2767727,0.84964275
3004,-3.3120253,3.9284875
3005,-2.8821568,3.831037
3006,0.9966945,5.9006896
3007,-2.0756462,10.162272
3008,-1.3209388,6.81262
3009,-0.34282342,7.338673
3010,-1.9904011,7.3585973
3011,-2.072903,5.7859774
3012,-1.7062826,7.2491245
3013,-1.0130471,3.584418
3014,-1.139802,6.189933
3015,-1.3795682,7.672728
3016,-0.62695116,4.344635
3017,-1.741934,6.7638617
3018,-2.4215286,6.517115
3019,-3.4561512,3.4922464
3020,-1.4920367,3.485436
3021,-4.0384884,5.5704994
3022,-2.868259,3.7738469
3023,-2.1322515,1.1337199
3024,-3.9155977,5.098756
3025,-1.9163632,4.104114
3026,-0.86123365,9.129222
3027,-2.155353,4.3097196
3028,-1.2661153,6.749338
3029,-3.600062,4.1310086
3030,-0.22359258,1.8375062
3031,-1.7882782,4.6194296
3032,-2.4717338,4.4747305
3033,-1.2354186,5.541864
3034,-1.3066641,4.057458
3035,-1.9665338,5.513363
3036,-2.2212088,4.7782702
3037,-0.85371226,3.5734894
3038,-2.6473088,4.465863
3039,-2.9948637,3.6305315
3040,-1.443817,8.464433
3041,-2.8931835,2.4985151
3042,0.049734473,4.9514804
3043,-0.69472647,6.4421234
3044,-2.4417539,2.9218197
3045,-2.3202465,2.978069
3046,-2.793061,5.636132
3047,0.075650245,6.773161
3048,0.27722648,6.6173983
3049,-0.52335405,3.447773
3050,-0.020208405,8.20735
3051,0.22220835,9.882197
3052,-0.13772216,7.0722327
3053,-1.5701565,8.1243925
3054,-0.5375588,6.2628098
3055,0.055574067,6.2178335
3056,1.746418,3.0776942
3057,2.4375205,5.136395
3058,2.5877829,6.953293
3059,0.20284984,5.3188252
3060,0.8646772,6.3609033
3061,0.044066746,6.325187
3062,0.96592474,8.192302
3063,0.8658526,5.6223164
3064,2.0289783,4.7589507
3065,2.0524356,5.2253656
3066,-1.2863798,4.4335146
3067,-0.6989642,6.0236363
3068,1.3818369,3.5277524
3069,3.0934467,4.5434213
3070,2.5571475,6.1557546
3071,1.4850273,4.0969167
3072,2.1414344,4.8188305
3073,0.6104867,2.8617952
3074,4.3135138,5.087757
3075,3.9337678,4.530281
3076,1.7426456,6.625252
3077,-0.6326947,6.0939455
3078,-1.8075367,7.872279
3079,-1.4388623,5.8660126
3080,-0.8044025,2.6065197
3081,0.9930687,7.9402494
3082,1.6143626,4.310716
3083,1.2202015,5.123221
3084,2.6486707,4.575268
3085,-1.3763834,0.74357593
3086,0.14435196,5.345704
3087,1.1089296,4.207657
3088,0.31745362,4.5728126
3089,0.50234455,5.400211
3090,1.1752632,5.975273
3091,2.2805686,5.149123
3092,0.38844824,5.0182037
3093,1.5620528,4.2916403
3094,1.1694301,6.855586
3095,0.2344618,8.821646
3096,0.008443581,3.8060842
3097,-0.08317683,6.2686357
3098,0.49011183,3.5648394
3099,0.41015708,7.0619164
3100,-1.3785992,5.2566185
3101,0.9457233,4.436932
3102,-0.5963956,1.9747534
3103,1.8367777,2.7758677
3104,2.4917772,3.6103425
3105,-0.38202316,5.571625
3106,2.0968413,1.201375
3107,2.6920145,0.50527894
3108,0.5370924,4.862466
3109,-0.4904511,-0.2039141
3110,-1.4764742,5.05141
3111,0.49925703,2.053723
3112,3.7111433,2.4208815
3113,2.593175,2.2435057
3114,-1.1882851,4.3600144
3115,-0.24438322,3.6872218
3116,-0.92398804,4.2485824
3117,2.9182353,3.11085
3118,1.828818,2.6105702
3119,2.919628,6.1335497
3120,0.40136376,4.1594515
3121,0.54749185,1.4508835
3122,-0.23740536,6.015218
3123,1.419779,4.1021786
3124,0.9689311,2.5985992
3125,0.29058415,1.3450556
3126,0.854715,7.213171
3127,2.1483073,3.556036
3128,0.28095198,5.9536185
3129,0.6410768,4.916257
3130,-0.35098627,3.5257344
3131,-1.2817283,4.5961294
3132,-3.5712566,6.56303
3133,-0.99002874,5.3783736
3134,-0.5606321,4.229853
3135,-3.6993499,5.0783405
3136,-0.27289164,4.0095897
3137,-0.977151,5.041987
3138,-2.2838726,5.369563
3139,-0.12515242,6.0838885
3140,-1.2635468,8.205883
3141,0.7518882,6.3779187
3142,-1.1587154,5.059689
3143,-1.0575409,0.93304455
3144,-0.38146815,4.506565
3145,1.8468922,5.4209237
3146,0.109273784,5.321792
3147,-0.728743,3.7254252
3148,0.19048338,7.300576
3149,0.52733046,4.546074
3150,-2.0571752,6.311567
3151,0.50741106,5.026135
3152,-0.2757433,5.9045115
3153,2.2580085,4.3378105
3154,0.37178922,6.595463
3155,-0.35631174,4.4937506
3156,-0.34666383,4.2962804
3157,-1.0868363,3.9068127
3158,-1.6952026,5.087434
3159,0.9933703,6.0628176
3160,0.121039785,6.014645
3161,1.7945361,9.269352
3162,1.354674,4.335021
3163,0.20315042,5.339718
3164,-0.36885977,6.004413
3165,1.4576726,6.2821097
3166,0.36551902,4.3448133
3167,-0.5733221,7.8883905
3168,-1.3795228,2.1141663
3169,2.4079745,6.3575616
3170,0.87120914,6.851809
3171,-0.73035014,1.4903606
3172,0.8319069,2.926345
3173,0.8663735,5.4581795
3174,-0.4945137,1.827926
3175,-0.8423371,7.093455
3176,-0.05839778,6.873726
3177,0.006075848,8.47248
3178,-2.4111278,6.5843434
3179,-0.822135,5.2501016
3180,-1.8540436,8.064423
3181,-1.2547468,6.9469543
3182,-1.8215787,4.7007504
3183,-1.0609299,7.7419314
3184,-0.7451588,3.2840478
3185,-0.9167882,6.9900503
3186,1.8448578,6.4445167
3187,-1.4724841,7.254504
3188,-1.4728343,4.410156
3189,-1.0340502,6.754306
3190,1.1886439,6.0210514
3191,1.6709136,5.5323963
3192,0.6438547,5.33832
3193,-0.13944106,6.35534
3194,-0.7057322,5.710713
3195,-2.184554,6.1040516
3196,1.2621162,7.09178
3197,0.6089908,6.151935
3198,0.83069235,5.5040197
3199,-2.364024,6.6163263
3200,-2.741317,5.775625
3201,-1.3588319,9.137721
3202,2.160375,7.3759003
3203,-0.8474509,6.4203596
3204,1.3992369,4.922883
3205,-1.1273825,6.20717
3206,-0.55604714,3.2982762
3207,-1.0723083,3.6136904
3208,0.00079617114,4.4637957
3209,1.0449977,4.0911613
3210,2.446191,6.3984857
3211,-1.0063008,8.059632
3212,1.3040406,2.4898946
3213,-1.2857343,4.5909925
3214,-1.3652774,5.867879
3215,-2.24463,6.295638
3216,0.18180552,5.763726
3217,-0.88785547,5.056996
3218,-0.7101122,3.7771282
3219,-1.30299,7.0991383
3220,-2.0875993,5.9468827
3221,-0.56147504,6.6704288
3222,-0.6509225,7.687403
3223,-1.4810928,8.244964
3224,-2.6019135,7.9807014
3225,0.022228776,5.852835
3226,-0.38263202,4.2113
3227,-0.6333044,7.2779956
3228,1.0947857,5.061695
3229,-3.0317733,9.2838545
3230,0.6222103,5.8428626
3231,-2.0051553,5.6491485
3232,-3.8932595,9.612896
3233,-2.886586,5.7561464
3234,-0.9116319,8.754742
3235,-0.4314101,5.6431313
3236,-1.6210804,5.535812
3237,-2.0339994,3.357798
3238,-0.72857505,5.346557
3239,-0.9749303,4.969984
3240,-2.3837938,3.0234978
3241,-1.3451583,4.167897
3242,-2.2612953,6.229757
3243,-0.9588046,4.2394247
3244,-4.1009817,2.9600532
3245,-5.530214,6.4785547
3246,-5.5955377,8.628613
3247,-3.5892909,9.228382
3248,-3.8285081,7.6076035
3249,-2.3670418,6.838204
3250,-2.3553596,7.0848746
3251,-0.48950008,1.9552386
3252,-3.2370944,4.428565
3253,-2.396052,5.7695622
3254,-3.584894,6.252783
3255,-3.3405306,5.0906887
3256,-4.5131164,6.4548554
3257,-2.1529768,3.7967567
3258,-5.1666126,6.8729887
3259,-5.3262224,7.0756288
3260,-4.681639,5.1346326
3261,-4.649078,6.515113
3262,-2.5159082,5.930444
3263,-0.8859679,2.292244
3264,-1.863823,0.9669631
3265,-3.947026,0.79488236
3266,-5.141434,3.87412
3267,-7.9356284,7.8780174
3268,-7.764834,6.684979
3269,-5.113268,8.629682
3270,-2.6020296,4.976532
3271,-2.8885286,9.696365
3272,-0.17291905,7.980127
3273,-3.8170705,2.9339173
3274,-1.7192085,3.020664
3275,-1.8905433,8.667973
3276,-0.996786,8.297282
3277,-0.15448666,9.946662
3278,-1.1208508,11.114656
3279,0.1401533,8.046741
3280,-1.8418622,7.065663
3281,-4.0173855,6.7244987
3282,-3.1300008,6.9101977
3283,-3.0089798,7.593746
3284,-2.7544172,9.84127
3285,-0.20318872,7.7642136
3286,-0.8686993,7.6454296
3287,-0.29479516,8.573454
3288,0.98698217,6.5520825
3289,-1.8994963,11.572325
3290,-1.7126191,7.650515
3291,-0.5923168,8.865662
3292,-7.6706414,8.021673
3293,-5.541506,8.09126
3294,-5.552643,9.422806
3295,-4.4117713,5.035947
3296,-3.9303343,6.1415486
3297,-5.1848674,4.9761696
3298,-10.124839,8.255592
3299,-6.5758114,6.774892
3300,-6.590082,6.1540623
3301,-5.726456,2.8886569
3302,-4.963907,1.6344292
3303,-2.841913,-0.18098713
3304,-3.5324419,-2.0943556
3305,-4.3161902,2.3087516
3306,-3.9826877,2.0085802
3307,-3.0287066,3.1357424
3308,-2.0374224,2.6061058
3309,0.021819005,0.9092216
3310,-1.3918166,2.0362751
3311,-2.066043,2.676508
3312,-2.959583,5.034173
3313,-1.718771,5.3510585
3314,-2.6116333,3.8112879
3315,-0.54186374,3.5187018
3316,-0.67388487,0.16346167
3317,-2.3330548,0.49801862
3318,-0.977111,-1.7129972
3319,-2.5803351,1.3586653
3320,-5.347388,5.4910502
3321,-1.8341204,2.6232305
3322,-2.3537805,1.3746076
3323,-3.3714314,3.387566
3324,0.1814145,3.7853823
3325,-1.7940586,3.1501012
3326,-1.8450112,4.8437757
3327,-1.6103812,2.8664424
3328,-2.5356596,4.3218355
3329,-4.297122,4.9209948
3330,-3.004669,2.8116539
3331,-2.3474889,2.7610986
3332,-0.08468266,1.3903581
3333,-1.5011295,2.4845476
3334,-4.1773806,2.9030252
3335,-2.7408795,2.2861786
3336,-3.263888,1.2754217
3337,-2.8808572,0.011095341
3338,-2.1235068,-0.16088967
3339,-2.4545648,3.4434383
3340,-4.0190864,4.2871647
3341,-4.735112,1.971917
3342,-3.248813,3.9329495
3343,-3.9624243,4.9979577
3344,-2.605037,9.613771
3345,-3.6745555,3.8327446
3346,-4.8009205,5.5011683
3347,-3.8888185,5.248299
3348,-6.229534,6.5188403
3349,-2.4854248,4.980218
3350,-3.3849473,-0.09483341
3351,2.3260348,5.3231606
3352,-2.0104463,7.4814878
3353,-1.2712325,6.323814
3354,-1.7737048,5.96756
3355,-0.6470551,7.258727
3356,-0.15844785,9.915431
3357,-0.33295935,6.536994
3358,-2.3837814,6.234351
3359,-2.2137516,6.986239
3360,0.13684005,8.720937
3361,0.5226853,8.614301
3362,-1.0001316,7.561663
3363,-1.3193141,6.0194054
3364,-1.7900863,5.744887
3365,-0.580476,5.712836
3366,-2.207437,6.2510777
3367,1.3473756,4.7506223
3368,0.290966,4.4552207
3369,0.08534554,6.256026
3370,-0.29116604,5.6094666
3371,-1.0469606,5.19407
3372,-0.93497425,5.4312873
3373,-2.0901027,8.53688
3374,-3.0967174,10.018987
3375,-4.9573917,5.6463137
3376,-3.2815907,5.2833695
3377,-3.0888464,7.3118362
3378,-3.4730823,5.362389
3379,-3.1012902,2.6406348
3380,-5.3638315,3.0801966
3381,-5.317782,3.8628829
3382,-2.480774,6.130287
3383,-3.7910655,7.1013613
3384,-4.99096,7.9317007
3385,-6.219797,5.488115
3386,-3.4230626,6.76808
3387,-2.8864594,6.0767984
3388,-3.5724542,6.734753
3389,-3.7351155,6.71805
3390,-5.3209414,8.360655
3391,-4.7958145,8.233166
3392,-3.1535258,7.465115
3393,-6.7598486,10.095813
3394,-5.559843,8.30538
3395,-4.6635995,7.4971223
3396,-4.0823574,7.6375103
3397,-3.6482556,5.65962
3398,-3.5579653,6.732751
3399,-5.1832047,6.8962507
3400,-5.315488,7.36329
3401,-5.6290956,5.3826833
3402,-3.1092255,7.753825
3403,-4.9074464,10.320199
3404,-9.966684,8.610372
3405,-5.449818,9.087879
3406,-5.557079,6.2244773
3407,-4.848414,7.4165573
3408,-4.7549043,6.366426
3409,-6.531443,9.7051115
3410,-9.913064,7.3567877
3411,-7.3068404,8.273837
3412,-10.191271,7.058417
3413,-4.450307,10.01443
3414,-5.2284307,8.137857
3415,-6.522317,9.635265
3416,-4.5467815,8.514858
3417,-5.548447,6.4587584
3418,-7.2421074,8.486254
3419,-8.112358,9.909785
3420,-8.64869,5.952291
3421,-8.119326,9.390298
3422,-9.68059,8.106226
3423,-9.041571,10.273767
3424,-6.575168,7.087526
3425,-7.476495,6.320551
3426,-6.383824,5.3646736
3427,-5.0217876,8.887688
3428,-7.217206,8.859772
3429,-7.1570926,8.473712
3430,-10.66048,4.4840693
3431,-6.885176,5.846489
3432,-4.1572366,2.277116
3433,-4.3229666,6.2403483
3434,-4.542405,6.7174044
3435,-7.773253,3.0785656
3436,-2.4947648,3.7056494
3437,-6.363215,2.6485345
3438,-5.4382644,2.7847311
3439,-4.272581,4.0337067
3440,-4.703545,-0.045883726
3441,-1.6934986,0.46079105
3442,-0.37740546,-2.7663548
3443,-2.9620452,-3.2888656
3444,-2.220482,-3.444561
3445,-1.152379,-4.5801487
3446,-1.9172014,-4.3139315
3447,-1.0368403,-3.9471753
3448,0.3351127,-5.5271187
3449,-2.5039568,-7.0315394
3450,-4.8219156,-3.8854966
3451,-4.3037624,-6.7875395
3452,-6.3816986,-4.031636
3453,-2.7629004,-5.9106803
3454,-4.3180966,-2.286383
3455,-5.298711,-3.3796375
3456,-4.2098913,-6.681456
3457,-6.2105393,-4.795216
3458,-3.153186,-2.295985
3459,-3.975174,-0.7491047
3460,-6.345485,-4.585503
3461,-4.013395,-3.3004496
3462,-5.048083,-1.1323357
3463,-3.962621,0.788309
3464,-3.6980665,-1.071584
3465,-4.7016354,0.36528134
3466,-5.7026772,2.46137
3467,-6.303245,-0.3953372
3468,-5.385968,0.68114346
3469,-6.062893,1.0317938
3470,-4.911807,0.05457973
3471,-8.029182,1.0323178
3472,-6.8046513,-0.49237412
3473,-8.314744,3.368128
3474,-5.036016,1.0671492
3475,-3.37271,0.6631014
3476,-8.026423,5.443245
3477,-5.08482,3.7606587
3478,-3.5032897,3.449208
3479,-3.537921,2.0419734
3480,-5.0359626,1.7576625
3481,-4.757976,1.7034565
3482,-2.4022138,2.2507818
3483,-5.0297756,3.4965384
3484,-5.095255,1.4562205
3485,-3.3226779,1.2700056
3486,-2.4783902,3.3562462
3487,-3.3673291,1.2683403
3488,-5.5725255,1.7037625
3489,-5.508869,1.9577221
3490,-4.4561267,3.0773396
3491,-6.691196,-0.04978466
3492,-3.3460479,-0.4997505
3493,-1.6975646,-1.8945163
3494,-1.3116398,-2.5283642
3495,-1.5286564,-0.06045733
3496,-1.75286,-1.04322
3497,-1.1756083,-0.8465956
3498,-1.5730541,-1.7210358
3499,-1.3560894,-3.7101004
3500,-4.9221687,1.1163794
3501,-1.6985402,3.3677485
3502,1.6500984,2.796728
3503,-0.2856558,3.5301433
3504,-0.9445448,3.2963016
3505,-0.054782208,7.2357135
3506,-1.4544041,4.618658
3507,-3.0656097,5.760523
3508,-2.0074897,6.635915
3509,-1.5506703,3.6788933
3510,-0.153455,6.958928
3511,-0.23171684,5.848518
3512,-0.6994346,6.7592883
3513,-1.5645415,8.100007
3514,-2.0730958,6.3363266
3515,-1.2583474,5.5187383
3516,-1.2714522,5.518932
3517,-2.0622118,6.7636786
3518,-3.0543447,6.0540385
3519,-0.5195686,0.41104412
3520,-1.094875,2.3052402
3521,-0.41029564,5.8740497
3522,-2.189796,5.7873034
3523,-1.414773,5.5710206
3524,-1.285535,4.5226045
3525,0.1663926,5.0813746
3526,-2.256802,2.6489615
3527,-1.6631445,5.4542336
3528,-0.2031301,5.2247705
3529,-1.201885,2.8323255
3530,-1.9156883,5.6396565
3531,-2.3926363,6.636458
3532,-4.948854,4.4377704
3533,-2.9738636,3.5390363
3534,-2.0965624,1.6832619
3535,-4.0911517,3.1055834
3536,-2.8621025,-0.68391234
3537,-1.1388029,-0.076936156
3538,-2.6138158,4.056252
3539,-1.7756194,3.023576
3540,-1.8615392,4.9329433
3541,-0.7211476,4.756123
3542,-3.4543114,6.3537903
3543,-2.9450827,5.249615
3544,-1.70872,4.91686
3545,-2.140859,4.9827743
3546,-1.9904611,6.395695
3547,-0.9561177,5.3849664
3548,-3.162127,7.548341
3549,-3.8702536,6.686231
3550,-4.234613,3.7059584
3551,-4.689173,6.4019527
3552,-2.5871184,8.277176
3553,-5.1330395,8.841977
3554,-3.5374458,9.204023
3555,-2.961717,4.423717
3556,-2.4536169,8.124486
3557,-2.3931503,4.34357
3558,-2.7598097,3.6866224
3559,-3.5136855,2.7650018
3560,-3.9254353,5.2898893
3561,-1.7444423,7.587094
3562,-0.8820917,6.30524
3563,-1.3036945,6.577341
3564,-2.9680667,5.661488
3565,-1.9248483,6.415903
3566,-1.5130935,8.741446
3567,-2.92233,7.727868
3568,-1.4620333,7.1607623
3569,0.094019055,5.2672563
3570,-0.6571834,5.1608596
3571,2.5263724,6.9556527
3572,-2.804414,5.65068
3573,-0.8187943,6.5434275
3574,-4.1657147,4.1634316
3575,-2.3037677,5.61818
3576,-4.4499817,6.1076403
3577,-2.086022,2.8977184
3578,-1.0754284,4.795901
3579,0.28769958,4.901274
3580,-2.0736268,3.3491352
3581,-1.0174178,5.4793115
3582,-2.280167,6.6685724
3583,-1.1249204,3.403717
3584,-2.444891,6.801361
3585,-2.4988563,7.6513724
3586,-3.605309,6.4090867
3587,-2.0597935,5.909596
3588,-1.9590633,6.459366
3589,-4.1172695,7.9472065
3590,-4.4415946,7.0105486
3591,-2.642265,3.7895641
3592,-3.116225,4.338988
3593,-1.134436,6.510239
3594,-0.98050225,4.2160783
3595,-0.4389525,4.5585723
3596,-2.4351234,5.697728
3597,-2.1584804,9.865467
3598,-1.5766469,7.8250213
3599,-1.4192277,4.9582376
3600,-0.26712614,8.425703
3601,-1.5428619,4.993954
3602,-1.0173199,5.4656267
3603,-0.3762916,4.7969785
3604,-2.4802744,6.7377114
3605,-2.100242,5.1097307
3606,-1.7427639,4.2682304
3607,-4.6940627,7.768892
3608,-3.2185113,7.8523245
3609,-0.5244808,7.7347894
3610,-0.58101654,5.160037
3611,-1.2532048,5.0382075
3612,-1.8280184,4.5537353
3613,-1.856924,8.293405
3614,-2.237216,6.1097417
3615,0.80880195,4.0780997
3616,-0.11342665,3.4964478
3617,-1.2280506,5.757036
3618,-2.2460978,5.369262
3619,-2.422391,6.139655
3620,-2.8192446,7.393372
3621,-2.9766219,8.887112
3622,-3.0320594,8.855037
3623,-2.81904,7.6404843
3624,-2.3583417,7.317618
3625,-2.927783,5.689396
3626,-1.7619665,8.924506
3627,-2.8049762,12.296003
3628,-2.5142474,8.17706
3629,-1.4713371,8.897722
3630,-1.2118051,10.048646
3631,-0.83634,8.931939
3632,-3.1469574,7.8180947
3633,-3.6351523,8.085
3634,-0.5532481,9.281999
3635,-0.85847586,7.890237
3636,-0.051852208,7.7961187
3637,-1.3053395,5.57078
3638,-0.75637525,9.876069
3639,-0.74007523,8.5523205
3640,-1.2194307,8.075005
3641,-1.5848867,10.686216
3642,-1.4765381,8.276698
3643,-1.7711959,10.864862
3644,-0.18555474,7.2630596
3645,-1.1968079,7.2694144
3646,-1.1957669,5.494244
3647,-0.4399197,8.475542
3648,-1.5238482,7.1027317
3649,-1.3648294,10.276614
3650,0.05141438,12.0729685
3651,-0.16202457,7.9359183
3652,-0.77106667,6.6107225
3653,0.8138089,7.9640007
3654,-0.7040827,8.723482
3655,-3.7267747,9.28028
3656,-3.1854823,7.28877
3657,-2.670068,7.9820437
3658,-2.227056,6.8882904
3659,-1.0600425,8.016589
3660,-0.9507254,7.4987173
3661,-0.34659582,7.438016
3662,-0.092699625,8.138405
3663,-2.1188905,8.529419
3664,0.0044627576,8.118787
3665,-0.7040935,5.2736464
3666,-1.0167272,7.405004
3667,-0.2197182,5.934216
3668,-1.2998619,9.623795
3669,-0.45213753,7.768528
3670,-2.6682348,6.4484205
3671,-0.9458378,3.4533997
3672,-1.7915667,1.8208466
3673,-0.054227635,5.697847
3674,-0.98467374,7.892461
3675,-2.4794252,7.487952
3676,-2.257971,5.983343
3677,-3.0453207,6.4075227
3678,-2.236476,5.470891
3679,-0.54723513,8.274674
3680,-0.7184109,7.3077188
3681,-2.6559784,9.542105
3682,-1.6190933,7.3829217
3683,0.3916776,6.632092
3684,0.43525493,8.912002
3685,0.45068058,6.9875536
3686,1.4471794,8.352446
3687,1.9906955,7.3948026
3688,-0.66548276,7.7581687
3689,0.8135037,8.055944
3690,-1.8458465,4.208977
3691,-1.1724185,2.9272761
3692,-1.6027436,5.7574205
3693,-2.2041836,6.4528794
3694,-3.425525,4.384626
3695,-3.4926295,6.344261
3696,-4.526549,8.475554
3697,-4.3680463,8.343252
3698,-4.2099867,3.6769257
3699,-1.859236,5.3513536
3700,-5.098486,6.1301427
3701,-6.3853436,3.386435
3702,-4.9954247,7.1048646
3703,-4.455975,3.8501136
3704,-4.5884976,4.9143567
3705,-3.6139483,6.0812764
3706,-3.981285,5.664595
3707,-3.320122,8.292858
3708,-3.3736825,8.752858
3709,-1.6480093,6.659919
3710,0.08327475,6.652872
3711,-2.1054819,9.065213
3712,-4.2242575,2.5716224
3713,-3.6638803,7.6384535
3714,-3.0546649,6.9838276
3715,-2.988934,7.378796
3716,-4.156113,7.830104
3717,-4.087771,6.1049433
3718,-3.9474843,7.787645
3719,-4.3433323,4.668274
3720,-6.3377013,7.3357925
3721,-4.0027246,6.910513
3722,-5.555586,4.964474
3723,-4.514926,9.771629
3724,-6.0269175,8.156226
3725,-3.7070158,10.154609
3726,-3.3686275,7.777026
3727,-2.0512557,10.548249
3728,-2.683264,8.332054
3729,-4.6750746,8.949718
3730,-2.879634,8.589821
3731,-4.422493,7.5076714
3732,-4.303116,9.441409
3733,-4.1103444,12.317931
3734,-4.5448046,9.005574
3735,-3.2731853,9.72906
3736,-2.7884398,7.1775417
3737,-4.370005,7.2399764
3738,-3.2546022,9.344931
3739,-6.3439755,11.695335
3740,-5.006886,8.568332
3741,-4.800903,7.4227057
3742,-5.6236057,7.3272176
3743,-4.165446,9.195058
3744,-3.1576297,8.807876
3745,-4.0333967,6.6618447
3746,-4.977698,7.5293303
3747,-3.4508903,5.8469715
3748,-5.005037,5.392836
3749,-4.261515,5.449557
3750,-3.9050968,7.0338464
3751,-4.227105,8.492271
3752,-5.618782,7.5025716
3753,-3.0058644,8.377343
3754,-5.0041423,4.5107417
3755,-2.8223417,5.526831
3756,-3.3852844,6.095405
3757,-2.3836117,10.929239
3758,-2.467463,8.504021
3759,-5.1381745,6.0451427
3760,-5.1889725,8.50588
3761,-2.8681996,5.187917
3762,-2.5084949,3.8734589
3763,-4.6312675,8.822495
3764,-2.9757414,8.429123
3765,-4.1726184,6.328166
3766,-3.7249186,6.6713796
3767,-2.7612195,9.047559
3768,-4.9615517,7.7936773
3769,-3.9892735,7.9056425
3770,-3.347112,4.676704
3771,-4.0579243,8.075939
3772,-4.1915116,7.552539
3773,-1.9654082,7.9014874
3774,-3.9633431,5.3053126
3775,-3.5673919,6.2205243
3776,-2.451223,6.4420376
3777,-4.1868134,8.519828
3778,-4.147628,8.950022
3779,-3.8349767,12.834843
3780,-4.568804,10.790101
3781,-3.3362987,7.1641827
3782,-4.537004,5.344723
3783,-4.462663,5.1063595
3784,-3.831769,5.0720325
3785,-7.0212092,5.7401752
3786,-2.9806912,6.649065
3787,-2.4525323,4.088341
3788,-4.3851414,7.221619
3789,-2.5910735,5.4701357
3790,-5.3889637,5.1743164
3791,-5.595918,7.811105
3792,-4.365403,4.1294827
3793,-4.689304,3.805573
3794,-2.6415377,5.567597
3795,-3.8278096,7.3063717
3796,-4.1533475,4.7376103
3797,-4.4188194,6.8381114
3798,-1.6639051,5.3142233
3799,-2.8370216,1.6609203
3800,-3.548646,1.957833
3801,-4.403471,0.3805494
3802,-4.669787,0.47180432
3803,-4.7840605,3.4629834
3804,-4.087739,-0.5387173
3805,-5.4638124,0.3393411
3806,-3.8370929,0.2529834
3807,-4.0583673,1.6979748
3808,-4.272387,1.8658482
3809,-5.7323885,-0.2982981
3810,-4.4033294,-2.6041112
3811,-3.4783373,3.4402263
3812,-2.7714057,7.338315
3813,-4.4465785,5.5291057
3814,-2.017878,5.066283
3815,-4.3724713,4.3800955
3816,-5.040664,8.733938
3817,-1.4215448,7.06259
3818,-3.8277068,7.2997823
3819,-5.094205,6.5963473
3820,-4.8010263,5.02269
3821,-7.697771,5.4012427
3822,-5.57773,7.266373
3823,-4.615291,8.895254
3824,-5.1964617,9.318014
3825,-4.975807,5.5636806
3826,-7.5923243,9.889223
3827,-7.5473976,10.5328865
3828,-4.6082616,6.6124263
3829,-3.6309319,3.3174143
3830,-5.9267263,5.412868
3831,-3.8585827,3.8040497
3832,-4.2621236,4.9797554
3833,-4.8223515,7.8738036
3834,-5.823447,6.796102
3835,-6.810746,5.3496027
3836,-6.3149996,7.958799
3837,-7.137886,8.098501
3838,-5.8212814,6.024662
3839,-2.5844095,7.08489
3840,-1.0726519,7.0902767
3841,-2.1772122,4.884673
3842,-2.4152923,7.9780817
3843,-3.2384431,9.545239
3844,-2.5193565,5.041987
3845,-2.3800511,7.9990296
3846,-2.3684149,5.526865
3847,-0.34750587,8.103685
3848,-1.0411308,4.9433403
3849,-3.1349947,5.646994
3850,-2.406348,5.7912245
3851,-4.882619,7.826704
3852,-2.3855796,6.168324
3853,-4.033697,5.6577325
3854,-4.221953,7.5515323
3855,-2.7058551,6.06882
3856,-2.661863,7.4457536
3857,-3.8364375,8.418139
3858,-2.465412,7.881713
3859,-3.5021236,8.744769
3860,-3.327443,6.3042793
3861,-4.5218287,9.729734
3862,-3.9224055,7.9660344
3863,-3.2603738,9.109986
3864,-2.3514369,8.840509
3865,-3.4295142,8.5736885
3866,-2.9374146,9.274088
3867,-4.4097013,7.8051095
3868,-4.1244516,7.011936
3869,-4.7191353,8.019001
3870,-2.810043,0.846199
3871,-3.8876312,7.9859576
3872,-1.4257386,7.414778
3873,-2.2376482,11.186353
3874,-2.968654,9.736885
3875,-2.0185857,8.837739
3876,-2.292766,9.627247
3877,-1.1579419,9.261829
3878,-2.9612305,6.4710083
3879,-1.7897561,5.595685
3880,-1.6267787,6.2095914
3881,-3.4405925,5.5085406
3882,-1.9407378,9.214773
3883,-1.9576707,9.557245
3884,-3.053523,7.9885926
3885,-2.5616057,6.0627627
3886,-2.4612858,5.512007
3887,-2.0404353,7.386027
3888,-2.6002557,12.267426
3889,-1.7995087,6.5984654
3890,-0.05785295,8.525473
3891,-1.0250199,6.222179
3892,1.0258217,4.815904
3893,0.16037805,8.92204
3894,-1.8977184,6.934786
3895,-0.72143257,6.807595
3896,-1.5174235,5.490645
3897,-0.8521173,4.390127
3898,-0.2006525,6.60758
3899,-0.074041195,8.328862
3900,-0.027624294,4.7343607
3901,-2.3000252,7.3318515
3902,-0.93107384,5.362696
3903,-1.08656,6.444852
3904,-0.9417631,5.3261433
3905,-1.8253304,9.008486
3906,-1.6318448,5.918005
3907,-1.2873913,1.5114604
3908,-1.2764331,2.5645485
3909,0.75969917,3.828321
3910,-0.00058046886,8.904542
3911,-0.3604551,8.187683
3912,-0.089210786,6.372525
3913,0.9565634,9.2078705
3914,-1.5856545,10.309706
3915,0.4595514,11.01401
3916,-1.6390897,9.8573475
3917,-1.9780426,8.927233
3918,0.37751302,8.586682
3919,2.742191,10.095303
3920,1.4230523,6.92479
3921,0.26185396,11.677244
3922,0.9117427,7.869416
3923,-0.69005376,4.3260956
3924,1.4519463,5.818524
3925,0.039528694,9.273169
3926,-0.53147113,9.141782
3927,0.88836396,8.342425
3928,-1.7528179,8.765385
3929,-0.47547618,7.8568306
3930,0.27272144,5.2137847
3931,-1.1521881,6.349207
3932,3.1371841,6.7018743
3933,1.5170255,8.797398
3934,2.9672163,9.316196
3935,-1.0609993,6.802295
3936,-1.5396805,6.5165896
3937,1.2716671,9.8929405
3938,0.95890224,9.464451
3939,1.057941,7.1066747
3940,1.1089958,5.7126164
3941,1.5435841,6.1341996
3942,3.1091394,8.039915
3943,1.9322399,8.67468
3944,2.929927,6.994899
3945,0.69134927,8.767281
3946,-2.146355,6.8450756
3947,-0.92334706,8.355058
3948,0.31152707,7.012968
3949,0.36997178,8.769502
3950,2.3667572,2.295617
3951,0.66618705,8.129594
3952,0.6508082,8.976373
3953,0.3554129,11.010613
3954,0.35740253,8.624545
3955,2.4768414,6.8496957
3956,2.802251,8.368892
3957,3.0037174,7.5800776
3958,1.1589433,8.434227
3959,1.9363471,6.5800266
3960,2.497744,8.701936
3961,3.3040595,7.617021
3962,2.8552155,9.920096
3963,3.5419044,7.8930945
3964,4.056661,8.327341
3965,2.962859,9.316663
3966,1.7174971,9.032795
3967,1.9156085,9.9824705
3968,1.4298925,8.880159
3969,1.6122904,10.169565
3970,1.9500877,7.0614114
3971,2.821985,10.272516
3972,2.3034554,9.907304
3973,2.4498827,8.47111
3974,2.2910917,7.9550653
3975,3.18567,6.5921774
3976,2.4183981,8.2386
3977,3.623564,10.353825
3978,2.807113,7.8098893
3979,3.44837,6.929495
3980,4.1759973,5.4332314
3981,2.3618991,6.7972937
3982,4.313408,8.837139
3983,3.6740205,9.592356
3984,3.4229927,4.7655525
3985,5.6384797,7.2210155
3986,4.9996743,11.432996
3987,3.1458657,7.687101
3988,4.7928376,8.218542
3989,5.246057,8.292399
3990,3.930338,5.6951437
3991,2.2553077,7.7900534
3992,3.2278385,9.740735
3993,3.8487492,8.813159
3994,5.1722856,5.9745054
3995,4.4030056,7.339856
3996,2.8841903,10.626944
3997,5.40739,5.9155154
3998,4.7052946,7.160678
3999,3.7779799,7.284813
4000,4.4336987,3.1884773
4001,3.5742261,5.8142176
4002,4.031926,7.1905456
4003,3.0105615,4.743959
4004,2.6481993,3.484087
4005,3.4083297,8.230233
4006,3.1732688,6.350521
4007,2.4364564,8.076757
4008,2.2392645,6.7750535
4009,3.1873617,7.7049174
4010,4.769598,8.003583
4011,3.0928347,4.5066953
4012,2.993569,1.0580963
4013,4.3103437,3.6573386
4014,2.7339168,0.08801244
4015,3.0490487,2.7668586
4016,2.5877416,2.945893
4017,2.6915812,4.5547767
4018,2.3642313,4.790231
4019,2.4880037,5.8377824
4020,2.033708,7.632525
4021,3.5121813,6.901452
4022,2.7509265,7.612815
4023,2.4745748,4.843936
4024,3.0976489,5.821781
4025,2.8036876,6.9111314
4026,2.6723578,3.723596
4027,2.2604687,6.4617453
4028,3.1799695,2.5377727
4029,2.4647284,6.131688
4030,4.5595,3.7819188
4031,2.7782056,-0.4154808
4032,5.542109,6.322924
4033,4.884724,7.0318117
4034,4.9423103,7.528995
4035,4.496696,4.937509
4036,3.1141138,5.444667
4037,4.4926887,8.210202
4038,7.097852,4.2573857
4039,7.0035768,5.705014
4040,8.036831,10.802869
4041,7.5059166,7.6883316
4042,6.4870205,4.0918856
4043,6.8293757,4.934779
4044,7.0521917,5.1874614
4045,7.7862744,6.81756
4046,8.942866,5.0051355
4047,7.2512846,7.49041
4048,7.773976,6.0151653
4049,7.342038,3.0626137
4050,8.460491,7.460761
4051,9.514063,9.849166
4052,6.587718,6.1314116
4053,7.3580165,5.6457157
4054,5.0853386,4.163948
4055,3.4540694,7.196256
4056,1.9539026,5.44815
4057,0.90959984,7.9127674
4058,2.9806964,7.486496
4059,-1.9806572,8.8244
4060,-2.4001122,4.352235
4061,-6.825003,6.7600465
4062,-2.3165536,7.203208
4063,-2.7819884,7.242912
4064,-2.3176813,10.1815605
4065,-4.136373,8.581989
4066,-0.45120648,7.1274643
4067,-4.1657205,6.4483485
4068,-3.070028,7.2707
4069,-0.6648483,7.916447
4070,3.8381453,7.549455
4071,3.6865733,9.84649
4072,0.73129296,7.6609898
4073,1.6003827,6.06327
4074,3.9611468,6.214795
4075,0.15393497,6.0511975
4076,-1.820229,6.577595
4077,-0.9126805,4.7818522
4078,0.6863593,7.4533772
4079,-1.4734719,7.6930976
4080,-0.40641093,7.8378463
4081,-0.32091534,8.045783
4082,1.3395658,11.756498
4083,1.1561421,10.877021
4084,1.9865243,9.288195
4085,-0.5039935,7.1706905
4086,5.208878,9.624687
4087,4.199492,10.866593
4088,5.5558305,10.312522
4089,6.4637446,11.321775
4090,3.1512983,13.42864
4091,6.112807,8.459018
4092,4.651336,9.108243
4093,4.0571547,9.1171055
4094,6.3297634,9.113744
4095,4.74141,7.604966
4096,4.5217476,7.819655
4097,2.99624,9.291803
4098,3.0157535,6.2429123
4099,2.8162446,6.65382
4100,3.067167,5.7133527
4101,4.503618,7.0681896
4102,2.9208384,5.900045
4103,5.755105,7.80126
4104,2.39034,11.191491
4105,2.6524832,8.135972
4106,0.097272776,3.8810165
4107,2.856855,7.393989
4108,2.4450095,8.6850395
4109,3.3960137,7.8348174
4110,1.6048027,6.8552055
4111,0.4279477,9.352965
4112,0.07907291,3.9471786
4113,3.2405207,6.968722
4114,3.3600419,6.835952
4115,3.8874903,7.415908
4116,2.1586459,6.734502
4117,5.528031,4.4107075
4118,5.8361306,8.095309
4119,4.2692227,6.310298
4120,3.1097555,8.082907
4121,7.3549337,5.608199
4122,4.0073175,6.493921
4123,3.2255743,7.3857656
4124,7.2407203,4.5775294
4125,6.243177,3.3170717
4126,5.6087613,6.447304
4127,6.4865217,2.5047119
4128,3.850781,6.169519
4129,2.2016325,8.283138
4130,3.8494854,4.3965316
4131,1.224242,5.285195
4132,0.6423376,4.7951803
4133,1.1663145,8.917412
4134,4.7906137,7.411378
4135,5.879372,4.088932
4136,1.632261,3.945418
4137,2.6778219,3.9793382
4138,3.0491164,6.4054604
4139,3.7649903,3.4937553
4140,4.5087547,5.416782
4141,7.675174,6.989872
4142,3.9624748,4.251888
4143,2.806956,3.1762934
4144,-0.56521386,2.26027
4145,2.241741,3.6641252
4146,-3.383965,5.4705353
4147,-8.1981125,7.7079864
4148,-11.716552,7.026595
4149,-4.083003,5.027805
4150,-2.9681723,6.000858
4151,-2.0375493,3.4739234
4152,-1.2841903,7.8753176
4153,1.0349885,6.233139
4154,0.58911914,6.9900002
4155,-1.9400587,7.7700486
4156,-0.6315384,8.294953
4157,0.57434976,5.6349077
4158,-4.524957,5.1243606
4159,-3.1154823,9.4169445
4160,-1.633087,9.562629
4161,-0.88575035,5.32552
4162,-4.832837,6.915103
4163,-3.583345,9.577758
4164,-1.4497135,9.590704
4165,-3.765633,12.53041
4166,-1.8652828,8.511645
4167,-1.9174277,9.52712
4168,-1.4326415,6.77454
4169,-1.6726474,5.3439536
4170,-0.8523053,11.582092
4171,0.64471835,7.570537
4172,0.9523538,5.7950745
4173,3.1890726,8.830927
4174,1.1486243,10.926138
4175,1.7194253,9.66596
4176,2.9129503,10.525161
4177,2.4360132,6.7201805
4178,0.15295173,7.266697
4179,-0.7573515,8.259925
4180,-3.1606946,6.971042
4181,-0.333488,3.571861
4182,1.1839287,5.251042
4183,2.312261,4.9368415
4184,1.4898721,9.780023
4185,1.329934,6.754133
4186,1.1274904,7.7000856
4187,3.3864336,7.1076007
4188,3.3720086,6.1031466
4189,-0.621857,6.727869
4190,1.9791648,7.9298687
4191,1.5442327,6.9559236
4192,1.5251759,5.053576
4193,-2.119771,6.5056543
4194,-0.15977888,7.639548
4195,1.6394428,5.40891
4196,3.0018156,5.7439775
4197,-4.248506,2.7531288
4198,-2.1699283,4.7634487
4199,0.73829687,6.91257
4200,0.34910852,6.6771507
4201,-1.7359457,6.0726876
4202,-3.492609,4.738213
4203,-2.5655038,5.264259
4204,-0.014857232,6.3191314
4205,0.14994599,8.54465
4206,-4.78732,6.2829895
4207,-1.9512216,4.586359
4208,-0.49154773,3.7683358
4209,-1.5832863,2.8283396
4210,3.041155,5.4400077
4211,1.3668236,6.298401
4212,2.5703657,6.0057554
4213,0.78929734,8.012328
4214,1.4847932,4.958467
4215,1.622212,5.316356
4216,-0.69573915,4.213774
4217,0.65737724,5.716716
4218,-2.8716617,3.0655508
4219,0.0063396096,5.5680833
4220,1.9911488,4.6437054
4221,0.84361565,7.830324
4222,1.8868538,3.4211094
4223,0.2646867,8.939144
4224,0.15635936,5.857062
4225,3.2198007,5.6468444
4226,1.0505624,6.7718735
4227,2.6113257,5.667344
4228,3.0445492,7.0760093
4229,0.34648153,6.7026916
4230,2.804994,6.262036
4231,3.0563045,6.9131317
4232,0.9011079,8.75101
4233,0.8246884,6.8625493
4234,0.18567629,6.8640027
4235,2.4300852,8.161341
4236,2.4502778,3.6282606
4237,1.2028788,4.041137
4238,0.23045631,4.6674542
4239,0.19403723,4.657837
4240,-0.6708292,4.9195457
4241,-2.4738572,4.675052
4242,-1.1963251,6.3212323
4243,1.6764464,7.223734
4244,-0.5638286,6.9720664
4245,1.08213,3.7051108
4246,0.49130192,4.799789
4247,0.858613,3.6017084
4248,2.9001987,5.5425506
4249,2.6234772,5.184885
4250,-1.7828122,5.4202046
4251,1.3855802,5.0981145
4252,4.572201,6.120385
4253,2.9401379,8.496125
4254,3.5965934,7.197523
4255,0.94368154,4.919808
4256,1.7593989,8.386668
4257,-1.6840838,7.1427917
4258,2.159844,7.0828667
4259,0.83075637,4.945941
4260,0.8255787,6.4882393
4261,-1.3911955,4.770493
4262,-4.2587113,4.5985575
4263,-1.1500283,1.8980237
4264,0.35447413,7.022205
4265,-0.25868988,3.7003214
4266,-0.48512846,8.778268
4267,0.8508562,6.2866397
4268,2.0121408,7.960567
4269,2.4164999,4.3666487
4270,1.5858605,4.393875
4271,2.7130995,3.9563007
4272,0.5592266,6.51703
4273,1.2170311,5.671119
4274,1.1228497,3.9601686
4275,0.5839444,6.161207
4276,1.7432958,6.443324
4277,1.0687654,6.4363904
4278,0.17381044,5.2432876
4279,-0.40773588,5.1760345
4280,-2.2549882,6.83931
4281,-1.7670147,6.7006416
4282,0.10697686,9.835314
4283,2.0154405,7.0453973
4284,2.289545,6.2892904
4285,1.4173001,8.696212
4286,1.5288168,7.770646
4287,-1.1638615,9.446172
4288,-0.93483883,7.6956077
4289,-0.35120055,8.823798
4290,-0.41852078,7.659428
4291,2.0155287,5.742871
4292,1.5892189,7.0232096
4293,2.2815726,7.32662
4294,-0.48714936,8.327809
4295,1.075016,7.0474625
4296,1.1072371,5.624542
4297,0.87989616,5.6810207
4298,1.1860276,6.8983593
4299,-0.50235873,4.858817
4300,1.749832,4.631032
4301,0.6528955,5.716634
4302,0.71916723,4.5314236
4303,-2.2802067,2.7312872
4304,-0.5758824,1.9960375
4305,-0.6901645,4.4875574
4306,0.56137776,4.9844637
4307,-0.088074,4.3946075
4308,-4.8166604,4.2146277
4309,-2.2719336,9.524841
4310,-4.577394,7.8255825
4311,-2.4353845,8.315328
4312,-3.16971,8.384634
4313,-2.788849,8.760317
4314,-6.4523396,7.7305446
4315,-6.8770304,9.393423
4316,-2.9307024,7.0924134
4317,-4.081881,9.817174
4318,-1.3225371,8.4269495
4319,-2.6478562,8.584318
4320,-3.2015343,11.232037
4321,-5.297014,7.2196856
4322,-2.485275,8.441851
4323,-3.5781384,5.645758
4324,-0.6138325,6.359527
4325,-0.58967364,8.69845
4326,1.0914212,7.930408
4327,-2.334612,3.816732
4328,1.4172564,6.936698
4329,1.0024894,7.5520954
4330,-1.3278021,6.062287
4331,-5.2864976,4.5265093
4332,0.6606695,5.6166043
4333,-0.9904349,4.5399613
4334,-3.080648,7.774709
4335,-1.4746604,4.726046
4336,-0.8661585,6.7675633
4337,-3.1473472,10.455289
4338,-2.882222,9.53373
4339,0.11033429,6.2704854
4340,-2.4194484,5.6040277
4341,-0.9413862,7.2798877
4342,0.19183943,8.034998
4343,1.2440048,7.3700714
4344,-0.61827594,5.18598
4345,-2.7742963,8.487084
4346,-0.94170094,6.6545687
4347,0.34156856,6.276878
4348,-2.4962,6.904834
4349,-1.1274937,12.733135
4350,-2.1401048,10.121132
4351,-0.752846,13.246538
4352,-5.2790394,12.874339
4353,-4.200567,9.167895
4354,-5.1990256,7.9320445
4355,-2.1534743,10.608522
4356,-3.5926745,8.480515
4357,-0.71002924,8.437991
4358,1.105228,8.412167
4359,-1.4305252,5.6546297
4360,-0.52739316,8.160052
4361,-0.6733329,6.1620064
4362,0.033942852,7.423372
4363,0.70340663,4.205039
4364,2.4833136,9.997344
4365,2.4621582,8.563941
4366,0.86321276,9.010183
4367,0.78558725,6.775905
4368,2.312175,6.0919566
4369,-0.9749836,5.001864
4370,-0.97181827,7.29389
4371,-2.1642587,5.504102
4372,-0.06545938,7.2149215
4373,-1.6399508,6.627159
4374,1.9563303,1.1764355
4375,-0.37316093,4.6777606
4376,2.2382653,1.996914
4377,0.3270567,4.009361
4378,-0.5741956,4.434308
4379,-1.8442596,1.9298776
4380,-1.279622,2.2525458
4381,-0.25087267,2.9103997
4382,-0.07258042,2.0068862
4383,0.09556168,2.2781508
4384,-1.5984993,1.373852
4385,-4.1378136,-0.22245124
4386,-3.6734073,3.6054215
4387,-6.181847,4.802351
4388,-1.392833,2.3314362
4389,-6.8938704,2.8101957
4390,-4.370688,5.0362773
4391,-1.0331889,4.403842
4392,-6.1159062,7.3328567
4393,-2.5692883,8.4558525
4394,-0.31164867,8.685652
4395,-3.9767177,8.306564
4396,-1.8354166,8.489145
4397,-2.4141474,6.980873
4398,-0.69087166,5.783086
4399,-3.5023613,4.8809986
4400,-4.371332,8.380037
4401,-16.581358,6.5439005
4402,-8.894808,6.0027795
4403,-11.55613,8.466666
4404,-12.821326,5.217414
4405,-13.245901,5.7307186
4406,-12.441684,7.2644005
4407,-12.446086,7.6627207
4408,-10.838187,8.749114
4409,-12.441404,7.250744
4410,-9.839645,8.105106
4411,-13.9853115,10.79562
4412,-17.84842,8.1921
4413,-22.857779,12.1798935
4414,-17.790636,10.927865
4415,-14.6610365,8.723789
4416,-18.281237,5.8738985
4417,-17.81858,6.499729
4418,-17.383747,11.952742
4419,-12.320085,11.006822
4420,-14.446334,7.731278
4421,-15.3971,8.13863
4422,-15.600522,12.192639
4423,-17.346378,9.020745
4424,-20.996025,6.2330213
4425,-23.13025,6.0811644
4426,-20.366087,6.621251
4427,-20.297945,10.0254135
4428,-23.489204,8.1896305
4429,-21.367056,7.1494884
4430,-23.88694,7.0672965
4431,-25.37231,5.649453
4432,-24.35094,6.3238635
4433,-26.758186,8.258114
4434,-29.320599,11.170127
4435,-27.358835,10.761547
4436,-24.44301,11.688689
4437,-27.121578,9.483283
4438,-27.911686,8.505487
4439,-27.940674,7.972238
4440,-24.990936,9.700079
4441,-25.430408,10.512437
4442,-26.245602,7.14146
4443,-27.012442,6.1504145
4444,-26.941044,2.3152347
4445,-22.912287,4.9148197
4446,-19.99217,3.7032168
4447,-20.380678,7.3632617
4448,-18.77419,9.45148
4449,-18.970402,5.576651
4450,-17.102762,9.338508
4451,-21.629667,8.909821
4452,-17.023102,4.397433
4453,-20.94569,5.762769
4454,-21.208925,9.061244
4455,-23.739391,7.427882
4456,-22.39907,7.113785
4457,-23.817738,9.055758
4458,-20.157473,9.738432
4459,-20.977798,8.425625
4460,-29.134668,8.257347
4461,-21.21002,4.3066983
4462,-22.171625,6.0678926
4463,-22.898788,5.0901675
4464,-20.311424,6.9206443
4465,-23.021252,6.911536
4466,-22.266525,4.4802732
4467,-22.661957,7.0146365
4468,-21.00335,9.844052
4469,-21.402203,9.673499
4470,-18.503891,7.1439357
4471,-19.490751,7.7292743
4472,-20.938683,12.277635
4473,-24.553152,6.4530535
4474,-22.495491,8.432562
4475,-20.450123,7.9496474
4476,-17.892159,5.2403364
4477,-16.968754,5.6937947
4478,-22.484865,5.9682803
4479,-19.649727,8.541216
4480,-22.64147,7.8095374
4481,-19.15516,8.451513
4482,-21.215775,8.777991
4483,-21.722967,5.9519944
4484,-23.020367,4.9340625
4485,-24.861294,7.5494485
4486,-22.948421,8.274211
4487,-22.291529,7.075802
4488,-24.30445,8.353367
4489,-21.192457,7.8521957
4490,-18.194584,8.21167
4491,-22.203508,4.418098
4492,-16.463022,6.182136
4493,-17.570927,7.789739
4494,-20.030283,7.4593916
4495,-18.841753,7.332924
4496,-17.057425,7.7439094
4497,-22.457155,9.104153
4498,-21.433962,6.952657
4499,-19.26192,7.386649
4500,-16.415243,8.600806
4501,-12.709943,3.633205
4502,-14.7721,5.959007
4503,-16.860952,6.626951
4504,-14.107725,3.3903673
4505,-19.102062,8.289068
4506,-15.37503,3.1508234
4507,-23.852036,6.436905
4508,-23.695276,7.05736
4509,-27.083717,7.7301226
4510,-24.949638,6.9220304
4511,-23.496525,5.6869154
4512,-23.094137,8.449516
4513,-19.474407,7.438568
4514,-22.550205,7.52261
4515,-24.630526,7.4315753
4516,-24.43206,6.506833
4517,-22.464773,8.842385
4518,-22.62783,7.5353827
4519,-25.809,5.081839
4520,-25.255255,6.618
4521,-21.07798,8.2643
4522,-24.427998,7.7460523
4523,-19.986864,9.615728
4524,-22.46139,7.047722
4525,-20.59494,6.6321845
4526,-23.41657,10.835516
4527,-24.032003,9.9163475
4528,-21.908789,7.956698
4529,-20.43087,6.763918
4530,-21.739904,7.646209
4531,-19.28071,7.277066
4532,-19.584743,7.8581247
4533,-21.925495,7.4957914
4534,-19.24317,6.4750757
4535,-20.386875,7.3062973
4536,-18.11352,9.469653
4537,-22.039762,9.620637
4538,-19.4312,9.384152
4539,-20.62235,10.213915
4540,-23.066196,11.892022
4541,-17.601204,8.190183
4542,-17.309294,9.813726
4543,-14.663191,9.854973
4544,-17.110031,6.7810225
4545,-17.510988,7.9420514
4546,-17.378345,10.706832
4547,-17.443848,6.181632
4548,-18.194931,9.059916
4549,-21.737745,7.6785874
4550,-18.316078,6.6187997
4551,-17.487637,7.6121197
4552,-17.454672,11.630031
4553,-13.390095,9.7820015
4554,-15.314289,8.870369
4555,-16.406023,6.0984554
4556,-12.700431,10.286391
4557,-12.735491,10.39109
4558,-13.958769,10.117081
4559,-13.549236,7.2811484
4560,-14.358006,9.207754
4561,-12.85551,6.680528
4562,-9.059496,4.282801
4563,-10.67458,8.180382
4564,-12.326733,5.6133013
4565,-10.733447,7.7546287
4566,-8.58184,5.983134
4567,-11.3609295,8.581996
4568,-12.762229,9.391957
4569,-12.015106,6.759365
4570,-13.081467,6.636701
4571,-9.0811405,10.088614
4572,-8.865581,5.189333
4573,-14.234566,3.8954718
4574,-11.306985,4.980664
4575,-18.196959,8.967312
4576,-20.68417,6.960727
4577,-20.670578,8.966463
4578,-17.607534,7.893714
4579,-24.441088,9.79597
4580,-21.546974,8.337701
4581,-17.081028,5.99926
4582,-21.416935,10.210497
4583,-26.29674,7.4850216
4584,-18.328588,7.919078
4585,-21.728806,9.488127
4586,-23.05087,4.704878
4587,-21.683804,7.339829
4588,-19.208311,4.0243187
4589,-22.10099,6.3325496
4590,-22.135342,6.2398243
4591,-23.776052,8.224705
4592,-22.915268,8.531408
4593,-20.792604,5.7453504
4594,-22.5552,7.216259
4595,-23.706745,8.666023
4596,-20.52967,8.650911
4597,-21.940248,7.8357124
4598,-26.073074,4.213151
4599,-24.054499,6.9660597
4600,-22.79497,7.8976984
4601,-23.650116,8.831762
4602,-21.819618,5.370572
4603,-21.23747,8.022557
4604,-24.809502,5.36276
4605,-19.201117,9.772644
4606,-23.975569,5.3450823
4607,-24.424398,6.250495
4608,-24.011213,7.069177
4609,-24.11158,6.249695
4610,-22.717455,3.7796233
4611,-21.695871,6.8736467
4612,-16.14571,4.708487
4613,-19.469488,5.5022006
4614,-19.726131,3.446501
4615,-26.185505,8.363772
4616,-24.928436,8.514464
4617,-24.628265,8.120797
4618,-18.031664,6.071899
4619,-22.331362,8.281471
4620,-23.657125,2.5462372
4621,-22.501234,-0.56519943
4622,-23.618977,0.48515108
4623,-24.008217,1.3720342
4624,-25.087038,1.9975107
4625,-23.570368,1.0175999
4626,-23.14079,1.5916945
4627,-23.954506,0.08223793
4628,-25.545757,-0.73284
4629,-25.603132,2.0780587
4630,-20.55453,1.2390139
4631,-24.054594,3.742028
4632,-19.96209,2.6942456
4633,-18.735132,4.505883
4634,-21.805325,2.349145
4635,-17.346445,2.945518
4636,-18.659363,3.467405
4637,-17.9257,-1.4221808
4638,-21.096039,1.7424282
4639,-18.026077,4.3993487
4640,-18.151129,4.9256353
4641,-10.678225,3.0944028
4642,-19.341677,4.1901293
4643,-22.778406,6.027654
4644,-23.619963,5.790126
4645,-24.375874,8.067581
4646,-20.364044,5.5346746
4647,-20.452934,5.7970324
4648,-21.878077,4.8313575
4649,-22.200026,-0.74673826
4650,-20.422707,4.349189
4651,-21.945143,3.8792186
4652,-20.706547,5.5136213
4653,-22.192205,7.340844
4654,-24.694622,5.853987
4655,-20.024548,4.9957795
4656,-22.303581,7.101979
4657,-21.89529,8.232672
4658,-22.901783,6.8673368
4659,-18.295532,7.8511777
4660,-18.960033,6.331249
4661,-19.112244,8.490051
4662,-19.142796,4.7139544
4663,-23.824297,4.655053
4664,-23.915064,4.0840716
4665,-17.089987,1.6058465
4666,-21.616735,2.6895475
4667,-21.698988,0.5563068
4668,-22.50422,2.3554335
4669,-20.23561,3.314524
4670,-24.02118,4.7328444
4671,-22.76082,0.07923702
4672,-26.15144,2.14614
4673,-22.207916,2.3655965
4674,-20.81776,1.6310762
4675,-18.538694,6.737946
4676,-20.412172,4.176673
4677,-21.499086,3.3589854
4678,-23.201279,3.5637658
4679,-22.93122,4.1425095
4680,-23.51365,4.089387
4681,-28.17082,1.0892316
4682,-27.52872,2.0124454
4683,-26.394148,2.6694913
4684,-25.70652,1.843862
4685,-26.837988,4.038942
4686,-23.955534,0.7512673
4687,-25.492516,1.716571
4688,-23.455256,4.4314713
4689,-24.744688,3.2441657
4690,-28.30029,0.26008108
4691,-26.161179,3.3350716
4692,-25.692095,2.8964117
4693,-26.203691,3.05446
4694,-28.359713,1.9745404
4695,-24.775616,1.5763258
4696,-26.323034,2.6131697
4697,-24.866083,-1.1744224
4698,-24.272293,2.1569002
4699,-25.867357,3.4864712
4700,-26.380198,4.011083
4701,-26.291693,3.5195696
4702,-26.632256,3.3190968
4703,-25.311049,0.6885781
4704,-28.785824,-1.1597409
4705,-29.627333,1.2771844
4706,-27.947353,3.0169108
4707,-28.877623,3.3489697
4708,-26.43381,1.140793
4709,-27.373552,5.56708
4710,-28.465391,3.3972154
4711,-27.387846,1.726601
4712,-28.31979,-0.29097834
4713,-28.273445,-2.97503
4714,-29.307034,-2.83998
4715,-26.989466,-2.9206111
4716,-28.12222,-2.2281396
4717,-27.419628,-1.0214512
4718,-27.745337,-0.48864982
4719,-29.548697,-3.4023633
4720,-25.47836,-4.06332
4721,-21.318027,-0.7351189
4722,-21.807323,-2.0395875
4723,-25.445255,-1.6749274
4724,-26.31264,-1.294056
4725,-26.291567,-1.5908786
4726,-20.491344,0.86720705
4727,-21.592697,0.8692524
4728,-15.766586,-1.9198802
4729,-16.863714,-1.5216727
4730,-14.085001,0.104400806
4731,-21.482332,-4.6230335
4732,-25.830048,-0.24197385
4733,-27.187275,-1.344308
4734,-24.68413,-1.8454416
4735,-23.87327,-1.8536849
4736,-24.36458,-1.0712482
4737,-23.717266,1.2162302
4738,-26.700577,0.5192398
4739,-27.436436,-0.53730977
4740,-22.73369,-1.888918
4741,-21.030008,-3.6279635
4742,-23.580667,-3.5263808
4743,-23.296192,-2.205961
4744,-19.597717,-2.6464002
4745,-18.24989,-2.6016748
4746,-24.287052,-0.3012063
4747,-22.785889,-0.9730636
4748,-18.169338,0.38475302
4749,-19.67251,2.5550249
4750,-21.862898,-1.5353124
4751,-23.640434,0.0015252914
4752,-16.386068,0.55563956
4753,-19.243732,0.0041623437
4754,-22.381374,1.8872495
4755,-22.632238,-0.06965649
4756,-21.80809,1.1999203
4757,-20.04503,-0.036222152
4758,-21.75975,-0.8159465
4759,-26.20353,1.3002493
4760,-25.791254,-0.5407935
4761,-23.592064,-3.372684
4762,-23.251078,-1.6311741
4763,-19.62215,0.90020686
4764,-24.152218,1.855187
4765,-27.359346,1.1038985
4766,-25.296309,4.9848065
4767,-21.324877,4.4502864
4768,-25.475153,7.651627
4769,-27.5255,6.9624
4770,-26.537128,3.339149
4771,-23.485674,5.7198243
4772,-26.79605,3.4634988
4773,-22.839897,1.906508
4774,-20.186806,1.5769466
4775,-21.555721,4.5966344
4776,-20.0033,1.3707981
4777,-20.014885,0.23561174
4778,-18.601454,-0.7385631
4779,-21.98806,0.91404194
4780,-21.14362,1.2728959
4781,-21.567257,4.9416456
4782,-23.205906,5.3840003
4783,-22.508335,4.4047775
4784,-27.229805,4.6270785
4785,-24.323563,4.3153033
4786,-25.695848,2.475321
4787,-24.700502,1.4008868
4788,-21.230913,2.5829713
4789,-18.126041,2.7624822
4790,-17.964792,2.697288
4791,-17.77787,3.109948
4792,-20.284477,-0.91355455
4793,-16.636715,2.9154413
4794,-12.502624,-0.6289139
4795,-12.71961,2.1419637
4796,-12.34717,0.72279555
4797,-16.09099,2.8664167
4798,-19.99654,0.91339207
4799,-22.685259,2.522313
4800,-24.529161,-0.15957375
4801,-19.584621,0.022160906
4802,-12.749158,-0.17491566
4803,-17.22068,-1.0752667
4804,-18.55833,2.0430872
4805,-19.885527,2.7577608
4806,-20.354671,2.6138701
4807,-20.0749,-0.4361409
4808,-22.230034,2.501697
4809,-19.646347,3.104972
4810,-16.133457,7.726143
4811,-21.252138,5.1031575
4812,-20.628332,2.185803
4813,-21.595757,1.6330264
4814,-24.334297,-0.675999
4815,-22.743694,-0.03869034
4816,-23.469978,1.0945671
4817,-24.408903,-0.35587156
4818,-17.992613,1.2001412
4819,-23.129547,2.843228
4820,-25.336987,3.9742913
4821,-19.368912,3.3779194
4822,-22.892347,3.2561908
4823,-17.817366,4.0227747
4824,-23.56003,0.5459777
4825,-21.791414,2.3062322
4826,-22.741547,3.5305195
4827,-22.682781,4.0367646
4828,-20.866098,4.367114
4829,-21.827051,2.1621892
4830,-22.661472,3.1090977
4831,-22.413908,3.4336789
4832,-18.93997,0.19243129
4833,-20.138243,2.8498495
4834,-17.027199,6.587949
4835,-12.036548,5.9199443
4836,-14.83548,4.7625947
4837,-17.79771,3.2866435
4838,-17.091867,4.0443664
4839,-18.75376,2.8819816
4840,-19.055199,1.7325274
4841,-16.028936,3.854612
4842,-12.352764,5.691148
4843,-18.768185,3.5902205
4844,-26.152508,7.8233466
4845,-22.303457,2.8105397
4846,-22.088417,1.8130395
4847,-20.71144,5.4854584
4848,-22.164223,3.737769
4849,-25.513689,6.3308134
4850,-27.059372,4.9710045
4851,-20.173859,6.5692596
4852,-22.378344,4.506582
4853,-21.847803,5.5696692
4854,-24.933016,3.688963
4855,-23.700323,5.5317116
4856,-21.987505,3.6114159
4857,-22.353115,2.2666113
4858,-21.203897,4.7020407
4859,-23.46384,1.8193842
4860,-28.382404,5.4789124
4861,-22.341686,3.8390574
4862,-26.966204,1.9994588
4863,-26.154562,2.2631943
4864,-25.597404,3.6179335
4865,-21.561031,2.5334516
4866,-22.994465,6.0793324
4867,-21.706165,2.2383373
4868,-19.601028,5.486634
4869,-23.189526,4.2815723
4870,-23.171661,4.362467
4871,-19.723238,3.1862762
4872,-20.27532,1.043938
4873,-20.38625,4.194101
4874,-21.347239,0.76030666
4875,-19.4218,3.0957181
4876,-20.22176,2.5602453
4877,-23.383373,4.4936056
4878,-21.951036,3.0124342
4879,-22.949759,-0.5368236
4880,-26.600508,-0.54073536
4881,-28.007696,-0.17990999
4882,-24.718376,3.986774
4883,-26.293877,2.4823203
4884,-25.399158,0.88283736
4885,-22.184837,-1.3868718
4886,-25.738163,0.99361986
4887,-23.716976,3.7135956
4888,-23.43223,1.2473547
4889,-24.081049,-0.22673133
4890,-24.390299,2.4719348
4891,-22.223011,4.206612
4892,-19.666435,2.756509
4893,-18.825289,0.25401974
4894,-15.728319,3.522847
4895,-13.700639,1.4012554
4896,-13.560512,1.6911138
4897,-13.439341,2.1399899
4898,-12.611085,-0.72365606
4899,-14.490109,0.04364178
4900,-15.27684,-0.69586086
4901,-9.368476,-1.9157954
4902,-9.38497,-3.0675232
4903,-9.024502,-1.5166504
4904,-13.266237,-0.44998762
4905,-11.99887,-1.8198355
4906,-14.492252,-0.8947294
4907,-17.204266,0.41842857
4908,-16.702791,1.5654712
4909,-12.863026,1.8476636
4910,-16.59118,0.75971824
4911,-14.785904,6.1059017
4912,-11.44698,3.87241
4913,-10.852722,3.7531853
4914,-8.80796,1.1559021
4915,-9.418608,1.2793375
4916,-11.14068,-0.10571246
4917,-11.332156,1.5420475
4918,-10.745422,3.825344
4919,-10.812163,-2.585829
4920,-10.339593,1.2180493
4921,-11.958898,2.6270413
4922,-13.467907,0.4032422
4923,-11.6431675,1.5532074
4924,-11.409139,2.9607613
4925,-10.503151,0.5047819
4926,-9.601813,0.7673464
4927,-13.093292,2.3018134
4928,-10.474945,1.5707004
4929,-8.048804,-0.35095552
4930,-7.853183,1.1014683
4931,-7.1850553,1.451479
4932,-6.1560063,1.6042403
4933,-9.202204,-0.52897125
4934,-17.252737,-0.20348346
4935,-17.97635,2.9754455
4936,-14.704788,-0.48720276
4937,-15.1102085,0.8825723
4938,-20.131105,0.2012405
4939,-16.575111,0.35962042
4940,-14.592151,-1.7285534
4941,-14.753503,-1.6485391
4942,-17.601831,2.3089402
4943,-15.80836,1.0301104
4944,-19.596134,0.3128629
4945,-16.701492,-1.0217953
4946,-21.863617,0.96853
4947,-20.197014,3.9542613
4948,-25.741663,4.7978005
4949,-21.654655,3.5607338
4950,-20.26364,3.5070317
4951,-19.116371,2.0863395
4952,-24.466753,4.8010387
4953,-20.119928,4.733761
4954,-19.252058,5.1168537
4955,-22.938816,5.5303144
4956,-25.092709,4.0590754
4957,-26.495005,5.4489307
4958,-27.212723,6.626504
4959,-27.097822,8.98688
4960,-27.336708,9.611061
4961,-30.53661,7.2206674
4962,-28.883108,6.775207
4963,-27.780455,8.414024
4964,-28.472692,8.24153
4965,-27.843445,7.3767443
4966,-27.931416,8.636185
4967,-27.497417,10.397543
4968,-28.619959,8.663067
4969,-30.083517,2.4154487
4970,-29.650501,7.340312
4971,-29.681446,7.1245184
4972,-26.622044,7.613226
4973,-30.522547,4.456009
4974,-30.03256,4.6316643
4975,-27.586472,2.8693962
4976,-28.288073,9.72523
4977,-29.416101,7.596504
4978,-26.663559,6.158839
4979,-27.08273,9.418773
4980,-26.258223,5.363749
4981,-25.460157,6.0042024
4982,-25.410715,7.596546
4983,-26.968218,8.265717
4984,-26.46592,6.692935
4985,-25.364662,5.2695565
4986,-25.498112,6.0260925
4987,-26.737734,9.392369
4988,-26.80794,10.11737
4989,-25.80064,8.067706
4990,-26.111214,9.489916
4991,-25.847223,6.7555103
4992,-26.168682,5.9002247
4993,-25.01884,5.2808156
4994,-25.65012,6.7895246
4995,-25.606018,8.017379
4996,-26.949224,7.790584
4997,-24.967096,5.502615
4998,-25.576763,3.4376585
4999,-25.006231,7.07746
5000,-25.162651,5.976904
5001,-27.507494,7.816706
5002,-27.135715,8.145302
5003,-27.263958,6.437369
5004,-27.504913,6.8597746
5005,-25.78601,9.2235365
5006,-26.367664,7.1956687
5007,-26.955978,8.12598
5008,-25.973475,9.4770155
5009,-27.058287,5.854009
5010,-27.511435,5.947383
5011,-25.631733,5.7501903
5012,-26.102392,6.821547
5013,-25.346857,7.1953254
5014,-26.093805,5.780824
5015,-26.246988,4.728897
5016,-27.688643,7.1136575
5017,-26.702389,6.5824533
5018,-25.426924,6.7206306
5019,-26.503523,7.5339465
5020,-24.686674,9.691327
5021,-26.458546,7.720699
5022,-26.76179,7.9565988
5023,-27.871725,7.05559
5024,-28.004528,6.735591
5025,-26.15878,7.207065
5026,-27.020817,8.390894
5027,-27.66477,7.5481887
5028,-28.11996,7.3176885
5029,-26.98274,7.0956874
5030,-24.470745,8.083103
5031,-24.62235,8.246467
5032,-25.100769,5.8232746
5033,-26.460989,6.8943567
5034,-28.687307,5.4615097
5035,-26.050816,8.621836
5036,-27.03278,7.4391313
5037,-24.077362,7.900156
5038,-25.357456,5.738435
5039,-25.484346,7.421148
5040,-25.84098,8.401268
5041,-26.140951,6.3124375
5042,-24.32291,7.798719
5043,-23.42716,5.498489
5044,-26.007603,7.097945
5045,-27.916136,7.587541
5046,-25.787586,8.199796
5047,-25.530842,6.0492024
5048,-26.690918,6.2832084
5049,-25.837576,7.430618
5050,-23.775785,2.779355
5051,-26.646048,4.5282497
5052,-29.297743,10.132323
5053,-26.427664,8.850681
5054,-25.348665,6.555682
5055,-26.614664,5.3806252
5056,-28.075575,7.967619
5057,-28.141842,6.709013
5058,-28.399511,8.682549
5059,-28.939552,5.9558783
5060,-25.786705,7.886406
5061,-28.317783,9.810455
5062,-29.866158,3.461256
5063,-28.787962,4.9007587
5064,-28.919456,7.674535
5065,-27.612965,6.3376718
5066,-25.728893,6.0411515
5067,-28.750338,7.298
5068,-28.458412,4.577619
5069,-28.395782,3.845938
5070,-26.69257,4.6192303
5071,-30.346453,3.80742
5072,-29.624537,6.3636727
5073,-28.801353,6.4306517
5074,-27.874811,5.5191708
5075,-28.32511,6.101194
5076,-28.180405,9.226985
5077,-26.038301,4.876475
5078,-28.85479,7.9036045
5079,-26.435362,7.4965196
5080,-25.846687,6.203888
5081,-26.481667,6.8244085
5082,-25.9244,5.9066076
5083,-27.110106,6.0682826
5084,-25.246489,7.270108
5085,-26.554945,6.8181176
5086,-26.979286,11.041158
5087,-26.40347,7.9603987
5088,-25.924623,8.415191
5089,-26.543528,8.474632
5090,-26.485268,11.3526
5091,-27.28033,5.9341617
5092,-28.358013,7.4515805
5093,-27.391716,8.813211
5094,-27.628716,6.3840265
5095,-28.701435,5.6799507
5096,-30.324871,6.3888083
5097,-28.602875,8.314985
5098,-26.778215,8.016712
5099,-27.644482,6.071344
5100,-28.547157,6.292622
5101,-26.768227,5.634089
5102,-26.455425,6.308177
5103,-26.808634,5.099923
5104,-27.484428,5.945007
5105,-25.96084,7.4735937
5106,-28.40888,8.492952
5107,-27.140757,6.9924235
5108,-27.971575,8.171727
5109,-26.896023,4.4106097
5110,-28.029749,3.829161
5111,-26.040945,3.8832679
5112,-28.373833,8.030364
5113,-27.297636,4.2743897
5114,-26.315258,6.4872403
5115,-25.347748,7.6388254
5116,-25.879726,7.230516
5117,-27.189116,7.8904567
5118,-26.351028,8.48581
5119,-26.731441,6.8974476
5120,-27.387754,5.016088
5121,-29.030605,4.9563894
5122,-28.96126,9.471118
5123,-29.727085,4.238347
5124,-26.001913,7.6469955
5125,-27.78544,7.452419
5126,-29.853355,10.947536
5127,-28.467297,10.560604
5128,-29.079565,7.091127
5129,-28.334717,9.009816
5130,-28.322935,8.876332
5131,-25.16682,10.40896
5132,-26.52202,7.452573
5133,-26.153992,4.45667
5134,-26.169477,5.987179
5135,-27.304937,8.261419
5136,-29.664995,5.199095
5137,-27.752401,8.134347
5138,-25.95762,6.908457
5139,-23.772987,7.8917994
5140,-24.11166,8.747706
5141,-27.174934,7.531897
5142,-25.330286,8.88531
5143,-25.272818,6.503002
5144,-28.625542,5.3161764
5145,-26.241587,9.867481
5146,-27.115051,6.723222
5147,-24.614822,5.174869
5148,-25.537258,5.3551555
5149,-24.278822,5.198513
5150,-25.849194,6.250992
5151,-26.691359,8.815951
5152,-26.509848,8.486154
5153,-26.362051,5.6250253
5154,-27.078466,9.346306
5155,-26.340073,5.693085
5156,-29.85902,4.635844
5157,-30.576807,4.5927706
5158,-29.580193,4.909631
5159,-26.978464,6.546137
5160,-28.56233,8.26217
5161,-29.186523,7.9873834
5162,-28.228756,7.272191
5163,-31.306396,7.5507936
5164,-29.193832,5.941106
5165,-28.22737,10.492692
5166,-30.4752,9.612241
5167,-28.389694,3.860444
5168,-29.708477,3.6472561
5169,-29.792976,7.651306
5170,-29.134478,7.171124
5171,-27.329298,10.299581
5172,-24.647963,7.375467
5173,-25.58017,7.268992
5174,-24.232744,6.0651097
5175,-25.797886,5.5940957
5176,-24.248795,3.5239372
5177,-23.36439,1.7986872
5178,-23.08791,4.0121684
5179,-19.994627,1.8926804
5180,-21.438545,4.009054
5181,-26.1722,1.4611732
5182,-24.184214,5.586661
5183,-26.67359,2.9533215
5184,-27.637335,2.7717276
5185,-28.26972,4.547464
5186,-27.176794,5.5555077
5187,-24.769854,6.9177866
5188,-25.871246,4.8862348
5189,-23.512285,4.886214
5190,-28.449102,2.428612
5191,-29.667774,4.848587
5192,-23.781496,3.6399617
5193,-24.829943,2.748325
5194,-26.388216,2.6907892
5195,-28.589602,6.4747243
5196,-27.951393,3.3800006
5197,-22.755894,7.7068458
5198,-25.354588,6.7418575
5199,-25.652485,5.354987
5200,-21.27062,3.5329213
5201,-26.236654,4.1421976
5202,-24.860922,6.088547
5203,-22.703848,4.7855353
5204,-24.052443,5.1304297
5205,-19.939123,3.442881
5206,-20.920324,3.4004693
5207,-20.532675,8.131067
5208,-24.525824,5.679181
5209,-23.450233,5.7161403
5210,-27.841446,5.7955713
5211,-21.707542,3.5752335
5212,-24.814814,4.4087768
5213,-26.24512,5.401753
5214,-25.082771,3.653879
5215,-25.916283,2.3015451
5216,-22.77963,3.944251
5217,-19.351397,5.5502234
5218,-15.455255,6.5369644
5219,-19.472418,9.819516
5220,-17.366184,2.420024
5221,-17.159275,0.67490566
5222,-18.123335,2.7446244
5223,-11.676215,4.1342163
5224,-15.47682,3.209124
5225,-17.504099,6.5678635
5226,-19.133762,3.522975
5227,-20.14766,3.7564154
5228,-18.083876,3.2300248
5229,-18.396025,7.45704
5230,-14.157661,8.119418
5231,-19.086107,5.7216487
5232,-15.688468,5.9511414
5233,-17.916277,5.5217714
5234,-15.589734,7.297952
5235,-13.029579,7.50364
5236,-14.101444,6.6551394
5237,-16.263391,7.173261
5238,-14.735727,10.3700485
5239,-9.963611,8.288345
5240,-9.913144,3.6465003
5241,-13.514773,6.587013
5242,-17.860817,9.395925
5243,-16.6369,8.072337
5244,-15.459453,7.443884
5245,-19.052963,5.561608
5246,-19.411203,7.9681816
5247,-15.373144,5.7364707
5248,-16.09292,7.9684057
5249,-19.157112,1.4388331
5250,-24.625586,2.9192085
5251,-24.216105,4.7099376
5252,-22.584774,6.320388
5253,-23.497852,5.5157995
5254,-24.296133,8.483095
5255,-25.247335,5.182473
5256,-25.915968,9.209645
5257,-23.108425,10.621475
5258,-25.17163,8.97319
5259,-24.954407,7.340157
5260,-23.127455,7.1378813
5261,-27.011269,8.44804
5262,-24.487673,8.868087
5263,-24.132957,5.4291215
5264,-25.558645,8.065174
5265,-26.189016,4.2162166
5266,-26.765318,8.823381
5267,-24.811487,5.963919
5268,-26.843044,6.8255444
5269,-27.447987,5.9317183
5270,-25.506418,11.660797
5271,-26.592262,8.525151
5272,-27.235668,3.517776
5273,-25.949032,3.8461025
5274,-27.02948,5.148176
5275,-27.915697,6.1809115
5276,-27.597578,6.031411
5277,-28.21568,3.6607032
5278,-29.562967,3.7413852
5279,-27.959774,6.00215
5280,-27.780298,5.122276
5281,-24.982906,10.719537
5282,-26.655113,9.47662
5283,-27.49114,5.5471783
5284,-27.207903,8.623008
5285,-27.134903,8.299638
5286,-26.99076,9.430827
5287,-23.440874,7.6495237
5288,-24.143406,3.9639714
5289,-26.390684,6.4563627
5290,-26.480833,7.975267
5291,-25.725063,8.196065
5292,-24.968735,8.748433
5293,-26.856262,8.185702
5294,-26.77212,8.06776
5295,-26.10321,10.11037
5296,-23.817015,6.175863
5297,-25.40404,7.7138968
5298,-21.447466,8.867902
5299,-24.418114,6.427092
5300,-24.912777,7.273119
5301,-23.085258,8.2457285
5302,-24.606236,10.646595
5303,-24.458027,7.121348
5304,-23.483522,6.9413185
5305,-23.535744,6.629471
5306,-23.121262,11.492951
5307,-22.299944,7.4730687
5308,-21.403702,5.267104
5309,-21.340204,3.5799363
5310,-21.112112,5.217725
5311,-22.658974,4.2462506
5312,-24.489565,9.02213
5313,-24.405159,8.534079
5314,-23.848658,7.25391
5315,-21.377184,9.167033
5316,-21.046843,3.8138533
5317,-21.340582,3.3851073
5318,-23.181025,3.3781621
5319,-23.919394,2.3264682
5320,-24.13402,8.0768385
5321,-24.51902,6.5239406
5322,-26.71174,7.5794444
5323,-26.221483,4.965334
5324,-22.926622,0.08224
5325,-22.99316,-2.0911682
5326,-24.559217,-0.718572
5327,-23.365358,-3.0797472
5328,-22.554869,0.64360684
5329,-23.856636,2.6976447
5330,-23.473104,1.1518631
5331,-24.646059,3.2765474
5332,-22.733114,3.355151
5333,-23.001858,0.80316186
5334,-22.667536,2.656191
5335,-23.332884,2.6504536
5336,-24.806238,4.537237
5337,-24.765997,1.6895968
5338,-20.967327,-0.45695198
5339,-22.358665,2.1155539
5340,-25.003885,-3.3129282
5341,-23.995956,0.71988225
5342,-26.766039,-0.40203983
5343,-24.74229,0.17973238
5344,-22.907368,-0.56753016
5345,-20.768223,-2.1202672
5346,-14.927099,-2.0181112
5347,-22.412567,-0.27850372
5348,-23.975325,-1.9873077
5349,-25.199179,-3.69661
5350,-22.69792,-3.0924983
5351,-26.530891,-2.700907
5352,-28.162014,-4.5096087
5353,-28.721724,-2.9722743
5354,-26.91989,-1.976382
5355,-28.820969,-3.7273602
5356,-29.207853,-4.0850463
5357,-28.002127,-6.5223584
5358,-24.875477,-3.9656463
5359,-26.716951,-2.7876883
5360,-23.739626,-2.4412973
5361,-23.13934,-0.21235372
5362,-21.095444,-2.038338
5363,-17.694147,-5.840427
5364,-16.206322,-0.6766943
5365,-20.0687,-3.6945682
5366,-21.417812,-3.372631
5367,-14.7497425,-3.5985131
5368,-19.544872,-3.9705555
5369,-23.422256,-4.5216413
5370,-23.5873,-3.8906574
5371,-22.843014,-3.0657408
5372,-23.773771,-0.3760066
5373,-22.470686,-2.3887925
5374,-22.414284,-2.2011364
5375,-24.360529,-0.28157395
5376,-26.708855,-2.5652206
5377,-27.550194,-1.6806641
5378,-26.76787,1.5425019
5379,-25.412685,-0.03071789
5380,-26.364254,0.44063044
5381,-24.576553,-0.8197004
5382,-25.49014,-4.333676
5383,-26.869661,-2.8026345
5384,-27.43918,-3.4995074
5385,-25.461498,-1.5177221
5386,-23.284271,-0.36310756
5387,-24.156307,-3.6232107
5388,-25.28533,-1.4065832
5389,-24.252497,-5.569309
5390,-24.964111,-5.912682
5391,-25.942245,-3.7800982
5392,-26.081026,-1.0326267
5393,-25.471066,-4.7396097
5394,-27.267778,-2.3038368
5395,-25.981594,-0.7782327
5396,-22.467836,-2.40564
5397,-24.116215,-1.6694896
5398,-25.597532,-1.3807354
5399,-21.435238,-2.0385764
5400,-23.891552,-2.5732398
5401,-21.88678,-0.7378182
5402,-27.425346,-4.10492
5403,-24.673672,-0.56656134
5404,-28.68479,-1.3206512
5405,-27.365797,-3.8166895
5406,-27.33255,-0.331797
5407,-24.982534,-1.8159308
5408,-24.355907,-2.652067
5409,-28.51811,-3.0007544
5410,-25.379057,-2.3905497
5411,-26.447496,-3.8760827
5412,-25.893711,-1.9379188
5413,-23.567179,-4.6110725
5414,-26.703007,-3.5646138
5415,-28.040016,-4.0062613
5416,-28.663708,-3.4781573
5417,-28.05136,-4.482029
5418,-26.884117,-3.3373172
5419,-25.50127,-0.78040195
5420,-25.707468,-0.34395704
5421,-25.81191,-3.9660285
5422,-27.129744,-1.6681792
5423,-26.369474,-1.6484603
5424,-25.65825,-0.023984384
5425,-25.717617,-4.7472177
5426,-26.097052,-1.408727
5427,-24.102066,-2.724759
5428,-25.633293,0.6291668
5429,-23.224195,-1.1978759
5430,-24.777029,0.64673555
5431,-22.96707,-3.9607966
5432,-23.62009,-3.5841825
5433,-25.868921,-1.3783059
5434,-25.192451,-4.0552897
5435,-24.385248,-2.0660555
5436,-22.298676,-2.2447798
5437,-19.95293,-4.683698
5438,-20.170965,-5.2982116
5439,-17.984222,-3.1512144
5440,-19.968195,-2.91722
5441,-22.796234,-3.4431133
5442,-25.0297,-2.778922
5443,-24.913727,-1.6249504
5444,-23.562637,-0.5417042
5445,-26.04201,-2.5080495
5446,-26.171156,-3.4868057
5447,-23.698076,-2.1413214
5448,-25.008263,-3.7517436
5449,-23.63576,-1.3129822
5450,-25.49026,-1.921835
5451,-22.927233,0.4975541
5452,-24.473959,-1.9188725
5453,-25.111723,-3.6480536
5454,-23.36932,-2.0508606
5455,-23.658957,0.6445567
5456,-25.84223,-4.065627
5457,-25.482738,-2.127664
5458,-26.08347,-3.3041992
5459,-20.338306,-1.3985931
5460,-21.404722,-2.1443594
5461,-25.272507,-2.7921572
5462,-21.85467,-1.367364
5463,-24.076923,-4.8467307
5464,-27.653973,-2.161747
5465,-22.448378,-1.3547645
5466,-26.111776,-3.4413939
5467,-18.236778,-3.9344366
5468,-18.504807,-5.4907255
5469,-20.093863,-5.700222
5470,-19.602276,-1.4164083
5471,-18.558084,1.501799
5472,-21.813957,1.2487556
5473,-22.098772,1.7880963
5474,-18.450043,0.22078668
5475,-22.223988,3.4162533
5476,-20.37341,2.1386192
5477,-20.191576,3.3073175
5478,-16.636854,5.6691537
5479,-17.561579,4.303867
5480,-15.7063675,7.1746583
5481,-18.044682,5.8927994
5482,-16.112478,7.6598425
5483,-15.410072,1.709956
5484,-18.245564,3.0093148
5485,-13.155049,7.623675
5486,-14.463957,7.4913917
5487,-17.092417,7.0963206
5488,-15.381968,6.623231
5489,-14.72378,2.901472
5490,-19.687792,3.989478
5491,-19.040415,8.038476
5492,-22.275824,7.8873086
5493,-17.613535,6.7758293
5494,-15.663725,6.9481373
5495,-15.706677,8.590251
5496,-19.781404,6.372688
5497,-20.925419,6.45626
5498,-22.406694,2.8216186
5499,-20.96478,4.966603
5500,-19.09957,4.8111453
5501,-18.909014,4.663403
5502,-19.748976,2.119909
5503,-21.754084,1.6308982
5504,-25.686726,3.1902661
5505,-22.927858,2.0878997
5506,-23.718765,3.771787
5507,-24.30308,2.3246505
5508,-24.135822,2.47538
5509,-25.15756,2.5878658
5510,-25.100754,2.0015326
5511,-23.433517,3.6928217
5512,-25.897888,5.618546
5513,-26.622091,4.0963726
5514,-24.93681,5.4574804
5515,-22.710646,3.4304168
5516,-21.92803,3.4514356
5517,-23.72612,6.1976805
5518,-21.085081,2.3542156
5519,-20.467154,6.4388957
5520,-20.43195,7.822456
5521,-23.009783,6.555124
5522,-21.693506,6.4081535
5523,-19.924417,6.609362
5524,-20.813822,8.565552
5525,-20.63083,7.1612496
5526,-16.184114,5.4638824
5527,-16.097261,5.6504416
5528,-17.746578,5.8012486
5529,-17.082695,7.119837
5530,-15.050568,7.387109
5531,-21.814861,9.432042
5532,-20.700333,9.731631
5533,-19.549198,6.332758
5534,-18.712788,5.0870194
5535,-15.9473295,9.3988
5536,-15.60437,7.235039
5537,-17.170937,7.0942345
5538,-17.526417,6.254294
5539,-15.312793,5.175124
5540,-12.684283,5.698813
5541,-16.967575,6.096238
5542,-16.667707,6.066877
5543,-17.173431,5.311329
5544,-17.694788,5.361168
5545,-18.05952,5.584818
5546,-19.102785,5.523085
5547,-17.255877,6.579917
5548,-19.844137,5.6939545
5549,-20.720547,5.730698
5550,-18.940622,7.047358
5551,-21.602736,6.394094
5552,-22.000675,6.8024383
5553,-22.554287,4.847789
5554,-23.984343,5.31018
5555,-24.37091,6.8746057
5556,-22.304865,7.705988
5557,-24.951277,8.68856
5558,-23.07959,8.664295
5559,-26.422794,11.118459
5560,-24.213213,8.575574
5561,-23.958431,8.410427
5562,-20.442204,6.66331
5563,-22.792877,9.483305
5564,-18.854675,7.8578215
5565,-19.769358,8.68148
5566,-25.458033,7.20519
5567,-25.788364,9.152079
5568,-26.357952,11.241692
5569,-25.271624,6.8198376
5570,-25.109873,12.0842905
5571,-24.552773,12.204122
5572,-23.15889,7.7491384
5573,-25.749079,8.877941
5574,-22.58866,10.559532
5575,-25.34307,9.50911
5576,-24.50278,5.955768
5577,-22.149199,8.082724
5578,-21.088594,7.810288
5579,-20.20847,6.81824
5580,-24.237284,9.766258
5581,-24.363419,8.423887
5582,-22.061325,7.9697323
5583,-22.053759,9.920995
5584,-22.867949,5.4402566
5585,-24.278591,6.0824604
5586,-23.337835,10.321099
5587,-23.487257,7.833547
5588,-19.515877,6.937489
5589,-24.131872,10.043717
5590,-23.598303,10.5498905
5591,-26.372452,10.672246
5592,-27.88035,8.828117
5593,-26.663103,7.8389263
5594,-27.02146,6.3988376
5595,-23.476973,6.2665987
5596,-24.701195,9.147091
5597,-22.520424,7.8516226
5598,-21.131306,12.2298565
5599,-20.836603,8.688931
5600,-23.903856,9.043104
5601,-23.800718,8.453448
5602,-19.194721,8.240079
5603,-21.979546,7.5872498
5604,-19.533257,6.891495
5605,-19.361206,9.12235
5606,-23.298737,9.006453
5607,-24.831553,10.229486
5608,-24.817772,6.046288
5609,-25.005873,9.160819
5610,-27.341013,10.661145
5611,-24.527866,7.0845633
5612,-24.98339,8.176383
5613,-27.130331,9.458801
5614,-22.511463,6.794657
5615,-21.777355,8.430774
5616,-19.952854,7.4451776
5617,-19.879108,10.340219
5618,-15.493345,12.63452
5619,-19.47104,9.148794
5620,-20.655807,6.75423
5621,-23.340359,9.209187
5622,-24.048864,6.114415
5623,-26.411604,11.386112
5624,-25.234795,7.874499
5625,-25.495596,10.6637745
5626,-22.933037,10.962813
5627,-17.05041,11.245092
5628,-19.948246,7.430703
5629,-18.453423,8.158481
5630,-23.108578,6.4592795
5631,-19.605326,7.6514306
5632,-21.67515,8.34423
5633,-23.712248,5.590077
5634,-25.987762,7.2413297
5635,-22.691402,6.832542
5636,-22.041512,8.68881
5637,-18.030281,7.6311584
5638,-20.389769,10.158431
5639,-19.87509,9.915188
5640,-17.419382,6.981139
5641,-20.869371,9.326939
5642,-24.435507,7.7233534
5643,-27.067219,8.404292
5644,-23.79097,6.5471015
5645,-20.491531,7.5277386
5646,-19.922537,9.252194
5647,-23.59015,7.632573
5648,-22.598028,10.351737
5649,-19.334616,10.017458
5650,-19.275635,7.147325
5651,-23.562582,5.7818985
5652,-24.913754,7.7604475
5653,-26.492584,6.6997886
5654,-20.742937,7.186182
5655,-22.333515,3.1471918
5656,-24.07449,4.5499883
5657,-22.595999,6.064156
5658,-22.072603,6.179117
5659,-20.793072,6.352218
5660,-22.93045,6.092317
5661,-22.999195,5.923925
5662,-27.673655,5.721138
5663,-23.844482,6.7719607
5664,-22.742323,6.1006975
5665,-23.324944,3.6680741
5666,-22.197548,5.238859
5667,-22.01341,2.5255096
5668,-25.10233,6.8159227
5669,-24.390305,6.068262
5670,-25.777676,8.069103
5671,-26.753492,4.5622177
5672,-23.199377,2.3517146
5673,-23.946974,5.8149633
5674,-24.770132,7.005678
5675,-25.735485,5.8603177
5676,-26.14078,6.6963997
5677,-26.555288,5.581761
5678,-24.789034,4.6101975
5679,-26.978615,6.6369815
5680,-26.528833,4.593998
5681,-23.012949,6.386334
5682,-25.671223,1.5346849
5683,-25.613602,2.5415154
5684,-26.97876,1.4453318
5685,-24.996649,8.160115
5686,-24.74888,7.3296137
5687,-23.342033,6.6093636
5688,-22.175297,4.1924486
5689,-21.715084,5.666248
5690,-23.464098,4.79561
5691,-23.57445,7.0876203
5692,-25.675646,5.518836
5693,-22.58317,5.1488485
5694,-22.928595,5.7598124
5695,-22.951614,5.168435
5696,-22.609434,6.3360415
5697,-24.028172,2.0646966
5698,-24.994091,3.0130427
5699,-24.599699,5.8269577
5700,-25.070335,4.1681433
5701,-24.858929,6.667373
5702,-24.23505,5.0041904
5703,-27.34063,7.996569
5704,-25.613697,7.5528417
5705,-25.652235,7.834932
5706,-24.777416,7.4767923
5707,-26.402,4.993503
5708,-25.058128,8.690542
5709,-26.626657,6.6531544
5710,-27.217001,8.514392
5711,-26.803827,9.092989
5712,-27.703835,9.278859
5713,-21.72974,9.683451
5714,-20.374962,8.988239
5715,-22.499727,6.952274
5716,-22.256332,8.700737
5717,-23.275927,11.728427
5718,-21.081314,8.620042
5719,-22.34908,6.63323
5720,-22.17552,7.2651663
5721,-21.375181,6.246052
5722,-21.368244,7.0797057
5723,-19.3245,7.1392245
5724,-16.801727,3.621219
5725,-22.320807,7.5162587
5726,-22.41059,4.059214
5727,-19.772448,7.103423
5728,-21.531664,7.79285
5729,-25.964285,9.928824
5730,-19.815475,10.068659
5731,-25.041397,6.1275954
5732,-23.848389,6.5549498
5733,-28.796324,8.7205515
5734,-28.32374,5.7073708
5735,-27.576777,3.7956262
5736,-25.676357,2.489547
5737,-26.851807,7.253684
5738,-25.992445,5.2619314
5739,-28.217894,4.924883
5740,-23.613762,9.245625
5741,-24.89319,8.630143
5742,-25.092268,7.9271502
5743,-22.941845,8.568166
5744,-26.948524,6.429409
5745,-25.00505,6.3438277
5746,-24.467909,9.721998
5747,-22.281881,8.651572
5748,-19.394087,9.420824
5749,-21.955132,9.349137
5750,-19.573044,10.4029255
5751,-23.62357,11.893149
5752,-21.26614,14.209235
5753,-21.393923,10.771833
5754,-25.71135,11.991717
5755,-27.400972,9.285312
5756,-25.801287,9.353899
5757,-24.585312,9.646978
5758,-22.78267,14.92304
5759,-22.610317,9.483704
5760,-27.24712,11.979126
5761,-22.890768,7.102701
5762,-22.079897,12.147003
5763,-20.025496,9.123504
5764,-17.720505,7.9832687
5765,-23.224562,11.671643
5766,-27.24458,9.984336
5767,-25.674305,8.684826
5768,-26.716629,7.043411
5769,-25.571327,7.81586
5770,-25.77111,8.755614
5771,-26.964142,12.004348
5772,-24.755222,9.247719
5773,-24.664953,13.128555
5774,-21.959352,7.3766103
5775,-21.53698,5.162772
5776,-24.011053,9.149498
5777,-24.889715,6.7577047
5778,-25.35108,11.038813
5779,-25.406822,12.794614
5780,-28.578985,9.86909
5781,-24.253843,10.822943
5782,-26.107273,6.471211
5783,-27.24543,10.0353775
5784,-27.665745,9.263058
5785,-26.16423,6.356056
5786,-27.550465,5.2839575
5787,-28.685118,4.4837313
5788,-28.008064,5.1952
5789,-21.372824,6.3313227
5790,-22.735142,7.9295435
5791,-22.54028,5.5889106
5792,-24.723888,4.7665005
5793,-24.208826,3.217043
5794,-23.84104,4.3569183
5795,-27.660574,5.3810406
5796,-28.203382,3.6665804
5797,-26.87401,5.0307174
5798,-27.923944,6.970824
5799,-26.30193,7.5137644
5800,-23.175833,6.4959645
5801,-26.569519,5.863277
5802,-24.245653,5.538643
5803,-22.100756,11.033294
5804,-21.122002,5.2811794
5805,-22.661541,3.680086
5806,-21.774738,3.509643
5807,-23.43649,3.6384945
5808,-22.349268,3.2015278
5809,-21.2829,2.992739
5810,-20.074516,3.1728964
5811,-22.684532,5.202224
5812,-21.868416,5.5449195
5813,-22.010658,7.584015
5814,-21.978313,7.0174546
5815,-18.001049,8.450857
5816,-23.674984,10.717797
5817,-24.93058,9.116722
5818,-26.474272,12.562651
5819,-26.830149,8.032608
5820,-26.699045,7.3215475
5821,-24.037518,9.929202
5822,-24.345556,9.536758
5823,-23.500357,10.843165
5824,-25.876139,10.305788
5825,-25.835957,8.803715
5826,-26.278547,10.031074
5827,-28.447887,9.003347
5828,-29.090729,8.438303
5829,-26.00769,7.366878
5830,-23.301596,7.6728883
5831,-22.149986,2.9740586
5832,-26.29436,5.1922483
5833,-27.588675,7.3004084
5834,-28.19237,6.7676463
5835,-27.868675,6.61425
5836,-26.918005,7.677929
5837,-28.640759,6.589548
5838,-30.828424,8.099591
5839,-27.876066,5.720728
5840,-23.987755,7.6460686
5841,-25.785406,8.944045
5842,-22.398756,10.4607725
5843,-25.358517,9.378854
5844,-23.1545,7.42204
5845,-17.04914,10.319569
5846,-19.927193,8.617103
5847,-18.067474,7.865761
5848,-16.1456,3.620187
5849,-13.825109,8.11473
5850,-14.169224,3.410614
5851,-17.685854,3.8574567
5852,-17.721577,5.557918
5853,-15.760154,5.8476195
5854,-20.000755,4.3005013
5855,-19.194704,6.2217116
5856,-13.882818,6.016003
5857,-14.347509,5.870986
5858,-15.133741,4.9761186
5859,-16.190271,2.484548
5860,-12.5480795,3.4048285
5861,-14.367361,7.6339474
5862,-15.983288,4.845146
5863,-15.67432,6.337089
5864,-21.610203,4.426627
5865,-21.683233,4.884934
5866,-17.805048,4.6780767
5867,-19.177904,3.9522955
5868,-23.674025,3.891869
5869,-23.20481,3.6646097
5870,-21.476925,1.5658156
5871,-21.674694,2.7883427
5872,-22.037819,6.2297254
5873,-18.249535,7.601866
5874,-20.302013,6.5969114
5875,-22.06181,5.757591
5876,-20.376123,5.279127
5877,-18.892523,3.3127089
5878,-20.728254,5.4558473
5879,-20.303854,4.29441
5880,-18.424778,6.124735
5881,-19.288786,7.954375
5882,-17.014847,5.435188
5883,-20.470814,4.1647043
5884,-19.648788,3.364567
5885,-23.696003,3.7077525
5886,-19.31053,2.0756266
5887,-20.453186,6.029099
5888,-22.656565,8.916936
5889,-19.764101,4.0112467
5890,-20.544994,2.9881856
5891,-21.139347,4.733983
5892,-20.138165,8.456561
5893,-20.13458,4.3466525
5894,-22.070477,4.118417
5895,-21.251665,5.7922964
5896,-19.737078,6.8857665
5897,-22.615309,9.653025
5898,-21.742577,8.565738
5899,-25.211748,7.2891936
5900,-24.230932,5.5916796
5901,-22.397165,7.4196243
5902,-20.873636,5.482757
5903,-24.170822,7.210086
5904,-24.593008,4.4790206
5905,-23.756235,2.6253128
5906,-22.35312,4.267147
5907,-20.791567,6.036905
5908,-22.658321,6.2063866
5909,-20.105062,5.2641816
5910,-21.151745,7.7576356
5911,-22.52802,6.794981
5912,-23.412039,9.165109
5913,-25.014313,9.941873
5914,-20.090225,10.124276
5915,-22.942108,8.299832
5916,-22.407312,3.3053582
5917,-24.726892,8.050822
5918,-22.427288,8.22892
5919,-23.463503,6.384285
5920,-20.24037,9.118307
5921,-23.717678,7.300759
5922,-20.863405,8.192925
5923,-24.373707,6.125729
5924,-23.281755,7.6099405
5925,-25.065922,7.6528807
5926,-23.14258,6.8360453
5927,-21.040539,8.66401
5928,-22.230114,9.446185
5929,-21.576986,9.491329
5930,-19.9856,9.791202
5931,-20.192451,12.523383
5932,-20.025871,9.718999
5933,-19.485973,5.263627
5934,-21.993208,7.924794
5935,-22.140007,6.795756
5936,-20.909845,8.077592
5937,-20.32624,8.582101
5938,-21.606865,7.2395067
5939,-22.709162,6.113536
5940,-22.793964,7.2071414
5941,-21.233326,6.3728213
5942,-19.463911,7.4346714
5943,-18.569334,10.454989
5944,-19.256163,7.006095
5945,-17.157976,6.654644
5946,-18.963324,7.393962
5947,-20.999378,6.7317867
5948,-21.320011,6.817333
5949,-17.965803,5.832802
5950,-19.033054,5.6973925
5951,-18.195679,5.395322
5952,-18.982786,6.881323
5953,-17.988834,6.207355
5954,-18.669767,2.3656547
5955,-18.35986,2.7814703
5956,-16.882416,-0.027464306
5957,-19.470312,2.4025807
5958,-18.667284,2.0028756
5959,-14.689915,3.0348997
5960,-17.158665,4.663442
5961,-16.900429,5.2482924
5962,-12.096521,5.6638875
5963,-9.354098,7.694257
5964,-15.763874,5.964577
5965,-16.295904,6.8922496
5966,-19.095491,8.634952
5967,-17.836395,9.806516
5968,-18.832926,5.7958794
5969,-20.986528,5.6862483
5970,-17.819218,3.0344727
5971,-20.768343,5.245515
5972,-19.597057,7.287069
5973,-20.975512,6.0641317
5974,-18.891882,5.0572653
5975,-19.37015,5.065433
5976,-19.103008,5.5514035
5977,-20.029757,5.1207824
5978,-18.537405,4.309895
5979,-20.781311,5.128112
5980,-18.601364,5.2394996
5981,-19.661724,3.7737286
5982,-21.236343,4.8979554
5983,-20.861435,8.941539
5984,-18.154745,6.6931977
5985,-19.45843,4.4342413
5986,-20.526474,6.682642
5987,-19.234743,6.61586
5988,-16.52685,5.480341
5989,-18.392475,4.2507057
5990,-18.9992,4.721551
5991,-18.423319,5.376225
5992,-18.002325,4.879942
5993,-16.434408,6.835974
5994,-18.391373,5.050054
5995,-17.243837,6.5143094
5996,-18.757956,6.628776
5997,-17.872637,4.434716
5998,-15.502907,7.814883
5999,-20.050463,6.808487
6000,-18.461725,6.1955876
6001,-18.178982,8.916746
6002,-19.714394,5.4635863
6003,-22.150732,7.3419685
6004,-19.528938,5.8466287
6005,-18.768509,6.818892
6006,-16.387798,3.808043
6007,-20.796633,1.5411716
6008,-18.811281,5.530395
6009,-18.294603,3.9475045
6010,-16.73051,4.6590176
6011,-21.634586,3.4384828
6012,-18.214712,6.051587
6013,-20.107702,2.605495
6014,-20.510801,4.4352775
6015,-19.51218,7.320663
6016,-21.394455,6.241003
6017,-20.94239,6.4259624
6018,-18.8357,5.893284
6019,-21.540998,9.9490185
6020,-23.255592,7.283508
6021,-23.193235,4.6802955
6022,-24.055796,5.032902
6023,-24.74488,3.9181588
6024,-22.305836,4.2551203
6025,-24.380379,3.955953
6026,-22.638466,4.947924
6027,-22.013235,2.3103647
6028,-22.157887,5.953739
6029,-22.804295,3.9887223
6030,-24.603552,4.8317347
6031,-25.845001,5.453361
6032,-24.405354,5.2895513
6033,-27.451029,4.775312
6034,-26.47622,3.9461672
6035,-27.757345,5.1126204
6036,-28.071785,6.9179
6037,-26.151009,6.0782332
6038,-24.778568,7.239475
6039,-24.905483,2.7096195
6040,-24.604965,1.2314289
6041,-25.775547,4.529032
6042,-23.572016,5.3113737
6043,-24.114672,4.2650557
6044,-21.536924,3.5154924
6045,-22.716858,4.3672285
6046,-22.700579,3.9295952
6047,-23.548988,7.900325
6048,-26.006567,8.669041
6049,-30.008507,7.642919
6050,-26.734032,6.246109
6051,-26.32596,4.9707026
6052,-28.150637,5.137967
6053,-27.702713,4.9657464
6054,-24.51751,7.7104726
6055,-23.856638,5.155873
6056,-24.731237,6.851226
6057,-28.286947,9.427295
6058,-27.837362,8.389787
6059,-26.88963,8.359323
6060,-27.67667,7.2843246
6061,-24.84586,9.638232
6062,-23.472748,5.9873013
6063,-21.151846,6.512745
6064,-25.697191,5.5383124
6065,-23.262209,7.302343
6066,-22.435772,8.620311
6067,-23.496012,7.652188
6068,-28.370626,6.761395
6069,-22.24111,4.537653
6070,-21.719057,5.5159826
6071,-22.3597,5.8243713
6072,-25.49962,5.948948
6073,-24.785568,9.87355
6074,-23.366688,7.1341863
6075,-21.90825,6.633176
6076,-22.4783,6.843493
6077,-23.086008,5.749608
6078,-22.87185,7.680638
6079,-25.877455,9.144581
6080,-25.511696,5.9114914
6081,-20.662266,5.264128
6082,-17.838614,7.1939325
6083,-18.160055,8.347945
6084,-19.155632,6.2256975
6085,-20.063015,5.362142
6086,-18.304796,3.7341166
6087,-17.635761,5.2067466
6088,-14.323195,6.9346237
6089,-16.713882,3.7532897
6090,-21.851385,6.2422886
6091,-19.704554,5.58859
6092,-15.961071,5.810939
6093,-15.249633,6.8703403
6094,-20.589079,4.183934
6095,-21.023378,6.7028
6096,-20.536968,6.1874337
6097,-22.199478,7.181096
6098,-19.40592,8.0524025
6099,-14.003605,6.718393
6100,-15.549771,9.506048
6101,-20.741505,4.8159614
6102,-20.281483,7.6851006
6103,-20.155928,6.3160453
6104,-21.655886,4.8934975
6105,-23.049356,5.4588656
6106,-20.026203,6.9573913
6107,-17.028652,6.6203184
6108,-14.621991,6.6500945
6109,-15.420963,4.521099
6110,-13.150767,2.091422
6111,-15.849719,2.8874402
6112,-20.928991,3.9125118
6113,-15.084052,4.0266
6114,-13.763987,3.3954113
6115,-17.823872,3.8282728
6116,-16.649557,7.7695885
6117,-15.442528,7.7626014
6118,-17.353382,8.794742
6119,-17.685963,5.844503
6120,-24.59676,4.0833716
6121,-23.895346,8.27519
6122,-21.447521,6.4326897
6123,-18.093687,5.6867304
6124,-19.079008,9.041163
6125,-17.634245,7.8216114
6126,-25.381575,8.228977
6127,-23.233679,5.7059236
6128,-21.522738,8.132583
6129,-15.575964,6.7889504
6130,-18.109991,7.421237
6131,-15.9779005,5.331024
6132,-16.800028,6.253002
6133,-19.332533,8.277496
6134,-19.851845,5.0714107
6135,-23.106106,5.758148
6136,-21.657421,7.322837
6137,-22.781866,3.3026762
6138,-23.195602,5.007697
6139,-17.566391,6.43703
6140,-18.13625,6.0028987
6141,-23.139761,6.25393
6142,-23.333149,7.2181764
6143,-22.966715,6.904056
6144,-25.006262,8.783153
6145,-20.80138,4.6830516
6146,-23.460154,7.9145
6147,-21.998549,3.915824
6148,-21.805014,5.8779984
6149,-18.669754,3.5074742
6150,-17.842606,6.7755322
6151,-22.68701,9.540632
6152,-20.03439,7.019429
6153,-24.744707,8.2528305
6154,-26.529688,7.9286146
6155,-25.439983,8.788135
6156,-26.022907,6.651805
6157,-22.609152,8.752944
6158,-20.152103,8.961115
6159,-21.011946,9.674506
6160,-21.045317,8.899428
6161,-19.298582,11.431033
6162,-18.197435,8.967983
6163,-22.965822,10.288079
6164,-22.594818,9.059587
6165,-22.365196,9.318353
6166,-23.406794,8.13212
6167,-22.37975,8.046524
6168,-22.46266,9.659868
6169,-23.389767,9.29184
6170,-24.417965,8.484255
6171,-25.862347,6.675686
6172,-25.632322,9.817043
6173,-25.044203,7.654617
6174,-23.756964,7.6500764
6175,-23.343658,7.3795996
6176,-22.30209,2.7535398
6177,-24.33443,5.9099007
6178,-21.31786,9.300137
6179,-20.02745,7.781545
6180,-19.378405,5.5623713
6181,-22.299952,4.1735673
6182,-20.797783,5.1709056
6183,-21.801563,7.219486
6184,-21.237232,6.7368035
6185,-17.799767,5.1292396
6186,-20.026463,5.515922
6187,-23.228027,7.4458003
6188,-21.316408,5.424342
6189,-20.554577,4.7254686
6190,-17.576221,3.8768005
6191,-21.123934,5.759127
6192,-18.916105,4.6184387
6193,-17.483961,6.439444
6194,-18.798525,5.6978555
6195,-21.353136,4.0885687
6196,-21.662254,1.8808178
6197,-23.320171,6.132751
6198,-22.710878,8.488933
6199,-25.652483,7.651522
6200,-23.020124,7.812766
6201,-21.434341,6.660684
6202,-24.957808,5.5986733
6203,-23.813063,8.025743
6204,-25.313923,6.8338985
6205,-22.968878,7.5954556
6206,-24.048048,5.003336
6207,-22.12667,5.8721056
6208,-21.170376,3.122092
6209,-22.475426,1.5647285
6210,-24.450554,5.893158
6211,-25.35607,6.712541
6212,-22.635635,4.839006
6213,-28.704628,4.6828585
6214,-25.260029,2.3485138
6215,-24.894842,3.0455506
6216,-24.37015,4.9488316
6217,-19.02011,3.7905436
6218,-12.4034395,4.892813
6219,-18.583673,3.0974035
6220,-17.51774,-0.05631771
6221,-17.721771,1.6645615
6222,-17.903223,4.2375517
6223,-19.17128,6.314054
6224,-19.885244,7.6906686
6225,-21.780315,5.6757455
6226,-21.52881,5.922036
6227,-22.129929,5.5969167
6228,-20.129637,5.33846
6229,-17.108728,5.7843304
6230,-21.825565,2.7906392
6231,-18.481543,8.28532
6232,-19.7761,5.1999674
6233,-18.574415,7.63106
6234,-18.39166,5.355098
6235,-16.988413,-0.032869052
6236,-20.654715,-0.15206164
6237,-20.778816,0.38697425
6238,-20.533367,0.31034315
6239,-21.203775,1.5252192
6240,-17.31576,2.969863
6241,-16.23218,0.71894455
6242,-19.953157,2.9082577
6243,-21.370243,1.2394118
6244,-21.249155,0.6258281
6245,-18.761183,1.7205964
6246,-19.243542,-2.2128797
6247,-21.345194,1.3344854
6248,-22.311417,1.9163631
6249,-22.66176,-1.2438408
6250,-23.99955,-0.7274427
6251,-22.884495,-0.91849536
6252,-24.241106,-1.8250246
6253,-23.419374,0.78328717
6254,-22.196987,3.2029703
6255,-20.655571,0.39073825
6256,-22.511364,0.8596085
6257,-21.149342,-1.5053666
6258,-19.534658,0.2680702
6259,-18.142635,3.973176
6260,-21.137203,3.944671
6261,-21.031887,1.9363157
6262,-23.697495,1.1530638
6263,-19.790356,0.37348053
6264,-20.54559,-1.9057964
6265,-21.046173,1.9426485
6266,-18.607672,0.23754546
6267,-18.02754,-3.1429212
6268,-15.723113,1.0531547
6269,-18.025444,-0.9001168
6270,-18.620525,-0.13882533
6271,-20.918543,1.2765825
6272,-22.270805,-0.39999095
6273,-22.185873,-2.0217783
6274,-19.987513,0.012401583
6275,-20.255362,1.3449352
6276,-19.78138,1.7684463
6277,-17.381239,1.2083868
6278,-16.228527,0.6127255
6279,-19.90363,0.8965506
6280,-17.762264,2.3698776
6281,-18.39985,3.6009846
6282,-22.627752,2.3394158
6283,-22.710619,2.1287296
6284,-20.082733,2.2683964
6285,-19.04217,4.4201984
6286,-20.868977,-0.6171701
6287,-15.427073,3.4654617
6288,-19.64742,3.758326
6289,-20.522423,-1.7571235
6290,-20.412958,-2.1910274
6291,-21.006355,-2.2711852
6292,-24.380592,-0.4422766
6293,-20.481777,-4.102836
6294,-21.065952,-0.46029913
6295,-23.384827,-0.13799666
6296,-23.713932,2.5250726
6297,-22.572834,2.2213602
6298,-19.474699,3.459629
6299,-17.449385,2.8099122
6300,-16.563354,3.6698925
6301,-19.75444,-1.16513
6302,-22.454432,3.530172
6303,-19.695295,4.4755454
6304,-21.406067,0.3843812
6305,-20.317707,0.0007957775
6306,-19.265848,1.9122629
6307,-17.472807,0.5993594
6308,-19.082277,-4.0121346
6309,-18.997734,-1.7656292
6310,-22.901642,-0.12152477
6311,-20.748262,1.0265197
6312,-22.463255,2.9791005
6313,-23.78673,4.958669
6314,-22.754745,2.6629527
6315,-20.426657,-1.1486788
6316,-23.227194,2.832336
6317,-19.590113,-0.5178868
6318,-16.635735,0.39444476
6319,-15.282625,2.4043791
6320,-16.496115,0.95264345
6321,-21.153278,1.053059
6322,-24.008896,-1.9859203
6323,-24.701412,1.4121943
6324,-25.140368,2.9263287
6325,-27.146162,-0.105847456
6326,-22.671888,-0.61638904
6327,-20.83563,2.6710088
6328,-21.190151,0.24074718
6329,-21.950817,3.9238906
6330,-25.415728,3.465245
6331,-24.323101,0.08057731
6332,-25.188633,1.8102806
6333,-17.0094,1.8691467
6334,-18.13786,2.4249117
6335,-21.83229,0.07782096
6336,-18.833334,1.6441766
6337,-14.434506,2.0485644
6338,-15.789445,3.7677357
6339,-22.12318,5.861571
6340,-21.814995,4.1002517
6341,-17.419863,3.9395616
6342,-20.621006,4.02691
6343,-20.30051,4.561606
6344,-23.049042,4.393149
6345,-24.926065,3.702357
6346,-23.53264,4.5562315
6347,-25.06132,7.973036
6348,-22.974957,3.3497314
6349,-21.26496,3.8745694
6350,-23.779032,7.8087482
6351,-21.90464,5.3434443
6352,-20.976864,5.0796456
6353,-21.739233,3.852057
6354,-20.914694,5.2941937
6355,-23.98423,6.1091275
6356,-20.198156,5.220204
6357,-24.293093,6.2935133
6358,-22.727674,6.085246
6359,-21.484232,3.4417367
6360,-17.142271,4.9366755
6361,-22.687202,5.2586193
6362,-20.088135,4.856406
6363,-22.772408,2.0916226
6364,-19.333584,3.2199988
6365,-18.430424,6.5077696
6366,-15.0759,5.495127
6367,-18.527224,5.2593684
6368,-19.633379,1.8479319
6369,-21.805607,3.579421
6370,-22.759249,2.7722244
6371,-18.243153,5.3274875
6372,-20.70913,4.5164385
6373,-20.474058,4.6675973
6374,-13.914653,5.6627374
6375,-18.71649,7.1693625
6376,-19.113554,4.381314
6377,-16.274073,5.3360224
6378,-19.112972,7.8524027
6379,-16.614664,3.7191815
6380,-21.261744,6.1282372
6381,-21.269377,3.0462222
6382,-22.082869,6.771405
6383,-26.031187,5.067112
6384,-21.7044,7.7752185
6385,-17.791695,3.63002
6386,-17.282984,8.73951
6387,-19.895018,4.4326477
6388,-17.864305,4.4880357
6389,-16.466587,4.7387795
6390,-18.641336,7.418933
6391,-22.002464,4.335238
6392,-23.554592,4.233853
6393,-15.948677,4.506352
6394,-17.90134,5.440665
6395,-16.577276,5.194428
6396,-18.772717,5.339265
6397,-19.720985,1.9406973
6398,-21.48292,3.719499
6399,-22.798742,3.0888236
6400,-25.220652,1.8307737
6401,-28.4549,0.8518987
6402,-22.946272,2.1936998
6403,-23.291855,8.88944
6404,-24.46686,9.347394
6405,-22.272934,2.843547
6406,-19.760054,6.341222
6407,-23.584017,6.7732506
6408,-23.069788,6.3766823
6409,-23.755451,7.947128
6410,-22.41967,9.569701
6411,-25.799534,6.8132467
6412,-18.593796,6.8271465
6413,-19.990795,6.617988
6414,-17.26337,7.3150706
6415,-14.754603,7.8746786
6416,-18.729685,5.223257
6417,-23.474703,6.0876217
6418,-21.278843,10.546166
6419,-21.362892,9.031317
6420,-22.77825,3.5445004
6421,-20.822489,8.015281
6422,-19.950008,5.860892
6423,-23.052853,6.5847588
6424,-19.081694,5.6722617
6425,-18.880053,5.274772
6426,-22.01128,5.4520593
6427,-17.899061,3.0159066
6428,-21.102287,5.9775934
6429,-20.692396,6.3854337
6430,-21.411432,4.5325327
6431,-23.408073,4.7631626
6432,-22.66701,6.7975035
6433,-24.174597,6.5644364
6434,-23.177155,5.222031
6435,-25.09143,4.9897223
6436,-20.586819,5.128366
6437,-20.844091,5.0887723
6438,-21.454922,5.9539604
6439,-22.468761,8.182058
6440,-23.134628,8.996916
6441,-26.66127,7.348961
6442,-28.123371,4.437353
6443,-26.415377,6.859471
6444,-26.89822,6.5008616
6445,-23.653154,4.6584272
6446,-24.953949,4.3787813
6447,-23.50883,3.959287
6448,-23.45284,4.0316358
6449,-26.444738,2.6947622
6450,-25.44098,6.08465
6451,-22.449295,7.9616704
6452,-28.557737,2.3803303
6453,-25.569128,5.1129227
6454,-28.864841,4.7956586
6455,-30.417992,4.9618626
6456,-27.467653,8.522672
6457,-18.488846,2.5121765
6458,-19.435575,5.0366163
6459,-24.27207,4.069702
6460,-22.403025,7.1323757
6461,-21.736568,7.7617135
6462,-22.242392,4.4489155
6463,-21.728209,8.658744
6464,-22.513582,3.6475503
6465,-21.62349,5.038146
6466,-20.936232,8.880431
6467,-21.631954,8.599703
6468,-19.412016,6.2164116
6469,-22.471367,5.622309
6470,-23.251034,5.4477906
6471,-20.25168,6.7917695
6472,-21.028206,6.768926
6473,-21.773247,9.794438
6474,-23.406908,4.7218304
6475,-24.951172,3.3170004
6476,-26.748804,1.7427746
6477,-25.10037,2.843811
6478,-22.070858,2.5906165
6479,-22.879932,0.5752457
6480,-23.462145,-0.423206
6481,-15.993711,-0.99010104
6482,-20.000063,1.5814995
6483,-19.073187,-0.21929021
6484,-21.006407,4.07553
6485,-26.67546,3.9089155
6486,-26.264381,5.777167
6487,-26.4977,2.896579
6488,-20.640995,3.444119
6489,-20.271255,3.4061158
6490,-23.599157,3.3878007
6491,-21.335503,-0.87963766
6492,-27.103355,1.7379827
6493,-23.74836,1.7291678
6494,-21.587008,-0.903245
6495,-26.676096,4.0430007
6496,-24.677954,5.300572
6497,-21.626633,3.5014565
6498,-23.728378,2.0475953
6499,-26.868635,0.90244377
6500,-23.187119,3.8830419
6501,-22.821655,2.6609666
6502,-22.58509,6.3561525
6503,-21.740732,2.2898567
6504,-25.274813,6.08843
6505,-22.984228,4.9221663
6506,-23.464647,6.416162
6507,-25.301266,5.2515836
6508,-23.941484,2.815176
6509,-26.496723,6.6021276
6510,-20.921638,5.105991
6511,-18.742765,4.042463
6512,-15.892689,3.1746473
6513,-18.079638,1.0424765
6514,-17.402735,1.9976121
6515,-23.06504,3.0936334
6516,-22.35887,2.2223682
6517,-21.695261,0.33674538
6518,-20.604275,1.5388812
6519,-17.24149,1.1772926
6520,-18.200035,3.5367553
6521,-19.565851,0.504963
6522,-20.435472,5.031079
6523,-16.939045,4.1176376
6524,-14.386027,2.5542889
6525,-18.53869,2.9530027
6526,-21.07275,3.6115637
6527,-23.970373,3.6520092
6528,-22.934454,5.9314857
6529,-27.336721,5.310388
6530,-23.238432,2.8573833
6531,-23.830988,6.2762113
6532,-21.174854,6.6218452
6533,-25.571692,7.298217
6534,-24.430288,6.7678847
6535,-21.87376,5.4791684
6536,-24.360756,4.2992735
6537,-22.33674,6.365768
6538,-23.182753,5.325716
6539,-26.993309,2.4533968
6540,-27.666452,-0.89282686
6541,-25.89709,1.191086
6542,-25.04129,4.9511743
6543,-23.073938,2.747063
6544,-25.27882,1.7708046
6545,-20.71497,0.1995365
6546,-22.460737,2.9168713
6547,-22.427412,5.3159065
6548,-24.070206,4.0839076
6549,-21.926987,8.580705
6550,-25.848238,6.7471714
6551,-22.081656,5.8358727
6552,-27.361704,4.0332823
6553,-25.694527,3.893009
6554,-24.58699,1.7159357
6555,-23.510555,0.89491147
6556,-21.001308,3.6153328
6557,-20.994246,3.187867
6558,-23.545721,3.9411385
6559,-26.497326,0.40412864
6560,-19.572306,3.1861522
6561,-20.755455,1.9351649
6562,-24.38993,4.1808085
6563,-22.160776,5.1826525
6564,-20.398834,5.679819
6565,-19.553087,4.025458
6566,-17.908865,1.0891128
6567,-15.491001,2.0918322
6568,-24.426962,5.496871
6569,-25.18642,1.9138033
6570,-25.166567,3.0350702
6571,-23.430758,2.8055944
6572,-20.512712,1.2437302
6573,-23.35828,5.032341
6574,-19.801983,5.93211
6575,-24.295189,3.1001747
6576,-24.11986,2.9492862
6577,-19.210768,1.5353514
6578,-21.909378,2.6246088
6579,-21.632215,2.183061
6580,-24.731236,3.2534196
6581,-19.297453,3.6096315
6582,-19.357153,3.1372447
6583,-21.571728,-2.4899747
6584,-17.313246,-3.1554885
6585,-18.107592,-2.3455875
6586,-16.178556,-0.998768
6587,-17.991264,-5.3417554
6588,-19.567175,-0.2962994
6589,-17.27912,-1.1645224
6590,-15.392478,0.7683196
6591,-20.565046,1.8378513
6592,-21.270454,3.3165765
6593,-20.621355,1.9375906
6594,-19.832376,1.1526937
6595,-19.904804,4.5562778
6596,-18.818058,3.2421408
6597,-19.61068,4.53051
6598,-15.004095,4.314378
6599,-14.621447,5.448407
6600,-15.353034,1.182768
6601,-16.848928,3.1479278
6602,-14.404856,-1.201624
6603,-16.07583,4.321238
6604,-15.414752,3.2863564
6605,-14.973404,4.239872
6606,-14.7021675,4.1528463
6607,-15.751953,1.6926622
6608,-16.448132,-0.08178601
6609,-19.91636,3.2741477
6610,-15.642578,1.8034364
6611,-17.332724,4.898445
6612,-20.423416,1.7364055
6613,-20.252207,2.6822896
6614,-20.668974,5.4398117
6615,-20.234652,2.3797362
6616,-18.822863,1.8789799
6617,-23.304928,6.211079
6618,-20.272738,7.180719
6619,-17.12285,6.299878
6620,-19.47148,5.6849804
6621,-20.102383,2.5103416
6622,-15.742724,3.293644
6623,-17.997683,6.5758367
6624,-15.978022,3.4595914
6625,-15.174624,7.3420377
6626,-18.593407,2.3850062
6627,-16.350876,2.6361902
6628,-12.810985,3.781842
6629,-8.9764185,4.4326005
6630,-11.826674,3.344156
6631,-5.649631,1.6021063
6632,-6.8368487,1.2015996
6633,-9.363595,1.5540781
6634,-16.90181,-3.033214
6635,-15.64739,-0.35465172
6636,-15.213876,-2.2239828
6637,-19.399775,-6.1929135
6638,-15.176007,0.71032417
6639,-13.746102,0.304875
6640,-11.821854,-2.3220572
6641,-14.60951,-1.8519818
6642,-17.711205,-0.08293599
6643,-19.082859,0.8557244
6644,-15.842417,4.5456204
6645,-12.811774,4.1986437
6646,-11.833052,5.3425035
6647,-11.7835655,1.8112311
6648,-17.668327,3.3516648
6649,-16.496294,4.652318
6650,-9.769238,3.3358982
6651,-11.478835,0.15187387
6652,-16.389078,2.0130942
6653,-15.7923,0.6753827
6654,-18.797466,0.3557062
6655,-18.379173,3.8667624
6656,-16.11241,7.1078105
6657,-14.266198,6.8180037
6658,-12.65784,2.2040262
6659,-15.822426,2.537811
6660,-17.060171,4.171376
6661,-18.79907,6.282579
6662,-21.471775,5.3858876
6663,-20.557959,4.3638673
6664,-19.480183,7.5641975
6665,-15.84938,3.369367
6666,-16.770088,6.287934
6667,-17.566689,5.6715317
6668,-15.26311,5.7754116
6669,-16.43059,5.6707687
6670,-20.050358,2.8800902
6671,-17.592554,6.100942
6672,-20.347588,5.0064807
6673,-20.55486,2.281841
6674,-19.141293,-0.041151416
6675,-22.558064,3.6923208
6676,-22.174648,3.226976
6677,-19.748251,3.562581
6678,-22.598845,3.864933
6679,-18.723343,5.376082
6680,-17.194807,2.6989987
6681,-20.41059,4.5475087
6682,-17.37276,3.955916
6683,-18.111063,5.571527
6684,-24.738115,4.761472
6685,-20.377941,2.4348097
6686,-22.735662,5.8725424
6687,-24.473946,7.620225
6688,-22.216555,5.484636
6689,-20.908003,4.2858224
6690,-18.72094,0.82812476
6691,-22.934856,2.9971507
6692,-21.492628,3.8496075
6693,-25.453585,4.7611313
6694,-22.72286,0.43598807
6695,-25.162245,1.3408154
6696,-23.119951,4.9595437
6697,-24.972483,6.2036996
6698,-26.314877,5.552738
6699,-25.570896,5.070361
6700,-28.44993,4.6420484
6701,-26.056072,4.6946187
6702,-24.827509,4.752306
6703,-24.698858,0.32495794
6704,-23.817968,1.2466905
6705,-23.959362,2.6249516
6706,-28.519005,2.5948637
6707,-25.607891,2.4409575
6708,-27.080458,3.655688
6709,-23.853449,7.9467783
6710,-26.122915,1.5137072
6711,-24.318226,-3.2758825
6712,-26.72566,-4.3969636
6713,-25.673286,-7.48641
6714,-24.144241,-3.6208513
6715,-26.917278,-3.9105694
6716,-23.565786,-3.384608
6717,-22.89638,-0.5267991
6718,-22.136854,1.3769757
6719,-25.57618,1.0785506
6720,-24.909266,2.1510642
6721,-23.034561,1.3644857
6722,-25.603746,2.6190867
6723,-23.039692,2.3527696
6724,-26.233717,0.21574019
6725,-25.027693,2.5425138
6726,-25.240656,3.529913
6727,-26.557478,3.0723436
6728,-23.89638,7.141059
6729,-24.8958,3.7903404
6730,-24.288025,1.8045313
6731,-23.76851,2.625052
6732,-27.264824,4.7083316
6733,-23.47551,3.8183436
6734,-29.869423,4.240018
6735,-25.878115,4.6609626
6736,-25.96417,5.9639826
6737,-24.194317,6.5615706
6738,-25.92491,5.3593016
6739,-23.485,8.262923
6740,-25.786339,5.504504
6741,-27.246887,4.447323
6742,-24.983002,8.025195
6743,-23.632975,6.5154176
6744,-25.956375,3.865234
6745,-25.673857,7.078394
6746,-23.492586,4.8291802
6747,-27.27453,2.1936052
6748,-26.448212,1.4000187
6749,-22.690882,3.668377
6750,-27.522135,1.2039927
6751,-27.10978,1.4702017
6752,-27.283106,5.0140557
6753,-27.97932,5.2392616
6754,-28.806198,4.545463
6755,-27.096014,7.923146
6756,-29.84339,5.4473786
6757,-25.233866,2.0863597
6758,-28.212954,4.129601
6759,-23.23556,4.935557
6760,-27.204153,2.7620084
6761,-26.610239,7.052234
6762,-26.751463,4.9507813
6763,-23.083872,6.7019563
6764,-25.667269,4.494994
6765,-22.517876,4.807781
6766,-24.364784,5.875939
6767,-20.23525,5.905986
6768,-21.2447,6.3132195
6769,-22.24025,7.8928885
6770,-20.989197,6.4979224
6771,-21.14669,4.031955
6772,-21.042416,3.2187383
6773,-19.528053,3.4538262
6774,-23.504744,4.7000275
6775,-23.911188,3.1398053
6776,-20.135227,4.503325
6777,-25.44235,2.0970752
6778,-23.526688,3.4640238
6779,-21.773148,4.2444415
6780,-18.94425,4.4815903
6781,-18.924526,4.049264
6782,-14.540009,2.243775
6783,-16.074545,4.346715
6784,-15.442275,7.0661745
6785,-14.506492,4.7469263
6786,-14.501909,4.385048
6787,-20.771004,4.409316
6788,-14.262739,6.724759
6789,-13.214972,0.41166514
6790,-17.228424,1.027273
6791,-16.905235,1.7041584
6792,-11.55337,2.1847224
6793,-14.018627,1.7771629
6794,-15.325313,1.8126017
6795,-17.955654,0.78720737
6796,-18.369442,3.9894261
6797,-17.55096,5.212047
6798,-18.932596,4.4517274
6799,-17.955215,2.801644
6800,-14.393993,4.1049867
6801,-11.554221,5.305744
6802,-15.994437,3.8587303
6803,-13.185483,5.0868354
6804,-13.404527,6.1412907
6805,-16.643084,4.8421082
6806,-16.504171,2.2596128
6807,-14.78394,5.052206
6808,-21.798018,4.6521254
6809,-18.486706,4.496506
6810,-22.311342,2.3564854
6811,-16.587284,2.2181008
6812,-15.648968,1.2006204
6813,-11.434141,3.373821
6814,-11.910373,0.044784058
6815,-11.650922,3.635842
6816,-11.839748,2.55123
6817,-15.1468725,1.6486938
6818,-16.9964,0.9933308
6819,-10.553627,3.1059616
6820,-9.938335,3.205491
6821,-8.751273,2.0872695
6822,-6.4130406,4.4836345
6823,-12.9408655,4.690841
6824,-11.667259,0.023075795
6825,-14.824012,-0.702864
6826,-18.606245,0.69436806
6827,-17.180752,1.8259987
6828,-17.997593,1.5490365
6829,-21.762316,-1.5570387
6830,-19.61844,0.8422709
6831,-19.46132,0.7269913
6832,-21.143845,4.7851124
6833,-23.360989,1.6336118
6834,-19.641932,1.1043359
6835,-19.933647,0.04243408
6836,-19.81836,2.001826
6837,-21.690414,7.934344
6838,-24.806181,4.700158
6839,-22.740343,1.0294691
6840,-18.23504,5.97732
6841,-20.497274,4.924019
6842,-24.765326,5.2434196
6843,-22.60554,3.2680252
6844,-24.830023,3.175749
6845,-24.748686,3.3760278
6846,-24.44697,4.6394763
6847,-23.48515,2.6481562
6848,-23.680395,5.9323893
6849,-20.862959,4.7458715
6850,-16.979967,2.0554154
6851,-21.150227,2.9502575
6852,-19.96343,4.0680094
6853,-16.819458,3.5770307
6854,-16.269377,4.6027455
6855,-22.164885,4.7635326
6856,-22.750078,2.028334
6857,-19.727139,3.4836123
6858,-21.541233,2.6974876
6859,-19.999268,4.076414
6860,-21.48857,1.2208346
6861,-22.76515,2.1397717
6862,-21.730371,1.6968508
6863,-23.242393,-1.0283235
6864,-20.043316,0.6685492
6865,-19.593346,0.6489093
6866,-19.412281,2.292478
6867,-19.399546,3.1641867
6868,-19.472095,2.0393414
6869,-19.28679,2.64078
6870,-20.828278,1.3259286
6871,-21.172428,2.1629343
6872,-19.237097,4.6862817
6873,-18.63456,4.993809
6874,-19.412342,2.803078
6875,-15.613559,6.27091
6876,-18.625416,3.5214512
6877,-19.3949,5.7856627
6878,-19.047838,4.2967362
6879,-22.060923,0.71122754
6880,-21.99655,2.1008565
6881,-18.4096,-1.3044943
6882,-17.477686,3.7826486
6883,-16.323181,2.7063792
6884,-19.226936,3.170745
6885,-22.257484,5.6966143
6886,-21.518084,0.85852885
6887,-17.873014,2.4476492
6888,-20.810661,4.536562
6889,-23.544634,5.1003103
6890,-22.37828,3.0861626
6891,-23.340502,4.072845
6892,-19.664236,3.5527556
6893,-23.034086,1.4939458
6894,-21.67853,1.348341
6895,-20.021576,1.4045702
6896,-17.330038,2.4822485
6897,-18.262253,6.166306
6898,-18.04547,5.6021943
6899,-18.67266,4.611974
6900,-17.2556,3.1560597
6901,-17.353342,4.6085253
6902,-19.507269,2.4950137
6903,-18.49596,0.3822958
6904,-18.135782,2.4789627
6905,-20.894354,1.9362656
6906,-22.31515,3.609595
6907,-21.433796,2.495872
6908,-21.0348,0.12924471
6909,-18.355406,3.0611212
6910,-12.457272,1.8752271
6911,-15.630949,3.2845347
6912,-16.516977,3.1251986
6913,-22.647675,4.4942427
6914,-21.996504,4.691602
6915,-21.385391,4.626799
6916,-23.070665,3.3450143
6917,-21.328016,4.2763186
6918,-20.201847,4.083318
6919,-19.45883,4.280382
6920,-19.2691,5.4549127
6921,-21.196377,4.033248
6922,-23.073149,6.837364
6923,-19.171581,6.897189
6924,-16.395792,4.1966057
6925,-18.30252,5.078743
6926,-21.071733,3.8253803
6927,-20.149584,6.0554156
6928,-20.770613,3.6847968
6929,-25.746717,4.7920146
6930,-25.60148,3.9975913
6931,-27.251575,5.3669734
6932,-26.57112,6.13852
6933,-26.822304,5.928386
6934,-23.801271,4.682122
6935,-18.118168,1.0745704
6936,-16.690779,3.5964527
6937,-17.959398,3.7341468
6938,-15.787983,2.5729344
6939,-15.21786,4.081407
6940,-16.55578,4.1981936
6941,-17.323107,3.9110987
6942,-17.36273,4.6705275
6943,-18.06576,1.3535615
6944,-20.204662,5.0205474
6945,-20.748098,6.5989585
6946,-20.06832,4.362987
6947,-21.105816,1.2389082
6948,-21.603964,2.0381691
6949,-22.521484,5.8854647
6950,-23.831675,5.385167
6951,-23.440489,6.0374384
6952,-25.228447,7.198277
6953,-25.577242,4.8436995
6954,-24.868916,4.726905
6955,-24.189177,2.5531743
6956,-23.261362,6.2762327
6957,-19.118128,5.551344
6958,-18.063866,4.829553
6959,-18.15917,1.589934
6960,-17.714277,2.2499845
6961,-21.660236,2.0566945
6962,-22.887709,4.4480395
6963,-24.307426,1.2755271
6964,-22.653967,5.3695593
6965,-22.549646,6.375826
6966,-23.01856,4.2111797
6967,-22.23418,4.776104
6968,-22.634167,3.2294111
6969,-21.612093,0.93056536
6970,-19.514812,2.8690233
6971,-15.350542,-1.0543116
6972,-16.319445,0.48180142
6973,-20.231417,1.666102
6974,-20.727667,1.8994169
6975,-20.54222,1.6717252
6976,-20.383354,4.4410515
6977,-20.058495,-0.166578
6978,-18.619127,-1.5071088
6979,-18.472195,2.0199838
6980,-21.778471,0.7375551
6981,-19.813883,1.7247283
6982,-19.58093,3.0749276
6983,-17.689974,-0.037774645
6984,-20.50642,-1.5931066
6985,-24.790379,-3.1932178
6986,-18.312317,0.084649764
6987,-17.755096,-0.8374955
6988,-20.27223,-3.5622113
6989,-18.743393,-4.6507745
6990,-20.44186,-1.6875817
6991,-18.767078,-2.0148597
6992,-19.989496,0.21318312
6993,-20.282263,-1.8763397
6994,-18.038254,-3.096751
6995,-20.25356,-2.1985683
6996,-18.752382,-3.9864907
6997,-21.306412,3.4178195
6998,-18.286772,1.3836713
6999,-19.574837,0.14673632
7000,-20.998526,1.7207484
7001,-19.980621,-0.53472805
7002,-19.440918,0.4327596
7003,-19.448856,-1.1694305
7004,-19.719973,1.2524781
7005,-16.688955,4.446272
7006,-19.230488,6.5428076
7007,-17.86848,2.2810028
7008,-19.495642,1.8320696
7009,-18.260265,1.25766
7010,-19.100065,1.8972574
7011,-18.194487,2.253437
7012,-19.953485,3.6630018
7013,-20.70177,1.4021343
7014,-18.457703,-2.937887
7015,-19.190538,3.5156083
7016,-20.905605,-2.1219275
7017,-21.634747,1.421193
7018,-18.180983,-1.6580963
7019,-17.403446,-1.79078
7020,-17.693993,1.7164279
7021,-22.493664,0.30695462
7022,-19.438381,-1.5115203
7023,-17.358683,-0.4508205
7024,-21.433186,0.441094
7025,-23.275581,3.1951194
7026,-20.649387,2.3269267
7027,-18.814486,1.9461995
7028,-20.90053,1.96244
7029,-21.887842,3.8821998
7030,-21.314272,1.8367321
7031,-20.579264,0.005914064
7032,-25.846115,-0.5899766
7033,-19.03902,0.047380015
7034,-20.147457,1.9366744
7035,-17.894894,2.859697
7036,-23.246098,4.537245
7037,-21.298462,-2.0901203
7038,-22.366816,-2.8817127
7039,-21.081577,-0.33029994
7040,-24.184708,0.7684486
7041,-22.21992,0.18689494
7042,-23.67604,1.2347538
7043,-22.223106,-0.6551551
7044,-21.260098,1.2439321
7045,-20.468897,3.5530505
7046,-19.89229,6.618194
7047,-21.527773,1.275429
7048,-22.564365,2.74776
7049,-21.461002,-0.24413712
7050,-18.6475,2.8896139
7051,-19.544075,3.4254854
7052,-20.907955,1.8927561
7053,-20.871477,1.9393636
7054,-20.760061,4.9420204
7055,-21.930979,7.3103356
7056,-20.811852,4.37804
7057,-21.603857,5.540092
7058,-22.81224,4.3550553
7059,-19.190323,3.2220845
7060,-17.646852,7.428995
7061,-18.653751,3.2169576
7062,-16.425245,4.742985
7063,-20.520765,6.485616
7064,-19.929054,4.829784
7065,-20.67403,7.4126973
7066,-20.417503,5.6430955
7067,-21.019188,4.4828806
7068,-20.166546,5.037894
7069,-16.248117,8.25665
7070,-16.952427,7.007254
7071,-15.164208,4.380921
7072,-16.090343,3.7012815
7073,-17.664639,4.837778
7074,-17.89246,6.5459967
7075,-20.674532,7.6428185
7076,-18.401657,4.2296915
7077,-16.839783,5.3748984
7078,-19.632946,6.5345573
7079,-18.838715,5.0964346
7080,-18.731873,4.042045
7081,-19.210537,4.5876055
7082,-18.839924,4.6258373
7083,-18.268526,6.86211
7084,-19.794283,6.3065534
7085,-19.27076,7.2710795
7086,-19.848621,6.952762
7087,-21.842318,3.9998777
7088,-26.47613,4.6981583
7089,-22.1001,2.0716476
7090,-23.53575,6.3036113
7091,-25.98876,3.733385
7092,-22.690329,3.883816
7093,-22.300419,2.0705416
7094,-17.710897,0.82430166
7095,-25.179045,-0.15347317
7096,-26.082935,1.2412745
7097,-24.918486,2.3406913
7098,-24.55533,2.9939568
7099,-21.93431,-0.21466428
7100,-23.087318,3.4754825
7101,-19.715227,1.6730511
7102,-21.204142,0.80493015
7103,-18.274897,0.28328726
7104,-13.982255,0.80991936
7105,-21.39229,1.4340255
7106,-18.65677,2.20342
7107,-22.823175,2.0369115
7108,-25.071795,2.301754
7109,-20.897207,6.2390347
7110,-23.586098,6.363984
7111,-19.999784,5.4977264
7112,-16.372515,3.4674406
7113,-19.721355,4.4086556
7114,-23.529802,2.2448804
7115,-25.707142,4.250497
7116,-22.77471,4.4959407
7117,-21.051493,7.8998294
7118,-18.113913,3.1660795
7119,-19.296482,8.689622
7120,-23.989809,8.786355
7121,-27.259205,4.8084364
7122,-21.722109,5.3305798
7123,-20.89758,4.0827246
7124,-21.58555,7.002337
7125,-21.433157,11.34776
7126,-24.307074,5.1078205
7127,-20.910742,3.7915778
7128,-17.1231,7.403149
7129,-15.546745,0.5667092
7130,-15.583697,1.4001081
7131,-16.709433,6.2796407
7132,-13.8010645,5.466852
7133,-15.905596,3.35359
7134,-13.334917,4.512067
7135,-15.996477,5.624266
7136,-15.012397,6.218837
7137,-16.51331,5.1158714
7138,-16.828728,5.6073117
7139,-17.605412,7.699874
7140,-14.366615,8.959814
7141,-13.124755,4.5096097
7142,-12.34413,4.260156
7143,-16.683136,4.102073
7144,-19.608955,2.1638842
7145,-13.886413,1.8690748
7146,-9.039722,7.178505
7147,-9.298022,5.450591
7148,-14.228407,6.1916127
7149,-11.881965,3.525899
7150,-9.310325,2.0852683
7151,-14.343791,6.168189
7152,-13.952636,6.3494296
7153,-14.941047,7.6807966
7154,-13.552462,7.347742
7155,-14.541931,6.9288974
7156,-12.003805,6.2290235
7157,-15.437058,3.940607
7158,-12.792888,5.5235505
7159,-12.257127,3.1649618
7160,-12.779749,2.6071916
7161,-12.785091,4.714672
7162,-13.656085,6.1988025
7163,-12.039349,5.596649
7164,-12.670135,1.9139544
7165,-8.425621,3.6501527
7166,-7.35777,4.0858827
7167,-8.686021,6.2039566
7168,-11.742987,9.823446
7169,-13.729966,8.36959
7170,-10.601844,2.6952791
7171,-12.030373,5.0354815
7172,-14.390189,5.0191174
7173,-13.1746,4.7381616
7174,-12.908574,7.9666243
7175,-11.469375,7.8059907
7176,-11.8941,8.354088
7177,-13.507347,8.359645
7178,-13.169067,6.600378
7179,-11.406611,8.724682
7180,-12.804988,7.958934
7181,-13.642231,7.2271166
7182,-12.932542,7.4492245
7183,-10.744465,5.045365
7184,-10.726456,6.388737
7185,-5.6883426,6.1454177
7186,-8.6225,5.05546
7187,-13.829722,5.5420337
7188,-13.626771,5.5052953
7189,-16.809689,5.506397
7190,-13.633863,5.0421605
7191,-11.144828,0.55936086
7192,-17.352942,6.8470035
7193,-11.667314,1.8615305
7194,-12.345889,4.2568445
7195,-11.129615,1.792632
7196,-10.76669,0.39049128
7197,-12.638146,1.3192003
7198,-11.268177,3.4808226
7199,-11.572264,0.26361838
7200,-11.564303,2.5070114
7201,-11.366016,2.8115878
7202,-14.433967,-1.3947252
7203,-10.661765,3.4090943
7204,-12.116267,2.356722
7205,-12.66735,3.4413254
7206,-13.104529,-6.381344e-05
7207,-12.928801,0.72042745
7208,-15.974661,2.1002214
7209,-16.178692,5.796657
7210,-16.309576,3.903266
7211,-19.672947,2.8334599
7212,-10.889517,5.474325
7213,-14.212883,3.4153588
7214,-14.355433,4.5293555
7215,-13.507882,2.6818614
7216,-12.19221,2.267544
7217,-15.006663,4.8494787
7218,-13.881475,5.8408537
7219,-11.454947,3.241684
7220,-14.27441,3.072369
7221,-12.011503,1.5252265
7222,-13.233566,1.065411
7223,-16.55294,3.6166384
7224,-18.535381,3.984488
7225,-19.498127,3.0433252
7226,-20.36943,1.4129776
7227,-21.804686,4.829665
7228,-20.587887,8.440312
7229,-18.9431,6.1149178
7230,-16.1227,8.923071
7231,-13.659809,6.989332
7232,-17.153353,10.049492
7233,-19.932215,7.9988637
7234,-14.837503,4.6629224
7235,-15.488252,4.0739856
7236,-17.93809,7.2031913
7237,-17.706318,9.240289
7238,-17.232956,3.28246
7239,-13.218053,3.449527
7240,-15.155807,4.952111
7241,-14.76289,6.710585
7242,-13.509541,4.2512555
7243,-13.2693405,7.9743567
7244,-14.455501,5.451652
7245,-13.636398,6.8802567
7246,-11.74263,3.679599
7247,-10.172715,5.1037564
7248,-15.352494,5.815915
7249,-12.8955,6.0316806
7250,-10.384856,5.229589
7251,-13.241626,4.631757
7252,-10.479807,5.458377
7253,-11.118252,6.1435165
7254,-10.752638,8.57762
7255,-12.804915,5.18259
7256,-12.821769,4.8111086
7257,-8.574124,8.308649
7258,-12.050794,9.31535
7259,-10.695886,7.840962
7260,-10.108586,7.238939
7261,-12.02938,6.608521
7262,-17.124832,2.8277938
7263,-14.830812,9.848271
7264,-17.568512,9.450703
7265,-13.4361515,7.4113917
7266,-14.880475,7.955634
7267,-11.163562,11.586337
7268,-13.4828415,10.386869
7269,-16.63323,6.123807
7270,-13.868594,5.782553
7271,-15.610788,6.7850513
7272,-16.648,6.2253656
7273,-13.279142,6.1479936
7274,-16.995712,5.2536993
7275,-18.859964,9.033278
7276,-15.968995,7.428738
7277,-11.54355,7.296053
7278,-11.172442,7.960232
7279,-9.000071,6.708872
7280,-10.424896,4.1141486
7281,-10.194671,5.264391
7282,-10.082184,8.248066
7283,-10.539388,11.603157
7284,-13.524896,5.304419
7285,-13.628484,5.2231374
7286,-13.091594,5.8483577
7287,-11.69213,4.2384696
7288,-14.43724,3.700647
7289,-18.681732,7.8234763
7290,-16.492918,5.388854
7291,-14.500687,3.8955107
7292,-13.682056,7.08936
7293,-10.310785,6.2104316
7294,-12.54889,6.8173003
7295,-11.6441765,6.5285254
7296,-11.544684,8.409044
7297,-13.039256,6.679178
7298,-12.854971,6.8637614
7299,-10.776464,4.61501
7300,-11.697558,7.826148
7301,-12.626026,4.57271
7302,-11.950947,7.112215
7303,-14.102657,5.727951
7304,-15.574736,9.870495
7305,-13.865726,3.9001174
7306,-13.82856,6.193975
7307,-14.213433,8.346152
7308,-12.8303995,8.283398
7309,-12.851168,8.837769
7310,-12.218409,7.3907495
7311,-14.7524605,7.2882767
7312,-14.370459,8.467313
7313,-12.420949,6.173157
7314,-16.846819,5.717289
7315,-15.443728,6.620683
7316,-13.928774,1.1827909
7317,-12.933722,7.5015764
7318,-13.283953,8.443967
7319,-12.634179,7.681127
7320,-14.96403,6.1733294
7321,-14.984356,7.468091
7322,-12.314845,4.2741504
7323,-10.860328,1.7050474
7324,-14.694062,5.025481
7325,-14.328598,5.52048
7326,-13.1261635,7.0754046
7327,-13.706625,6.95493
7328,-11.268817,1.5086828
7329,-15.725428,5.4150605
7330,-14.661768,8.062947
7331,-13.488853,6.277699
7332,-13.588888,8.074799
7333,-12.867642,6.076338
7334,-14.505306,7.9236083
7335,-17.222197,8.00101
7336,-14.985311,8.804736
7337,-13.945099,7.7454543
7338,-14.644331,7.188281
7339,-15.057961,7.3709946
7340,-13.4363985,6.854333
7341,-14.040165,6.5080743
7342,-14.670221,4.521087
7343,-14.672724,7.159305
7344,-10.8243065,10.752927
7345,-14.148565,10.362217
7346,-12.700454,7.1707697
7347,-9.772298,5.8792543
7348,-13.421071,5.6156898
7349,-14.6472225,6.4171987
7350,-14.974329,4.421683
7351,-17.574415,8.988477
7352,-15.040501,8.961057
7353,-14.775298,8.703539
7354,-14.47326,7.9899893
7355,-16.157492,5.800421
7356,-14.306616,6.0807133
7357,-14.465921,5.8263693
7358,-12.588666,7.3298154
7359,-14.512677,7.047039
7360,-19.470005,7.4019823
7361,-21.402393,5.0137873
7362,-15.604775,4.0220723
7363,-14.705224,7.5325665
7364,-14.702714,7.6848
7365,-9.647009,9.901173
7366,-15.576538,8.779904
7367,-17.699385,9.147391
7368,-14.175637,6.9118648
7369,-12.523113,8.797299
7370,-15.617331,4.4720945
7371,-12.116164,6.652546
7372,-13.566158,5.916405
7373,-12.79209,7.8930097
7374,-12.384174,5.279368
7375,-12.024943,7.049592
7376,-15.353451,6.658602
7377,-15.094093,6.1088395
7378,-13.903567,7.7828884
7379,-13.668365,4.191506
7380,-14.206255,5.88704
7381,-14.601374,6.8381333
7382,-16.538025,3.1027997
7383,-12.880529,6.7223587
7384,-13.289336,7.6064267
7385,-14.206795,8.03211
7386,-12.558984,5.929343
7387,-14.487035,5.371615
7388,-15.032605,8.238339
7389,-12.293202,8.746181
7390,-10.912743,8.996975
7391,-11.182912,7.0303235
7392,-14.138691,5.370579
7393,-11.872488,10.253339
7394,-16.439892,10.417302
7395,-16.070305,7.1807933
7396,-16.080112,6.15851
7397,-13.883433,7.6556897
7398,-11.307613,8.868302
7399,-13.223473,6.6492043
7400,-12.880335,7.246209
7401,-12.824171,7.034977
7402,-12.51992,5.797254
7403,-13.612631,7.357547
7404,-15.234761,6.1608644
7405,-14.403031,5.9157624
7406,-14.884961,7.6193776
7407,-13.38679,9.906902
7408,-14.757354,8.273813
7409,-14.130327,10.6645775
7410,-13.484559,6.7487216
7411,-12.3045,9.222021
7412,-15.0377865,7.304762
7413,-15.337877,10.026095
7414,-12.05728,10.949451
7415,-14.878779,8.047112
7416,-12.049706,7.515572
7417,-13.392594,5.5239625
7418,-13.039312,3.569618
7419,-10.361213,3.755083
7420,-18.149897,6.108697
7421,-13.773069,4.756211
7422,-11.995895,4.638743
7423,-16.33953,6.0437636
7424,-16.662247,4.933969
7425,-16.815716,6.582134
7426,-13.8510065,6.2104154
7427,-12.277313,4.429258
7428,-10.715821,4.3142257
7429,-16.11525,5.5760093
7430,-11.207271,6.719129
7431,-14.192344,4.3881125
7432,-13.443844,3.3676672
7433,-14.121185,3.9826055
7434,-13.616269,6.746782
7435,-13.032668,6.3666906
7436,-12.74508,6.9539866
7437,-13.647484,7.4662995
7438,-11.112798,7.338859
7439,-13.618571,4.250022
7440,-12.310666,6.099144
7441,-12.826474,7.154453
7442,-13.547284,6.365489
7443,-14.098991,5.0016646
7444,-18.076075,4.7624435
7445,-18.313164,5.286963
7446,-18.832285,4.1519523
7447,-16.36066,5.470424
7448,-20.197376,5.1207156
7449,-25.286598,0.5400379
7450,-20.478943,-1.1096593
7451,-20.692299,-4.173501
7452,-22.948334,-2.713101
7453,-22.520945,-4.6243525
7454,-22.324343,-3.0113573
7455,-24.485687,-3.027535
7456,-22.705175,-0.92803705
7457,-26.560678,-0.18179913
7458,-24.510199,0.9338481
7459,-24.739716,-0.8801967
7460,-25.644836,-3.4896104
7461,-25.280697,-3.430501
7462,-21.554504,-1.4488758
7463,-19.565815,-1.3351805
7464,-20.753828,-1.4971273
7465,-22.781258,-1.4830493
7466,-24.824318,-0.3340783
7467,-23.310759,-2.3931239
7468,-21.81489,-2.014799
7469,-25.04901,-0.5655939
7470,-27.664883,-2.239654
7471,-24.133068,-0.17969273
7472,-24.733053,-1.2762656
7473,-24.77037,-2.7057123
7474,-22.691887,-0.8709685
7475,-25.07398,-2.1475306
7476,-26.509474,-4.0495296
7477,-26.671003,-0.8399356
7478,-27.877693,1.9625605
7479,-27.385868,2.3095043
7480,-27.857826,1.1509589
7481,-24.5997,-0.9049095
7482,-22.496616,-0.6599801
7483,-19.03949,-0.4643985
7484,-18.403526,-0.36433122
7485,-16.7941,0.39177474
7486,-17.10053,-2.4201765
7487,-11.314304,-1.8868874
7488,-14.326412,-3.5554333
7489,-12.533295,-1.9631122
7490,-11.016198,-2.9635968
7491,-13.254202,-3.4514854
7492,-14.993483,-2.9571152
7493,-13.680487,-0.2611901
7494,-14.163435,-0.890234
7495,-16.03157,-3.5545218
7496,-17.405876,-1.2007142
7497,-19.9086,-3.8627324
7498,-16.848082,-0.8110564
7499,-12.970475,-1.5016261
7500,-13.413777,-1.7257051
7501,-14.078405,-2.38319
7502,-13.070386,-2.327766
7503,-13.049219,-3.106086
7504,-11.156021,-1.895215
7505,-13.110006,-2.2337837
7506,-14.165906,1.4503776
7507,-12.347372,-0.54929787
7508,-14.85673,1.6755192
7509,-12.793334,4.8897038
7510,-14.869337,0.717027
7511,-11.315446,4.551287
7512,-10.014545,3.6892767
7513,-13.132173,0.8601564
7514,-12.299712,3.141431
7515,-11.254453,3.6994386
7516,-10.23977,5.179626
7517,-12.403176,3.0996673
7518,-14.247369,2.4592261
7519,-14.77049,3.3038063
7520,-12.442094,5.105065
7521,-14.434878,2.0905712
7522,-14.749837,3.5301557
7523,-14.551176,1.7360971
7524,-14.005631,3.8008173
7525,-13.131206,-0.73640394
7526,-13.746626,1.8879832
7527,-12.980286,3.3039584
7528,-11.278707,5.10601
7529,-12.081194,4.566545
7530,-13.448534,7.231318
7531,-10.723886,5.6511617
7532,-13.231812,4.545663
7533,-14.864832,4.2551503
7534,-13.304352,3.58877
7535,-13.3374405,5.2835355
7536,-16.383066,5.613315
7537,-16.927439,0.29184043
7538,-14.647844,-0.8243326
7539,-16.59215,2.7915213
7540,-16.017803,5.9795303
7541,-12.91379,2.9687705
7542,-12.344523,4.772253
7543,-13.232205,6.6960654
7544,-16.290361,6.0585985
7545,-17.65915,6.008773
7546,-15.090223,7.1988244
7547,-11.869808,5.2223577
7548,-13.71446,10.683756
7549,-12.770243,5.3747954
7550,-13.314423,3.3553507
7551,-12.05372,4.04641
7552,-12.023558,4.0568666
7553,-13.453985,6.278149
7554,-11.512696,8.969306
7555,-11.693533,4.1734905
7556,-11.972862,7.982412
7557,-16.385197,4.372153
7558,-12.630916,3.1375775
7559,-13.314314,3.0856416
7560,-14.386798,4.881238
7561,-17.324945,8.695906
7562,-15.303693,11.004032
7563,-14.899873,6.4712195
7564,-16.850027,7.4874096
7565,-13.801686,6.06375
7566,-17.18453,5.4335504
7567,-15.468554,7.613004
7568,-13.5177965,3.5883646
7569,-14.083664,4.896341
7570,-11.293573,5.675509
7571,-15.4425535,3.2689505
7572,-15.117268,4.395339
7573,-18.056477,5.3997803
7574,-14.121515,6.3517103
7575,-14.594137,2.04243
7576,-13.63055,2.076201
7577,-13.74437,3.0239546
7578,-14.671924,3.3043342
7579,-16.382843,3.2584896
7580,-10.279566,5.6555967
7581,-9.5978365,5.811607
7582,-14.339162,8.177333
7583,-13.8340225,9.513706
7584,-14.29294,9.304643
7585,-14.375497,11.572917
7586,-12.205751,5.1532755
7587,-13.807987,7.086601
7588,-15.443524,6.851393
7589,-13.60316,7.7235236
7590,-13.065857,8.211387
7591,-12.933938,5.286198
7592,-13.72207,9.021467
7593,-13.2820215,7.994592
7594,-16.25058,6.5889573
7595,-15.375137,6.882081
7596,-14.082742,6.3039975
7597,-16.510231,6.394314
7598,-14.553227,9.364283
7599,-13.436449,6.2632084
7600,-16.158226,5.589834
7601,-13.200434,7.1044955
7602,-11.835599,8.805654
7603,-10.749566,8.467953
7604,-12.1309595,4.824657
7605,-15.220304,7.9805512
7606,-12.825419,6.6749215
7607,-13.16163,6.030342
7608,-14.236266,4.194216
7609,-11.85501,5.117678
7610,-15.203774,4.298304
7611,-12.142964,6.6319804
7612,-12.853309,2.9408243
7613,-15.443001,4.5496683
7614,-13.552436,0.21318287
7615,-9.67358,1.5841997
7616,-9.364329,1.6071419
7617,-10.387511,4.3947535
7618,-10.132742,4.362307
7619,-11.296568,5.610156
7620,-14.972873,3.7349844
7621,-12.837997,3.9768753
7622,-14.204868,8.504771
7623,-15.121335,8.638102
7624,-13.751543,6.354193
7625,-13.751774,6.979942
7626,-13.203727,4.671647
7627,-14.967126,5.5844083
7628,-18.04754,3.031588
7629,-13.98035,4.5279636
7630,-15.530181,1.7525188
7631,-11.839834,2.1966913
7632,-13.433984,2.8011904
7633,-13.053375,3.190365
7634,-14.681573,7.985466
7635,-12.347037,6.223558
7636,-13.718858,6.358541
7637,-14.856662,6.4018536
7638,-15.787879,7.8473735
7639,-14.316795,6.774528
7640,-13.744897,5.015711
7641,-12.45875,7.220406
7642,-12.276644,7.4709477
7643,-12.84783,9.426457
7644,-13.46888,6.7580514
7645,-13.567322,7.098904
7646,-14.924424,8.825675
7647,-16.415749,3.6725006
7648,-13.788793,4.8495836
7649,-15.919513,5.766021
7650,-14.195377,4.437505
7651,-12.925397,7.1715045
7652,-14.1866,7.129107
7653,-12.640959,4.487965
7654,-13.184648,9.468038
7655,-10.879034,9.045488
7656,-17.183352,8.248461
7657,-12.510621,6.691309
7658,-13.503501,7.4802413
7659,-13.004216,9.954174
7660,-11.535738,8.635682
7661,-13.093818,10.244949
7662,-13.865704,7.610937
7663,-12.397488,9.490575
7664,-11.664298,10.204396
7665,-9.328629,6.6973805
7666,-14.1396885,7.3758383
7667,-15.928365,5.7279854
7668,-17.335207,10.77299
7669,-14.962299,6.1268296
7670,-14.742581,8.064715
7671,-14.918962,7.1817155
7672,-16.525389,9.123926
7673,-16.196442,6.3633323
7674,-11.738793,8.927399
7675,-11.461815,7.282751
7676,-14.267816,9.727038
7677,-15.668685,9.345512
7678,-14.298906,10.85995
7679,-15.366404,7.5616503
7680,-15.770921,6.0219383
7681,-16.601252,8.022833
7682,-15.581798,10.98386
7683,-15.928424,7.03381
7684,-17.583471,6.0797977
7685,-17.073944,7.42259
7686,-16.79188,9.637472
7687,-16.26331,8.627187
7688,-16.55434,8.138616
7689,-16.981674,6.254473
7690,-17.168463,7.793919
7691,-18.459978,6.1701016
7692,-17.273365,7.5700107
7693,-16.370113,6.542859
7694,-14.780573,9.820612
7695,-14.219894,4.0037546
7696,-13.907081,5.949635
7697,-13.580153,6.059306
7698,-18.813536,5.535877
7699,-13.596198,3.9674935
7700,-17.335709,6.502643
7701,-16.38897,7.2327847
7702,-17.087318,6.3679814
7703,-11.985353,6.827282
7704,-13.521659,2.4092908
7705,-12.665559,3.2795362
7706,-9.136037,2.435796
7707,-7.4184837,4.905488
7708,-16.774515,2.363294
7709,-12.479777,4.969048
7710,-13.445814,9.932965
7711,-11.530978,4.237799
7712,-13.29576,5.964568
7713,-12.113069,5.809601
7714,-11.559344,4.1708364
7715,-14.935204,6.2347813
7716,-17.274519,9.235694
7717,-17.006676,8.225763
7718,-12.594215,5.7961903
7719,-11.813006,6.908296
7720,-11.592172,6.265263
7721,-11.788634,5.978902
7722,-12.251437,4.9473677
7723,-13.821263,6.8290167
7724,-13.166453,7.7539797
7725,-11.929279,6.149645
7726,-13.213616,7.684625
7727,-13.601525,6.924489
7728,-11.703845,5.912521
7729,-13.249827,4.65001
7730,-12.170997,7.909789
7731,-10.855456,6.323446
7732,-10.092615,6.5777946
7733,-11.995286,5.800693
7734,-12.833713,5.2400117
7735,-12.783485,5.168838
7736,-11.508491,6.2935376
7737,-12.559423,7.837014
7738,-12.483596,7.567205
7739,-13.3448,4.6106853
7740,-14.213309,6.9502316
7741,-14.230707,4.911498
7742,-15.488744,4.8994217
7743,-13.728025,7.5719104
7744,-14.386441,7.8060336
7745,-13.337038,7.57946
7746,-15.431713,4.7385316
7747,-12.351981,6.6110725
7748,-9.400164,7.6613646
7749,-15.827905,5.3133297
7750,-14.385956,6.822987
7751,-13.329939,5.5915537
7752,-14.587553,6.078941
7753,-12.97233,2.9408162
7754,-13.402269,8.646433
7755,-14.802976,6.567069
7756,-18.667892,6.916164
7757,-16.728691,8.365132
7758,-14.260546,6.2601204
7759,-14.126384,2.7646952
7760,-10.205508,5.148519
7761,-11.065442,4.4948864
7762,-10.849069,6.649454
7763,-11.267579,3.3610158
7764,-7.9047513,7.2279334
7765,-11.091494,4.2156596
7766,-8.811624,6.3351984
7767,-10.156065,3.0425339
7768,-11.309404,3.069064
7769,-12.82312,5.449823
7770,-11.926365,3.4072504
7771,-11.258845,4.9899035
7772,-11.586395,5.1894403
7773,-13.077859,4.906255
7774,-15.490098,2.973576
7775,-13.434615,7.118672
7776,-12.200012,7.377791
7777,-14.458565,2.5779064
7778,-17.638988,7.0702987
7779,-13.949312,4.2046227
7780,-14.870701,3.0123003
7781,-16.68291,4.9314055
7782,-14.493811,4.9423523
7783,-12.931447,5.472275
7784,-11.795968,5.5088735
7785,-13.0782995,5.865085
7786,-11.099924,9.092372
7787,-13.289707,7.472007
7788,-11.1580715,6.2890606
7789,-6.4244237,7.328994
7790,-8.403195,5.344434
7791,-7.1755037,1.42168
7792,-9.462677,9.222886
7793,-5.4264126,9.006356
7794,-7.571158,8.987375
7795,-10.66672,8.149346
7796,-8.500015,9.282456
7797,-10.245633,8.804779
7798,-8.853662,10.213509
7799,-11.129847,10.827983
7800,-9.467777,9.848398
7801,-14.548628,7.0333924
7802,-13.497516,7.1453686
7803,-14.049298,2.7012076
7804,-9.855093,6.446266
7805,-10.303549,2.21076
7806,-7.9353595,2.03099
7807,-16.42128,5.16082
7808,-16.864521,3.2859986
7809,-17.983109,5.026504
7810,-19.315731,2.6264842
7811,-16.147997,3.9330823
7812,-16.115097,4.179158
7813,-20.620035,3.5866635
7814,-14.834601,6.0662174
7815,-13.859713,4.4888034
7816,-13.5023575,6.179329
7817,-14.470518,4.8477535
7818,-9.434179,1.7581019
7819,-13.337254,2.3803983
7820,-12.34282,4.584404
7821,-14.423744,4.6850753
7822,-12.230052,3.8169339
7823,-11.584653,4.676419
7824,-9.636061,4.686107
7825,-4.1362014,5.472177
7826,-10.0418,2.416231
7827,-10.001063,1.128366
7828,-6.028058,1.4174972
7829,-8.38302,0.93752456
7830,-14.914077,2.1022189
7831,-11.015822,3.6697178
7832,-9.828591,-0.4271173
7833,-11.432105,0.3714949
7834,-18.491625,-3.209867
7835,-21.496151,4.219273
7836,-19.90079,4.7869086
7837,-21.407787,1.4113046
7838,-19.437893,7.012284
7839,-17.572264,3.3647306
7840,-17.706919,4.2924185
7841,-20.294094,5.296874
7842,-23.07024,4.4865623
7843,-23.82217,2.0020545
7844,-25.745235,3.1322458
7845,-22.46272,3.74879
7846,-23.313686,2.5975497
7847,-26.37124,3.9960806
7848,-25.656921,4.8413954
7849,-23.1586,5.600462
7850,-23.441448,4.3750095
7851,-20.758322,3.9308982
7852,-22.710047,2.5502784
7853,-22.18922,5.991808
7854,-20.687222,2.700285
7855,-22.854158,4.2256246
7856,-22.356083,7.6347814
7857,-21.655437,7.478129
7858,-20.48568,9.9714365
7859,-16.428007,4.4610114
7860,-22.139503,6.8756638
7861,-22.744534,3.0722182
7862,-20.590586,4.8885937
7863,-19.470457,3.2467508
7864,-21.151453,4.681233
7865,-20.25775,6.272964
7866,-22.57347,3.8625188
7867,-21.32808,0.3746905
7868,-22.332138,2.7900057
7869,-22.41087,6.7800374
7870,-19.710691,6.2722545
7871,-22.66739,7.189282
7872,-18.488516,6.2807584
7873,-22.550388,5.1489377
7874,-20.282593,3.58073
7875,-20.666325,8.547815
7876,-20.18485,5.2910595
7877,-19.149948,6.3613315
7878,-23.312971,6.888061
7879,-24.589489,9.405708
7880,-20.161257,5.678619
7881,-19.659805,5.422069
7882,-18.760942,6.7969065
7883,-19.477852,6.337175
7884,-20.975367,5.6696115
7885,-17.482792,7.107701
7886,-22.7597,5.4098883
7887,-22.05325,5.518021
7888,-20.82751,3.9943423
7889,-16.76985,4.9404855
7890,-21.60713,3.2628376
7891,-22.009571,4.6343403
7892,-14.948046,3.0917845
7893,-17.790821,4.8516717
7894,-21.31529,5.000886
7895,-22.170322,4.414276
7896,-21.51411,2.6628902
7897,-24.982666,6.3599095
7898,-19.01104,7.6732874
7899,-20.949707,3.6686687
7900,-20.614618,7.3643684
7901,-17.5098,8.248208
7902,-19.67649,8.308021
7903,-17.023657,8.303052
7904,-17.368134,6.9787602
7905,-14.18658,8.177156
7906,-17.847763,6.696559
7907,-21.99122,7.9092283
7908,-19.468393,6.7682166
7909,-15.898719,4.8401136
7910,-16.789192,5.4219956
7911,-17.846931,5.0503426
7912,-18.327557,10.051911
7913,-18.541626,6.7775054
7914,-19.666441,7.570832
7915,-19.523373,8.410275
7916,-19.365942,7.209243
7917,-20.697159,8.783312
7918,-20.102549,7.1127157
7919,-20.685127,10.006484
7920,-15.488786,7.6289926
7921,-12.275489,11.589551
7922,-14.558772,11.008789
7923,-15.081212,9.386837
7924,-16.395184,7.3189864
7925,-15.990967,8.009132
7926,-14.192509,7.733995
7927,-17.048378,9.120223
7928,-13.442046,7.7276387
7929,-14.770165,9.465452
7930,-14.619217,9.120342
7931,-16.723516,9.277466
7932,-18.27563,8.429374
7933,-14.162017,6.795946
7934,-12.566667,9.7662
7935,-12.642347,9.389082
7936,-15.867223,10.822108
7937,-14.050063,8.527976
7938,-12.327834,5.6625733
7939,-13.076835,7.8979526
7940,-13.742393,6.7671895
7941,-17.675777,6.2486887
7942,-15.635842,6.231691
7943,-15.109622,8.794885
7944,-14.241975,6.488442
7945,-14.489949,6.359689
7946,-15.971181,5.2328534
7947,-15.669797,5.066734
7948,-16.716797,5.572487
7949,-18.13724,7.1169515
7950,-17.414503,6.853099
7951,-16.707407,4.581167
7952,-14.105026,5.7424755
7953,-14.46484,6.111001
7954,-13.545243,7.2344036
7955,-12.029501,5.034261
7956,-13.424253,7.012967
7957,-15.262016,5.5287976
7958,-14.816295,8.526007
7959,-13.622693,7.13449
7960,-17.858803,6.492722
7961,-17.538961,6.1613984
7962,-17.371054,4.21046
7963,-12.900349,4.391615
7964,-15.577438,4.964615
7965,-14.141742,3.7515643
7966,-13.573335,4.7248983
7967,-13.853618,7.7442064
7968,-14.823532,5.2005243
7969,-16.922047,3.520465
7970,-14.911918,5.6521635
7971,-13.84182,8.337342
7972,-14.591684,6.247425
7973,-15.3272915,5.0565467
7974,-13.384621,9.79269
7975,-14.548972,6.2975197
7976,-16.272532,6.4055624
7977,-17.774973,5.7107105
7978,-19.583633,5.625606
7979,-18.772333,6.9428797
7980,-19.147284,5.8041253
7981,-18.561361,5.232561
7982,-16.842796,5.7612185
7983,-15.096197,6.085012
7984,-13.044425,7.9219294
7985,-13.283783,7.7911196
7986,-12.327999,3.9249547
7987,-16.45942,4.312474
7988,-16.926796,3.9139569
7989,-16.001564,2.452905
7990,-12.159231,4.63536
7991,-12.406503,5.2089424
7992,-14.303108,6.084038
7993,-13.543067,9.130945
7994,-14.077447,4.5071664
7995,-16.181873,6.311557
7996,-16.57349,7.349272
7997,-13.309372,8.90228
7998,-10.895187,8.016402
7999,-10.664597,6.649605
8000,-11.479885,13.627358
8001,-13.774832,8.176785
8002,-15.477293,9.852797
8003,-12.608751,12.583913
8004,-12.697991,9.375567
8005,-14.904224,7.036492
8006,-13.621491,7.648559
8007,-15.002725,8.774205
8008,-14.352713,7.7966976
8009,-15.636397,10.100377
8010,-18.785543,11.130315
8011,-17.928852,8.919875
8012,-17.461859,9.367803
8013,-18.003633,6.6143155
8014,-18.764368,7.0301876
8015,-17.083115,6.1166015
8016,-17.047249,8.220981
8017,-25.230635,9.458372
8018,-18.568071,7.9223943
8019,-21.258307,9.005081
8020,-15.421202,9.728804
8021,-17.893024,8.935231
8022,-18.76787,12.406162
8023,-21.60233,10.8358755
8024,-17.278265,7.515986
8025,-15.000631,7.0684276
8026,-21.93494,9.88504
8027,-22.483807,8.402196
8028,-23.06175,8.8131075
8029,-23.362236,9.494794
8030,-24.148098,8.344914
8031,-23.335636,7.9624357
8032,-23.354414,8.4960375
8033,-25.781813,7.928343
8034,-25.9203,9.741051
8035,-21.442787,7.356493
8036,-23.33017,8.277907
8037,-23.875706,6.137343
8038,-25.40707,7.822761
8039,-22.281384,9.671087
8040,-25.854982,10.251092
8041,-26.416834,9.522113
8042,-25.220066,9.339398
8043,-23.030964,8.56955
8044,-26.788546,9.906865
8045,-23.306444,10.50789
8046,-22.646843,8.611271
8047,-23.39428,10.092851
8048,-23.551693,10.619055
8049,-25.416578,8.116507
8050,-26.912634,10.780748
8051,-28.996828,8.380972
8052,-28.746708,9.778083
8053,-23.050776,5.3506656
8054,-25.0223,5.934132
8055,-25.866566,10.758579
8056,-24.705662,6.8278365
8057,-25.35878,7.678771
8058,-25.355278,8.391774
8059,-23.158897,7.1843524
8060,-26.0244,10.746795
8061,-25.519224,8.277818
8062,-23.994316,11.690453
8063,-23.42192,8.787345
8064,-23.658693,8.625641
8065,-24.86428,7.9017916
8066,-27.798344,7.3367295
8067,-28.28137,8.699295
8068,-27.585638,7.8846364
8069,-26.149176,10.414604
8070,-24.663956,7.7792187
8071,-26.043724,11.459216
8072,-24.697104,10.58425
8073,-23.132412,9.16218
8074,-23.23187,8.236747
8075,-23.99366,9.332626
8076,-21.468334,8.874574
8077,-24.3927,8.783238
8078,-24.2965,5.548665
8079,-23.23589,4.7484183
8080,-24.74621,3.637785
8081,-23.767447,6.46317
8082,-26.607763,8.046783
8083,-25.757097,7.4066205
8084,-23.600342,8.0902195
8085,-23.335577,8.125771
8086,-24.319273,8.803194
8087,-24.704042,5.983284
8088,-25.182095,7.6159387
8089,-25.145643,5.29454
8090,-26.727606,1.0342609
8091,-24.575144,3.6727438
8092,-24.163857,0.615907
8093,-23.44442,1.3894386
8094,-27.99495,1.5541748
8095,-26.274809,1.9988878
8096,-25.961155,2.1862702
8097,-25.164566,2.3308384
8098,-26.334686,4.438553
8099,-22.888111,2.773048
8100,-23.610903,0.12535845
8101,-25.974766,-0.32959095
8102,-22.118896,-0.0062406003
8103,-25.872637,0.558658
8104,-22.716024,0.51268107
8105,-23.810886,2.0558581
8106,-25.267666,4.177206
8107,-26.428135,5.06231
8108,-23.442942,8.944809
8109,-25.644588,7.775151
8110,-26.137522,5.854728
8111,-27.285696,5.372162
8112,-28.15696,4.193529
8113,-27.71778,5.947204
8114,-26.781527,7.437254
8115,-24.80649,9.666516
8116,-27.804491,6.3998017
8117,-23.570099,8.141248
8118,-27.018791,7.7239733
8119,-26.398617,2.666925
8120,-25.552635,4.362382
8121,-25.157436,4.8820357
8122,-20.379269,5.890789
8123,-22.116108,4.504257
8124,-22.106703,3.8978238
8125,-24.102898,3.0272145
8126,-25.779745,4.422782
8127,-24.488056,2.9364798
8128,-24.039894,0.8041189
8129,-28.426727,2.8791385
8130,-23.8376,5.5209804
8131,-27.73466,7.1043944
8132,-24.694056,6.444317
8133,-26.753056,7.4835687
8134,-25.57439,7.100917
8135,-20.321142,9.756836
8136,-23.387651,3.7770982
8137,-24.672054,8.71461
8138,-22.776985,3.2812388
8139,-23.578083,4.499239
8140,-23.409315,4.464076
8141,-22.040255,4.3650813
8142,-23.081501,4.5496674
8143,-25.71914,4.827253
8144,-27.584795,7.8703613
8145,-23.575832,5.67381
8146,-26.356873,6.4175696
8147,-24.236404,4.213194
8148,-26.539711,3.0387244
8149,-28.690283,4.7247777
8150,-25.527832,2.870512
8151,-26.94017,2.9403543
8152,-24.677223,4.7252293
8153,-25.233723,2.418195
8154,-22.327772,1.7195548
8155,-21.081095,5.2629037
8156,-22.533575,2.724984
8157,-25.308264,3.310075
8158,-25.003134,1.4353335
8159,-23.971136,3.329032
8160,-25.690527,2.7868888
8161,-24.881474,1.5492767
8162,-24.335789,3.1231792
8163,-23.82481,2.4107308
8164,-24.512972,3.416916
8165,-25.045834,4.694894
8166,-23.031624,3.7204604
8167,-21.750063,2.3568077
8168,-24.936573,3.700242
8169,-22.384027,7.326553
8170,-29.904139,8.335988
8171,-25.030413,7.750832
8172,-25.631397,3.0196972
8173,-23.247408,4.928701
8174,-24.29059,5.0023737
8175,-22.58626,9.449117
8176,-23.438005,5.6337323
8177,-23.254051,5.83493
8178,-25.116125,7.022674
8179,-22.859995,6.713248
8180,-21.8841,8.630055
8181,-23.443964,6.892496
8182,-23.215433,7.830367
8183,-26.632175,4.5928187
8184,-23.013012,8.146594
8185,-24.704258,7.160733
8186,-23.953592,5.0677967
8187,-24.394579,4.973868
8188,-24.624128,4.175876
8189,-25.23203,5.6608987
8190,-23.053905,5.65349
8191,-23.012146,3.2898273
8192,-27.388432,3.3009589
8193,-26.23676,7.282686
8194,-28.807327,3.8800433
8195,-30.014675,3.2675858
8196,-31.276962,4.5124288
8197,-26.907995,4.0701413
8198,-26.073214,4.930268
8199,-25.447334,6.4819207
8200,-24.741808,6.615025
8201,-23.385118,4.7199845
8202,-22.398745,6.2322564
8203,-23.133873,3.9840484
8204,-23.141861,7.6752305
8205,-24.542076,5.580063
8206,-23.08069,7.104555
8207,-25.567146,7.924229
8208,-24.738443,7.470062
8209,-21.700504,9.143268
8210,-21.904215,3.6830752
8211,-23.710796,6.029627
8212,-22.3363,2.4758365
8213,-20.996048,5.543661
8214,-23.503344,2.9697988
8215,-22.714407,5.420948
8216,-23.456589,4.3541245
8217,-21.093277,3.9351795
8218,-21.587,4.749906
8219,-23.412943,4.6753125
8220,-21.59811,4.7840905
8221,-22.497917,3.5495381
8222,-21.019611,2.5269206
8223,-22.386034,7.162428
8224,-23.709324,5.477666
8225,-21.116877,5.2958603
8226,-23.922873,4.0162163
8227,-21.783367,6.6104956
8228,-22.225714,5.920566
8229,-22.048838,6.5018573
8230,-22.38408,4.3431234
8231,-26.221287,2.6608305
8232,-22.421234,4.5793886
8233,-27.257883,5.477399
8234,-25.690657,2.3390248
8235,-25.673994,6.914182
8236,-22.644972,5.1336484
8237,-22.652803,2.0457244
8238,-21.350914,3.4603076
8239,-26.64857,4.501642
8240,-24.402992,6.286367
8241,-20.649788,8.751426
8242,-21.899261,3.806112
8243,-22.103699,3.010855
8244,-20.619001,7.6447926
8245,-22.493032,6.218077
8246,-20.186735,6.6083307
8247,-20.60461,4.417372
8248,-22.39113,1.4697815
8249,-20.305637,1.1617779
8250,-21.233118,0.8543963
8251,-23.754992,4.7826257
8252,-23.42744,-0.5007969
8253,-22.991632,1.9197594
8254,-20.578491,0.10129119
8255,-20.738625,0.23762617
8256,-22.232677,1.289768
8257,-19.859781,1.1131129
8258,-19.944956,-0.72680044
8259,-24.568626,0.83891845
8260,-25.987692,2.4466171
8261,-22.406363,0.60302895
8262,-21.62726,-2.3932412
8263,-22.725283,1.876289
8264,-23.839615,-0.19405629
8265,-21.267176,-0.97255796
8266,-24.811737,-1.6257988
8267,-22.121086,-2.8404665
8268,-20.511837,-0.7347857
8269,-18.866058,-0.6287099
8270,-19.77164,-0.6055915
8271,-18.158676,-3.5888872
8272,-17.857588,-0.08297131
8273,-19.3859,-0.038523927
8274,-16.558487,0.43217665
8275,-13.174142,0.019823797
8276,-17.659267,1.2150772
8277,-16.493032,-2.032993
8278,-20.485312,0.17836796
8279,-19.067167,1.9889032
8280,-21.206522,1.8827875
8281,-21.20494,1.6606746
8282,-18.678265,2.772733
8283,-19.658556,-1.4844015
8284,-19.413746,-0.4889111
8285,-21.629292,2.1834216
8286,-24.093998,3.6589613
8287,-22.261675,-0.524599
8288,-23.028622,0.71490085
8289,-23.28893,3.3648293
8290,-23.28267,1.345382
8291,-20.081596,1.4101034
8292,-26.209139,0.97868705
8293,-20.496103,2.2514963
8294,-20.580969,2.911337
8295,-19.856129,1.6394937
8296,-22.241766,1.9324033
8297,-20.572828,2.769455
8298,-20.846457,4.040508
8299,-19.169931,4.14642
8300,-17.903744,2.1304371
8301,-22.583424,2.1352203
8302,-22.015043,2.8087058
8303,-20.38455,1.521974
8304,-22.283916,2.4636474
8305,-20.553974,-0.06785845
8306,-20.532526,1.2713478
8307,-19.66669,2.6956613
8308,-20.88464,2.6794386
8309,-19.412148,1.4417697
8310,-19.6833,2.9142182
8311,-20.426888,2.649492
8312,-15.05049,1.6595999
8313,-16.922932,2.0253026
8314,-20.367273,2.3590956
8315,-17.46551,0.9661436
8316,-21.557983,3.0544095
8317,-20.405449,4.3631673
8318,-20.584063,7.854676
8319,-17.721226,3.833668
8320,-17.569172,5.383882
8321,-18.37274,3.1254075
8322,-20.1206,2.6208644
8323,-20.459034,2.7029393
8324,-21.940348,6.877319
8325,-20.619486,6.8587694
8326,-19.565496,1.8639375
8327,-23.298069,5.7507467
8328,-22.75383,4.6738605
8329,-20.911114,1.071512
8330,-23.398867,-0.4955291
8331,-23.583801,3.4602356
8332,-23.492592,3.8161283
8333,-21.041754,5.989999
8334,-21.671762,1.9416922
8335,-24.03382,3.418745
8336,-24.535265,4.0226607
8337,-25.18105,4.094335
8338,-23.226667,3.6381423
8339,-24.654442,4.4723415
8340,-26.275389,6.3792276
8341,-24.895985,5.361092
8342,-25.460793,3.8152268
8343,-24.630148,5.66555
8344,-23.087778,6.219163
8345,-25.413425,6.108641
8346,-22.751957,8.194558
8347,-21.059162,7.12673
8348,-19.79496,7.1272283
8349,-20.079395,4.88435
8350,-22.570908,2.0340543
8351,-23.256632,7.488745
8352,-24.165277,5.738573
8353,-24.015331,7.657372
8354,-25.423851,9.154632
8355,-23.456486,7.8376207
8356,-22.326525,5.8686566
8357,-20.825214,5.27841
8358,-22.94708,7.878052
8359,-21.01607,10.119493
8360,-23.798204,8.227288
8361,-22.174152,7.4284544
8362,-22.378994,7.477871
8363,-22.784687,9.896688
8364,-23.138414,7.172447
8365,-23.38711,6.3699403
8366,-22.886011,6.784865
8367,-22.619665,7.90894
8368,-22.48615,9.873527
8369,-23.688456,6.044472
8370,-23.902306,7.58986
8371,-25.327953,8.413079
8372,-22.651682,8.743183
8373,-21.00772,6.5393357
8374,-23.897293,8.427844
8375,-22.398638,8.995819
8376,-23.952332,9.614006
8377,-22.918133,7.4095364
8378,-22.000607,5.554954
8379,-24.007954,8.041741
8380,-24.467075,6.0398808
8381,-24.258068,7.268874
8382,-25.139387,2.9736054
8383,-25.811293,6.8333325
8384,-24.183126,6.0188084
8385,-22.297739,7.663661
8386,-25.279984,6.6579475
8387,-23.115946,5.3590937
8388,-23.335945,6.0878735
8389,-23.013222,9.131859
8390,-21.48898,3.3227673
8391,-21.023045,6.848232
8392,-22.546505,6.6157007
8393,-22.487886,5.4997993
8394,-23.029707,4.1677785
8395,-24.458437,4.977905
8396,-22.952116,7.6584964
8397,-19.821175,6.2278533
8398,-24.123913,7.85186
8399,-23.370184,7.1566777
8400,-19.980587,6.4047194
8401,-20.820038,4.912688
8402,-19.014744,8.349275
8403,-24.701654,7.728744
8404,-20.553467,6.6114874
8405,-22.089893,9.386454
8406,-21.113474,7.2665668
8407,-24.651127,5.7109027
8408,-22.669413,5.5858293
8409,-22.8766,6.861606
8410,-24.19192,8.222394
8411,-23.521318,8.018496
8412,-22.920155,6.2975807
8413,-18.860834,7.6042814
8414,-20.741488,6.091097
8415,-21.691814,8.593797
8416,-22.057646,5.766313
8417,-20.858183,5.5617476
8418,-22.289227,6.5498652
8419,-24.196577,3.7632453
8420,-22.14716,1.5311747
8421,-23.669836,2.8265712
8422,-23.866213,-0.6716426
8423,-22.346544,3.1597831
8424,-23.588707,-1.389443
8425,-21.583096,0.91144735
8426,-24.174051,-0.4034274
8427,-18.274689,-1.0549643
8428,-22.4096,1.248774
8429,-18.826906,-2.2252145
8430,-22.841564,2.6716912
8431,-23.237642,3.8258352
8432,-25.30195,4.125565
8433,-23.949663,2.529934
8434,-24.014505,0.27545428
8435,-22.664251,0.7871298
8436,-24.746809,1.8582416
8437,-24.640997,1.678093
8438,-21.981384,0.66227645
8439,-25.298422,-0.037969124
8440,-25.28618,2.0640934
8441,-25.251007,4.615837
8442,-26.081642,3.548601
8443,-24.580782,1.5190707
8444,-24.50825,3.7024927
8445,-22.531996,3.3315675
8446,-22.310722,1.2459809
8447,-23.159805,0.2970332
8448,-19.154802,0.7398119
8449,-18.479218,-0.7681197
8450,-19.891418,3.292322
8451,-21.676035,4.2035704
8452,-19.135895,3.3298638
8453,-17.34341,0.7454296
8454,-15.878879,0.2837259
8455,-21.464836,2.460421
8456,-23.476913,0.193421
8457,-19.032421,0.26804608
8458,-19.744236,0.13081618
8459,-19.998396,1.0609431
8460,-21.533743,-2.068722
8461,-22.091892,-2.613969
8462,-22.004,0.15540642
8463,-21.140642,2.3562322
8464,-22.277431,0.8026151
8465,-19.981033,3.5157146
8466,-21.91357,4.537722
8467,-21.712652,2.4185214
8468,-20.106398,2.894642
8469,-23.56141,3.6186366
8470,-21.76278,4.5540943
8471,-21.428083,4.0484705
8472,-21.612598,4.7941437
8473,-19.226315,5.958886
8474,-19.128677,9.457152
8475,-21.315737,7.5015497
8476,-23.07888,6.6003976
8477,-22.236677,5.892373
8478,-21.242798,8.748139
8479,-22.496084,2.1125624
8480,-22.720171,3.5566444
8481,-21.088858,5.806306
8482,-22.251497,3.7434406
8483,-19.947876,5.1257825
8484,-20.303736,2.8066468
8485,-24.18964,4.5386095
8486,-21.72766,1.686422
8487,-22.290112,1.9418751
8488,-22.577053,2.45899
8489,-21.38725,3.5817323
8490,-23.801422,3.5234807
8491,-21.773851,5.2066298
8492,-22.812037,3.867736
8493,-24.505123,2.7395914
8494,-23.373547,0.8018857
8495,-23.320066,3.5790262
8496,-24.256807,2.639031
8497,-23.911276,2.609855
8498,-21.403278,1.6192621
8499,-24.59081,1.9101669
8500,-22.661934,-0.51329243
8501,-23.587795,-0.18810758
8502,-22.19997,1.9187458
8503,-22.347744,2.2096045
8504,-21.946535,-0.5741356
8505,-24.89106,0.20232402
8506,-20.917889,0.5552326
8507,-23.825523,-0.99306214
8508,-23.122646,-0.6579923
8509,-24.15959,-0.36778635
8510,-23.764505,1.2072902
8511,-23.713339,-3.049116
8512,-22.934345,0.7055639
8513,-26.091904,-1.0237832
8514,-22.492426,-0.30959153
8515,-21.340008,0.28112778
8516,-23.934471,-2.3073099
8517,-22.732347,-5.5102096
8518,-23.95226,-3.1176884
8519,-22.479843,-1.8340288
8520,-22.358543,-3.940229
8521,-25.245909,-1.3624825
8522,-25.223429,0.5755616
8523,-23.886097,-0.156171
8524,-23.526299,-3.219707
8525,-23.56126,-2.572132
8526,-24.562883,-5.063483
8527,-25.169165,-5.8853736
8528,-20.212214,-4.9678707
8529,-21.710289,-2.4323096
8530,-24.798271,-0.64861345
8531,-22.117994,-0.17242031
8532,-21.838566,1.4069014
8533,-21.98762,-3.5986702
8534,-23.476126,-5.1093454
8535,-21.845785,-3.7432926
8536,-25.025505,1.1917224
8537,-23.569374,-1.9744129
8538,-22.96801,0.93586695
8539,-24.045313,1.541948
8540,-23.542385,-0.70699286
8541,-24.926434,0.39689308
8542,-24.783842,0.27045742
8543,-26.541573,0.77873343
8544,-23.29397,-0.4990268
8545,-23.586082,0.53971714
8546,-21.763922,-0.83042043
8547,-21.942472,3.368981
8548,-21.858917,-0.13409144
8549,-22.605328,-0.038102716
8550,-20.75269,-3.6583672
8551,-24.58823,-1.7303299
8552,-24.85282,-0.62549275
8553,-23.985458,-0.6428199
8554,-23.668875,-4.8274145
8555,-24.31471,-3.1857703
8556,-23.309,-2.3576655
8557,-20.405457,-3.286405
8558,-22.06934,-2.973589
8559,-23.960789,-4.158755
8560,-23.065853,-2.3690119
8561,-22.832474,-2.11787
8562,-23.003675,-2.129267
8563,-21.889538,-2.7707138
8564,-23.616562,-2.1480029
8565,-23.951889,-2.8926008
8566,-24.539236,-2.1080282
8567,-22.97291,-0.557417
8568,-21.549046,-1.6361861
8569,-22.630217,-1.1603016
8570,-23.367628,1.2304063
8571,-23.698662,-1.1561005
8572,-22.18147,-2.6511877
8573,-22.860806,-1.5724205
8574,-25.670797,0.9901671
8575,-22.633839,-0.3573458
8576,-22.136126,1.6146033
8577,-22.638968,-1.2896094
8578,-22.601372,-1.8730675
8579,-22.182947,0.7603135
8580,-21.63911,-1.7272353
8581,-23.416855,-1.8708872
8582,-22.305832,-1.6089092
8583,-24.11687,-0.045118902
8584,-24.073938,-1.8370091
8585,-23.665173,-1.5342559
8586,-24.940086,-2.2616985
8587,-24.062298,-2.6522834
8588,-21.164232,-2.521246
8589,-22.796024,3.192871
8590,-23.05479,-2.0800018
8591,-24.849718,-1.0938967
8592,-24.216587,-2.3560429
8593,-25.95127,0.23376586
8594,-24.596094,-0.6627187
8595,-22.712736,-0.78526896
8596,-24.039171,0.2568637
8597,-24.846558,0.41305944
8598,-24.719784,1.1064413
8599,-23.097925,-0.6416743
8600,-20.280884,-3.8577998
8601,-21.417973,-4.8804684
8602,-20.609179,-3.9219966
8603,-21.552032,-3.6142828
8604,-23.71135,-1.0755551
8605,-22.90068,-2.818938
8606,-23.891836,-4.818478
8607,-23.127321,-2.7696977
8608,-23.088446,-3.321143
8609,-23.611217,-2.9893725
8610,-21.609545,-2.3249931
8611,-27.195196,-3.682011
8612,-24.164658,-3.3233213
8613,-22.41293,0.14374554
8614,-24.877083,-1.7984154
8615,-23.433485,-0.83769906
8616,-23.429096,-0.2715135
8617,-25.487093,-2.89635
8618,-22.292778,-2.2667394
8619,-23.298752,-2.952186
8620,-23.775862,-3.725006
8621,-23.515789,-1.6557086
8622,-23.013586,-2.9188588
8623,-21.32596,-0.4021572
8624,-23.097155,-0.6112402
8625,-21.41962,-5.9595137
8626,-21.247261,-3.1908116
8627,-18.155851,-4.950559
8628,-21.714922,-2.4129658
8629,-21.794836,-6.02789
8630,-19.204098,-3.6412246
8631,-23.69924,-3.6698954
8632,-21.95629,0.19081213
8633,-21.743698,0.31593564
8634,-24.652294,0.2054393
8635,-25.229406,-1.3719211
8636,-19.043158,1.529972
8637,-20.835552,-1.2655883
8638,-18.579096,-1.9764438
8639,-23.661264,-1.4222302
8640,-23.63658,-2.1276398
8641,-23.86079,-1.477319
8642,-23.380407,-0.6053157
8643,-24.102028,1.3018929
8644,-22.101866,1.8514675
8645,-22.561737,-2.5418077
8646,-24.781631,-1.6171517
8647,-19.42734,1.2082406
8648,-22.332907,0.5555923
8649,-21.006601,3.358688
8650,-24.172209,-0.82056457
8651,-20.853748,2.8444815
8652,-24.159124,0.86802465
8653,-23.970428,-2.0397382
8654,-23.19802,-1.9966462
8655,-23.083927,-3.2550156
8656,-22.869896,-2.5296223
8657,-24.10952,-2.025088
8658,-24.310347,-2.8231037
8659,-21.231544,-1.5433452
8660,-20.150675,-0.35594636
8661,-21.686008,1.5921832
8662,-24.871208,-1.4350756
8663,-25.336933,-1.6852968
8664,-21.60642,-3.1062884
8665,-23.21075,-1.4159333
8666,-22.387352,-2.4990723
8667,-20.265392,-0.80211395
8668,-22.84946,-1.7103952
8669,-20.342224,-1.0453798
8670,-25.925653,0.3796929
8671,-23.72364,-0.12616925
8672,-24.67489,-2.0956936
8673,-26.771576,1.1726488
8674,-23.938126,3.9428978
8675,-26.106121,1.4717798
8676,-24.19144,2.62172
8677,-26.271505,0.6426642
8678,-25.621939,1.3470876
8679,-24.771002,2.7707877
8680,-25.779957,0.4385096
8681,-27.388968,2.2951899
8682,-18.81186,2.2421029
8683,-18.171516,-1.9681484
8684,-16.83643,0.056449674
8685,-19.571676,1.6235923
8686,-20.598438,0.63164836
8687,-21.32261,0.81778795
8688,-21.570417,2.1969678
8689,-19.154167,1.347924
8690,-21.162231,0.7096578
8691,-23.271631,1.4305371
8692,-20.55399,0.91193783
8693,-19.97124,2.987199
8694,-20.008165,7.2417965
8695,-21.687895,4.333496
8696,-19.955763,4.462301
8697,-20.784534,2.3193736
8698,-19.902235,2.5715313
8699,-20.999752,-0.85788643
8700,-22.779444,2.8995645
8701,-22.10451,0.31457466
8702,-21.456932,0.4951765
8703,-20.54314,2.4087222
8704,-20.050755,0.38207832
8705,-20.973316,-3.9388425
8706,-19.975384,-3.5523427
8707,-21.152113,-1.2085702
8708,-21.304804,0.34748438
8709,-23.374426,-1.7052147
8710,-20.88079,-0.92226636
8711,-19.799185,2.6235402
8712,-21.202047,3.0798392
8713,-23.435553,2.5206735
8714,-22.195265,3.3431098
8715,-23.372301,5.037101
8716,-22.570564,0.77730346
8717,-22.192898,2.768316
8718,-20.870886,1.171989
8719,-21.765759,0.61804646
8720,-22.551657,-0.8256485
8721,-22.835434,0.6602499
8722,-22.883064,0.9831279
8723,-21.565546,-0.06807859
8724,-19.970173,1.5029682
8725,-19.2476,2.1213233
8726,-18.041847,0.04215687
8727,-20.102186,2.94817
8728,-21.573761,1.4651885
8729,-20.687227,0.49383363
8730,-21.425669,-4.054055
8731,-21.37106,0.72890836
8732,-20.840939,1.3455055
8733,-21.840862,0.99590766
8734,-23.496368,1.5639107
8735,-21.00098,0.35192704
8736,-20.496445,1.4015648
8737,-19.134308,-0.5704468
8738,-21.792099,-1.1201892
8739,-20.432981,-1.2974368
8740,-18.19693,0.773229
8741,-19.823349,-2.8688407
8742,-20.218754,1.5330124
8743,-21.378504,-2.0911584
8744,-24.16372,0.15556161
8745,-22.598063,-0.35337844
8746,-20.475212,0.4756874
8747,-23.860811,-1.0057806
8748,-22.784203,-2.7132874
8749,-21.511892,2.0926032
8750,-24.010862,-0.2793261
8751,-23.026726,0.53983855
8752,-22.442234,1.9629864
8753,-21.29189,-0.9238086
8754,-23.24658,-1.3138611
8755,-22.375563,1.4484789
8756,-22.605345,-2.6214023
8757,-22.5404,1.2177062
8758,-24.81621,0.124293655
8759,-24.512205,0.13848507
8760,-25.688503,1.135252
8761,-24.00173,-0.25445837
8762,-24.26241,0.3067872
8763,-23.304007,-0.17404638
8764,-21.887573,-0.71494585
8765,-24.362633,-0.54024255
8766,-23.229446,-1.3863832
8767,-21.729462,0.6397374
8768,-22.038364,1.0171787
8769,-22.219683,1.5955483
8770,-21.094187,1.5086254
8771,-22.918427,3.0754836
8772,-20.14517,3.0011792
8773,-23.609829,1.2210946
8774,-21.78288,2.331684
8775,-20.549221,-0.30195516
8776,-21.716648,1.0027848
8777,-23.313423,0.62622446
8778,-21.539537,2.6380255
8779,-21.029278,2.9850829
8780,-20.59199,3.751286
8781,-18.262968,0.1704271
8782,-21.169767,1.5517915
8783,-20.381561,4.8001957
8784,-19.080488,2.4969046
8785,-20.897142,2.0943654
8786,-21.280092,0.9788472
8787,-20.881788,1.8502665
8788,-20.251053,-0.18651854
8789,-22.569056,2.6434326
8790,-21.343178,1.6327558
8791,-22.5244,2.7281463
8792,-21.573164,2.7336905
8793,-22.056541,0.89966035
8794,-22.969425,-0.2351325
8795,-24.52175,-3.1183865
8796,-22.339483,1.6014944
8797,-22.325779,1.0076058
8798,-21.133343,3.9894524
8799,-22.45315,-2.7782958
8800,-22.527119,-2.2025032
8801,-22.51438,-2.872743
8802,-23.723822,-2.774931
8803,-23.402742,-0.4568045
8804,-20.899235,2.1456454
8805,-22.599384,-0.3426117
8806,-22.577347,1.3788186
8807,-22.901978,-0.47769558
8808,-21.64489,0.5090527
8809,-20.922594,-1.372507
8810,-23.003178,1.671473
8811,-21.417843,0.5376339
8812,-22.115564,0.084346905
8813,-22.78876,-2.1403608
8814,-22.271416,2.4666066
8815,-20.437843,3.4992216
8816,-24.925476,1.4205295
8817,-22.47913,6.8989964
8818,-22.103569,4.5447702
8819,-19.874983,2.8082883
8820,-19.930119,3.7743895
8821,-22.604038,1.7467057
8822,-21.779232,4.7340994
8823,-24.584429,3.8921802
8824,-26.461056,2.9155567
8825,-22.96916,0.7214258
8826,-23.34639,4.031555
8827,-24.974012,2.5559065
8828,-26.236103,1.726437
8829,-24.571404,2.3030233
8830,-22.481604,-2.944371
8831,-22.938938,-3.0796957
8832,-22.3348,-2.7884119
8833,-20.958612,1.9270488
8834,-20.84731,-0.26551506
8835,-21.186817,-3.786925
8836,-23.975147,-0.29341757
8837,-22.572182,1.3904608
8838,-22.047535,0.499877
8839,-19.33157,1.3347149
8840,-24.659237,-2.185557
8841,-25.436327,-4.9235816
8842,-26.005962,-4.2257967
8843,-22.188593,-2.6503417
8844,-23.806122,-5.2799354
8845,-25.15336,-3.4192758
8846,-20.865278,-1.3259262
8847,-22.720184,-0.8243718
8848,-18.359842,-5.4704914
8849,-20.063232,-1.1134794
8850,-21.167625,-0.44701615
8851,-24.575043,-2.558007
8852,-22.005594,-4.3392563
8853,-19.033062,-1.5169693
8854,-19.828985,-4.039586
8855,-19.747602,-3.193122
8856,-20.257286,-3.6180663
8857,-21.793564,-2.8110225
8858,-22.534397,-3.1792464
8859,-24.082943,-3.1002386
8860,-25.032064,-3.5031786
8861,-26.740257,-1.5493035
8862,-24.0273,-4.5409822
8863,-21.576859,-2.6244872
8864,-25.193161,-3.6794524
8865,-24.266779,-4.3150268
8866,-20.752302,-4.0383425
8867,-19.942987,-2.5384672
8868,-17.531425,-3.4646552
8869,-19.243885,0.20952637
8870,-21.59483,-0.8186606
8871,-23.048002,-2.5223808
8872,-22.751543,-2.23239
8873,-23.298426,-1.0799702
8874,-21.730038,-0.62068737
8875,-18.984186,-3.1890469
8876,-17.81256,-0.54731935
8877,-20.575026,-3.4710329
8878,-18.44926,-0.9548432
8879,-24.743162,-3.4153528
8880,-22.207634,-2.3609498
8881,-26.224735,-3.3896635
8882,-24.916143,0.02467674
8883,-27.11837,-2.018374
8884,-25.13964,-0.74556786
8885,-28.808338,1.1569089
8886,-23.20478,0.5619857
8887,-22.559235,-1.7294861
8888,-19.473448,-4.0181675
8889,-23.241774,-2.0333176
8890,-20.992231,-1.5315152
8891,-19.82701,-0.52110803
8892,-21.661196,-3.1575685
8893,-23.663015,-3.0825279
8894,-23.688822,-4.6181083
8895,-25.828856,-1.6566797
8896,-21.556147,-2.425071
8897,-20.290134,-2.7328775
8898,-23.224627,-3.0404334
8899,-23.179127,-2.2424333
8900,-21.807856,-3.296428
8901,-21.554321,-4.7918577
8902,-19.348454,-3.5279555
8903,-22.667568,-2.4989836
8904,-20.17662,-0.5648905
8905,-23.154984,-1.2874054
8906,-23.39969,-2.2723615
8907,-23.584433,-1.4917294
8908,-25.054523,-0.16128334
8909,-23.3325,-2.1190007
8910,-21.719189,-0.8551875
8911,-21.580576,-3.2519803
8912,-22.424713,-3.219585
8913,-24.970032,-3.5148814
8914,-23.647518,-1.3162147
8915,-23.758669,-0.614669
8916,-24.520538,-1.0270545
8917,-26.148743,-1.6455514
8918,-25.478344,-1.4972584
8919,-23.733332,-3.3832994
8920,-23.365824,-3.5736976
8921,-22.307178,-0.78325975
8922,-22.477604,-2.9553788
8923,-27.32195,-3.1806982
8924,-25.04525,-6.2633653
8925,-25.461828,-0.81045705
8926,-24.863775,-2.050465
8927,-24.19267,-1.17377
8928,-23.602907,-4.026672
8929,-24.835903,-3.9765813
8930,-23.267742,-3.4069521
8931,-21.597534,-2.7659202
8932,-24.03573,-3.811157
8933,-23.482506,-1.9762744
8934,-22.760105,-2.1728067
8935,-25.538715,-2.396876
8936,-23.362059,-1.4564421
8937,-23.193476,-1.9015139
8938,-25.513565,-0.6852997
8939,-26.089056,-1.431307
8940,-23.309649,-3.2086384
8941,-23.677174,-3.5528772
8942,-22.844727,-3.191765
8943,-23.481363,-5.8567815
8944,-23.020765,-3.0884244
8945,-23.217413,-5.86823
8946,-24.030022,-3.6682572
8947,-25.038664,-2.2422242
8948,-22.752636,-3.7374659
8949,-21.794819,-2.1917725
8950,-22.010326,-2.1854393
8951,-23.97806,0.37011254
8952,-24.42606,-2.1360831
8953,-23.443142,-1.7563429
8954,-23.858095,-3.3235612
8955,-24.770958,-5.336171
8956,-24.631962,-1.8739544
8957,-19.895605,-2.1841834
8958,-20.90929,-2.209627
8959,-21.60341,-3.3664246
8960,-20.04034,0.16714826
8961,-21.541685,-1.1981627
8962,-23.340044,-0.12486093
8963,-25.487043,-0.38666925
8964,-23.96335,-1.8860401
8965,-24.6843,0.22051233
8966,-23.671713,-3.9646826
8967,-23.025764,-2.6650174
8968,-24.817713,-2.5215788
8969,-23.136744,-2.8868802
8970,-23.37134,-0.987133
8971,-24.970087,-2.4222376
8972,-22.651962,-4.1158276
8973,-24.296137,-2.5899673
8974,-24.838629,-3.1559532
8975,-23.010218,-2.666174
8976,-24.824133,-4.3364115
8977,-25.602797,-0.99264973
8978,-25.586023,-4.5103874
8979,-26.153664,-3.558614
8980,-23.083387,-2.793747
8981,-20.77405,-1.2682791
8982,-24.259542,-0.4025916
8983,-25.342655,-2.2789903
8984,-23.69001,-2.1294308
8985,-24.341108,-2.6471372
8986,-23.02537,-2.123175
8987,-19.787037,0.279677
8988,-24.207058,-1.3007306
8989,-21.624794,-1.9875376
8990,-25.496166,-1.1125022
8991,-24.56054,-1.6194566
8992,-23.597385,-1.316421
8993,-21.901058,-2.1129544
8994,-23.47421,1.0493177
8995,-23.774227,-3.1526709
8996,-21.703676,-2.8193243
8997,-23.862854,-3.710273
8998,-23.37378,-1.9664431
8999,-24.344006,1.3456423
9000,-22.16292,1.1841233
9001,-22.180372,-0.7774467
9002,-25.11862,-0.14462827
9003,-24.56744,-2.4126546
9004,-25.022451,-0.5219763
9005,-21.650686,-3.0289307
9006,-25.716297,-2.7854483
9007,-23.429049,-5.1369615
9008,-23.122562,-1.3932705
9009,-20.484554,-1.6227083
9010,-21.387106,0.6897925
9011,-20.660269,-2.8472419
9012,-20.505342,-2.5069
9013,-20.64106,-6.314809
9014,-21.651577,-1.4572358
9015,-23.038776,-2.0068057
9016,-22.847374,-1.5215361
9017,-22.979736,-0.6816005
9018,-23.05558,-2.0868497
9019,-24.722214,-0.084033206
9020,-22.9801,-3.2193055
9021,-23.409492,-2.7187643
9022,-22.953722,-0.32985058
9023,-24.973,-0.7166987
9024,-23.570652,-0.5525867
9025,-25.162878,-0.04597405
9026,-26.000265,-3.7119067
9027,-22.037966,-3.716764
9028,-21.667568,-1.5229849
9029,-23.090586,-0.041118827
9030,-23.103308,2.5256996
9031,-21.465313,-4.006195
9032,-22.8282,0.09655294
9033,-23.300745,0.34708133
9034,-22.28181,-2.094417
9035,-21.854174,1.3913318
9036,-24.090315,-1.7530594
9037,-24.491945,0.54539144
9038,-22.519543,0.6984105
9039,-22.649378,-0.94740945
9040,-23.26534,1.8347237
9041,-25.167156,3.2680824
9042,-22.80892,1.2151456
9043,-22.587818,0.072317384
9044,-22.829857,2.325076
9045,-25.022581,1.857027
9046,-23.272158,2.3348494
9047,-25.17265,0.4655709
9048,-21.630878,1.2110496
9049,-21.856035,1.2206329
9050,-21.957788,1.1244448
9051,-18.12944,6.426643
9052,-21.47619,6.3721375
9053,-19.64075,8.396171
9054,-24.5859,7.4452605
9055,-20.732265,4.153685
9056,-20.18608,6.4702744
9057,-21.323374,7.1756797
9058,-19.01901,5.021273
9059,-20.975714,7.4691744
9060,-20.787935,8.557782
9061,-20.988554,7.962539
9062,-19.103085,8.280738
9063,-20.45596,8.454298
9064,-24.261503,5.2609153
9065,-21.750702,5.935133
9066,-22.289927,7.877485
9067,-22.941452,9.727278
9068,-22.559776,3.053969
9069,-22.059877,6.857148
9070,-21.136395,6.607811
9071,-21.356543,5.4930105
9072,-17.53968,4.4277883
9073,-21.225042,7.319971
9074,-21.04015,7.0496597
9075,-20.884508,7.404819
9076,-19.66419,7.532983
9077,-18.939316,7.7997413
9078,-20.028711,7.689847
9079,-17.05211,3.790952
9080,-18.016794,5.0086546
9081,-16.014137,7.3015385
9082,-21.284294,6.8366547
9083,-20.23392,5.606198
9084,-21.453268,6.840491
9085,-20.972841,7.120163
9086,-23.26004,5.3625984
9087,-20.924044,11.959427
9088,-20.662357,11.4317465
9089,-19.92784,8.305494
9090,-22.450962,7.6366324
9091,-20.83664,7.8238783
9092,-19.38805,4.916045
9093,-21.46956,5.142356
9094,-21.645494,7.460795
9095,-23.991482,5.97023
9096,-18.53786,3.285923
9097,-20.650114,5.959641
9098,-22.030226,8.651082
9099,-20.036308,8.311378
9100,-16.945168,6.6469264
9101,-20.692291,6.102262
9102,-20.61699,4.509403
9103,-20.498722,9.556207
9104,-18.289642,6.8370748
9105,-19.072351,6.423666
9106,-19.102175,2.3727489
9107,-18.87372,5.3384395
9108,-18.037302,3.5378115
9109,-20.63007,3.4935322
9110,-22.724985,4.191561
9111,-18.87158,2.0840745
9112,-19.04836,5.3091745
9113,-17.78337,1.9558777
9114,-19.131533,2.7648091
9115,-19.532629,4.981509
9116,-20.59964,5.9426737
9117,-17.971216,2.6647644
9118,-17.230282,1.3104913
9119,-17.355486,3.8654552
9120,-20.549433,4.7524233
9121,-20.966341,5.5447464
9122,-18.414331,7.0130777
9123,-19.178528,8.963652
9124,-21.346224,7.6939816
9125,-18.190844,6.4725738
9126,-20.93794,4.990598
9127,-21.272663,3.8838065
9128,-21.126328,5.6947145
9129,-18.577406,6.7496924
9130,-18.871607,3.9137747
9131,-19.653204,6.1112037
9132,-21.007996,4.658205
9133,-20.958725,4.0569243
9134,-17.374264,8.075494
9135,-17.011154,6.8152995
9136,-19.164505,7.9689837
9137,-18.108751,11.627353
9138,-18.461468,10.705249
9139,-22.63699,10.909514
9140,-20.823034,7.0534344
9141,-23.587044,8.09438
9142,-20.130255,9.250789
9143,-19.617579,9.213069
9144,-21.92608,10.908483
9145,-22.563616,4.680801
9146,-19.902235,7.327064
9147,-20.613575,9.071491
9148,-21.655096,6.0290728
9149,-21.461348,6.521786
9150,-21.819582,7.253545
9151,-21.10977,5.935403
9152,-22.329811,7.961794
9153,-22.124866,6.2380223
9154,-22.530823,7.486514
9155,-21.94209,9.882744
9156,-20.13535,5.416964
9157,-20.94704,4.9919567
9158,-17.730059,6.1782255
9159,-21.188425,6.337969
9160,-18.63163,6.0806584
9161,-21.405043,7.956496
9162,-18.221207,3.9808652
9163,-17.37411,6.64782
9164,-16.320248,4.9520574
9165,-18.200745,6.584615
9166,-16.537954,8.7619915
9167,-18.892199,11.89626
9168,-20.205286,12.144317
9169,-24.39497,10.091117
9170,-18.781927,10.342506
9171,-18.59555,9.332077
9172,-18.851805,7.964691
9173,-21.05973,8.471674
9174,-20.326822,9.490035
9175,-20.118076,7.292728
9176,-21.247011,7.795552
9177,-21.845978,6.858077
9178,-20.9577,6.6250763
9179,-21.233963,9.086837
9180,-19.930826,10.989678
9181,-20.637896,10.575411
9182,-19.41289,10.949458
9183,-22.669704,10.053321
9184,-21.302526,8.359287
9185,-17.507769,11.005332
9186,-17.7621,7.227436
9187,-18.139915,5.8531456
9188,-19.532175,6.585969
9189,-20.04326,8.890558
9190,-22.953354,11.331179
9191,-20.820314,6.7594886
9192,-21.61983,9.355457
9193,-20.348293,8.470303
9194,-21.271334,3.9371898
9195,-23.098759,6.7093945
9196,-20.523281,6.926131
9197,-19.317087,7.825194
9198,-18.08296,8.278742
9199,-17.267605,11.058771
9200,-19.64945,5.7999187
9201,-19.49369,6.265092
9202,-21.017477,12.385566
9203,-19.39556,10.229016
9204,-14.638118,5.2676616
9205,-17.231483,5.7616143
9206,-18.834175,9.344157
9207,-16.617973,7.3039136
9208,-16.266762,6.411875
9209,-11.433327,9.347162
9210,-12.871804,8.287105
9211,-15.876088,8.830771
9212,-19.908884,9.03929
9213,-17.398516,8.824242
9214,-15.828601,6.515911
9215,-15.884599,7.340009
9216,-14.998699,7.765824
9217,-17.150536,4.4192076
9218,-18.199594,7.495041
9219,-16.631163,7.2747397
9220,-16.62049,9.849294
9221,-14.769662,8.98026
9222,-16.32208,6.1751065
9223,-17.544724,9.889454
9224,-13.797168,8.404617
9225,-11.027626,8.697744
9226,-9.211275,7.8893456
9227,-19.55334,6.5729175
9228,-21.355766,7.123233
9229,-22.3333,7.136435
9230,-20.277018,3.7541637
9231,-23.458452,-0.5700567
9232,-20.741117,-0.4443343
9233,-20.952637,0.22521925
9234,-22.39625,0.7036908
9235,-21.36203,1.5311041
9236,-21.218649,5.7412443
9237,-21.734722,1.6040885
9238,-12.785582,5.4756985
9239,-6.974553,0.834243
9240,-6.574498,5.1765037
9241,-10.0588875,5.411018
9242,-15.166126,4.768187
9243,-20.29133,8.752958
9244,-19.866066,7.735308
9245,-12.861423,4.5456176
9246,-20.396809,3.906248
9247,-21.679878,7.277638
9248,-20.837782,9.887301
9249,-22.265255,7.6465244
9250,-18.703459,9.464532
9251,-17.937048,6.5863276
9252,-16.004581,7.0743155
9253,-16.782862,7.6606207
9254,-21.906958,6.5717726
9255,-16.21254,7.8353486
9256,-15.937398,8.008371
9257,-16.213112,5.2435737
9258,-17.07458,8.517283
9259,-11.02697,6.671086
9260,-8.1714325,11.917969
9261,-7.5126357,10.472691
9262,-5.103713,7.466795
9263,-6.349784,7.6137333
9264,-10.730708,6.841377
9265,-9.078021,7.5232487
9266,-11.291605,7.685774
9267,-13.290403,8.338238
9268,-14.468237,9.8732195
9269,-16.213392,11.094847
9270,-20.985992,8.74455
9271,-19.42999,7.4444933
9272,-17.820267,10.533427
9273,-16.640068,11.55748
9274,-19.49491,9.343399
9275,-14.68643,11.156399
9276,-16.046831,11.738358
9277,-17.60244,11.252912
9278,-17.999763,8.697843
9279,-19.709894,9.765042
9280,-23.895773,7.543007
9281,-20.93154,11.588491
9282,-19.021502,9.309677
9283,-16.872314,9.256752
9284,-18.613184,8.690763
9285,-16.907766,9.239401
9286,-17.556332,11.189546
9287,-20.236378,7.314943
9288,-21.91785,6.7783756
9289,-22.852404,7.1961937
9290,-22.495222,7.084546
9291,-19.487223,7.273851
9292,-19.808592,7.837327
9293,-21.758566,5.914228
9294,-22.562088,7.82068
9295,-20.3352,7.151322
9296,-20.184296,9.590607
9297,-19.591314,8.202917
9298,-22.003853,8.156338
9299,-21.039051,6.6097274
9300,-22.339458,6.4434156
9301,-21.806852,7.5140038
9302,-24.91931,9.881312
9303,-21.439327,6.3299294
9304,-17.61001,4.8877788
9305,-22.552298,5.8695464
9306,-20.844078,4.8182964
9307,-23.272785,4.8848004
9308,-23.052732,4.6099844
9309,-23.75799,5.200135
9310,-23.897371,6.6717873
9311,-22.225395,5.9687433
9312,-19.22553,4.377965
9313,-20.670805,6.4487224
9314,-19.381401,6.846926
9315,-19.96834,4.6948276
9316,-19.078478,9.157386
9317,-22.43639,8.848974
9318,-21.222744,8.221511
9319,-20.224344,6.526264
9320,-19.938866,7.308655
9321,-19.948286,8.315623
9322,-22.713696,7.7230353
9323,-20.66483,10.129783
9324,-19.975603,7.7105627
9325,-19.76565,9.034509
9326,-18.888737,8.33336
9327,-19.642532,8.501422
9328,-22.810541,7.781807
9329,-18.564926,5.692799
9330,-15.946952,5.6828403
9331,-13.778124,7.893135
9332,-16.852257,8.371046
9333,-17.544806,8.224479
9334,-13.460408,8.72441
9335,-16.376589,9.019509
9336,-18.722195,10.514658
9337,-15.751227,8.061277
9338,-15.185271,13.54652
9339,-19.675951,7.1862407
9340,-17.361435,7.542162
9341,-20.794014,9.05873
9342,-16.595997,10.601233
9343,-17.471237,8.747755
9344,-15.875762,10.559645
9345,-13.51989,7.768526
9346,-9.538628,7.755021
9347,-13.2881365,10.621021
9348,-14.853026,10.879698
9349,-14.577715,10.050735
9350,-20.051466,11.010393
9351,-22.089277,8.813394
9352,-22.348036,10.724661
9353,-19.238884,8.334386
9354,-21.953302,9.064488
9355,-18.277534,13.993845
9356,-17.799208,13.039446
9357,-18.613518,10.814672
9358,-21.315615,11.40396
9359,-20.985502,13.025033
9360,-19.595425,14.167758
9361,-19.586535,10.946134
9362,-22.586096,9.971343
9363,-21.172726,11.104029
9364,-19.71275,11.733135
9365,-21.032393,10.68434
9366,-22.189459,10.222886
9367,-22.413088,11.719243
9368,-19.480059,7.545713
9369,-21.368355,7.687849
9370,-20.667303,9.0621605
9371,-22.02339,6.8530827
9372,-19.586903,10.006904
9373,-21.707005,11.546545
9374,-20.465696,10.986497
9375,-14.954052,9.276285
9376,-18.417757,8.577116
9377,-21.13904,8.532531
9378,-21.736376,6.940157
9379,-19.51252,8.408094
9380,-18.892466,9.254427
9381,-19.873926,6.1890616
9382,-20.398842,6.118958
9383,-21.410187,6.841628
9384,-22.17653,7.798283
9385,-18.790173,9.74862
9386,-19.090454,6.3191075
9387,-16.490442,3.9285376
9388,-17.26144,6.937469
9389,-17.798296,6.026121
9390,-17.375134,3.0276825
9391,-19.435,8.239227
9392,-23.47181,7.8321657
9393,-19.015505,6.321779
9394,-15.098466,6.3476553
9395,-20.260662,4.379344
9396,-14.585685,3.5691962
9397,-17.085812,9.2287445
9398,-17.73996,8.586549
9399,-12.069521,3.2177186
9400,-13.570131,5.028039
9401,-10.578646,6.968809
9402,-15.560853,9.298522
9403,-21.383812,6.8060446
9404,-20.978466,5.686393
9405,-23.50151,1.5948998
9406,-20.19902,3.5841165
9407,-20.573206,5.188391
9408,-18.346989,4.0630774
9409,-18.026257,10.460478
9410,-17.088285,9.30346
9411,-21.649204,11.981277
9412,-23.526026,11.876616
9413,-21.966972,7.78057
9414,-19.25428,9.148375
9415,-20.479721,8.716861
9416,-21.017483,6.3212857
9417,-15.556818,7.9382606
9418,-15.650436,6.538482
9419,-20.302862,7.501983
9420,-21.356936,7.7351646
9421,-20.717321,9.273809
9422,-19.1444,6.3072596
9423,-21.146772,5.54741
9424,-11.676958,3.2101734
9425,-13.375144,6.0608363
9426,-11.012186,6.3651724
9427,-16.96966,4.649802
9428,-17.714094,3.6325424
9429,-18.751236,5.73184
9430,-21.754393,4.372165
9431,-17.59075,5.496203
9432,-21.880085,6.732016
9433,-21.373692,6.160991
9434,-19.656038,4.592897
9435,-18.32577,5.22517
9436,-17.55137,7.5928473
9437,-19.227297,6.8925548
9438,-16.706224,6.4126525
9439,-15.99381,7.992868
9440,-18.412914,8.580193
9441,-15.67721,5.102147
9442,-15.041902,6.66594
9443,-17.468693,5.8710847
9444,-13.850957,9.474986
9445,-15.736929,8.278015
9446,-15.372671,8.999801
9447,-18.754164,9.66498
9448,-17.702229,9.857246
9449,-18.983906,9.784967
9450,-20.068407,8.839881
9451,-22.053642,8.240011
9452,-21.325632,9.322367
9453,-16.409925,9.169706
9454,-17.340933,9.499961
9455,-18.104534,11.090144
9456,-16.43221,9.986933
9457,-18.374441,10.414371
9458,-8.756034,11.303956
9459,-8.898345,10.339001
9460,-7.008812,12.109971
9461,-9.569925,11.752398
9462,-13.1910305,11.094675
9463,-10.738317,12.93469
9464,-8.5932455,11.343036
9465,-9.8928585,9.120355
9466,-7.117634,9.766724
9467,-8.089601,10.732422
9468,-5.2292104,6.61657
9469,-5.727224,9.265352
9470,-7.350701,4.0763216
9471,-3.3820107,3.4847043
9472,-12.344026,6.328622
9473,-16.109116,6.8252444
9474,-21.035183,8.655145
9475,-19.879715,9.36775
9476,-16.771801,5.5360446
9477,-21.872179,9.705812
9478,-19.354519,12.040209
9479,-17.68706,9.701757
9480,-20.35131,8.924001
9481,-16.053541,6.86986
9482,-17.88056,11.054525
9483,-17.084751,10.810753
9484,-18.827745,7.3769183
9485,-18.14939,6.3717003
9486,-21.166351,5.4310045
9487,-21.12827,5.602406
9488,-23.202847,4.361685
9489,-22.121796,4.433242
9490,-22.44224,4.263117
9491,-20.008846,5.268401
9492,-22.94371,4.6107664
9493,-20.557142,5.586262
9494,-17.048698,4.6100874
9495,-21.989378,2.328721
9496,-22.151564,2.3123395
9497,-23.78535,6.4887404
9498,-21.487532,7.0908494
9499,-24.82256,7.7966523
9500,-21.356756,5.936766
9501,-19.197495,4.480974
9502,-16.502533,4.521793
9503,-15.073723,2.9870055
9504,-10.14659,5.2956195
9505,-12.075266,4.7823544
9506,-13.743401,4.838944
9507,-12.346038,7.3085566
9508,-8.218961,10.726213
9509,-8.99601,9.021682
9510,-11.222626,7.0888343
9511,-16.957582,6.600718
9512,-17.57213,7.06857
9513,-13.781285,7.6133327
9514,-12.373691,6.78356
9515,-19.48724,7.6403418
9516,-12.265009,6.788067
9517,-8.511696,7.1401577
9518,-10.2026005,6.5433936
9519,-14.299795,8.324313
9520,-8.024362,9.272588
9521,-10.163789,10.339368
9522,-13.691565,8.161804
9523,-11.513436,11.41075
9524,-8.727275,9.407838
9525,-12.367531,7.7181454
9526,-12.585669,11.094388
9527,-16.493559,9.302206
9528,-21.214514,6.9957485
9529,-14.832869,7.0502763
9530,-16.069052,4.472149
9531,-13.637363,10.547629
9532,-17.569578,11.698756
9533,-16.312975,5.3002286
9534,-11.829454,6.042898
9535,-9.786129,6.09479
9536,-9.884175,8.85875
9537,-10.580726,10.842708
9538,-10.327684,11.209375
9539,-18.16522,9.659914
9540,-21.374834,10.56124
9541,-20.671207,9.710264
9542,-20.93937,8.617001
9543,-20.851036,10.962181
9544,-21.807352,10.07986
9545,-22.628939,13.875214
9546,-18.239893,12.162011
9547,-20.711763,12.024588
9548,-22.697136,10.716596
9549,-22.260239,12.229317
9550,-22.095615,5.2063355
9551,-20.609947,8.230116
9552,-21.146786,10.024743
9553,-19.309309,11.137792
9554,-22.031109,5.5105767
9555,-19.712975,4.172691
9556,-20.045712,4.2391953
9557,-19.81192,5.306327
9558,-18.833109,2.870136
9559,-23.271324,5.58336
9560,-22.023975,4.186265
9561,-23.59481,6.282745
9562,-25.416033,6.991025
9563,-19.067553,4.8059645
9564,-18.526222,6.5860934
9565,-20.97771,7.551301
9566,-21.170027,9.2215
9567,-18.88319,6.5715466
9568,-22.702703,8.338934
9569,-24.849781,8.684595
9570,-25.579432,3.263407
9571,-24.308962,5.1818643
9572,-20.664194,8.53258
9573,-24.80634,1.8220044
9574,-23.491594,3.4511828
9575,-23.287708,5.577035
9576,-21.835041,6.163988
9577,-23.91989,5.702617
9578,-22.554094,3.8632212
9579,-17.91644,2.901554
9580,-19.612717,0.59853154
9581,-24.101927,-1.2047956
9582,-21.087423,2.4787242
9583,-19.702103,2.2850838
9584,-18.53277,6.0788856
9585,-19.810162,8.970727
9586,-20.353838,3.0734763
9587,-18.647379,5.114744
9588,-18.124598,3.9039974
9589,-19.784046,7.9337063
9590,-20.66448,6.5802484
9591,-22.325884,7.80145
9592,-20.773565,5.6073103
9593,-19.640461,5.299375
9594,-20.25607,8.086573
9595,-19.489948,9.494658
9596,-20.458004,9.391811
9597,-18.0851,8.922484
9598,-21.624065,6.972704
9599,-23.159494,9.908295
9600,-24.176561,6.090162
9601,-21.684391,8.271878
9602,-20.503426,9.054437
9603,-21.766441,9.569342
9604,-20.98929,8.936308
9605,-21.56623,7.159874
9606,-22.819853,9.302558
9607,-20.43954,15.820291
9608,-21.861683,8.218049
9609,-17.658316,8.4755125
9610,-17.005058,9.053855
9611,-16.851744,9.723026
9612,-16.23467,10.527469
9613,-19.133535,8.343526
9614,-19.561375,10.657343
9615,-22.047169,7.9790926
9616,-20.604506,10.883635
9617,-18.920753,7.261176
9618,-17.12281,7.198145
9619,-15.816152,7.955247
9620,-15.152603,3.8093946
9621,-14.614714,3.873657
9622,-14.229919,3.3715045
9623,-16.67832,7.292975
9624,-14.6564045,5.518197
9625,-19.3188,3.5791852
9626,-17.021698,6.9243307
9627,-17.669088,7.889221
9628,-14.298959,9.554039
9629,-19.164248,10.791888
9630,-17.129608,8.962852
9631,-16.351965,6.5612836
9632,-20.0356,6.71039
9633,-20.491228,5.026444
9634,-19.042814,7.9792695
9635,-21.01995,8.8982315
9636,-18.620956,6.808849
9637,-18.880262,6.20025
9638,-22.5528,7.0447946
9639,-20.37796,9.059035
9640,-17.386822,6.876015
9641,-19.15247,11.631575
9642,-23.5211,10.728098
9643,-20.424257,6.094034
9644,-22.743061,3.522967
9645,-17.124992,7.1225543
9646,-22.489134,4.040566
9647,-20.344555,5.6213446
9648,-22.821459,5.678802
9649,-24.111584,8.588876
9650,-20.205904,9.7780285
9651,-21.768724,7.770315
9652,-21.342407,6.144327
9653,-19.82731,7.8221493
9654,-22.974035,2.9546268
9655,-21.025692,2.3214931
9656,-20.634054,4.939689
9657,-20.167967,5.709361
9658,-17.21326,1.5365545
9659,-20.972467,4.779112
9660,-20.454338,2.2998443
9661,-22.392664,4.647407
9662,-21.11771,0.2337815
9663,-20.688133,2.0786695
9664,-21.21091,4.190992
9665,-20.970678,4.23008
9666,-21.644426,5.416967
9667,-20.178967,6.9301453
9668,-23.226439,7.6593804
9669,-21.897177,10.917983
9670,-22.219898,7.815623
9671,-20.315569,7.5582004
9672,-22.125198,8.895517
9673,-19.318195,5.72996
9674,-21.441597,9.408453
9675,-20.985018,9.736002
9676,-23.49987,9.26646
9677,-22.054918,8.289737
9678,-21.427193,8.918115
9679,-22.33997,7.1978035
9680,-22.34819,7.9047804
9681,-20.441345,7.207166
9682,-18.231525,5.4069467
9683,-21.837107,4.566776
9684,-21.879251,6.747598
9685,-22.801098,6.0814815
9686,-20.54606,3.5574036
9687,-21.749018,4.0779333
9688,-20.332539,1.5929128
9689,-20.656303,1.7464708
9690,-17.10849,5.580184
9691,-19.340153,4.705428
9692,-20.26356,8.047642
9693,-23.093527,5.6884184
9694,-19.78076,5.37925
9695,-19.31236,5.1610484
9696,-19.985321,3.3458352
9697,-19.584768,2.4346461
9698,-22.89869,3.9452531
9699,-20.11692,-0.27965236
9700,-17.964695,1.7406608
9701,-18.184378,3.5401092
9702,-18.526077,-2.0815651
9703,-19.187418,4.257339
9704,-21.159279,5.526512
9705,-22.362701,2.7723622
9706,-21.797604,3.0920596
9707,-19.56783,4.2473555
9708,-19.041681,4.5202208
9709,-19.808475,2.4426484
9710,-18.038507,5.1783175
9711,-20.305143,7.708335
9712,-18.366526,4.4227257
9713,-20.726841,1.5876497
9714,-21.238926,6.9481983
9715,-21.122013,8.152367
9716,-19.301361,7.8779035
9717,-20.340466,5.540312
9718,-21.507341,7.5412793
9719,-20.46656,4.214585
9720,-18.724283,4.2945046
9721,-19.636206,4.3899016
9722,-21.00137,7.2027993
9723,-22.152885,4.4368997
9724,-20.901804,5.4234047
9725,-19.846897,5.6485515
9726,-23.34447,0.9733621
9727,-21.36893,2.4675505
9728,-20.527634,3.6824656
9729,-18.892042,4.839535
9730,-20.89692,6.392312
9731,-18.335098,4.3930426
9732,-20.400278,5.622935
9733,-21.70352,6.8354
9734,-20.828642,3.666874
9735,-20.914003,2.6819649
9736,-21.87672,3.701317
9737,-24.467316,5.4979734
9738,-22.652138,5.0579367
9739,-21.316015,7.8853683
9740,-21.357357,3.7001638
9741,-22.021227,3.2145853
9742,-24.733486,3.9255974
9743,-22.953117,2.603888
9744,-21.050524,4.850951
9745,-22.187817,6.0723243
9746,-23.185513,4.696415
9747,-21.00332,4.3118973
9748,-24.59388,4.1394234
9749,-21.03313,4.513674
9750,-23.794756,4.8967485
9751,-20.10108,5.8430476
9752,-20.034222,6.7344117
9753,-21.177794,6.5787845
9754,-22.049742,6.693832
9755,-21.026257,4.554101
9756,-21.056519,4.266342
9757,-20.740946,8.100262
9758,-22.48546,7.870248
9759,-20.346762,6.661736
9760,-21.967585,5.188988
9761,-22.282932,8.070888
9762,-24.479542,7.333759
9763,-23.746288,6.38389
9764,-21.383476,3.612492
9765,-21.816893,5.7403812
9766,-22.856646,7.7044654
9767,-22.417746,7.944838
9768,-20.155031,5.9788136
9769,-20.81373,3.2541282
9770,-21.862928,3.534771
9771,-20.845924,5.3782687
9772,-21.20884,5.491289
9773,-20.79713,6.293791
9774,-20.17851,5.757192
9775,-21.97737,3.7040582
9776,-23.789577,5.3027935
9777,-21.647844,5.862481
9778,-22.059984,6.873314
9779,-21.732368,3.4477193
9780,-24.025185,2.096755
9781,-24.482779,4.174749
9782,-22.639948,2.979682
9783,-21.282913,3.4697528
9784,-22.936426,5.6570687
9785,-22.272503,4.0588064
9786,-21.037899,0.87834215
9787,-18.496853,1.3586153
9788,-21.51068,1.7560418
9789,-21.718565,3.8933203
9790,-18.184397,2.9205916
9791,-21.694813,1.1334035
9792,-21.16582,7.540749
9793,-23.18071,7.4792557
9794,-17.815056,6.453045
9795,-16.742392,7.2781525
9796,-20.970232,4.9332404
9797,-23.947134,5.560407
9798,-24.404423,9.173743
9799,-24.031288,9.823862
9800,-24.269375,8.802978
9801,-18.835419,6.674428
9802,-21.319824,7.4261937
9803,-22.414194,3.655822
9804,-22.426208,4.919593
9805,-19.384663,3.6845353
9806,-20.569519,3.7120109
9807,-21.947906,6.3165174
9808,-24.379564,10.431865
9809,-22.010435,6.774159
9810,-19.657383,10.316188
9811,-20.795946,7.804783
9812,-19.896765,6.477842
9813,-18.807116,5.485029
9814,-21.932987,6.393555
9815,-18.458408,6.8533597
9816,-20.761986,6.3421087
9817,-22.40956,7.3555646
9818,-21.32205,7.95637
9819,-19.288403,7.2048306
9820,-22.592918,5.709107
9821,-22.838043,7.8443365
9822,-19.701326,7.179954
9823,-21.413242,10.477469
9824,-22.182451,11.239877
9825,-20.875042,7.566045
9826,-25.10745,8.870886
9827,-24.657452,7.8016596
9828,-23.114698,8.000943
9829,-20.796522,8.766855
9830,-22.432955,9.202039
9831,-23.7715,8.70973
9832,-23.099249,9.36727
9833,-20.881323,4.459907
9834,-20.520529,7.5320807
9835,-19.845125,8.524531
9836,-19.507097,7.054816
9837,-18.940092,8.58457
9838,-21.089966,9.464314
9839,-22.92179,6.6748414
9840,-19.188572,6.5353794
9841,-21.059809,9.3027115
9842,-21.26147,9.641561
9843,-24.045235,11.105742
9844,-20.745403,6.377053
9845,-19.157969,8.786559
9846,-22.190968,9.680518
9847,-27.771507,9.037717
9848,-25.120564,8.548634
9849,-20.218077,10.604963
9850,-18.060001,8.366955
9851,-15.416361,7.280235
9852,-18.029848,7.405676
9853,-16.29907,5.524796
9854,-19.008331,6.4126415
9855,-24.025482,5.904992
9856,-23.941263,7.681661
9857,-22.388144,6.364349
9858,-23.656544,8.215255
9859,-20.749666,7.6685095
9860,-22.407232,8.955823
9861,-25.162807,7.3149514
9862,-24.261154,5.389484
9863,-23.89768,8.234605
9864,-24.170488,7.505799
9865,-19.21841,5.5296516
9866,-21.981733,7.4338994
9867,-22.776226,7.893212
9868,-21.065123,7.639761
9869,-20.403286,5.812417
9870,-23.101171,7.198762
9871,-19.32584,5.219434
9872,-17.490572,5.563747
9873,-14.771544,8.448504
9874,-17.903845,3.7137961
9875,-16.502728,5.1037164
9876,-21.27299,6.1628866
9877,-21.068167,5.7895656
9878,-24.099325,9.2393675
9879,-22.227839,6.260531
9880,-24.159752,6.2886686
9881,-19.946047,7.1350217
9882,-25.061415,9.035431
9883,-25.38305,5.954359
9884,-18.653404,7.550804
9885,-18.17667,4.889091
9886,-20.052208,2.790019
9887,-18.213743,5.2643905
9888,-17.87888,4.965405
9889,-18.796432,6.167475
9890,-17.63338,4.332666
9891,-16.586412,7.2357163
9892,-17.361088,7.1116047
9893,-18.545195,6.148566
9894,-16.309006,5.9569235
9895,-15.483205,7.451194
9896,-17.877039,9.07035
9897,-19.511595,5.110595
9898,-21.017841,4.4482503
9899,-18.666733,6.077625
9900,-16.087141,9.242168
9901,-14.780653,7.353613
9902,-16.04676,5.4705267
9903,-9.565104,8.378125
9904,-13.724861,10.368365
9905,-13.238094,9.582228
9906,-12.641484,11.287563
9907,-12.746738,10.4743395
9908,-11.540727,11.283442
9909,-10.324191,6.7027736
9910,-12.293213,5.8714247
9911,-12.949097,7.501939
9912,-11.130237,7.4769473
9913,-7.0605803,7.931557
9914,-8.830982,5.8872128
9915,-11.009875,7.658482
9916,-7.407392,6.7406907
9917,-12.170451,7.733764
9918,-11.256866,5.9043293
9919,-8.644241,6.19492
9920,-6.7833505,9.986985
9921,-7.3106437,5.063645
9922,-7.491413,3.5187354
9923,-6.6248045,4.3946905
9924,-10.316721,4.673135
9925,-11.87249,4.4563193
9926,-10.407662,7.331355
9927,-10.531913,5.0533886
9928,-8.96148,4.042295
9929,-10.329481,6.260507
9930,-13.915573,5.7736735
9931,-14.471805,6.332499
9932,-13.372619,9.603049
9933,-14.1297455,6.5644813
9934,-13.916605,6.952121
9935,-12.859057,4.4789014
9936,-12.881171,5.335813
9937,-14.648849,4.8302126
9938,-16.529581,5.981414
9939,-12.646033,5.534275
9940,-13.087727,6.887373
9941,-11.893487,4.825943
9942,-10.711445,7.0365105
9943,-6.7677426,7.7542076
9944,-4.0948596,5.7983813
9945,-6.2341547,7.4204865
9946,-4.6999736,8.117783
9947,-4.796875,4.8727136
9948,-2.6742425,5.5400825
9949,-3.359555,6.7018166
9950,-3.0834665,8.192787
9951,-3.6900957,8.720738
9952,-10.587782,7.243235
9953,-7.097674,6.011373
9954,-5.5688024,3.564146
9955,-4.77692,6.4989176
9956,-7.7824564,5.90231
9957,-9.180194,5.708438
9958,-10.015103,5.632954
9959,-8.275218,6.3396106
9960,-9.488374,2.8645163
9961,-5.983599,4.095637
9962,-5.5754843,4.0293536
9963,-6.972891,7.434884
9964,-5.2834563,3.4943526
9965,-4.2478185,2.3187582
9966,-8.325462,1.2610651
9967,-6.2899876,5.137146
9968,-10.14224,2.6387858
9969,-8.321555,1.9167895
9970,-8.425347,3.4515195
9971,-8.633739,3.8395698
9972,-4.970958,5.612432
9973,-2.7262557,2.191862
9974,-3.6588347,0.014304436
9975,-6.542975,-0.024742065
9976,-7.6137214,5.2123027
9977,-5.0388017,4.42891
9978,-3.3544316,3.0034132
9979,-1.1474116,1.3202544
9980,-3.1345582,1.717912
9981,-8.989159,2.8644385
9982,-6.005755,7.5500765
9983,-3.5864987,2.6468105
9984,-3.4437387,2.6865497
9985,-2.6041956,3.5132167
9986,-2.5805602,1.908105
9987,-3.2349586,1.3207054
9988,-2.8522074,1.9124883
9989,-3.4390922,2.8629854
9990,-2.0754678,2.165775
9991,-1.1269561,1.7153378
9992,-2.400671,5.915514
9993,-1.8780956,2.215465
9994,-6.0677843,4.0420103
9995,-3.470005,0.48718476
9996,-2.2547781,1.8443943
9997,-5.3592353,-0.10185683
9998,-5.5986633,1.9921616
9999,-7.431216,2.1016092
10000,-5.529213,0.2861377
10001,-10.950236,0.8859846
10002,-13.194526,0.61820304
10003,-9.908494,2.0817053
10004,-7.738878,-0.15047488
10005,-12.268644,0.98851216
10006,-7.521317,3.1402001
10007,-6.6525707,0.6154873
10008,-8.103455,2.0926917
10009,-10.161154,4.9613748
10010,-12.888837,0.6985741
10011,-13.877035,1.8482541
10012,-13.69322,2.168411
10013,-12.581727,4.0671015
10014,-11.045517,5.8397465
10015,-9.27123,5.772044
10016,-12.506494,5.0741067
10017,-9.025195,5.05975
10018,-6.495907,4.59104
10019,-9.209949,0.8119117
10020,-6.8816547,2.3357933
10021,-5.659099,4.351576
10022,-10.473494,3.957716
10023,-7.1306877,2.2753708
10024,-5.374539,1.9816407
10025,-7.0348496,6.0239644
10026,-8.385511,7.430072
10027,-8.201085,6.0114217
10028,-10.625296,5.4773293
10029,-10.332557,2.324638
10030,-8.492059,4.1620655
10031,-5.4834747,3.3606076
10032,-9.487956,5.7182612
10033,-8.356665,2.8521507
10034,-9.364858,3.5296812
10035,-5.8951254,3.4563673
10036,-4.793116,4.0073814
10037,-9.726307,5.7372108
10038,-6.7105675,4.8476434
10039,-6.9013495,3.8007019
10040,-8.317047,4.606738
10041,-11.941646,3.2738996
10042,-18.114742,5.8766932
10043,-14.214796,4.417451
10044,-15.769606,7.312582
10045,-15.99685,4.8233066
10046,-22.58053,4.7668037
10047,-22.762306,2.342724
10048,-22.492739,1.1194621
10049,-25.954319,2.5953639
10050,-25.830439,4.0973587
10051,-23.204588,4.5614805
10052,-23.602518,7.4094973
10053,-24.503582,5.364365
10054,-21.86448,7.750525
10055,-21.81933,8.321074
10056,-21.041672,8.671001
10057,-23.502872,11.57239
10058,-25.21466,7.3417225
10059,-26.826319,8.393411
10060,-25.472818,9.470961
10061,-27.449902,10.009119
10062,-25.45938,9.539573
10063,-24.135805,9.026063
10064,-21.833864,8.66575
10065,-21.880363,7.042454
10066,-23.946276,11.328238
10067,-24.195349,9.872861
10068,-23.70374,9.092377
10069,-24.676071,10.163549
10070,-21.787775,8.03807
10071,-21.85282,7.55343
10072,-23.031889,7.89901
10073,-22.188644,7.228453
10074,-22.324165,7.7235804
10075,-21.3651,6.9926925
10076,-23.580826,6.628904
10077,-25.549648,7.2781215
10078,-22.281425,4.263573
10079,-24.390623,5.251653
10080,-25.175917,6.6894355
10081,-23.50134,4.202397
10082,-24.845474,4.822097
10083,-23.637175,5.8305664
10084,-24.943087,4.133938
10085,-24.482384,4.1617107
10086,-28.033049,4.017854
10087,-26.926434,4.95021
10088,-25.346508,4.7103705
10089,-27.362011,4.7397823
10090,-24.688498,4.0326295
10091,-23.333038,4.751385
10092,-22.600075,4.5793557
10093,-24.0039,3.7496314
10094,-24.947784,3.680874
10095,-22.620367,5.5330095
10096,-18.834372,4.1102834
10097,-20.685108,2.9901192
10098,-23.9056,3.6886694
10099,-18.930492,5.097269
10100,-21.9937,5.0225396
10101,-22.319078,4.537957
10102,-20.52143,4.159783
10103,-17.361868,7.0039425
10104,-22.638992,6.745145
10105,-18.933073,7.179561
10106,-19.99979,4.753602
10107,-16.441471,9.263535
10108,-13.004279,4.7647004
10109,-14.288065,5.885932
10110,-14.193646,7.2128854
10111,-12.403518,6.103585
10112,-14.509636,11.932138
10113,-16.696281,9.222565
10114,-21.197952,7.8509855
10115,-18.38262,7.9409795
10116,-22.18692,5.764857
10117,-20.459862,4.6625977
10118,-24.174341,8.357056
10119,-22.600813,8.737099
10120,-24.541292,7.989689
10121,-23.810188,4.8617764
10122,-23.02935,6.975585
10123,-25.45297,9.808933
10124,-20.0329,8.273754
10125,-19.212078,7.8917003
10126,-23.83341,7.496885
10127,-26.570845,7.918532
10128,-23.627172,6.430065
10129,-19.320263,7.5008626
10130,-16.461706,7.371746
10131,-16.292501,11.024668
10132,-20.156918,7.942474
10133,-22.91342,8.03607
10134,-20.96695,9.095039
10135,-23.39026,9.04674
10136,-18.559519,11.435612
10137,-22.660843,9.531551
10138,-20.144371,12.476362
10139,-22.807293,8.252567
10140,-18.971888,15.482381
10141,-16.72591,6.482428
10142,-16.41537,13.600728
10143,-20.794256,13.444967
10144,-20.73146,12.446909
10145,-20.294575,7.0678573
10146,-12.937227,8.017085
10147,-12.701703,11.397554
10148,-14.984528,12.155779
10149,-15.336303,11.093167
10150,-16.829458,11.0469
10151,-14.626518,9.439572
10152,-16.783607,10.223275
10153,-18.437244,13.470388
10154,-18.77299,7.574839
10155,-14.535909,9.603728
10156,-16.215677,8.1873455
10157,-15.139725,9.263995
10158,-15.339286,11.106804
10159,-13.042473,9.024369
10160,-14.417805,5.5662246
10161,-14.133103,8.344496
10162,-13.228365,9.1756115
10163,-17.906311,9.052396
10164,-22.27279,7.9028273
10165,-22.242247,7.1659303
10166,-20.231493,7.398343
10167,-21.714617,9.1974
10168,-22.80309,9.927924
10169,-21.153423,8.6461115
10170,-18.491507,10.411351
10171,-22.20081,9.652274
10172,-23.060816,8.679448
10173,-20.519234,6.879969
10174,-22.331984,7.087698
10175,-22.743093,8.3345585
10176,-21.726715,8.554415
10177,-19.089546,4.8951883
10178,-21.091848,7.746361
10179,-21.324284,7.47691
10180,-22.85612,5.959368
10181,-23.150656,6.354227
10182,-22.871893,7.075965
10183,-20.759428,9.475116
10184,-20.67356,8.994471
10185,-21.230522,8.341979
10186,-19.212833,4.079883
10187,-20.41561,8.471807
10188,-20.74707,7.501386
10189,-18.597372,5.6086802
10190,-21.052074,7.782645
10191,-23.164,5.3832936
10192,-23.629969,7.9594903
10193,-21.55888,8.832331
10194,-21.462086,6.014454
10195,-21.176498,5.1529026
10196,-20.660793,4.9507856
10197,-23.631948,7.8445315
10198,-21.464664,6.69091
10199,-20.949705,5.696461
10200,-24.796509,6.233766
10201,-21.801474,8.345814
10202,-23.164661,7.9010324
10203,-21.562986,9.1580305
10204,-23.24094,10.321972
10205,-25.065994,10.151292
10206,-24.772411,8.930655
10207,-25.776443,7.948172
10208,-22.688095,5.2779617
10209,-21.07262,8.626508
10210,-22.875593,7.341836
10211,-23.694777,6.186552
10212,-24.26614,10.09483
10213,-25.348415,6.7708864
10214,-25.712643,10.695659
10215,-22.09651,11.382058
10216,-23.205585,10.553322
10217,-24.451855,9.685918
10218,-22.407623,6.9217563
10219,-24.444832,8.506224
10220,-22.554214,8.217727
10221,-19.993992,6.989084
10222,-23.330627,9.948012
10223,-20.11407,7.0086927
10224,-25.588303,9.001539
10225,-21.873098,7.895216
10226,-23.355639,5.8023353
10227,-22.202202,7.303631
10228,-21.001942,4.963087
10229,-20.768751,9.720232
10230,-19.889748,7.074718
10231,-20.491888,6.3427672
10232,-21.765472,6.0376425
10233,-19.504253,6.2671986
10234,-21.876518,7.6820064
10235,-21.792734,7.698792
10236,-21.287607,7.0871887
10237,-19.895533,10.562263
10238,-20.748802,8.377958
10239,-19.691198,6.67689
10240,-20.999466,8.887501
10241,-20.884762,6.0775485
10242,-24.072527,7.335386
10243,-23.189722,7.46371
10244,-23.829851,5.8464193
10245,-22.564121,4.37238
10246,-22.632338,7.0538664
10247,-22.697348,7.976779
10248,-23.749853,7.000407
10249,-23.664337,4.884811
10250,-21.894403,9.565261
10251,-22.793722,9.122531
10252,-21.025255,7.5477443
10253,-24.09096,6.160903
10254,-22.57863,8.19294
10255,-23.942087,8.091446
10256,-24.257717,9.1355
10257,-25.041763,11.141225
10258,-24.567938,6.3323746
10259,-28.384808,10.192666
10260,-25.000332,9.674519
10261,-21.915016,7.589375
10262,-24.461926,5.9596925
10263,-25.423986,13.447207
10264,-22.828009,10.660577
10265,-23.303804,9.934384
10266,-23.738176,8.442387
10267,-25.179285,8.958901
10268,-23.887373,5.904498
10269,-23.87082,5.4825745
10270,-25.810617,11.826804
10271,-27.86372,9.50769
10272,-27.408916,7.378361
10273,-26.77156,11.59531
10274,-27.520601,11.784984
10275,-25.579187,8.722522
10276,-26.03622,7.9720926
10277,-27.743956,10.628451
10278,-28.639645,7.401344
10279,-27.063555,6.8649974
10280,-27.232943,5.6118026
10281,-27.584349,8.138955
10282,-27.831472,7.0038505
10283,-25.63103,4.1863785
10284,-22.287695,7.9453874
10285,-24.882185,4.4929385
10286,-24.463762,4.8339953
10287,-19.591055,4.0759726
10288,-21.091053,5.5387154
10289,-21.688374,6.3018236
10290,-23.131063,5.861971
10291,-25.6287,6.9248157
10292,-21.497076,7.6246376
10293,-19.338404,6.7550225
10294,-21.723711,8.32733
10295,-20.351181,4.9562597
10296,-19.384272,6.302811
10297,-20.19387,7.8791285
10298,-21.455013,7.0379834
10299,-21.149364,7.4596186
10300,-18.60022,8.461982
10301,-17.941832,8.243191
10302,-16.307756,8.940056
10303,-18.851402,7.3946695
10304,-21.5248,6.6690044
10305,-21.764824,11.011237
10306,-23.334454,10.874359
10307,-21.27741,8.24765
10308,-17.222174,9.840148
10309,-15.51601,11.032856
10310,-16.893435,9.559002
10311,-17.055859,12.110944
10312,-16.532507,7.563523
10313,-16.411882,9.294684
10314,-14.381611,5.8406806
10315,-17.79843,0.9010031
10316,-20.107395,5.093176
10317,-17.85956,7.956857
10318,-19.490833,11.097883
10319,-16.235191,6.44061
10320,-18.244324,6.2590003
10321,-18.301353,7.0848455
10322,-19.509222,4.6429396
10323,-18.27649,9.781821
10324,-19.836948,7.1831536
10325,-20.200071,6.6282
10326,-24.820883,11.144469
10327,-18.35604,4.8524427
10328,-19.962671,4.372331
10329,-15.501246,3.5681841
10330,-17.66666,9.387561
10331,-14.177381,8.757095
10332,-16.814907,6.6828256
10333,-22.121485,8.82047
10334,-19.998287,5.953139
10335,-16.604553,8.523133
10336,-20.418482,7.760469
10337,-19.72586,9.2975445
10338,-21.703587,10.725947
10339,-16.291307,6.4646792
10340,-16.219887,6.132682
10341,-17.19083,5.7846804
10342,-17.22746,5.660593
10343,-15.274191,6.5630326
10344,-18.05365,10.310157
10345,-17.408121,8.163125
10346,-18.84756,7.3716497
10347,-18.466497,6.163935
10348,-19.113136,2.6809525
10349,-19.951271,7.195465
10350,-21.0621,10.242959
10351,-18.131517,9.83446
10352,-19.50955,7.1018167
10353,-19.656187,8.327655
10354,-17.16574,6.8398204
10355,-15.79587,9.358931
10356,-15.790833,9.330619
10357,-20.513218,9.098257
10358,-18.764158,7.696122
10359,-16.341074,7.439268
10360,-16.849583,4.436532
10361,-19.318102,8.641981
10362,-17.608791,9.384945
10363,-13.520706,8.762365
10364,-20.203861,3.2282717
10365,-17.13437,5.1451936
10366,-14.001965,1.5544596
10367,-17.128746,2.459622
10368,-16.877014,2.8466463
10369,-19.453764,6.273882
10370,-20.945984,4.701322
10371,-20.316612,4.2315307
10372,-15.316363,4.930595
10373,-15.890892,3.9668033
10374,-20.496004,4.9341555
10375,-12.640169,3.0448704
10376,-15.836602,5.3128786
10377,-17.41323,4.05418
10378,-16.594528,2.666646
10379,-16.18857,5.2808886
10380,-17.312971,8.106416
10381,-17.658024,2.7502937
10382,-11.66633,6.2126894
10383,-14.592109,6.086289
10384,-13.925071,7.9108787
10385,-15.587925,6.9807096
10386,-16.462744,6.276534
10387,-15.559701,4.8241158
10388,-14.948404,6.6099877
10389,-17.698238,6.393102
10390,-17.418617,5.589301
10391,-13.789372,5.5015216
10392,-13.242003,6.2925715
10393,-13.094808,3.4452932
10394,-13.418975,4.745226
10395,-12.989017,7.252272
10396,-12.330075,5.4834247
10397,-13.445312,4.422688
10398,-10.964487,5.3126307
10399,-14.363286,6.708714
10400,-15.770717,6.8571053
10401,-12.979639,4.5824003
10402,-12.189672,6.189985
10403,-14.09119,5.8938737
10404,-15.157824,5.454309
10405,-14.355446,4.557587
10406,-16.677341,6.1040964
10407,-13.053162,8.0322
10408,-11.494733,4.28357
10409,-9.891764,6.05976
10410,-17.702301,7.1750126
10411,-18.046572,5.805583
10412,-15.2911005,7.641041
10413,-14.716367,5.814388
10414,-14.291293,8.3851795
10415,-14.05995,5.1829295
10416,-14.190598,8.63065
10417,-20.685549,7.1177206
10418,-19.908716,5.4139757
10419,-19.02856,9.564188
10420,-21.314827,7.9030633
10421,-17.401918,7.747518
10422,-16.85719,6.3118606
10423,-17.00739,10.558071
10424,-17.131361,10.559799
10425,-16.9607,12.540746
10426,-20.726528,9.67911
10427,-17.72701,10.30774
10428,-18.989706,7.0647035
10429,-19.570986,5.4218946
10430,-22.363863,5.411847
10431,-18.241867,7.282306
10432,-17.973312,8.276454
10433,-17.006708,5.3112116
10434,-14.892295,7.8710923
10435,-16.591562,11.4660225
10436,-16.54331,11.708069
10437,-15.156973,9.145446
10438,-12.448087,10.378805
10439,-14.310183,8.604658
10440,-15.325491,8.717334
10441,-19.538067,10.445285
10442,-23.997974,9.565969
10443,-18.72499,8.477604
10444,-17.142328,7.232314
10445,-17.128061,6.4192004
10446,-13.197824,9.386206
10447,-13.4662485,8.304204
10448,-16.183407,4.64918
10449,-16.437881,2.9583676
10450,-14.456834,5.085202
10451,-14.94424,4.877907
10452,-14.196074,6.1632833
10453,-18.245941,5.8412085
10454,-18.46562,8.543418
10455,-20.522406,7.127028
10456,-15.969629,5.1970096
10457,-13.845521,6.997519
10458,-14.485809,6.677493
10459,-13.755832,3.9043314
10460,-17.531916,3.0363572
10461,-19.131994,5.816828
10462,-18.685902,9.147351
10463,-17.109566,1.8918504
10464,-14.806061,5.0840383
10465,-14.985439,4.408899
10466,-15.601833,3.2195575
10467,-15.193862,6.662994
10468,-18.399155,5.9980974
10469,-18.391905,5.550184
10470,-16.343542,10.6591215
10471,-15.246155,5.6762133
10472,-16.06591,9.200597
10473,-16.171465,6.7414236
10474,-19.508984,4.316767
10475,-20.475466,5.4324303
10476,-19.594599,6.3344245
10477,-22.438332,9.044582
10478,-20.3996,7.996393
10479,-22.715702,5.294961
10480,-19.595282,4.9673285
10481,-20.595985,8.729915
10482,-23.226658,4.298505
10483,-22.25377,6.5933223
10484,-18.171665,4.4104815
10485,-15.789744,5.7366667
10486,-16.712482,7.1789207
10487,-19.004606,5.346666
10488,-21.435284,3.8020349
10489,-24.593517,6.0048614
10490,-20.013363,6.626867
10491,-18.237967,4.931655
10492,-20.82876,8.214381
10493,-21.952684,7.55189
10494,-20.189812,7.2728353
10495,-22.590715,6.7983475
10496,-23.362375,8.329849
10497,-22.004017,7.302742
10498,-22.331017,3.4345427
10499,-23.017149,4.14509
10500,-21.769665,2.9692545
10501,-22.140326,4.6829934
10502,-23.501387,6.9879045
10503,-24.163237,5.7550673
10504,-22.191172,3.5928502
10505,-20.842691,3.8949382
10506,-24.420794,8.424199
10507,-24.449537,8.2781515
10508,-24.446892,9.330051
10509,-25.656513,8.341682
10510,-23.338894,8.0247555
10511,-23.94523,8.810028
10512,-23.496487,8.523324
10513,-25.736473,6.0779123
10514,-21.830725,8.373468
10515,-21.797512,6.4981155
10516,-21.40686,7.7990294
10517,-24.664803,6.1232643
10518,-24.56427,9.853104
10519,-22.754383,8.614891
10520,-18.04339,4.179244
10521,-22.106337,5.4526052
10522,-17.719606,7.5747433
10523,-19.01207,8.0120125
10524,-18.572712,7.946079
10525,-21.644466,7.6927657
10526,-21.077614,3.6199262
10527,-23.029282,4.4687114
10528,-23.1889,9.18113
10529,-21.39907,7.0280576
10530,-22.240427,7.117144
10531,-22.040129,6.3120985
10532,-21.253786,8.33589
10533,-20.191952,5.5813456
10534,-20.450266,5.8814716
10535,-24.306345,5.227918
10536,-18.506332,8.016477
10537,-19.949621,6.266833
10538,-20.729189,5.757386
10539,-23.290636,5.8420577
10540,-23.54271,4.65114
10541,-19.425394,5.993586
10542,-20.296225,3.2012968
10543,-22.596838,5.546383
10544,-20.865747,8.310493
10545,-22.734146,7.966855
10546,-19.055742,9.594144
10547,-21.99713,7.083548
10548,-23.80631,8.13686
10549,-21.617197,4.222308
10550,-22.968706,6.5151
10551,-22.084215,5.098313
10552,-22.878408,4.2207365
10553,-22.178673,10.297669
10554,-26.096478,8.88711
10555,-25.41493,5.7174883
10556,-22.924944,7.9926243
10557,-22.942856,9.100927
10558,-22.714596,7.915287
10559,-24.55988,5.8879704
10560,-24.57933,9.066627
10561,-25.673738,9.693642
10562,-24.949223,7.4930058
10563,-24.828917,7.2039647
10564,-19.631641,3.0598269
10565,-23.093067,5.4405465
10566,-18.428255,5.0171714
10567,-21.463806,5.299253
10568,-21.541302,4.2223864
10569,-20.588375,4.9997087
10570,-23.717615,8.308217
10571,-24.126698,8.378738
10572,-21.695007,4.5511084
10573,-21.489986,7.1675653
10574,-24.267275,8.522278
10575,-21.800055,5.7915645
10576,-24.941442,7.1570377
10577,-21.5627,4.576124
10578,-20.397375,5.862737
10579,-24.016806,8.635488
10580,-20.8636,6.1387196
10581,-23.874979,4.252235
10582,-25.095259,4.71667
10583,-23.523403,5.773708
10584,-24.461716,6.629111
10585,-22.70905,13.408858
10586,-21.342188,11.154584
10587,-25.629173,8.725701
10588,-22.58425,11.252944
10589,-21.510098,8.758845
10590,-18.61912,10.977445
10591,-22.094915,4.8814473
10592,-25.179798,6.9373145
10593,-25.316607,8.379881
10594,-27.952753,6.1610656
10595,-27.344353,7.7479305
10596,-27.451893,7.0259743
10597,-26.182941,6.5312448
10598,-25.368528,7.2458305
10599,-19.378601,4.2740927
10600,-18.72526,5.639339
10601,-18.497168,5.3893275
10602,-21.488781,6.620822
10603,-22.075157,6.8022013
10604,-22.749828,4.9722466
10605,-20.71582,5.665716
10606,-23.418167,2.0361483
10607,-22.552715,2.4986358
10608,-23.967125,-1.6722363
10609,-21.161884,1.0656277
10610,-22.494024,3.1988087
10611,-24.428984,1.9815784
10612,-23.330463,1.0209354
10613,-22.421274,0.5765201
10614,-23.96649,6.6231356
10615,-19.24133,1.2140684
10616,-22.373392,3.6505263
10617,-20.596163,4.5438895
10618,-21.96182,4.6485424
10619,-19.660957,3.946536
10620,-21.345613,1.9599352
10621,-22.415157,2.7559037
10622,-23.813036,6.9319725
10623,-25.617014,0.64770955
10624,-22.66578,3.132095
10625,-25.671932,3.754766
10626,-26.73392,2.0065308
10627,-25.65344,3.519197
10628,-26.760147,4.8388534
10629,-25.848986,4.6604886
10630,-23.800854,3.0065343
10631,-21.685293,2.2823973
10632,-25.390625,4.4710503
10633,-25.290668,4.041329
10634,-23.820513,8.128591
10635,-22.932262,9.755989
10636,-23.898619,5.0614214
10637,-23.103436,3.1391597
10638,-23.677011,3.7928786
10639,-18.258633,4.873274
10640,-24.398926,4.9558926
10641,-16.897219,3.6540413
10642,-17.449444,5.9342504
10643,-16.507479,6.873405
10644,-16.446548,5.563801
10645,-18.900524,4.1622562
10646,-20.926668,6.0523
10647,-18.924545,1.8985245
10648,-21.969217,4.4146166
10649,-15.296935,2.4564362
10650,-20.141993,1.1672194
10651,-18.720045,2.852947
10652,-15.778963,2.808262
10653,-14.244564,4.068076
10654,-17.425901,4.789064
10655,-18.416286,-2.1730297
10656,-21.359123,1.4268315
10657,-21.901657,1.1512762
10658,-25.945572,2.5960436
10659,-24.040028,-2.787755
10660,-22.37408,2.9343805
10661,-22.969454,2.8705766
10662,-20.649452,1.7563536
10663,-19.778946,-0.11620194
10664,-20.503881,3.5494976
10665,-18.2398,2.054584
10666,-21.537443,1.1006941
10667,-16.710741,1.5026898
10668,-19.041183,4.0659146
10669,-20.551966,3.1689544
10670,-16.246046,2.0385513
10671,-19.227224,1.6601964
10672,-22.969162,0.8911092
10673,-22.541964,4.0973487
10674,-19.684252,2.8196366
10675,-16.922272,1.4667337
10676,-16.47293,8.496354
10677,-20.780111,2.7140896
10678,-15.095064,2.4653406
10679,-17.18398,0.97027135
10680,-20.333374,0.9701559
10681,-24.532742,4.896088
10682,-20.9519,1.5419456
10683,-20.044142,2.089718
10684,-19.814026,0.09485995
10685,-19.7425,6.901963
10686,-22.943298,4.8629293
10687,-21.295126,2.4010456
10688,-20.265337,5.3462925
10689,-16.846573,4.557598
10690,-19.219213,5.9137273
10691,-21.763474,0.50009567
10692,-22.804623,3.84293
10693,-20.35225,4.9231505
10694,-24.693861,3.8338227
10695,-22.412804,7.678829
10696,-21.608591,0.61538345
10697,-26.563068,4.335811
10698,-20.008207,4.9750433
10699,-19.871412,7.406304
10700,-21.571726,2.859788
10701,-20.877226,4.777326
10702,-21.824972,4.300885
10703,-17.988688,7.5080028
10704,-20.851072,4.6059217
10705,-19.601624,4.9420724
10706,-23.501055,4.3103056
10707,-21.194363,6.9013577
10708,-26.816864,7.993271
10709,-25.855265,7.4338913
10710,-27.679474,6.216321
10711,-24.337738,6.870484
10712,-21.66547,5.1206803
10713,-21.412605,5.3054523
10714,-18.7072,6.094428
10715,-19.257675,3.7159927
10716,-21.033142,3.8001854
10717,-23.13008,4.8095493
10718,-17.013716,6.568691
10719,-20.430511,1.2906889
10720,-14.966175,6.119033
10721,-18.275251,2.7967591
10722,-21.427183,3.3497443
10723,-23.693106,4.065854
10724,-23.460178,4.576523
10725,-23.61999,4.806102
10726,-24.185246,5.5039344
10727,-22.009453,2.9833782
10728,-26.756716,3.5172462
10729,-27.553411,5.442553
10730,-27.736395,6.5698147
10731,-26.991198,5.056115
10732,-25.32509,7.4865007
10733,-27.729189,7.2163754
10734,-23.87717,7.0013924
10735,-29.989382,8.493003
10736,-30.666897,4.4686446
10737,-29.271334,7.7624063
10738,-29.51348,7.040001
10739,-30.425053,7.287092
10740,-29.484621,6.1745505
10741,-33.298183,3.7428963
10742,-31.40955,4.2919674
10743,-33.8248,4.157389
10744,-31.852497,4.244298
10745,-30.133825,7.853637
10746,-31.162739,5.935883
10747,-29.681316,7.742356
10748,-30.252264,6.893473
10749,-25.240732,5.2919273
10750,-27.731441,5.290563
10751,-30.085575,5.900514
10752,-25.279491,3.9277837
10753,-23.079565,6.1873965
10754,-24.242048,7.1481004
10755,-22.069332,5.7402906
10756,-20.235083,9.110854
10757,-21.927074,7.746533
10758,-20.11027,5.6233106
10759,-19.740562,5.8892145
10760,-14.864225,5.34857
10761,-16.463545,3.6048257
10762,-19.975544,3.2595263
10763,-19.663916,3.3711436
10764,-20.041307,4.8351
10765,-19.299603,3.4401166
10766,-24.62084,1.8618106
10767,-26.288244,1.7991093
10768,-29.71322,3.2920527
10769,-29.736122,3.1987355
10770,-25.479237,0.15758924
10771,-26.466122,4.4354944
10772,-26.161726,3.9272912
10773,-25.57891,5.7729473
10774,-24.560446,5.420629
10775,-25.083754,6.567385
10776,-23.84906,9.019811
10777,-26.696936,4.4882026
10778,-30.560925,4.709203
10779,-27.709692,3.2395432
10780,-24.540415,6.778004
10781,-25.72221,4.922489
10782,-22.416388,3.6974452
10783,-20.17351,5.304649
10784,-22.689226,1.6011839
10785,-17.911476,0.12980787
10786,-20.884007,5.346013
10787,-22.530003,5.1507382
10788,-21.580324,1.248605
10789,-21.12401,0.3759705
10790,-21.53686,4.0519295
10791,-18.985191,1.8513888
10792,-20.981918,1.6006178
10793,-17.794144,4.749793
10794,-23.53763,3.2083435
10795,-21.681639,9.235324
10796,-21.076296,5.3158097
10797,-22.59096,7.07287
10798,-22.032972,6.528575
10799,-25.199093,9.2833395
10800,-19.868881,6.911778
10801,-20.022614,4.785146
10802,-21.33909,3.1087189
10803,-18.153067,2.84249
10804,-14.385415,2.4564922
10805,-17.715475,0.23512153
10806,-22.235132,2.491508
10807,-21.062654,4.334628
10808,-20.099892,3.7117863
10809,-14.708213,6.7018404
10810,-20.05339,6.240411
10811,-16.05869,3.6422513
10812,-18.840858,3.9248087
10813,-14.096937,2.7417681
10814,-13.937209,3.6812725
10815,-11.741093,2.1077304
10816,-15.666132,2.7594883
10817,-20.796516,6.091075
10818,-19.541348,4.369764
10819,-16.944895,3.0885265
10820,-16.751768,3.8655484
10821,-14.681876,5.503176
10822,-15.3975315,3.1735606
10823,-13.364069,3.0066335
10824,-14.783892,5.612497
10825,-14.65792,1.9028578
10826,-16.75767,4.0165596
10827,-20.827925,5.901175
10828,-20.18583,5.595327
10829,-17.791945,7.026558
10830,-19.367353,7.251483
10831,-17.936935,3.7068098
10832,-15.233015,4.6167464
10833,-17.779129,5.1229877
10834,-14.254553,4.1541443
10835,-16.449865,5.2084394
10836,-16.130363,5.938878
10837,-19.768957,5.3723845
10838,-21.466705,6.4882145
10839,-21.399569,6.0265484
10840,-18.708563,8.150826
10841,-18.825474,7.5579977
10842,-13.60235,7.173397
10843,-8.3929825,5.6455545
10844,-10.514993,8.468815
10845,-10.129443,9.179233
10846,-14.483546,6.7917576
10847,-18.960165,6.5259147
10848,-17.665356,7.1243353
10849,-18.37362,5.7129383
10850,-23.23527,4.9529147
10851,-23.67933,8.441726
10852,-22.701683,6.669697
10853,-23.462322,5.769847
10854,-23.37121,5.8587236
10855,-21.631914,5.6620936
10856,-23.193962,12.299715
10857,-21.882563,8.113784
10858,-22.583479,6.9399233
10859,-23.83053,10.833174
10860,-22.90144,7.344252
10861,-20.226183,10.237506
10862,-22.246435,4.150256
10863,-24.358307,5.276006
10864,-22.13334,7.189183
10865,-20.036724,8.2519245
10866,-21.085049,7.7088532
10867,-19.86696,7.7226963
10868,-21.080732,6.488169
10869,-17.167192,6.0208397
10870,-20.258337,4.3218827
10871,-21.104002,7.2843437
10872,-19.30972,6.2071376
10873,-17.007198,4.2156806
10874,-12.141748,6.1012344
10875,-11.790741,7.991078
10876,-17.06168,9.384491
10877,-18.96519,6.346216
10878,-20.77429,8.656045
10879,-20.842339,10.815246
10880,-20.414618,6.5830297
10881,-20.28911,5.644935
10882,-22.468521,3.3151217
10883,-23.922707,1.3656416
10884,-23.537325,5.42514
10885,-23.652176,5.750107
10886,-24.243597,6.7862835
10887,-24.159962,7.838069
10888,-20.883087,7.411969
10889,-20.933516,6.3332186
10890,-21.7995,7.397921
10891,-21.305012,5.9162
10892,-21.336603,8.453146
10893,-22.027916,9.556788
10894,-22.039665,4.4000926
10895,-21.877926,3.2995858
10896,-23.285849,1.1639972
10897,-22.167942,2.9865077
10898,-21.614872,7.1950083
10899,-23.74167,5.118157
10900,-21.8177,3.3764732
10901,-22.48197,7.330637
10902,-23.466665,4.5954914
10903,-22.241503,4.8210626
10904,-23.390821,3.973809
10905,-23.37625,5.5103717
10906,-24.93769,5.394655
10907,-21.168776,4.924765
10908,-21.521751,5.505625
10909,-22.962984,6.0635962
10910,-23.026325,7.6438437
10911,-24.77369,5.0782623
10912,-23.867695,6.0551777
10913,-23.68713,5.4779196
10914,-23.979156,8.644835
10915,-22.667606,6.156906
10916,-27.48711,7.279451
10917,-24.733084,3.2618458
10918,-23.905817,7.7704372
10919,-23.361038,4.366272
10920,-20.423334,7.551247
10921,-23.091928,4.7245765
10922,-20.92771,4.700022
10923,-26.427294,5.9245434
10924,-23.746613,6.7849207
10925,-19.866426,3.280073
10926,-23.588423,5.755101
10927,-23.632666,6.320467
10928,-23.361307,8.482334
10929,-23.75751,7.348852
10930,-26.995365,6.5362964
10931,-27.26579,6.1896152
10932,-26.034035,6.8904834
10933,-26.013353,7.3139467
10934,-26.21256,6.0161014
10935,-24.101719,6.896017
10936,-21.621178,8.195354
10937,-25.134838,8.662788
10938,-23.238699,4.5034213
10939,-18.923836,3.7448766
10940,-21.422646,6.4779263
10941,-22.986269,4.4073434
10942,-21.603018,8.939592
10943,-20.230377,5.8434324
10944,-23.022957,7.0502505
10945,-21.553019,9.267631
10946,-23.41863,10.004858
10947,-21.59917,10.38119
10948,-22.809183,10.306617
10949,-20.330734,8.189135
10950,-21.953703,6.2391214
10951,-22.387934,6.051839
10952,-21.277283,7.3693476
10953,-19.671911,4.2368083
10954,-22.7305,3.9310935
10955,-18.41708,7.240957
10956,-20.19943,4.356579
10957,-20.788849,5.2339687
10958,-20.65734,8.769069
10959,-21.732622,10.012246
10960,-19.284822,9.798685
10961,-20.818197,10.377776
10962,-21.44449,7.3461833
10963,-19.722403,7.1914945
10964,-19.98132,10.938357
10965,-17.801561,7.1843786
10966,-19.531614,7.4384065
10967,-19.9567,10.211447
10968,-19.060892,7.729856
10969,-20.146288,5.448276
10970,-19.555592,5.4964232
10971,-20.955408,10.878759
10972,-21.574747,7.913456
10973,-20.773884,9.27483
10974,-19.898668,7.6563597
10975,-20.552174,8.308254
10976,-20.399057,6.117969
10977,-21.204683,8.612845
10978,-19.648884,8.348479
10979,-16.506556,5.814131
10980,-21.434006,6.46563
10981,-18.75447,6.7298183
10982,-17.932667,2.4007154
10983,-16.864975,4.950576
10984,-15.482504,6.249197
10985,-17.68322,4.457647
10986,-16.023233,6.2979198
10987,-17.948793,6.675909
10988,-14.254049,6.7937694
10989,-14.65708,8.516122
10990,-15.0586,10.228455
10991,-12.299793,5.9680357
10992,-14.017837,4.248231
10993,-14.597991,7.7155585
10994,-13.350928,7.455962
10995,-15.891932,4.6526036
10996,-13.909248,7.6377144
10997,-15.426192,10.737656
10998,-13.605629,7.7141213
10999,-13.583412,8.059632
11000,-12.640444,9.639072
11001,-13.305486,5.585505
11002,-13.908591,7.1060424
11003,-14.745261,7.428207
11004,-15.34464,6.717413
11005,-13.543059,7.440196
11006,-15.346,6.0720444
11007,-14.48638,6.786265
11008,-17.261412,5.120849
11009,-19.041195,4.482531
11010,-17.110624,9.483641
11011,-15.360667,9.084202
11012,-15.59537,8.330344
11013,-15.022448,8.215638
11014,-15.722418,9.198692
11015,-18.03328,11.096709
11016,-17.9872,8.142393
11017,-19.022207,5.9760733
11018,-16.299425,7.8431106
11019,-15.440262,9.60369
11020,-18.067766,4.8127213
11021,-18.477802,9.318949
11022,-16.270071,12.811903
11023,-18.687756,10.931896
11024,-16.75584,10.436777
11025,-17.966497,9.338772
11026,-18.595102,9.632676
11027,-19.723516,8.307292
11028,-18.898886,11.228267
11029,-20.065262,8.460737
11030,-20.684315,7.888648
11031,-20.556282,10.594468
11032,-20.09204,12.230051
11033,-22.292526,10.760736
11034,-20.784113,7.9425654
11035,-20.85404,9.465055
11036,-22.430355,7.58324
11037,-23.36953,8.230474
11038,-19.72161,9.302259
11039,-18.876616,9.2769785
11040,-17.940805,9.418939
11041,-16.646822,11.878399
11042,-17.26187,10.521854
11043,-21.69703,9.526248
11044,-21.53949,10.724564
11045,-20.283085,8.297879
11046,-23.067095,11.307804
11047,-16.235565,10.941277
11048,-17.840828,8.787833
11049,-15.933972,5.345693
11050,-20.200714,6.5481706
11051,-21.17863,7.200276
11052,-18.89069,7.3081646
11053,-20.785398,10.5061655
11054,-19.980387,7.9566116
11055,-23.483807,8.892275
11056,-20.450739,6.110461
11057,-21.350698,10.272984
11058,-21.076332,10.813437
11059,-22.792507,12.185772
11060,-19.094952,12.453162
11061,-19.990395,8.940493
11062,-20.136408,9.758616
11063,-19.023605,10.805532
11064,-16.096321,9.151636
11065,-17.97051,9.815366
11066,-19.199883,7.7733502
11067,-20.035872,9.287277
11068,-19.316156,12.567816
11069,-20.858118,8.259275
11070,-20.732584,8.533376
11071,-16.347124,8.703977
11072,-18.144312,9.682572
11073,-18.71267,7.145651
11074,-20.906189,9.700025
11075,-21.711645,9.571126
11076,-21.915323,10.11545
11077,-20.374928,8.926065
11078,-20.551744,6.6038704
11079,-19.442806,11.303996
11080,-18.248032,11.038293
11081,-20.585192,11.421819
11082,-21.979029,9.513836
11083,-21.807806,9.612286
11084,-23.746046,9.870663
11085,-23.637253,7.539665
11086,-21.781527,10.917053
11087,-22.642939,7.8549247
11088,-21.985947,8.375621
11089,-20.45508,10.502002
11090,-19.90783,11.139884
11091,-20.797113,9.427339
11092,-19.183449,10.409963
11093,-18.17811,9.675906
11094,-19.847582,8.131908
11095,-20.631329,7.949756
11096,-19.725084,6.1254387
11097,-19.316921,8.780095
11098,-20.521393,10.204052
11099,-22.474714,8.873932
11100,-21.017506,6.550912
11101,-19.4566,9.211194
11102,-18.626564,5.5354156
11103,-21.650927,6.170599
11104,-20.379753,6.6991253
11105,-21.153358,9.081343
11106,-24.73727,8.77039
11107,-20.685448,10.080663
11108,-23.011332,6.733775
11109,-26.111326,7.6981044
11110,-22.845001,7.039676
11111,-20.323772,7.0458393
11112,-20.332386,8.034531
11113,-20.92655,10.833399
11114,-19.257183,9.414454
11115,-20.785503,10.661511
11116,-20.052896,6.4176087
11117,-16.914932,8.0617
11118,-15.933695,7.168512
11119,-16.608875,8.4997225
11120,-17.839628,5.390907
11121,-14.603665,10.69748
11122,-13.350285,9.006027
11123,-15.453912,9.003937
11124,-16.313679,10.436557
11125,-17.387903,10.141581
11126,-18.285019,7.7242928
11127,-18.15747,7.683706
11128,-17.371037,7.9270945
11129,-18.569965,9.734278
11130,-22.273718,9.551524
11131,-19.43291,9.824658
11132,-16.703733,6.7404304
11133,-17.227266,8.378896
11134,-16.563538,9.387315
11135,-18.026382,9.4202385
11136,-19.97575,5.176639
11137,-17.00118,6.128226
11138,-20.582195,5.494614
11139,-18.08783,6.866647
11140,-18.064674,7.981506
11141,-19.222614,5.1003437
11142,-17.111385,6.293879
11143,-17.916763,8.538639
11144,-20.610703,4.971129
11145,-20.005793,4.851335
11146,-20.294165,1.9819088
11147,-20.78653,6.232113
11148,-21.035347,5.702266
11149,-18.442883,5.463726
11150,-19.418905,6.24219
11151,-22.216946,3.4433463
11152,-20.873825,1.7569636
11153,-19.735758,0.53150195
11154,-15.716841,4.192872
11155,-16.229322,2.8226593
11156,-16.609058,3.6530406
11157,-19.498041,7.086024
11158,-19.907015,5.141558
11159,-20.246927,5.939433
11160,-19.479609,6.522534
11161,-19.461487,8.139518
11162,-22.186039,6.909103
11163,-21.197071,10.391884
11164,-23.394152,8.539263
11165,-21.409416,4.9291906
11166,-17.692745,5.474801
11167,-19.411325,6.607291
11168,-20.84494,6.038743
11169,-19.169167,7.12959
11170,-16.17032,1.3714113
11171,-16.973782,3.970005
11172,-18.619461,8.7552595
11173,-19.356764,5.0497317
11174,-15.768256,2.5619833
11175,-15.476236,-1.0694746
11176,-16.902287,2.2985923
11177,-20.61859,1.076045
11178,-18.457367,4.505809
11179,-16.971766,5.838328
11180,-17.417307,1.4769348
11181,-15.901608,4.6080027
11182,-18.365593,2.86489
11183,-19.74989,2.6098626
11184,-18.976778,5.854735
11185,-17.266962,3.3322706
11186,-19.52916,2.687715
11187,-18.052195,4.905119
11188,-18.490326,3.3698604
11189,-19.16153,3.7265356
11190,-17.933397,1.3567438
11191,-18.81161,0.9242657
11192,-16.90854,5.4731016
11193,-20.8489,2.2189295
11194,-19.909449,5.1455216
11195,-17.647408,3.353589
11196,-18.835426,4.1759644
11197,-19.018444,2.7663848
11198,-19.17543,5.2670565
11199,-19.980238,9.057267
11200,-20.333746,7.01988
11201,-18.584352,4.8056855
11202,-18.50137,5.7105975
11203,-17.700857,5.674719
11204,-18.203154,2.3858724
11205,-15.934168,4.215126
11206,-16.609392,5.221423
11207,-19.127737,3.729954
11208,-21.196695,5.355454
11209,-17.960176,2.5198824
11210,-19.789665,2.2049277
11211,-18.788452,6.2344456
11212,-17.877754,6.534406
11213,-19.487116,5.8904343
11214,-17.938725,7.0817494
11215,-18.161028,8.704352
11216,-20.271873,7.203682
11217,-19.04225,7.02182
11218,-17.366186,12.342288
11219,-16.165741,4.141826
11220,-17.615532,6.212923
11221,-19.210411,4.3124504
11222,-19.793875,6.578557
11223,-17.161093,10.648261
11224,-18.860823,4.6964445
11225,-20.56336,8.938656
11226,-18.41199,7.653498
11227,-17.284582,4.157168
11228,-17.623644,5.6778564
11229,-18.083818,9.188101
11230,-16.428568,4.8423023
11231,-16.461424,-2.2851973
11232,-18.700846,2.1850708
11233,-16.945343,0.24938497
11234,-19.112745,3.8190613
11235,-15.499992,1.4101393
11236,-16.561483,2.5823357
11237,-19.95551,2.6384113
11238,-19.311098,-1.6423137
11239,-18.877354,-1.3911755
11240,-18.77383,3.6139264
11241,-18.097967,4.8022165
11242,-18.012657,1.6276877
11243,-15.700685,3.8907747
11244,-15.388979,5.39974
11245,-16.136843,5.23268
11246,-17.54997,5.5560675
11247,-19.674679,7.150165
11248,-17.998402,5.436919
11249,-20.747309,3.7157936
11250,-19.806767,3.067887
11251,-15.893786,5.762503
11252,-19.233183,7.1136665
11253,-20.037111,6.545684
11254,-18.847076,6.5990157
11255,-17.290215,9.239987
11256,-18.157755,5.801404
11257,-19.209127,7.506423
11258,-21.935266,5.6214366
11259,-21.691912,6.007728
11260,-20.684004,2.5850735
11261,-16.51158,4.3278513
11262,-17.598993,3.0183
11263,-18.33162,2.9310994
11264,-15.384702,5.080014
11265,-17.867733,1.8620999
11266,-16.582449,3.642247
11267,-18.122568,4.531702
11268,-20.588968,8.782211
11269,-19.482204,4.592132
11270,-20.267387,5.9463153
11271,-20.273827,8.631185
11272,-22.58186,4.2869563
11273,-17.076265,8.956198
11274,-17.771822,7.4457545
11275,-20.727299,10.080192
11276,-20.60237,9.771331
11277,-17.965155,10.520201
11278,-20.10192,12.152322
11279,-19.131325,13.602237
11280,-18.541521,11.74027
11281,-18.674536,9.368138
11282,-18.128178,9.46413
11283,-15.473726,9.692151
11284,-17.26307,7.3236833
11285,-17.556929,10.365686
11286,-17.60367,7.642804
11287,-14.929435,9.518235
11288,-12.321247,8.594487
11289,-12.054725,9.933422
11290,-16.013754,11.46754
11291,-14.505645,11.046734
11292,-17.847723,9.37528
11293,-15.617952,6.5155835
11294,-10.683663,9.034772
11295,-19.260714,9.221139
11296,-16.54446,7.091965
11297,-13.73918,7.9512854
11298,-9.438113,7.168645
11299,-10.337506,11.065362
11300,-8.767999,9.871653
11301,-11.843792,7.177846
11302,-12.062852,9.050585
11303,-12.737923,9.494597
11304,-15.947383,10.359339
11305,-15.702674,12.6480255
11306,-20.654179,9.023271
11307,-18.830467,7.3780313
11308,-20.802454,8.229151
11309,-22.730358,6.115412
11310,-18.331484,8.1339
11311,-19.527765,7.079584
11312,-23.530643,8.957115
11313,-22.953114,10.282694
11314,-18.044039,6.4890394
11315,-17.475462,5.4995046
11316,-17.456032,7.127678
11317,-17.973627,8.005352
11318,-19.191551,4.155898
11319,-17.37,4.760141
11320,-15.9717,10.435849
11321,-13.378203,7.4696546
11322,-11.353646,8.783699
11323,-17.195871,9.418223
11324,-16.006824,8.71378
11325,-19.607006,8.445305
11326,-14.574811,9.848449
11327,-12.193757,10.147628
11328,-15.064274,10.27215
11329,-14.28105,7.617997
11330,-13.324877,10.515922
11331,-16.59533,9.472577
11332,-11.498693,9.139842
11333,-10.863468,10.767962
11334,-14.780625,11.065487
11335,-12.539058,10.499916
11336,-8.999472,10.233949
11337,-7.8725657,8.157808
11338,-10.654694,7.6147885
11339,-12.172106,8.706817
11340,-13.357517,10.480495
11341,-10.750526,10.099546
11342,-11.266011,9.878507
11343,-11.804019,9.739689
11344,-7.931861,7.7345467
11345,-6.888103,8.093834
11346,-7.1869473,5.8799543
11347,-14.188966,6.411481
11348,-13.383142,9.963535
11349,-8.548254,8.3308525
11350,-12.610182,6.82717
11351,-12.575052,6.808772
11352,-20.398129,4.874586
11353,-20.186962,5.4657264
11354,-19.278072,7.967495
11355,-21.187067,9.36861
11356,-16.699001,7.4004874
11357,-17.829283,7.6598463
11358,-17.507612,7.6544147
11359,-15.126784,6.7609053
11360,-10.226466,7.2227726
11361,-10.319461,7.0594153
11362,-11.6773615,7.5136476
11363,-12.86099,7.3015685
11364,-10.47223,6.696103
11365,-14.214295,3.2386684
11366,-9.9882145,7.078801
11367,-11.967144,8.799008
11368,-13.062453,8.543575
11369,-15.314628,9.135349
11370,-18.39991,10.617737
11371,-21.228043,13.74743
11372,-17.9828,10.559069
11373,-20.397047,10.323483
11374,-17.849243,9.357347
11375,-19.682224,12.671793
11376,-19.364635,9.703109
11377,-14.482284,8.848465
11378,-15.753973,7.308075
11379,-18.956047,12.208323
11380,-19.772425,7.9533463
11381,-18.835192,8.965399
11382,-19.089468,9.056561
11383,-18.808838,12.472583
11384,-22.990685,12.249728
11385,-22.102598,12.214548
11386,-24.097956,11.238743
11387,-20.79259,12.011923
11388,-12.559891,9.041137
11389,-16.925993,11.254159
11390,-16.38219,8.947412
11391,-9.462778,14.768591
11392,-13.03106,12.456636
11393,-13.294219,10.390962
11394,-9.305608,9.632201
11395,-13.821928,8.142313
11396,-14.42336,8.702227
11397,-16.8316,12.822841
11398,-16.904154,12.952747
11399,-16.187317,10.531674
11400,-22.52425,11.97428
11401,-19.255848,10.74909
11402,-18.527699,10.018696
11403,-17.209915,6.909327
11404,-12.452152,8.729788
11405,-18.594591,10.38968
11406,-20.727594,11.015344
11407,-20.28219,11.800511
11408,-22.587566,12.080448
11409,-19.786572,10.260224
11410,-19.06872,11.758942
11411,-15.227173,13.059011
11412,-19.528353,11.522105
11413,-19.06857,10.164664
11414,-18.014797,13.524095
11415,-17.128433,10.114793
11416,-16.761574,12.4601555
11417,-22.898136,11.66309
11418,-20.963022,8.21908
11419,-21.731026,7.677984
11420,-24.226946,8.705623
11421,-19.40872,6.945605
11422,-20.37987,9.25717
11423,-19.60342,10.9927025
11424,-23.708807,8.544578
11425,-22.660393,6.426468
11426,-17.4076,8.453147
11427,-21.163927,8.11255
11428,-21.55586,10.171105
11429,-19.946777,10.043543
11430,-14.624956,7.859058
11431,-16.891224,9.711426
11432,-16.183163,10.868324
11433,-18.059639,11.304955
11434,-19.973173,10.686018
11435,-20.601954,10.445173
11436,-21.879446,10.788886
11437,-21.564,8.777723
11438,-23.144564,11.751236
11439,-24.83055,9.802121
11440,-21.427868,4.7576175
11441,-23.431396,11.879754
11442,-21.721449,10.187789
11443,-23.478283,13.022395
11444,-23.05468,10.803955
11445,-19.191256,7.4265943
11446,-18.282701,11.564082
11447,-22.639177,10.08351
11448,-21.735407,9.981794
11449,-20.175385,11.099304
11450,-22.752995,9.751394
11451,-24.492147,13.238406
11452,-22.84321,9.048636
11453,-24.450167,10.450629
11454,-22.32303,8.647535
11455,-21.852558,10.51043
11456,-19.072586,11.030206
11457,-17.684555,13.591942
11458,-19.52671,7.126776
11459,-15.763504,10.7079115
11460,-17.825745,7.6042495
11461,-14.460062,8.324311
11462,-15.98297,11.016785
11463,-17.688768,13.492025
11464,-17.749756,11.30587
11465,-15.315859,15.617742
11466,-14.354057,11.20777
11467,-12.592756,13.334655
11468,-13.116781,7.821034
11469,-12.027941,7.576516
11470,-11.822835,8.669979
11471,-12.024921,8.918349
11472,-11.501854,9.516978
11473,-12.824603,9.586316
11474,-7.983658,7.6267266
11475,-10.798635,7.867764
11476,-5.2291255,10.609482
11477,-1.6375675,8.179538
11478,-0.4345197,3.0589392
11479,-0.4989481,6.6215463
11480,0.53742075,4.954953
11481,1.3300421,6.6588354
11482,1.4821469,9.099529
11483,-1.2129346,6.602942
11484,-2.2535768,4.8193374
11485,-1.9422665,5.2685266
11486,-1.8320245,4.7270637
11487,-3.1405652,4.4960575
11488,-5.8618135,4.8846083
11489,-4.227742,11.923685
11490,-4.273734,6.816142
11491,-3.8982363,8.134545
11492,-2.5540311,9.632574
11493,-3.7082176,9.046205
11494,-1.2144794,6.995812
11495,-0.4778943,6.443792
11496,-0.9471064,11.038413
11497,-5.4457617,6.8683524
11498,-3.630891,5.7090964
11499,-0.044588774,7.363103
11500,-2.1940084,8.090059
11501,-1.4759876,7.454867
11502,-1.0109667,9.125434
11503,-1.9184499,12.622638
11504,-1.8354313,5.692285
11505,-1.252532,9.98512
11506,-4.134309,5.122629
11507,-0.2870416,8.080947
11508,-2.2879114,9.337163
11509,-3.0213082,11.091673
11510,-0.48873803,8.947675
11511,-0.5006587,8.275365
11512,-0.53063214,10.368376
11513,-0.033982176,11.598836
11514,-1.5082022,8.418675
11515,-0.42771822,10.583272
11516,-0.31261963,7.66852
11517,0.46276796,7.90183
11518,-2.9345427,7.9452977
11519,-2.17005,5.52496
11520,-2.8381875,8.060269
11521,-3.6899853,9.934509
11522,-1.8422799,10.623757
11523,-1.6563404,11.158306
11524,-0.6865156,10.182082
11525,-3.6317508,10.580914
11526,-0.97680885,9.623021
11527,-0.3925559,12.440172
11528,-0.12077239,11.099836
11529,-0.9668736,9.913394
11530,-4.0472794,10.287363
11531,-2.250813,10.219873
11532,-3.3216925,11.178291
11533,-1.0318513,4.731817
11534,-1.4086581,7.0761504
11535,-4.325222,11.731356
11536,-6.0799475,8.534938
11537,-3.9198945,7.021749
11538,-0.84790665,5.6810083
11539,-1.6249373,8.732501
11540,-1.1999997,7.9434543
11541,-3.0155075,9.912419
11542,-0.58031493,10.034963
11543,-1.8502522,9.639774
11544,-2.0114205,8.901723
11545,0.16780768,10.047087
11546,-0.028828565,11.344468
11547,-0.3378234,10.285939
11548,-1.9874724,9.751773
11549,0.45572644,9.480274
11550,-1.7730299,10.838717
11551,0.5143292,12.23063
11552,2.792888,10.867423
11553,-1.1779258,11.690794
11554,-0.8859237,10.562892
11555,-2.1555352,10.666878
11556,-0.2761097,5.1505265
11557,-0.97982067,6.9375615
11558,-0.61980295,9.596478
11559,-0.36180982,6.5797987
11560,-0.8159079,8.021055
11561,-1.4217927,11.129993
11562,0.2874688,11.033994
11563,0.6073274,8.719528
11564,1.4938602,7.173343
11565,1.5729383,6.681807
11566,0.5272275,7.962093
11567,1.1749867,7.412786
11568,0.6035632,6.433979
11569,1.0523665,10.334725
11570,-0.85430527,9.604272
11571,0.7845066,8.956046
11572,-0.2652231,9.18768
11573,-2.8265562,8.051933
11574,1.1971759,6.8104887
11575,-0.23633799,7.729117
11576,0.19613606,6.96351
11577,-0.7102636,10.732714
11578,-0.81303376,11.593142
11579,-3.011319,6.4649363
11580,-0.6449944,8.06329
11581,0.018565826,8.014972
11582,-0.8744498,9.621986
11583,-1.3301396,8.100728
11584,0.7998379,10.186376
11585,1.9510022,10.640051
11586,0.54005396,13.213026
11587,0.62000656,6.2310095
11588,-0.3056511,11.69327
11589,0.08371738,12.789534
11590,0.28307548,10.26874
11591,1.3276265,11.546829
11592,0.9940324,11.634942
11593,0.21754208,10.585721
11594,3.014553,12.224837
11595,1.368577,10.656117
11596,0.45174325,13.279208
11597,-0.75198174,11.353988
11598,1.5496291,9.378198
11599,-1.5371659,8.998253
11600,-5.5560017,9.658993
11601,-7.736397,11.1389
11602,-4.089838,11.908661
11603,-4.5825644,7.504517
11604,-4.149953,10.579729
11605,-6.4807262,12.345533
11606,-5.0311494,11.000639
11607,-4.365758,8.846675
11608,-3.034002,8.758096
11609,-2.2273421,5.2820096
11610,-1.7218033,6.379224
11611,-0.0862872,7.133567
11612,2.8182695,7.3207145
11613,2.1422405,7.126954
11614,0.7357113,8.942149
11615,1.4091755,8.600227
11616,1.3884658,8.673726
11617,-1.5462745,8.424121
11618,1.5140755,8.540084
11619,-1.4311285,6.5129914
11620,-1.2312926,7.9876604
11621,0.26214734,8.1596985
11622,-2.9225764,8.991211
11623,-1.9933697,8.479903
11624,-2.3796022,5.268682
11625,-2.7680373,8.29837
11626,-0.9773078,6.547356
11627,-1.2534153,7.708162
11628,-1.5969089,7.6359634
11629,-2.9380167,7.1554832
11630,0.22707076,4.759697
11631,-0.99349475,5.0363984
11632,-1.823352,7.8663993
11633,-2.7835867,6.7508235
11634,-0.34818104,4.3852572
11635,-0.23505698,4.597718
11636,1.6205673,5.2193246
11637,3.3656754,3.6625001
11638,-2.2163177,3.9659731
11639,-2.176815,7.7691655
11640,-2.7928276,8.800464
11641,-5.0472794,5.550878
11642,-0.49773097,8.924297
11643,0.49631488,8.003615
11644,-1.7516913,7.0277386
11645,-2.7347114,6.054699
11646,-3.088344,6.7255526
11647,-2.6247509,5.7068434
11648,-1.0283315,9.916622
11649,-0.20615186,11.562948
11650,-2.4917698,14.4669695
11651,-0.03691065,11.041088
11652,-1.8656433,9.263079
11653,-3.4315667,11.529901
11654,0.22843367,12.19603
11655,-2.5661547,13.654774
11656,-0.892631,9.748335
11657,-3.8406854,10.874378
11658,-3.5688846,9.646204
11659,-1.3862579,8.408641
11660,-2.0316906,9.497143
11661,0.5149531,6.4897704
11662,0.006730594,6.9563003
11663,-0.2641905,10.520129
11664,1.8886976,9.375677
11665,1.9069157,7.0085597
11666,0.065613285,10.334028
11667,2.0212333,9.880376
11668,1.6322472,7.2641435
11669,-0.7818301,9.695648
11670,0.6939262,8.329283
11671,0.4770655,7.733602
11672,-0.48848024,9.750122
11673,-1.6500616,7.4951887
11674,-0.49479982,9.011046
11675,-2.3215957,8.8820505
11676,-1.6468617,10.821649
11677,0.15163188,9.376318
11678,-2.7699912,8.748719
11679,-1.5995163,3.8808095
11680,-0.80025697,2.923499
11681,-1.8721222,6.6671977
11682,-0.63545793,5.4917426
11683,-1.5359128,4.8239036
11684,0.7438758,6.7274265
11685,2.0813587,7.012603
11686,0.89853615,4.520725
11687,0.607828,11.610428
11688,-2.0275073,5.1342754
11689,-1.4207151,5.596089
11690,-0.6219572,9.105792
11691,-0.36321977,8.24425
11692,-2.0643148,7.7127314
11693,0.044919755,8.830469
11694,-0.8299224,8.00738
11695,0.05674933,9.296135
11696,-0.7388394,6.254801
11697,0.54768026,11.244517
11698,-4.228856,10.119419
11699,-5.877323,9.767953
11700,-6.2370296,9.323805
11701,-2.2430508,8.141373
11702,-1.6204015,7.1298475
11703,-2.3596437,9.130193
11704,0.24924904,5.5497503
11705,-2.318422,8.374999
11706,-5.2802176,8.787518
11707,-1.73389,7.089106
11708,-0.22380553,9.588901
11709,0.81042266,5.5483685
11710,-0.90078753,11.332386
11711,-1.4459578,7.3164573
11712,-1.681255,5.706081
11713,-3.3897393,5.973788
11714,-3.1103349,7.145296
11715,-2.5495,8.4512
11716,-0.4256904,8.413376
11717,1.7349821,7.668679
11718,-0.32449222,7.894202
11719,-1.5952679,6.1252832
11720,-3.6446557,11.0731735
11721,-1.6314553,8.9446
11722,0.06364016,9.038422
11723,-0.5733309,9.265629
11724,1.6597806,3.7992303
11725,0.82448846,7.9729104
11726,0.7148272,6.9414196
11727,1.2538764,10.034547
11728,-2.2784286,8.32691
11729,-0.053877007,9.098563
11730,0.5293263,10.164062
11731,-0.6174,6.2896385
11732,0.950023,6.3655577
11733,1.7461073,5.848044
11734,-1.2785646,6.589958
11735,0.41922545,8.046475
11736,-0.99722505,10.557086
11737,2.3949878,6.7814837
11738,1.4010749,4.47194
11739,1.711725,7.890166
11740,-0.10047425,5.908197
11741,0.7516004,5.7205696
11742,-2.1866806,5.8626657
11743,-2.6433382,6.0492425
11744,0.54970807,6.4794397
11745,1.115958,9.795507
11746,-1.2571422,9.946784
11747,0.5464505,9.740714
11748,-1.0666655,8.155954
11749,-2.9447215,6.3283496
11750,-3.8337972,8.544379
11751,-3.0859818,10.149755
11752,-0.18633166,7.3560514
11753,-0.4323086,7.9670534
11754,-2.1453128,6.6991367
11755,-4.664886,3.1972294
11756,-6.533664,9.440916
11757,-5.9559727,10.949872
11758,-1.1269273,8.71011
11759,-1.7340516,9.4008255
11760,-1.6352677,8.502714
11761,-3.0650022,6.1619554
11762,-4.1031365,5.001455
11763,-4.136198,8.533604
11764,-0.6011187,6.7854977
11765,-0.4540131,6.433001
11766,-0.9101068,6.6221533
11767,0.602397,4.546027
11768,-1.6045355,4.1705046
11769,-4.031356,7.307236
11770,-2.570658,6.794576
11771,-2.719641,7.5690975
11772,-2.093756,8.30561
11773,-1.4511256,4.568059
11774,-1.9322939,6.62714
11775,-2.4384868,6.786468
11776,-0.6537371,7.7787695
11777,-2.1384072,5.5644603
11778,-4.288428,6.800628
11779,-4.043655,7.297339
11780,-2.8423169,1.383572
11781,-6.194124,6.5284443
11782,-7.197043,4.9644055
11783,-5.724413,7.1187396
11784,-2.8108406,9.090477
11785,-3.0741563,7.747439
11786,-3.9845226,10.194182
11787,-1.3356324,9.922757
11788,-0.37537777,9.925861
11789,-0.4137607,10.9935055
11790,-0.67888993,10.663337
11791,-1.7557572,8.606996
11792,-0.19698231,10.051895
11793,-0.79774654,10.898864
11794,0.50970656,11.744183
11795,-2.5626497,12.135235
11796,-1.8679299,9.603256
11797,-2.670094,11.757485
11798,-0.30125973,10.539157
11799,-0.9371548,10.710167
11800,-1.8433297,8.429158
11801,-1.9799583,8.148491
11802,-4.36329,8.482024
11803,-1.1672099,10.1370325
11804,-1.9491032,9.725383
11805,-0.8113542,10.790608
11806,-0.53824365,8.646951
11807,-4.05784,9.196593
11808,-5.7320724,9.260167
11809,-7.0378346,7.89925
11810,-4.692138,6.109041
11811,-5.3495574,8.7678795
11812,-7.420576,5.647087
11813,-9.810766,7.712553
11814,-7.117608,5.2443185
11815,-6.1512494,7.89741
11816,-3.6268501,5.9239345
11817,-2.695915,8.949302
11818,-2.049017,9.129562
11819,-3.5115545,11.635785
11820,-3.7765508,9.366014
11821,-4.744045,8.02155
11822,-3.3912268,7.942606
11823,-4.780317,7.3149924
11824,-3.1297083,3.9195244
11825,-1.8721726,7.920675
11826,-2.5143628,6.3457685
11827,-3.5391774,6.3635454
11828,-4.355543,10.48193
11829,-6.196664,8.451111
11830,-3.3560216,5.0157785
11831,-5.0481954,7.8352118
11832,-3.6294029,6.1958914
11833,-3.2957547,7.021462
11834,-4.5092225,4.117351
11835,-2.303091,6.4203086
11836,-2.3472726,6.558991
11837,-2.750696,6.9104
11838,-3.6188762,5.848779
11839,-4.538015,8.534026
11840,-5.2362313,6.500396
11841,-5.0271053,9.03749
11842,-6.2872796,8.952213
11843,-5.7754283,9.662592
11844,-4.0014696,12.717641
11845,-3.615662,7.092376
11846,-5.3878193,6.2336197
11847,-3.4058247,5.8512135
11848,-2.6041093,4.3694515
11849,-3.9329727,4.287333
11850,-2.4442081,5.572247
11851,0.468474,9.125294
11852,-1.7210057,7.5033956
11853,-1.4535171,7.1561112
11854,-3.030082,8.852072
11855,-1.3908007,7.6320453
11856,-0.40049526,5.740964
11857,-1.415718,7.9648075
11858,-1.6741855,6.939611
11859,-2.4885745,10.528045
11860,-2.4923825,9.874179
11861,-5.1040874,9.302086
11862,-1.9548262,13.764544
11863,-2.9117944,12.733342
11864,-1.2067224,10.595332
11865,-0.57511115,11.678895
11866,-5.458961,12.45312
11867,-1.4122323,10.209525
11868,-0.36384308,12.552397
11869,-1.1486969,10.32156
11870,-1.3648235,11.596317
11871,-0.008030677,10.207884
11872,0.28435573,9.143623
11873,-1.3347799,10.859571
11874,-4.2728863,10.632403
11875,-0.9418501,14.408668
11876,-0.17436537,10.525725
11877,-0.9408868,9.328915
11878,-0.444234,9.810278
11879,-0.5527864,9.664585
11880,-1.4589866,12.49716
11881,-1.8054812,12.171347
11882,-1.1815115,9.554745
11883,-0.0999616,8.733084
11884,-0.6013021,6.8048086
11885,-0.5294055,12.983508
11886,0.54460496,9.320248
11887,-2.9705837,7.9327154
11888,-0.36863795,7.706589
11889,-3.0398555,3.2893043
11890,-1.5899051,5.6249986
11891,-2.346693,6.717499
11892,-1.3208897,9.756798
11893,-5.9521394,7.8662176
11894,-1.2218539,9.182787
11895,-3.0126271,6.413586
11896,-2.436809,9.650656
11897,1.6218575,9.1909895
11898,-2.8360465,9.387086
11899,0.87679744,4.8875837
11900,-1.7882447,5.938928
11901,-2.0332646,6.1880083
11902,-3.878058,4.4267898
11903,0.35484722,4.9790316
11904,-0.49815178,5.490704
11905,0.5486844,2.3359299
11906,-1.4413899,6.768318
11907,0.47929537,8.216007
11908,1.3137265,5.3938184
11909,0.91684705,4.8585415
11910,-2.4455073,10.615849
11911,1.9563416,7.1058054
11912,0.16130096,10.796029
11913,3.9892113,11.9385395
11914,2.2087,7.175957
11915,1.9763216,5.7636313
11916,0.48214984,11.244284
11917,1.6651337,7.2400713
11918,0.93742156,5.5519714
11919,-0.31306946,8.787086
11920,1.6643215,6.2931404
11921,-0.21282092,11.641915
11922,3.7474782,8.723775
11923,2.0315065,8.789246
11924,0.47424334,10.755016
11925,0.77722424,9.167952
11926,-0.063558914,10.501538
11927,0.7017194,9.7839575
11928,0.22216806,8.44759
11929,1.3296549,9.948771
11930,0.6100171,10.282588
11931,0.8923755,10.099121
11932,2.224678,8.019312
11933,-0.39888155,6.0744376
11934,0.37377924,6.4108005
11935,-2.3344147,12.584906
11936,0.008963088,11.451122
11937,-1.0425377,4.5891275
11938,-0.3796262,9.233859
11939,-0.48992968,10.483189
11940,-0.54190725,10.314013
11941,-1.961115,9.622597
11942,-1.9726555,8.101126
11943,-3.7202883,9.882583
11944,-3.9467502,7.8161583
11945,-1.6265094,7.585823
11946,1.4122254,9.87651
11947,-1.2933799,6.970086
11948,-2.7446656,6.6455917
11949,-3.4463515,8.057783
11950,1.966361,6.214354
11951,1.8147619,6.845984
11952,0.6538973,10.408516
11953,1.1645731,7.289053
11954,0.9342187,6.579073
11955,1.9462935,6.8382235
11956,2.0396032,6.5784774
11957,1.5048808,10.838719
11958,1.4569814,8.265992
11959,4.499518,10.424508
11960,3.8150308,7.9960203
11961,2.8698173,7.302542
11962,3.315286,8.7491045
11963,2.602693,5.65689
11964,3.4504063,9.89
11965,2.4928403,7.771027
11966,4.2983046,7.648373
11967,2.2871366,9.189631
11968,2.7466285,6.772633
11969,4.2031584,5.308863
11970,2.8548965,8.327949
11971,1.7840803,5.1547666
11972,0.4310573,5.0430646
11973,0.4816924,6.265854
11974,0.2950203,3.6819208
11975,1.0310128,5.472436
11976,-1.3637218,4.6210647
11977,-0.723487,7.4855485
11978,-2.9225485,5.0896516
11979,-0.080081746,8.879764
11980,3.681759,6.422443
11981,1.2518879,8.766057
11982,2.0094457,9.811625
11983,-0.38351953,6.6438885
11984,-2.1693728,2.2232175
11985,-1.500171,8.447597
11986,-2.5079021,5.0921116
11987,-2.650499,5.1123476
11988,-3.1327143,5.9503713
11989,-0.58433455,8.47482
11990,-1.167616,7.6345954
11991,-0.2516204,7.041788
11992,-0.160673,9.954473
11993,0.9254904,8.61486
11994,0.5685392,6.5179706
11995,0.20264243,6.497245
11996,-0.63809806,10.034542
11997,-1.0186335,8.327933
11998,-0.15937506,9.967112
11999,2.2113974,8.323744
12000,-0.6553667,9.759316
12001,0.87561864,10.373011
12002,-0.39615175,9.82289
12003,-0.557349,11.500918
12004,0.5482246,11.284959
12005,-1.3537741,10.673101
12006,-0.7759681,14.169342
12007,-1.7169336,11.271331
12008,-0.6525589,14.8926525
12009,-0.68558794,11.886054
12010,-0.5758367,9.189939
12011,-0.28809115,10.909576
12012,-0.6237569,9.200361
12013,-2.0697196,10.123089
12014,1.2702382,10.926599
12015,1.1286659,10.960476
12016,-0.94564843,11.372678
12017,-0.31590566,12.882915
12018,1.5476824,15.479756
12019,-0.13207746,11.935486
12020,0.3221754,13.049064
12021,1.3595252,10.346818
12022,-0.40567803,11.138156
12023,0.45511085,10.018204
12024,0.092703074,10.9406805
12025,0.19166853,14.489631
12026,-2.839823,15.204233
12027,-2.758242,18.726198
12028,-1.140798,13.618193
12029,-1.3695107,13.480976
12030,0.49485132,13.80839
12031,-2.0535061,13.572951
12032,-1.6298944,13.8869095
12033,-1.2580624,14.836733
12034,-2.787649,14.046453
12035,-2.1536894,15.396714
12036,-0.9152868,14.128716
12037,-0.6519879,15.063502
12038,-0.46262807,16.091623
12039,-0.42881578,15.723819
12040,-0.5517098,12.676441
12041,-0.46866062,11.04214
12042,-0.15974706,13.333033
12043,-0.32719997,8.569138
12044,0.13860898,14.762317
12045,1.8988086,11.691387
12046,1.8423876,13.439447
12047,-0.37816188,14.419931
12048,-1.1044091,15.932727
12049,-0.9069639,12.742865
12050,-1.0139465,14.963728
12051,-0.07374659,14.243385
12052,0.6053273,9.77425
12053,0.95869815,11.49051
12054,1.9928952,14.677527
12055,-0.49877188,9.766641
12056,1.056021,11.71111
12057,0.88312715,12.754041
12058,1.6166493,13.011967
12059,0.87765443,11.078792
12060,0.48276907,14.958948
12061,1.055393,9.879086
12062,-0.8224574,9.448751
12063,-0.29851738,12.356234
12064,-0.47022253,8.224463
12065,-1.5884846,13.719225
12066,-2.416677,11.739161
12067,-4.9476323,13.464539
12068,-3.7248595,12.057988
12069,-4.0093265,9.6988125
12070,-4.9704127,9.068797
12071,-5.8543663,8.354209
12072,-3.8781312,9.116336
12073,-6.1861405,7.8615417
12074,-4.3990097,8.020314
12075,-2.6341786,10.731262
12076,-4.0703115,11.151961
12077,-3.7638454,10.870135
12078,-3.3095205,8.933218
12079,-5.076225,7.4990478
12080,-4.1906505,10.714463
12081,-4.330901,11.512229
12082,-3.1292422,12.9175205
12083,-5.1335807,13.048784
12084,-4.1605315,9.138315
12085,-6.098784,9.911567
12086,-6.689845,7.642934
12087,-4.272131,10.073571
12088,-5.874534,9.129426
12089,-2.6769264,9.126559
12090,-5.2330275,13.115803
12091,-3.971892,12.508112
12092,-3.0853443,10.559886
12093,-3.3671172,9.325487
12094,-2.16478,11.384469
12095,-3.2260945,9.306092
12096,-3.2910266,9.901842
12097,-3.8503737,9.657078
12098,-5.0996137,8.416861
12099,-2.7086866,9.226279
12100,-5.922084,13.09384
12101,-3.4485514,13.991223
12102,-5.9571543,10.419291
12103,-5.0708623,10.328926
12104,-4.6838374,6.364618
12105,-6.589373,8.512135
12106,-4.446042,11.982814
12107,-3.521321,12.354837
12108,-4.3694363,11.75967
12109,-4.33549,11.461861
12110,-6.401389,13.63305
12111,-4.354958,12.71215
12112,-5.7746024,11.940217
12113,-5.2481766,13.374282
12114,-5.180183,10.79573
12115,-7.5404963,10.653134
12116,-3.8622134,10.116733
12117,-3.213928,7.617436
12118,-5.286702,11.07875
12119,-6.3158255,10.202227
12120,-6.8803554,10.420181
12121,-5.0968423,11.759556
12122,-3.5045304,9.486232
12123,-4.2946305,8.093196
12124,-5.6176896,11.840712
12125,-4.853434,7.663178
12126,-4.941147,8.504759
12127,-6.015724,9.063696
12128,-5.956065,10.390932
12129,-3.65442,6.9173255
12130,-5.550204,9.244561
12131,-5.835401,12.61645
12132,-3.6643999,8.420731
12133,-4.887061,9.445297
12134,-6.2516856,9.892804
12135,-4.1072316,13.430051
12136,-4.373348,10.48636
12137,-4.7591605,12.053742
12138,-3.2015722,12.502124
12139,-5.563106,8.213033
12140,-5.0775757,7.1819315
12141,-5.736783,5.6332455
12142,-3.6618948,9.59831
12143,-4.0565896,8.603349
12144,-5.1631308,10.814909
12145,-4.0521984,9.478766
12146,-2.877441,10.278389
12147,-2.188308,12.813246
12148,-3.6285272,11.03655
12149,-4.090542,9.3709
12150,-4.6094275,13.737799
12151,-2.7722833,13.645996
12152,-3.2259126,10.327888
12153,-3.8605642,14.311113
12154,-4.0019712,16.35462
12155,-1.3714534,13.811476
12156,-0.8525668,11.414596
12157,-2.0672066,11.648339
12158,-3.4073038,7.8745623
12159,-3.2103949,10.980023
12160,-5.5498114,11.917515
12161,-5.4002943,12.549708
12162,-7.0323234,9.712145
12163,-6.095421,10.325229
12164,-3.6086137,11.823126
12165,-5.1208262,14.104776
12166,-4.373376,14.188619
12167,-5.195272,13.487719
12168,-4.404967,14.138473
12169,-5.132922,12.918102
12170,-4.9993877,11.414912
12171,-2.3847663,11.1124525
12172,-3.6908123,12.86534
12173,-3.5787933,10.231305
12174,-5.1743803,13.766182
12175,-2.5689085,14.052201
12176,-3.371717,15.681598
12177,-4.570158,13.194039
12178,-6.165736,14.705813
12179,-5.545627,14.447837
12180,-7.719808,15.791384
12181,-5.649948,11.891617
12182,-7.340595,11.558621
12183,-7.961227,11.757897
12184,-4.597001,13.2670965
12185,-4.7776003,15.662466
12186,-4.5086236,16.753578
12187,-4.704798,11.916779
12188,-6.985866,14.400652
12189,-6.311727,16.616236
12190,-6.8731093,13.766411
12191,-5.380639,14.718628
12192,-9.551155,8.885895
12193,-7.409295,12.309637
12194,-5.367403,13.206442
12195,-5.2412505,12.841447
12196,-6.8265033,13.667505
12197,-6.7701974,10.045675
12198,-7.7727327,11.080679
12199,-7.3495393,11.399394
12200,-7.922067,11.193243
12201,-6.0321565,13.28517
12202,-6.766059,10.422704
12203,-8.26433,9.975295
12204,-6.926534,11.287515
12205,-6.26138,10.562978
12206,-6.1830745,10.24224
12207,-5.7869835,11.568005
12208,-5.3448772,9.34974
12209,-4.104715,10.385055
12210,-3.6343648,8.821934
12211,-4.677825,10.107682
12212,-4.3128757,9.1674185
12213,-4.6335545,12.607509
12214,-7.1602635,11.331482
12215,-8.121726,9.081591
12216,-9.722663,9.101693
12217,-5.906894,10.699574
12218,-5.7839932,15.135369
12219,-6.501816,14.084683
12220,-7.9017043,10.737503
12221,-7.1899905,11.796644
12222,-7.894119,11.764786
12223,-6.366412,8.450593
12224,-8.113709,8.380986
12225,-9.955375,8.081715
12226,-10.292673,3.7440171
12227,-9.828215,7.730282
12228,-11.704203,9.190418
12229,-12.044837,5.8123264
12230,-12.239329,8.02096
12231,-9.751469,7.2886677
12232,-8.608687,7.171158
12233,-11.811788,8.547569
12234,-6.8665476,10.035234
12235,-5.417157,8.136573
12236,-6.110256,10.055306
12237,-2.4376452,9.538587
12238,-5.1892257,10.283726
12239,-6.457842,10.02618
12240,-6.769647,7.0528045
12241,-6.1613812,8.96768
12242,-7.9489465,8.49085
12243,-6.1422644,10.23285
12244,-4.990188,8.157206
12245,-3.9368918,8.651408
12246,-4.6480722,8.783905
12247,-3.5547028,6.961551
12248,-3.1495588,6.600049
12249,-5.726961,6.3154526
12250,-4.6233845,7.4496026
12251,-4.56839,7.134581
12252,-2.048196,9.633104
12253,-3.1665351,4.9923725
12254,-3.5681384,8.3246
12255,-3.3273501,8.437956
12256,-1.6977588,9.855844
12257,-2.8083475,8.896334
12258,-0.6199819,6.2095466
12259,-0.4081718,8.298806
12260,-3.6487377,7.4977837
12261,-3.037397,6.10023
12262,-3.6255846,8.86955
12263,-1.8984131,6.259335
12264,-3.9102736,5.984313
12265,-3.3160155,8.393304
12266,-1.1422304,7.3334384
12267,-1.072045,6.1264677
12268,-2.005657,7.807038
12269,-1.3078779,8.221499
12270,-3.670832,5.5934105
12271,-4.0924582,5.561898
12272,-3.1753726,6.175068
12273,-3.5429847,8.561406
12274,-4.7640586,7.6461196
12275,-3.2509437,7.66434
12276,-3.5056484,6.594533
12277,-6.2178564,9.522359
12278,-5.1660237,9.146024
12279,-4.317157,4.8680706
12280,-2.0101843,7.120589
12281,-2.9033122,9.440723
12282,-2.585503,10.537137
12283,-1.6720678,7.242184
12284,-2.9448912,7.245182
12285,-1.9109604,6.8047714
12286,-0.6669082,5.3059316
12287,-0.3328407,9.00614
12288,0.23398355,9.926471
12289,1.602218,8.474294
12290,-0.15459716,7.2490234
12291,-0.22733256,7.91914
12292,-0.6761411,7.0319934
12293,0.376613,4.429299
12294,-0.22898282,6.752142
12295,-2.9896286,6.6824045
12296,-3.9340792,4.020899
12297,-1.7597264,5.0130067
12298,0.31306458,5.8408356
12299,0.054453243,6.9866405
12300,-0.5810998,8.167209
12301,-0.19758953,5.507733
12302,0.26462567,7.5855246
12303,0.040462926,12.542578
12304,1.1317143,9.9999485
12305,-2.408181,7.604678
12306,-1.8920531,10.144299
12307,-1.3590106,6.0668745
12308,-0.6069296,8.6689205
12309,-0.58187515,6.560472
12310,-3.2389545,9.134384
12311,-5.0784307,4.0849924
12312,-2.3511283,6.168732
12313,-0.4764711,8.3438835
12314,-0.8290011,11.928481
12315,-2.3711677,9.056054
12316,-0.40450385,11.130617
12317,1.0155298,9.662624
12318,0.050527833,7.544471
12319,1.3918637,8.523513
12320,1.1173197,8.781666
12321,0.43563992,9.846974
12322,0.65072906,8.176539
12323,-2.7148411,11.751191
12324,-3.470782,9.812807
12325,-1.4333705,9.049826
12326,-2.165995,8.871348
12327,-2.2029335,9.92831
12328,-5.2250576,9.9704685
12329,-3.2917583,9.322813
12330,-1.747288,11.287567
12331,-3.7076313,9.478289
12332,-5.135141,9.433278
12333,-7.8623867,9.956475
12334,-9.229532,8.196186
12335,-10.806797,11.304558
12336,-8.46377,9.057512
12337,-5.4094596,9.0523815
12338,-9.3588295,11.926185
12339,-8.122976,10.408091
12340,-9.284314,8.501593
12341,-10.427327,8.364475
12342,-8.888826,9.986101
12343,-8.3679,12.72422
12344,-6.3123035,12.026646
12345,-6.4924874,14.934178
12346,-8.183758,11.178192
12347,-10.043228,6.3533077
12348,-9.606663,5.6718445
12349,-9.6968355,5.768264
12350,-6.4797626,6.802201
12351,-6.7321744,8.227038
12352,-1.0875688,5.59336
12353,-4.534092,10.591114
12354,-5.8950987,9.5142145
12355,-4.7408404,10.115894
12356,-2.4445066,10.619241
12357,-4.7967978,8.710704
12358,-2.760458,7.0371356
12359,-6.0756335,7.955902
12360,-4.2151465,7.551209
12361,-3.96809,6.8406863
12362,-5.8719463,8.777869
12363,-4.7750087,7.5690174
12364,-6.349776,10.688359
12365,-5.500631,6.8334346
12366,-5.348583,11.005478
12367,-6.572934,8.483873
12368,-5.2404604,8.849267
12369,-6.391154,7.4163976
12370,-3.003224,10.369055
12371,-5.2683144,9.880232
12372,-6.3081155,8.929174
12373,-5.4908786,9.20564
12374,-5.344577,9.531344
12375,-6.004176,8.871766
12376,-4.3924923,9.376638
12377,-2.8282273,14.2032995
12378,-3.7482176,7.7451897
12379,-4.8622394,8.6484785
12380,-3.3565593,9.6126175
12381,-0.5456348,11.036816
12382,-2.0250242,11.36236
12383,-1.5676695,12.088582
12384,-0.17229831,8.478139
12385,-1.8903204,10.482543
12386,-1.5008057,7.487426
12387,-1.8625152,12.659846
12388,-1.1057951,14.663835
12389,-2.259248,12.539239
12390,-0.16749285,11.304074
12391,-1.9373819,11.493399
12392,-0.0080929315,13.341227
12393,-0.27011818,12.361874
12394,-1.3710183,8.028112
12395,0.43525583,10.96685
12396,-0.92766917,9.5925455
12397,0.32218167,11.5215025
12398,0.9520315,8.412476
12399,1.3115464,11.097324
12400,-2.2366083,9.644878
12401,0.12360625,5.5223365
12402,0.7308602,11.939467
12403,-0.9465131,10.610093
12404,-0.4868679,9.551581
12405,0.7587252,7.9787807
12406,0.790468,12.288686
12407,-1.9515096,12.101908
12408,-0.12503245,10.782136
12409,-1.664046,10.75399
12410,-0.024829686,10.429766
12411,-1.7951471,14.337297
12412,-1.0389853,8.606142
12413,-1.0487413,14.754571
12414,-7.3660874,11.575769
12415,-1.0993624,13.08886
12416,-3.5472014,11.547595
12417,-2.1936328,10.830458
12418,-4.938709,7.4729156
12419,-4.5665317,9.720585
12420,-1.6292152,12.2720785
12421,-2.951005,11.4299345
12422,-0.1399522,10.185391
12423,-1.8339921,11.859982
12424,-3.4101632,16.763342
12425,-1.2823192,12.206167
12426,-5.054093,14.532064
12427,-1.4151872,11.915802
12428,-3.6654568,13.257807
12429,0.541287,12.430433
12430,-3.0722675,17.325808
12431,-0.32770294,10.432143
12432,-1.4545456,13.618977
12433,-1.1322894,12.347179
12434,-2.4187906,10.232728
12435,0.4543059,7.644059
12436,0.036112458,11.440538
12437,-1.112788,12.390926
12438,-0.44778082,10.648653
12439,-3.1659281,10.315971
12440,-1.7224048,11.805699
12441,-1.382815,10.759513
12442,-1.0660275,10.97763
12443,-1.1512134,6.260279
12444,-2.5661943,5.188941
12445,1.626542,7.1728354
12446,-0.967919,9.597049
12447,-0.92735577,10.607051
12448,-3.3833952,11.362383
12449,-4.094758,9.827178
12450,-3.2455,11.077434
12451,-0.98939353,13.528049
12452,-2.4712768,12.331691
12453,-4.533028,8.562834
12454,-4.8339643,11.309115
12455,-5.4219036,11.805755
12456,-2.798114,11.389668
12457,-3.010775,11.081173
12458,-3.8610482,10.237436
12459,-5.6129255,10.054616
12460,-4.663197,11.796883
12461,-4.2197895,9.437375
12462,-6.0725865,12.713386
12463,-5.6501336,12.587967
12464,-5.135147,11.73256
12465,-3.1160333,12.698394
12466,0.32090366,12.277919
12467,0.027523382,11.358974
12468,0.066311605,11.098501
12469,-2.508863,11.170957
12470,-2.1150227,10.698541
12471,-1.4517251,10.087352
12472,-0.08631011,9.4748955
12473,-0.7357189,10.884776
12474,-1.5650022,7.844626
12475,-3.3183277,12.200078
12476,0.64483076,8.657373
12477,-2.607695,10.590099
12478,-3.1568522,10.651959
12479,-2.6418633,8.921832
12480,-2.9863853,13.541655
12481,-2.260903,8.895382
12482,-3.491218,12.882281
12483,-4.225431,12.140056
12484,-4.536156,11.009526
12485,-3.9907794,12.6091175
12486,-4.768229,9.907743
12487,-3.7845333,10.551597
12488,-4.4281483,11.054686
12489,-2.95016,10.240366
12490,-2.7818003,10.906322
12491,-4.132573,8.76304
12492,-2.5134788,8.918745
12493,-3.5840964,8.046063
12494,-0.33318824,7.6180716
12495,-1.6822786,7.541852
12496,-1.4667006,5.45772
12497,-2.2715979,6.801939
12498,-0.46025544,7.067128
12499,-1.6691078,6.8308754
12500,-1.2228676,6.009561
12501,0.4315681,6.963895
12502,-2.4180245,5.4940443
12503,-0.5312258,7.885205
12504,-1.9456612,5.722055
12505,1.1197064,7.143804
12506,0.039865192,5.767129
12507,0.84040844,6.440063
12508,0.20556901,5.3597746
12509,-0.06918039,5.006842
12510,0.4555032,7.7682447
12511,-0.8420128,6.4969687
12512,-0.66618913,6.437163
12513,-1.1459328,8.040655
12514,-0.6775375,5.9705544
12515,1.776912,4.2387156
12516,-1.1578473,5.931637
12517,0.0037003164,4.375652
12518,0.44524726,5.3532815
12519,0.45074397,4.873863
12520,-0.2039838,5.015061
12521,0.20994988,5.8716555
12522,-0.2416187,3.1902938
12523,-0.32760602,3.157986
12524,0.07533853,3.4774563
12525,-0.32191595,3.4375637
12526,2.0033307,5.9996285
12527,0.420187,4.0155706
12528,1.867875,4.135835
12529,0.16543852,4.3791795
12530,0.29455242,4.5510864
12531,1.2989738,7.5970397
12532,0.12878789,6.463024
12533,0.2889008,8.014828
12534,0.69369364,6.53059
12535,-1.4664693,9.504949
12536,0.63623947,6.779293
12537,-0.33290702,8.799248
12538,-0.11864504,4.883335
12539,0.38656145,8.731247
12540,-1.6516066,9.545539
12541,-0.67639935,12.296237
12542,-0.6000953,8.862744
12543,-1.0003024,5.867601
12544,-0.19759065,5.17108
12545,0.17552711,7.1422668
12546,-0.74734104,8.283895
12547,-1.1702551,8.110596
12548,0.9305658,3.831047
12549,-0.45772833,9.041716
12550,-0.069541395,7.445061
12551,0.25990286,10.432824
12552,-0.79289776,8.217639
12553,0.087847464,8.211199
12554,-1.3257667,9.63058
12555,-0.2463291,9.43559
12556,1.4646636,7.101635
12557,-0.22331846,7.996238
12558,3.4896758,9.640702
12559,1.5366825,14.053779
12560,-0.3944077,9.425852
12561,-1.0263612,7.460259
12562,1.7177441,12.596206
12563,1.1381208,10.689085
12564,-0.25027362,11.248237
12565,-1.4592398,8.730742
12566,0.4231416,8.370541
12567,1.4506994,12.562773
12568,0.63433796,7.233745
12569,0.029312331,7.3987584
12570,0.97462726,8.20125
12571,-0.30032676,11.343934
12572,2.3708177,9.461389
12573,1.6124129,10.292779
12574,0.15222208,9.85434
12575,-0.3656047,9.6702
12576,0.89854515,9.274577
12577,0.8340305,8.269212
12578,0.250182,10.457355
12579,-1.3987097,13.359805
12580,0.9122936,10.892826
12581,-0.4450419,10.007082
12582,-0.84149367,10.133213
12583,-0.040142223,10.063492
12584,2.043325,12.8939495
12585,0.60307765,8.559557
12586,-0.0027058225,11.021407
12587,0.79784304,10.232736
12588,-0.49912134,8.282304
12589,0.32998475,6.051447
12590,-1.5475883,5.3296695
12591,-1.6778911,5.269974
12592,-0.049002815,9.463152
12593,-0.12746885,8.977996
12594,-1.1849567,8.830422
12595,-0.26809576,8.200641
12596,1.0492858,9.68027
12597,1.3703873,4.6324463
12598,0.5135507,8.513782
12599,-0.67267525,12.580433
12600,-0.44260412,8.344248
12601,3.4542956,8.834482
12602,6.0913076,12.234744
12603,5.637148,13.761047
12604,4.819803,9.592549
12605,3.1042953,7.9285626
12606,3.8789704,8.86925
12607,4.8812795,8.528002
12608,4.9028974,10.005689
12609,1.1153136,8.268548
12610,0.51000756,11.188337
12611,2.6466675,11.293982
12612,2.4141283,11.877366
12613,3.6137602,8.137872
12614,1.6447109,11.86602
12615,3.4855397,11.772338
12616,3.0848558,10.199736
12617,1.4706643,10.6322
12618,3.815824,10.7806835
12619,5.7184043,10.5740795
12620,5.422206,8.603464
12621,5.346266,12.415943
12622,3.9635022,8.931389
12623,4.492192,9.993568
12624,3.3835113,10.677734
12625,3.063363,13.779184
12626,1.5241927,11.099245
12627,2.663239,12.886118
12628,2.7896972,10.952136
12629,3.5787127,10.682537
12630,2.3452396,8.225211
12631,3.163182,9.80353
12632,4.5193834,12.298829
12633,3.197087,8.01148
12634,1.2811232,10.350745
12635,1.3236613,13.473978
12636,3.4066608,10.095905
12637,1.4888768,11.595708
12638,2.240332,7.634224
12639,1.48252,7.7371335
12640,2.674164,5.0000668
12641,2.8924854,4.947351
12642,4.8115225,4.979656
12643,3.3447168,6.319456
12644,4.1602983,6.9803843
12645,3.3474815,9.108366
12646,2.8988836,9.312704
12647,4.4978333,6.899587
12648,3.8355796,7.8282175
12649,5.294526,6.1017265
12650,2.2977455,8.472003
12651,1.9770135,7.507111
12652,3.2102704,9.524359
12653,2.5740802,5.5415707
12654,3.3854582,7.797127
12655,4.3659997,7.224068
12656,3.188416,8.461283
12657,5.0328846,7.643445
12658,5.72451,10.990899
12659,3.1219218,5.492066
12660,4.835772,9.138255
12661,2.0444858,4.0643673
12662,3.4725847,8.962835
12663,3.832552,7.6201134
12664,3.1563616,7.548405
12665,5.185125,10.325809
12666,1.3622419,6.7700377
12667,3.630033,5.011661
12668,3.1109061,6.5026374
12669,2.7985346,8.418947
12670,4.6079254,9.449996
12671,2.0557413,7.5784426
12672,3.7024372,6.9651194
12673,3.9597678,11.623449
12674,7.0137978,9.972674
12675,1.6413835,11.678136
12676,3.918678,12.806167
12677,1.0473171,13.178127
12678,2.3840635,12.691191
12679,1.4802691,10.704707
12680,1.7724727,8.715026
12681,4.2590923,13.114692
12682,2.320861,9.417728
12683,3.5144587,14.894883
12684,3.291146,11.559847
12685,3.0272677,14.766678
12686,1.1499894,11.309453
12687,1.9026289,11.721964
12688,3.4467325,12.731682
12689,2.8985748,5.7838473
12690,1.546423,8.335037
12691,2.0086684,12.091525
12692,2.565256,12.289211
12693,1.0948071,10.659701
12694,1.8911144,9.849877
12695,3.4569952,10.0287075
12696,3.2642841,9.968767
12697,1.5982553,8.095964
12698,2.6207192,11.186684
12699,2.7572265,9.769371
12700,-0.44167426,8.658006
12701,-0.8486941,6.7063694
12702,-0.7418272,6.432436
12703,-8.557794,8.48306
12704,-5.6732664,8.768363
12705,-7.520151,7.8442664
12706,-6.3897357,9.694686
12707,-6.7397604,9.14137
12708,-0.44055122,7.454449
12709,-0.5827222,9.475058
12710,-1.5735214,4.9665055
12711,-0.2754187,4.8691244
12712,-1.9679112,9.475352
12713,-0.041988038,7.6697
12714,1.4301144,7.5148535
12715,4.2858515,7.8913136
12716,3.779737,10.006917
12717,2.1699808,6.6038175
12718,3.91094,9.686137
12719,6.2026987,10.019323
12720,4.5924506,8.680124
12721,2.4019458,9.337466
12722,3.0372748,8.7709055
12723,3.8794715,10.76829
12724,4.3370876,11.179642
12725,5.6540194,13.059083
12726,5.5002794,8.736835
12727,5.0672626,9.985248
12728,4.860982,12.677113
12729,4.005409,12.252329
12730,2.9481688,11.300906
12731,2.27716,14.933726
12732,0.9120659,15.665002
12733,2.9688866,14.658809
12734,1.882178,13.067535
12735,4.044305,11.944831
12736,3.486933,12.265113
12737,4.0625486,9.667358
12738,3.9625096,13.721601
12739,1.9191912,14.582894
12740,2.3918571,13.001004
12741,2.4356613,9.377594
12742,5.0912333,10.641542
12743,4.308099,8.471238
12744,5.2784686,8.688906
12745,2.771065,4.0827136
12746,5.0918913,5.488803
12747,4.6817474,2.864632
12748,5.067204,4.29866
12749,4.5940213,6.4767585
12750,5.275573,7.5325403
12751,3.5175738,7.6545343
12752,3.851409,7.978082
12753,3.6047356,9.444429
12754,2.7578156,8.953349
12755,4.803822,9.578817
12756,6.4356403,6.2537246
12757,4.270865,7.989342
12758,4.698389,6.8566947
12759,6.596699,8.519906
12760,2.313181,9.980246
12761,5.262516,8.875524
12762,5.174189,8.889044
12763,4.650721,9.173793
12764,3.0875201,7.2552757
12765,4.477791,6.2814956
12766,4.375154,6.9973974
12767,3.097629,6.7128983
12768,5.076222,5.4140577
12769,4.8999267,5.121466
12770,3.972028,7.8497057
12771,2.2956114,9.037517
12772,3.3536446,5.839444
12773,4.375352,8.798438
12774,4.373586,7.3074427
12775,4.481474,8.805827
12776,4.757775,6.271823
12777,4.8693056,9.000872
12778,6.416605,9.190064
12779,5.3427386,10.748258
12780,5.318694,7.7925706
12781,2.8199177,8.401392
12782,2.3152966,5.2543836
12783,3.338766,4.8994975
12784,4.5097737,6.422975
12785,4.39309,10.284992
12786,4.497886,9.216393
12787,3.8810017,12.1741905
12788,3.8078527,8.194096
12789,4.2501764,6.049475
12790,4.9028254,7.2703185
12791,4.8010187,10.2833395
12792,4.6438775,11.069376
12793,2.415114,11.466511
12794,5.4169273,14.243697
12795,5.2062936,12.534386
12796,4.1224785,13.045866
12797,5.823673,10.196012
12798,5.0425215,11.005536
12799,3.6131816,9.888124
12800,5.694346,10.542033
12801,4.6192107,9.727786
12802,4.690327,8.885687
12803,4.378728,10.586453
12804,6.313649,8.932568
12805,6.516369,11.365721
12806,4.4973216,6.6415424
12807,4.6218204,7.5442615
12808,5.7643113,5.2947106
12809,3.0394466,4.8865523
12810,5.408179,8.126189
12811,3.199865,8.981432
12812,3.3974314,8.316548
12813,2.766846,7.982736
12814,4.873057,6.9328365
12815,5.494023,5.8230333
12816,3.8419836,9.434462
12817,1.740484,12.1052065
12818,5.0113072,10.341534
12819,4.3860826,8.253276
12820,4.884651,4.8064103
12821,2.4532726,5.422498
12822,4.8235946,5.050431
12823,4.4284368,11.544238
12824,7.4130054,11.589574
12825,3.763334,8.08569
12826,4.741248,5.593986
12827,7.412207,8.876165
12828,4.891833,5.45013
12829,5.5201287,9.511124
12830,6.036204,9.107852
12831,5.2942567,6.1693983
12832,3.8196335,8.709792
12833,3.636943,7.4384537
12834,3.0906887,5.083726
12835,4.2892447,5.8143125
12836,3.74827,9.55993
12837,4.5691795,8.37426
12838,4.1456246,5.184823
12839,4.9517035,3.8814795
12840,4.547706,8.254446
12841,6.4051766,4.0403137
12842,4.55172,4.3787107
12843,3.874979,6.541162
12844,4.1268125,9.52064
12845,5.478742,8.182502
12846,3.1928387,5.9092155
12847,4.1575127,7.8242097
12848,4.9910407,9.411381
12849,4.600855,11.476891
12850,4.3943334,8.168408
12851,4.0083213,7.578428
12852,5.05889,9.556747
12853,4.3992996,9.014473
12854,5.6632104,7.6853514
12855,7.129306,7.7341943
12856,4.987917,6.2729588
12857,6.492856,8.218311
12858,2.2199557,9.236581
12859,3.9010909,9.549082
12860,4.645034,12.012199
12861,5.97269,7.7485714
12862,5.6452036,4.07539
12863,4.102615,7.322381
12864,2.761235,7.532214
12865,5.240544,8.565984
12866,4.027509,6.6220565
12867,4.736517,8.33184
12868,4.5570693,9.49225
12869,6.1538057,9.087458
12870,4.8693585,8.088457
12871,4.5334477,10.671727
12872,4.6150646,9.116232
12873,4.4992695,7.9567204
12874,5.2793875,9.669502
12875,3.0335495,7.702833
12876,2.5574236,6.1179547
12877,3.5057843,5.200015
12878,3.3490126,7.173556
12879,4.788897,9.866126
12880,4.236677,7.731298
12881,2.5627978,8.363476
12882,6.6010194,3.8213742
12883,4.9002466,6.2589555
12884,3.1278133,9.084878
12885,5.13433,9.50037
12886,1.4803239,8.989104
12887,2.2568877,8.094892
12888,3.3848102,11.136611
12889,5.7002907,7.9755282
12890,5.0660152,8.273081
12891,4.9377656,12.150021
12892,6.1925035,10.14041
12893,4.8706713,9.377797
12894,4.973754,10.001326
12895,4.44783,8.703135
12896,6.749113,9.780694
12897,4.430255,10.45876
12898,3.2179205,7.8231425
12899,5.540983,8.801054
12900,3.1986372,8.018633
12901,4.3764405,11.352678
12902,2.8966162,10.29799
12903,3.4261117,12.3743725
12904,2.6632442,12.23393
12905,2.2855802,11.205979
12906,4.9797926,10.00374
12907,2.0357542,5.8829126
12908,4.5341907,8.682678
12909,3.2082794,12.246341
12910,2.7037065,9.647957
12911,1.3847039,10.008861
12912,4.6259475,11.17234
12913,4.6620793,9.307053
12914,4.6147637,12.2433
12915,2.4017947,11.848298
12916,3.0477524,13.545502
12917,5.864565,7.47635
12918,2.1453035,7.7108126
12919,2.508754,11.167787
12920,3.9993565,11.825138
12921,2.8833613,10.255522
12922,4.7672434,9.279999
12923,4.2549767,8.502465
12924,3.94282,13.244822
12925,2.6472561,11.187802
12926,2.6013012,10.273078
12927,2.2435532,10.100522
12928,3.9143257,13.437942
12929,2.1585648,9.577907
12930,2.668434,8.090523
12931,2.824041,11.920399
12932,5.0749745,9.535163
12933,4.655524,7.882007
12934,5.4342413,5.5478916
12935,3.8957844,9.301182
12936,2.7088053,11.90315
12937,4.027777,9.251751
12938,4.092892,11.022441
12939,4.2035904,9.802279
12940,5.0826516,8.431869
12941,2.3843856,10.681109
12942,1.8795742,9.061303
12943,2.21539,9.444392
12944,3.9330053,7.944576
12945,0.8026662,10.848877
12946,3.5155773,11.979894
12947,3.9551785,7.6081033
12948,2.3669407,8.971382
12949,3.1630213,10.353829
12950,4.865794,11.7151375
12951,6.5750513,5.3943563
12952,1.5179076,7.7556906
12953,3.4318223,8.6226015
12954,2.774678,9.322959
12955,5.7441134,9.554899
12956,7.7782736,7.4728675
12957,1.007482,8.584375
12958,4.695882,7.13056
12959,4.5803146,7.3093147
12960,2.3555398,7.6926136
12961,3.6217208,9.687843
12962,3.3871472,6.3348055
12963,3.3282354,7.5068803
12964,3.8045232,8.443415
12965,2.3375316,6.5865583
12966,2.4556587,10.005941
12967,1.8926915,7.836694
12968,3.5141213,8.850337
12969,4.8685546,6.1378016
12970,5.1688075,7.070051
12971,4.6003804,7.697372
12972,4.3411655,10.254986
12973,4.2808213,8.379986
12974,4.109909,10.074218
12975,7.03047,7.360458
12976,4.259364,8.837133
12977,6.8418236,6.6615787
12978,4.96143,5.845259
12979,3.7901664,5.3932824
12980,3.659587,4.2784367
12981,5.430751,4.8858247
12982,3.5011466,4.2516193
12983,4.0742307,9.548778
12984,5.4324965,12.623347
12985,3.0803537,7.5088835
12986,4.6969657,12.407483
12987,6.0455694,9.648018
12988,4.5012236,9.86126
12989,3.0721886,11.532526
12990,3.5161924,12.8289995
12991,3.0838225,10.532109
12992,5.5441875,9.270945
12993,6.041474,7.0484257
12994,6.7137074,9.758
12995,4.86549,8.711916
12996,2.947913,9.526135
12997,5.759202,8.2339115
12998,4.3528633,10.493837
12999,5.9304447,7.632665
13000,3.2939534,8.529059
13001,7.0988083,7.3746433
13002,6.1326957,7.194249
13003,4.6695876,6.069482
13004,3.650851,8.532823
13005,3.1245205,7.903262
13006,5.4662323,8.513941
13007,5.013994,6.9190283
13008,5.946358,6.677371
13009,6.948849,7.0203357
