Frame,PC1,PC2
0,5.4490576,10.149127
1,6.3699265,16.222584
2,5.368851,13.329379
3,4.9543867,14.262951
4,4.9645424,9.43106
5,5.2541533,10.606393
6,4.1489873,14.253701
7,5.4811435,11.074482
8,6.4980474,11.859332
9,5.704109,11.745799
10,4.804357,9.732068
11,5.789955,13.096238
12,5.2627897,11.488943
13,5.992836,12.89799
14,5.1978154,13.623588
15,6.43177,12.146397
16,6.9018474,13.979062
17,5.77739,10.055654
18,4.8774433,10.954285
19,5.1699133,13.555289
20,5.8370256,9.013261
21,5.527518,12.075326
22,5.5288653,13.926945
23,5.7573767,12.59986
24,5.5896993,7.4751453
25,5.485249,12.092121
26,6.5119486,10.304225
27,6.0165005,10.189579
28,6.77689,8.050946
29,6.5524397,10.706337
30,5.918606,11.390429
31,4.5954633,17.9575
32,6.97163,13.256969
33,6.6820025,14.334495
34,6.2862535,12.43633
35,6.868037,13.182143
36,4.662639,5.7978683
37,5.564812,13.400904
38,5.224559,15.154514
39,6.599147,12.7359
40,6.334551,11.335742
41,5.919713,12.428466
42,4.0282764,14.903612
43,4.9593816,15.17432
44,5.6232944,15.638764
45,6.6289577,11.146655
46,4.091422,14.253404
47,5.0899353,14.357314
48,3.8677742,16.069021
49,4.2636867,12.589065
50,7.809404,14.450232
51,5.4784536,12.316851
52,6.4932876,14.52113
53,4.341453,13.747549
54,4.799229,13.02965
55,4.087658,16.100718
56,6.1789913,15.89737
57,6.3522553,13.723538
58,4.958494,14.510406
59,4.9453077,10.067336
60,5.3399506,14.008031
61,4.8114805,15.809029
62,5.595593,12.33631
63,5.717609,8.89099
64,6.2457595,13.665944
65,5.294572,11.468023
66,6.7919474,13.387174
67,4.3169556,14.924327
68,6.1551466,18.405169
69,5.014645,17.313421
70,4.803898,14.701801
71,5.1619697,14.354605
72,6.5367317,12.801529
73,4.404984,13.730238
74,5.917272,15.617152
75,5.4085765,17.107117
76,5.771447,14.6747265
77,4.5844,13.411044
78,5.5431705,14.506597
79,5.6063027,18.542028
80,5.466615,14.301736
81,6.0822434,14.303127
82,7.6980376,11.648228
83,7.0716505,11.026698
84,6.589626,11.751309
85,4.4240956,14.612188
86,7.839558,13.101716
87,7.848319,14.848648
88,7.001069,14.22907
89,7.665569,10.071192
90,5.8865447,12.202542
91,6.7223053,12.652528
92,4.9534707,9.587114
93,7.0420113,9.110089
94,6.454332,8.959563
95,6.134249,10.072733
96,6.9578733,13.749175
97,6.3636966,11.296261
98,5.870522,12.291027
99,4.9746943,13.98922
100,5.4762206,12.009646
101,5.062703,12.461794
102,6.684836,13.676544
103,5.5856214,15.02727
104,5.4336567,17.708582
105,5.106428,12.403143
106,6.679441,14.742128
107,6.968859,11.171738
108,5.7971826,9.056336
109,5.396012,11.611308
110,4.914046,12.271729
111,5.949199,12.818039
112,5.029584,13.8111315
113,6.0556626,16.570286
114,4.374307,15.875904
115,3.985603,10.169342
116,4.379766,10.145521
117,7.0639653,12.467532
118,5.318304,14.557075
119,6.1291137,11.190543
120,4.448871,13.885491
121,4.7850895,13.407543
122,5.7703714,17.405005
123,4.700803,10.890298
124,6.8916354,13.3325615
125,4.914226,11.209251
126,6.0251656,10.261385
127,5.5246983,7.830498
128,5.878054,10.926979
129,5.778919,11.332374
130,5.52569,13.917539
131,6.8994412,11.755277
132,6.069625,12.048554
133,4.4417105,11.130324
134,4.134732,9.977631
135,5.427943,11.931533
136,3.6026938,9.201263
137,3.9516199,9.820313
138,7.782601,12.080322
139,5.60486,10.75533
140,7.1891766,16.210726
141,7.3631225,10.387016
142,5.730291,7.220676
143,6.185039,10.553339
144,7.4938703,12.531384
145,5.8446426,9.786634
146,5.77292,13.276345
147,7.214124,15.424604
148,7.1576877,12.607189
149,4.8647103,10.69805
150,5.110123,14.407443
151,5.8040066,10.341704
152,4.095554,13.384411
153,7.025417,14.187803
154,6.0982437,14.966677
155,6.931682,11.726345
156,7.78729,5.694897
157,6.4961467,8.102109
158,6.109187,7.2833996
159,7.7518873,9.219233
160,7.101829,11.209781
161,7.7742157,8.504518
162,7.3138175,5.560549
163,7.9137273,10.898092
164,6.5796666,12.130525
165,6.707337,8.252018
166,6.60564,11.354317
167,6.729855,9.3970375
168,7.6461763,11.700327
169,7.0770197,11.356593
170,7.3504333,12.081271
171,6.2169547,7.233732
172,6.556637,6.2234006
173,6.352841,6.492883
174,8.13527,5.4152985
175,6.532127,9.519252
176,8.060878,7.48456
177,6.8812804,7.776731
178,6.864713,5.1803827
179,5.634168,6.8118014
180,8.028495,6.459909
181,5.3585835,11.858664
182,7.792872,10.492277
183,7.610371,9.063613
184,6.195046,11.788188
185,7.6481457,8.45447
186,8.058528,11.502401
187,7.564489,10.988108
188,7.45998,10.0042305
189,7.142888,9.821628
190,7.8930717,10.538515
191,8.631775,10.273519
192,6.7459283,7.5598474
193,7.6618133,7.0165906
194,7.4325547,10.594128
195,5.354987,11.0974
196,7.712612,5.5746355
197,6.5995984,2.372047
198,7.517799,9.503257
199,6.6296043,7.9686294
200,8.545352,8.93737
201,7.285071,10.128154
202,6.11942,8.006391
203,7.717199,7.91628
204,6.981328,6.673384
205,7.8056364,7.1398606
206,8.33811,11.224543
207,6.1506724,9.309095
208,7.9775963,6.242656
209,5.7030907,6.3043213
210,6.609157,3.7360528
211,8.182366,7.369411
212,7.014709,5.9455323
213,7.462571,9.37934
214,8.377543,9.848121
215,7.2772117,5.933738
216,6.791814,9.989062
217,5.0952625,11.709199
218,7.7964807,7.8731885
219,7.777625,4.2863736
220,6.1738667,8.567669
221,5.4968085,9.308588
222,6.6476707,6.1686215
223,5.596526,9.1389885
224,5.0088573,8.179341
225,5.9584403,8.280704
226,5.4246655,7.7835765
227,6.52074,9.077751
228,6.3675647,8.439014
229,5.566431,10.978478
230,6.517696,12.4509535
231,4.669548,10.423553
232,4.856334,6.922523
233,5.40236,10.609085
234,6.5750966,9.183999
235,5.5365343,3.9403045
236,4.8859253,7.5342607
237,4.5600734,7.7598457
238,6.9195695,10.331487
239,5.3730054,7.344431
240,6.547157,9.552134
241,6.571505,8.576203
242,5.773453,8.000936
243,6.341249,11.064794
244,6.5409045,5.739353
245,7.715039,5.4498663
246,6.8602724,10.219292
247,5.8271546,6.059847
248,7.561297,6.047944
249,7.0682087,5.090639
250,5.964586,5.5544033
251,7.1024556,7.856519
252,5.7453027,5.3194876
253,4.4076858,9.432978
254,5.210434,11.321699
255,4.722697,9.45092
256,5.9147263,7.404764
257,5.9853387,9.5704565
258,4.5502663,6.5927687
259,6.350923,11.157429
260,6.286052,7.9284263
261,6.1749682,8.554292
262,6.0113063,5.893556
263,9.473683,11.378378
264,6.9559927,12.676022
265,6.830762,10.291525
266,6.4466996,9.690185
267,6.956426,8.999993
268,6.186533,5.488015
269,5.4553986,11.589465
270,7.721326,14.442402
271,6.160389,9.936374
272,5.0676117,6.4530525
273,4.514695,8.890996
274,5.5928354,9.009522
275,6.093343,13.360686
276,5.8903375,7.643943
277,5.785186,6.329415
278,5.7806563,4.8817716
279,4.7981877,6.8972797
280,5.4315114,4.413696
281,6.1932926,2.2782066
282,7.205826,2.165284
283,6.59483,6.396754
284,6.05625,7.2902126
285,5.1955576,4.076106
286,7.084521,4.397676
287,7.1158195,9.863153
288,6.8708687,8.723079
289,7.237224,8.733177
290,7.7190557,8.0004
291,8.461237,4.3826256
292,7.09119,9.167281
293,6.4249206,4.1169367
294,7.3169827,5.130668
295,6.4570637,7.1766276
296,5.285728,9.392664
297,6.3774695,6.327729
298,6.9521937,11.769861
299,6.3144608,8.92866
300,7.6240287,11.090323
301,6.098791,8.649516
302,7.1415515,7.8497977
303,5.107577,8.671017
304,5.690135,9.471561
305,4.525871,5.5542684
306,4.4839845,4.75996
307,5.9332614,1.2389085
308,5.815045,2.2729468
309,6.4375477,7.057446
310,7.303823,5.9678373
311,6.834842,5.243249
312,6.7666306,6.0559444
313,4.4315286,9.398348
314,6.5393677,5.184218
315,7.4047117,6.375237
316,5.7638087,7.3097825
317,6.9391217,9.293517
318,6.076036,4.0776567
319,5.6269264,5.7267036
320,5.6553516,7.769664
321,7.17502,5.7850833
322,6.4276795,9.540622
323,6.2635813,5.7008257
324,7.115301,7.044962
325,6.9035344,7.5887165
326,5.8376966,8.490095
327,6.834089,6.2767205
328,8.127565,4.761759
329,6.3027935,2.6804965
330,7.2741737,5.566293
331,5.259219,6.9251227
332,6.279858,8.971264
333,6.172024,6.78451
334,3.956625,2.945875
335,6.0716424,4.038337
336,4.6604514,3.8604596
337,6.8893747,6.8829412
338,5.9356112,1.096074
339,7.03591,3.4979799
340,6.1958985,2.4080713
341,5.601022,3.1557379
342,6.634886,4.31839
343,6.6011534,2.9491365
344,5.488763,4.8880997
345,5.952742,4.2477417
346,6.539948,3.0209017
347,5.672041,9.004376
348,6.6270003,4.461184
349,6.1443057,6.426228
350,6.143311,3.5215917
351,4.6157928,5.469937
352,6.8874273,8.302871
353,4.71452,7.5372796
354,5.6281214,6.3492684
355,5.357939,9.271386
356,5.28115,8.461912
357,4.0185876,4.719692
358,4.18827,8.878533
359,5.9116774,10.927781
360,6.856879,6.9042187
361,6.8532867,7.833249
362,5.474089,5.7264733
363,6.3618665,6.5716977
364,4.9655547,5.997398
365,6.768196,5.0596266
366,6.006061,5.986285
367,5.269636,6.095118
368,7.299892,3.4547675
369,6.7135897,5.805134
370,6.5921087,5.59649
371,5.657694,8.168366
372,6.8986397,5.126015
373,6.393703,4.2576203
374,6.3214507,4.871948
375,6.595183,5.9276357
376,8.493612,5.4457006
377,7.608161,6.352119
378,7.039905,6.8881836
379,5.706144,7.3750067
380,8.140075,6.212529
381,6.049073,7.5725913
382,6.528938,6.5384
383,6.91475,6.6236653
384,5.6051955,9.391445
385,5.820962,9.284202
386,4.9608626,8.475225
387,4.515821,12.018959
388,4.8196125,9.027318
389,5.3905764,11.094367
390,5.644853,13.263365
391,5.192316,12.393005
392,6.06711,11.822082
393,4.8624945,10.691528
394,5.3616457,11.717729
395,7.354231,9.592084
396,6.397776,9.918055
397,5.6884894,8.680907
398,3.2413394,5.682545
399,6.0964713,9.804814
400,4.795264,9.844642
401,5.6745906,10.647093
402,6.336769,11.336785
403,5.367339,8.840948
404,7.2649455,6.791925
405,6.4237394,12.164711
406,5.490115,8.135427
407,7.6552253,8.927338
408,4.9559407,10.333824
409,6.26773,7.933701
410,6.3946795,7.3410325
411,6.175301,9.700617
412,6.985521,9.72011
413,6.7812514,8.511202
414,4.352986,9.026392
415,4.097811,6.2269
416,7.491955,6.5898848
417,6.0948567,9.572526
418,6.4913015,6.828618
419,6.0284767,6.6852007
420,6.715329,6.030823
421,8.930631,9.368136
422,6.154481,12.339764
423,6.053935,13.016838
424,5.5052986,6.4732995
425,7.555338,9.645867
426,7.857504,11.483569
427,6.7237315,15.552526
428,7.6710024,8.198348
429,5.543137,8.9644165
430,5.95151,9.25532
431,5.247004,12.455686
432,4.922576,7.3445187
433,7.094192,8.268333
434,4.9704266,10.881437
435,5.8743773,7.539137
436,5.86436,6.128901
437,7.223849,9.736096
438,6.9551425,7.319024
439,5.6271772,9.760872
440,5.864817,4.5288987
441,5.5355005,3.981928
442,6.314851,6.556096
443,6.6589146,7.875702
444,6.4149632,4.5526705
445,5.89624,4.8468404
446,7.200867,8.690124
447,4.917066,9.769634
448,4.445633,7.409702
449,6.68722,4.9416876
450,8.060209,11.297822
451,6.260192,8.6307745
452,6.776628,10.095622
453,7.0171876,10.456748
454,6.835508,10.639125
455,6.2167945,9.596115
456,7.7700014,7.2702284
457,6.594668,6.943741
458,5.815768,6.277128
459,4.174212,4.245249
460,6.5452676,4.0522428
461,7.912457,5.884437
462,5.6521926,5.757197
463,7.046545,8.691618
464,5.330458,5.455863
465,5.979978,6.495963
466,5.044582,6.0099277
467,6.0648556,8.838325
468,4.757736,9.337663
469,6.8724484,7.66413
470,7.164744,8.610816
471,6.008187,7.754695
472,7.5071664,8.873327
473,7.5510354,7.1331306
474,8.457791,6.967423
475,7.6580505,9.757858
476,7.944066,4.2862935
477,7.053106,7.1612782
478,6.0280967,8.449184
479,7.4220457,4.937918
480,8.519674,6.8923745
481,6.3287888,6.739546
482,7.2197585,6.7243114
483,6.0800776,5.536046
484,5.5700727,4.0497065
485,6.4264345,4.9116178
486,6.743271,6.7658057
487,6.7070036,6.3306627
488,7.519161,2.9683113
489,6.3553286,5.7311707
490,6.4333205,7.0257683
491,6.197031,6.439291
492,4.973806,5.8974233
493,8.230722,6.318301
494,6.547499,7.307358
495,5.525863,9.319263
496,7.2737336,6.160475
497,6.0713377,10.474021
498,6.600267,6.126952
499,5.7754626,2.747682
500,7.4388776,6.3596015
501,6.785848,5.5728407
502,6.53253,8.257063
503,3.9699955,9.24057
504,5.560917,4.891457
505,6.4015927,6.4382567
506,7.47025,7.2700696
507,5.3133073,6.2959595
508,5.2099032,10.920806
509,7.302007,4.601331
510,6.1660037,5.8347425
511,7.228081,6.7746587
512,7.1736317,8.602966
513,7.481599,7.4061327
514,5.9574866,9.018092
515,8.114933,9.25072
516,6.811246,9.553927
517,6.7387323,7.5085545
518,6.307454,9.625274
519,7.6519494,7.5698366
520,6.5858264,8.965521
521,4.4876447,9.124674
522,4.39097,11.269016
523,6.1095514,7.2705307
524,7.0775447,5.880514
525,5.1565027,4.1694837
526,6.207653,5.424516
527,4.949388,8.96812
528,6.3146048,4.2600627
529,5.932788,5.667259
530,5.201847,4.052697
531,7.0051737,-0.5483945
532,6.434023,3.2898822
533,7.452637,0.7846888
534,5.9814267,5.25022
535,7.707415,4.7630367
536,5.735138,8.722743
537,6.7573137,4.1562543
538,5.6514387,6.2126184
539,5.32546,0.2405538
540,4.8922987,4.6927443
541,6.864992,1.0182191
542,7.388225,6.0805216
543,7.118852,2.998286
544,7.4694295,4.0130424
545,6.1597123,5.2608256
546,6.9893956,6.413728
547,5.3926992,2.581026
548,6.740365,0.86638623
549,8.063445,2.5189679
550,6.1490145,0.77521104
551,6.078634,7.792222
552,6.0262513,2.1555817
553,7.0136924,9.939023
554,3.8400474,8.874143
555,5.9261856,7.6174364
556,6.5190983,9.957117
557,7.2785063,4.1864977
558,6.1421876,7.5449977
559,5.0109363,6.0578766
560,4.25095,5.9547086
561,5.7621503,4.256005
562,5.598332,9.553318
563,7.6415834,2.6657221
564,6.4393673,8.651694
565,6.0810223,6.129066
566,5.398954,6.532043
567,5.841709,7.4860954
568,6.88511,8.953299
569,5.922674,4.8586617
570,6.696843,4.3142858
571,7.0681996,3.5579567
572,5.975478,3.8675363
573,7.5775228,1.522905
574,5.2770195,4.7519283
575,6.2293577,6.2460003
576,4.954923,3.1816058
577,5.022256,4.6952124
578,5.2146564,3.3032374
579,5.06173,0.9865461
580,4.926079,10.047251
581,5.1081967,11.854178
582,5.0298786,10.870692
583,6.5177574,9.574493
584,4.6195517,12.188644
585,6.1363726,7.234856
586,6.6872687,6.0299325
587,5.3418503,5.547372
588,5.537361,6.3446155
589,7.9914346,8.444926
590,5.9014955,7.889801
591,6.2196975,5.63133
592,7.3698235,8.9088335
593,6.515332,3.93057
594,5.7495522,8.140089
595,7.1924725,10.719533
596,7.9508624,6.865677
597,6.6677475,5.007088
598,6.322562,12.280941
599,7.0738015,11.273337
600,7.336538,10.308777
601,6.093174,12.449852
602,6.179245,10.010307
603,5.159958,10.365522
604,6.794175,11.486013
605,7.7166505,10.089583
606,5.151312,8.554264
607,4.613706,11.370308
608,6.339719,10.942868
609,7.146757,9.518319
610,7.1322393,11.553626
611,6.262444,12.47259
612,6.757665,12.609673
613,5.0647764,12.603534
614,5.804638,9.603817
615,5.0296803,11.76015
616,5.352381,12.442792
617,5.657658,9.518803
618,5.628355,10.083444
619,7.313962,9.598258
620,6.3889437,13.011204
621,4.1958146,14.781999
622,5.736082,13.980353
623,5.80841,9.599959
624,5.607886,10.498468
625,6.412161,9.165723
626,6.9844832,11.222486
627,8.606916,11.767476
628,6.2189226,14.611342
629,8.471832,10.499026
630,8.11666,12.100747
631,6.4089274,10.612716
632,6.974669,10.76493
633,5.7501035,10.72379
634,3.6118765,9.797343
635,5.741231,7.308191
636,6.6514373,9.351168
637,5.5833054,11.635306
638,5.2367196,10.616822
639,6.651913,11.499126
640,4.225806,5.916583
641,6.409979,10.1309395
642,6.256065,10.699938
643,6.4698706,11.174817
644,4.3140826,8.112692
645,4.780693,5.810704
646,4.7997556,4.497939
647,6.40169,6.438743
648,6.2725,7.646255
649,7.011166,10.281064
650,5.6302505,7.763303
651,6.8889093,9.230676
652,5.324227,10.398423
653,5.3998904,5.401222
654,5.4678645,8.315272
655,5.5400276,7.5279403
656,2.7765744,10.050641
657,5.3723674,8.614436
658,4.1872554,9.419975
659,6.4706893,8.807696
660,6.044596,6.55265
661,5.625803,7.3330836
662,4.7827725,8.86034
663,5.722155,6.110201
664,6.6728005,6.7199187
665,7.2699246,7.8018427
666,6.3462677,8.38528
667,6.6172395,9.527266
668,7.6787486,7.0666366
669,6.4739785,6.8546576
670,7.106093,6.94726
671,7.4861617,6.632107
672,6.664228,5.6479583
673,6.523647,6.4020305
674,7.6985755,8.558968
675,8.185586,5.1024165
676,7.713299,6.4797616
677,5.471781,10.215516
678,6.234544,10.559188
679,5.4740534,5.969675
680,6.4960437,5.5631347
681,7.468456,8.213385
682,8.62314,6.0030694
683,7.7750525,6.4906125
684,7.0289397,8.505363
685,8.465001,7.141874
686,7.1529403,5.975006
687,6.912841,1.9011497
688,7.6508617,2.5270078
689,6.3324323,6.834514
690,5.866568,4.747682
691,5.9830503,5.449825
692,7.727655,7.2456875
693,7.114456,7.6301575
694,4.7414446,7.7659087
695,6.5783854,5.0715156
696,5.36096,6.8092966
697,5.9410243,8.183962
698,3.4734228,4.619596
699,5.3393354,5.837492
700,5.019809,8.666718
701,4.1926374,8.186314
702,4.6054645,5.1502576
703,7.968075,8.710795
704,5.9294834,4.3650465
705,6.3949313,5.3926473
706,5.091926,7.1005044
707,3.0809944,8.366632
708,3.3682437,6.128965
709,5.4245534,6.4916716
710,4.5176425,5.0001373
711,4.540539,9.988184
712,5.883571,10.554851
713,5.2511086,6.82359
714,5.5302553,6.141904
715,5.3225183,9.251427
716,4.8807364,8.015266
717,5.0158253,6.4212413
718,6.9126124,12.565222
719,4.5045724,15.197591
720,5.072606,16.757454
721,5.506107,9.873345
722,5.4829044,13.43966
723,5.418247,13.952385
724,6.1302266,12.640907
725,3.9216745,13.208704
726,4.446823,13.025547
727,4.8544507,12.158092
728,5.812101,10.97247
729,3.776053,8.424111
730,5.3258038,9.2543335
731,5.7554817,9.617445
732,4.2439504,11.322224
733,6.42429,11.176942
734,6.607277,10.645693
735,6.966426,11.147555
736,6.3689685,11.576343
737,4.335329,17.022512
738,6.365711,14.92495
739,4.6037354,12.10244
740,6.239495,13.098433
741,6.8518186,12.499864
742,5.536782,14.675518
743,4.7244368,11.951326
744,2.5787745,13.786037
745,5.911239,11.388947
746,5.7403836,6.4575906
747,5.2898,11.708668
748,5.2742906,12.135359
749,3.7108119,11.191114
750,6.678615,12.228149
751,6.204241,9.291741
752,7.5572276,11.49993
753,6.554853,12.914666
754,5.957479,13.306837
755,5.0292253,10.140063
756,4.9174395,10.894999
757,5.318196,14.986777
758,6.22723,10.764032
759,6.2810283,14.608034
760,5.803704,14.259526
761,5.705692,11.839611
762,7.0044804,12.476354
763,6.5040607,8.604234
764,7.5380254,9.842493
765,5.4079614,8.712752
766,7.018436,9.692919
767,7.672452,8.968642
768,6.122182,10.510295
769,5.2221384,7.903036
770,6.044255,5.2942486
771,5.610475,9.180838
772,6.4236875,6.6180725
773,6.285945,7.9237523
774,6.0804486,3.840354
775,6.5259905,3.358729
776,5.5885415,9.370098
777,6.1799417,12.111335
778,5.4453826,11.765981
779,5.5122585,6.8362327
780,5.0958533,3.9733725
781,3.741941,8.08033
782,5.7721233,8.567721
783,4.9402523,7.5009704
784,5.1396756,4.696628
785,5.9995546,8.878222
786,4.3583584,5.6972523
787,7.685911,2.2342076
788,6.8205194,4.468148
789,5.4490547,3.7696202
790,4.924607,6.5645394
791,4.5022016,5.7793036
792,4.0403833,7.012769
793,6.4259357,9.385213
794,5.6576905,9.754291
795,5.4343967,8.606848
796,7.1018977,5.0073195
797,6.9469094,4.537821
798,5.199709,6.118271
799,6.659737,4.586867
800,5.514665,6.1816397
801,5.271164,5.804549
802,6.020716,8.749724
803,6.458438,5.5151753
804,5.1475935,7.665969
805,5.818714,5.0384145
806,5.180779,5.620389
807,6.202757,6.60793
808,5.902157,2.595075
809,5.9647036,4.423052
810,4.5214496,3.3473241
811,6.046923,3.1006336
812,6.8063307,7.4930515
813,7.3399906,7.593602
814,5.953325,5.839643
815,6.5172224,4.363131
816,4.935825,6.177532
817,6.929844,10.339104
818,6.3439217,9.2009735
819,8.125888,4.4676895
820,6.8270926,3.9239602
821,5.725295,4.433865
822,7.078284,3.4353523
823,4.717604,6.012763
824,5.502137,1.9644809
825,5.655996,5.1442947
826,6.726928,7.28614
827,6.556851,5.907608
828,3.9314594,7.208001
829,5.370879,6.603922
830,4.599227,4.9376006
831,6.051301,5.49912
832,1.225526,6.6017857
833,5.0789595,9.383606
834,4.624081,7.272268
835,5.795254,9.337108
836,3.589426,9.650435
837,5.014311,7.102155
838,3.5655437,4.5259123
839,5.087795,6.577979
840,3.6437314,4.220636
841,5.413677,3.1509879
842,6.219321,4.3175483
843,4.60659,2.8507385
844,4.612255,2.3897567
845,4.3765435,1.4554938
846,4.5702524,4.3008976
847,5.9205246,5.457954
848,6.532487,7.821211
849,7.587789,3.045999
850,8.095041,5.413624
851,5.9756603,10.169641
852,4.4716306,5.7059927
853,6.108687,3.7905657
854,5.534008,1.7890705
855,5.5338902,2.3749943
856,6.0652804,3.4442809
857,4.8263917,0.41268313
858,4.989183,0.18879414
859,6.1695695,0.6511365
860,6.434393,4.6958904
861,6.801225,1.8406107
862,6.040564,4.0290356
863,4.3219776,3.256152
864,5.923558,-0.35337925
865,5.5876784,3.9665322
866,6.367665,4.819033
867,6.137487,6.0623927
868,6.7492237,2.639209
869,6.7017837,4.154292
870,5.895698,7.1346726
871,7.9957056,3.0139766
872,6.259492,5.269839
873,5.527057,3.324405
874,7.3807173,5.116004
875,6.775333,2.4318871
876,7.0670433,-0.106527776
877,6.6255975,2.4655728
878,6.7105327,4.7005434
879,5.4547057,1.7017293
880,6.6423826,2.7485304
881,6.8704853,4.5107713
882,6.6633854,5.4690266
883,7.7796674,6.0574675
884,6.378923,5.876507
885,6.483471,2.3581977
886,7.634164,4.3681726
887,5.9358106,4.432097
888,6.2349415,3.2250144
889,4.549235,9.765689
890,6.5004063,1.9098175
891,7.085409,3.2421553
892,8.846768,6.597521
893,7.582491,6.6013017
894,5.965247,6.5207815
895,6.690817,3.2728934
896,8.011455,4.92691
897,7.637118,2.7008812
898,6.959178,2.4641225
899,8.047916,2.7037294
900,5.9747257,-0.8624876
901,6.603619,2.7160637
902,6.806022,2.3265014
903,5.105161,5.2309794
904,7.5560656,4.4505796
905,7.8933077,2.9987695
906,6.7606087,-0.30650204
907,7.3412967,0.63131857
908,7.607046,2.0801983
909,5.7324076,7.819396
910,6.1200867,6.0289855
911,5.983926,2.5365517
912,7.22666,1.3303069
913,5.0233173,0.60384196
914,4.9186177,5.863266
915,5.454958,3.3987796
916,6.6763277,3.1329138
917,4.4713993,3.9734507
918,6.7829175,5.578315
919,6.3770766,3.6459806
920,5.530844,3.6663587
921,5.2496376,4.7773976
922,6.1209793,5.3810654
923,5.6870446,6.104985
924,6.231044,11.278072
925,7.810293,10.944034
926,5.5663757,7.7273746
927,6.839507,3.1917415
928,5.4289947,8.6165085
929,6.978236,4.810122
930,6.793445,6.299758
931,6.441909,5.407275
932,6.1627874,1.8471025
933,6.2732415,9.277634
934,6.3077497,0.3817784
935,6.8295107,1.6485497
936,5.8167048,4.5382147
937,7.969112,1.500662
938,8.465187,2.5675743
939,6.0329685,6.536545
940,5.861191,2.548156
941,6.4042377,4.177036
942,9.214064,9.185866
943,7.502805,9.2417345
944,7.2582464,8.023944
945,7.280567,10.41831
946,7.085859,2.8804545
947,8.537774,7.419867
948,7.4227843,3.6869295
949,6.564123,7.9955463
950,5.509079,10.021472
951,6.578461,2.0124354
952,4.2802005,0.7471835
953,6.679609,3.8552043
954,6.189301,2.5141852
955,6.329777,0.12570094
956,6.132033,0.35177818
957,5.877803,2.1312335
958,7.1319976,5.642306
959,7.512163,8.021121
960,7.0301642,8.281674
961,6.1102576,8.361721
962,6.0352817,6.1987348
963,6.7296557,11.1699295
964,6.3950887,9.617023
965,7.440937,9.207999
966,6.6146307,11.623742
967,9.386935,8.3238535
968,7.758396,5.6599283
969,7.1742535,5.987273
970,6.135551,7.1413965
971,5.8777385,8.8291445
972,6.151283,2.8962286
973,7.27396,4.11941
974,7.251831,8.3803425
975,7.9620757,4.4776783
976,6.715499,4.6914144
977,7.056626,3.756791
978,6.7323117,3.2522418
979,6.8270035,4.2163563
980,7.436894,8.028221
981,8.001014,6.0476356
982,7.237054,7.382169
983,8.367638,11.284582
984,6.985957,10.883935
985,7.809677,9.069362
986,7.308509,6.334606
987,6.4050336,4.762871
988,6.50167,5.05313
989,7.647823,4.4557157
990,6.89342,8.896228
991,6.5947614,6.77612
992,7.7380857,9.517759
993,7.3709574,5.5227222
994,7.006051,5.9624524
995,7.4130645,5.833788
996,7.7728095,4.126904
997,7.7630386,6.031209
998,7.1861844,9.449031
999,7.2694287,7.9301424
1000,6.767482,6.9637585
1001,7.735572,3.894756
1002,7.532914,7.466697
1003,8.420872,7.5173388
1004,8.233559,8.004033
1005,6.9182386,11.038888
1006,7.555206,6.7863474
1007,6.7977614,5.8938785
1008,7.5056534,8.134635
1009,6.846829,7.837484
1010,6.3987308,7.5877595
1011,6.0973577,7.4018154
1012,4.929442,8.309168
1013,7.547686,4.1065416
1014,7.3370843,7.1601205
1015,6.538726,7.0879126
1016,6.828518,6.6798954
1017,6.573952,6.9215307
1018,7.9296937,7.29984
1019,6.398247,9.548162
1020,6.7263713,6.3388863
1021,8.053471,6.3668966
1022,5.851182,7.895376
1023,6.960655,13.962337
1024,6.917589,6.992659
1025,6.9394217,9.758187
1026,7.8096666,4.430929
1027,6.863002,6.348537
1028,7.230389,7.538981
1029,7.8082266,6.717293
1030,8.425654,4.2856693
1031,7.9283977,5.1032486
1032,7.182872,7.774358
1033,7.038352,6.151229
1034,7.224199,10.106835
1035,7.5314317,6.3062577
1036,7.626666,10.903783
1037,7.000595,6.543138
1038,7.258743,7.329944
1039,6.495069,5.128331
1040,6.7043805,7.0001183
1041,9.127936,7.598605
1042,7.892077,6.2376385
1043,6.949095,12.014097
1044,6.7187967,7.2477107
1045,8.098914,5.3115053
1046,7.648678,9.210106
1047,7.729,10.933075
1048,7.394323,9.095065
1049,7.038737,5.765451
1050,6.6656365,9.716523
1051,6.723072,12.050866
1052,7.3793635,7.8606896
1053,6.4477363,10.243393
1054,5.611691,8.281711
1055,7.2152405,7.5520134
1056,5.464946,7.8273067
1057,4.1970572,13.116598
1058,7.3051257,11.583684
1059,6.8476005,12.653646
1060,5.0072737,17.943865
1061,5.529655,14.294985
1062,6.1556816,12.492735
1063,6.2204366,7.7449155
1064,6.717049,8.546468
1065,6.9687552,5.9931827
1066,5.8926835,7.62159
1067,5.3323855,12.244188
1068,5.4230833,12.599413
1069,5.8153486,9.380569
1070,8.209053,10.161988
1071,7.869744,8.658425
1072,6.4969673,11.292563
1073,5.97602,8.259188
1074,8.211986,7.8534245
1075,9.211257,5.8833246
1076,6.7919273,6.3318233
1077,7.7753,7.571831
1078,7.7784653,5.05124
1079,6.5796037,4.6852627
1080,5.3350115,6.8151574
1081,4.0219703,8.827259
1082,7.5416193,5.531371
1083,5.4379473,7.290051
1084,7.57436,11.419212
1085,5.559381,9.4433975
1086,4.139971,8.908317
1087,6.4128413,7.115138
1088,6.386644,11.565461
1089,6.045369,8.206716
1090,7.219361,6.5241423
1091,6.7490015,8.574315
1092,8.187987,7.9490223
1093,6.0186343,8.229807
1094,5.596671,5.6692147
1095,6.448899,3.444204
1096,5.02567,6.6434093
1097,6.151673,4.2607694
1098,5.8571734,3.9754167
1099,3.4464204,8.484199
1100,5.491631,4.238836
1101,6.3452168,7.8125825
1102,6.2020726,6.04973
1103,7.26528,4.2489476
1104,6.0913744,4.561702
1105,4.3669496,2.7367153
1106,5.936841,4.620663
1107,4.076184,9.688342
1108,3.9015825,4.0797925
1109,7.2156944,6.870351
1110,4.497381,7.495351
1111,6.8201485,8.143375
1112,6.0317736,7.570324
1113,6.701244,9.503189
1114,5.7150083,4.2964034
1115,6.7544866,10.798956
1116,5.4780464,7.6481333
1117,5.567281,6.533996
1118,9.467093,9.160901
1119,6.6753936,6.3282633
1120,4.4336257,6.299573
1121,5.845756,6.434806
1122,6.625932,8.595502
1123,4.5253243,3.1007555
1124,4.2045774,7.43809
1125,6.4444866,11.58868
1126,5.7014265,9.281188
1127,8.023256,5.150367
1128,5.561777,7.701988
1129,4.633249,5.6902843
1130,6.227284,8.317904
1131,6.9520173,7.549123
1132,6.9940224,10.093705
1133,5.8599224,7.1585393
1134,5.517524,5.9337716
1135,5.042525,5.681812
1136,5.565952,7.01069
1137,5.610628,6.843892
1138,4.770879,6.7095504
1139,4.336441,10.631532
1140,4.399523,10.519181
1141,7.796839,10.262535
1142,5.4301734,9.030434
1143,5.883392,8.259659
1144,6.498501,11.336906
1145,5.520825,5.846207
1146,7.639617,12.459006
1147,6.3975654,8.732188
1148,6.309559,8.161478
1149,5.8526654,6.651208
1150,5.70126,6.9707594
1151,6.3341928,7.2117715
1152,5.1646805,6.6129236
1153,4.7217765,8.181654
1154,5.7001348,6.8224106
1155,4.9237065,6.4417114
1156,5.7966385,10.216923
1157,4.7660117,11.581663
1158,5.982232,8.763648
1159,5.57701,10.580423
1160,3.525025,5.3859344
1161,5.471949,6.9951973
1162,3.8334353,7.324526
1163,4.4212327,6.953963
1164,4.854738,5.932321
1165,5.1117463,8.32483
1166,3.704817,3.1693175
1167,5.218735,5.1439056
1168,4.0015464,3.3900669
1169,5.0487947,6.3704767
1170,6.2176743,5.503575
1171,3.9350178,5.2717476
1172,6.4991627,5.6529994
1173,4.987227,6.4562
1174,5.415126,8.514861
1175,4.6840367,10.130746
1176,5.7819357,11.60564
1177,4.440142,6.6653495
1178,4.944965,7.032816
1179,6.5454183,6.4552736
1180,5.838862,5.5922027
1181,4.288534,4.238824
1182,5.683027,2.0802386
1183,3.854788,8.545849
1184,4.956494,7.854116
1185,7.4484315,6.016637
1186,5.801024,5.180639
1187,4.9423413,4.519216
1188,6.1825514,2.3287249
1189,4.4902625,10.391144
1190,4.147553,7.5248795
1191,4.2623158,0.7879709
1192,3.6404257,1.8987137
1193,4.3966303,6.0388846
1194,4.087202,7.7690725
1195,4.293446,7.7951303
1196,3.9640043,5.163506
1197,4.347366,9.841904
1198,3.2345655,6.415259
1199,3.3123336,7.7802973
1200,4.1638,7.9059453
1201,6.9816155,8.096015
1202,4.1442294,7.234492
1203,5.748157,5.949047
1204,4.014762,4.6621327
1205,3.8756933,7.9807553
1206,4.372087,6.181424
1207,5.195781,3.3876708
1208,4.479893,4.8169627
1209,5.3964953,1.1692721
1210,4.0912523,5.285413
1211,4.3193464,0.95639145
1212,3.3132596,2.907853
1213,4.88845,4.3374767
1214,5.6734324,6.161099
1215,5.2766266,-0.7792823
1216,3.6313589,1.8102204
1217,4.814304,2.932653
1218,5.9585624,6.542002
1219,2.9801376,2.0171113
1220,5.4113173,7.079845
1221,4.4909263,6.081824
1222,4.9781566,5.1416087
1223,3.6466796,4.3682775
1224,4.220748,3.0815907
1225,2.7262611,1.1576462
1226,4.303139,2.9669626
1227,3.3870695,4.3156786
1228,3.9928508,4.006077
1229,4.6651535,9.510013
1230,4.6345515,5.0183153
1231,5.395455,5.6471295
1232,4.653817,1.4223166
1233,5.3274107,-0.15891564
1234,3.5503695,5.2908278
1235,4.487295,3.341827
1236,4.5338244,2.0799463
1237,5.5318294,3.7485561
1238,7.0972514,2.0577967
1239,5.772457,1.1408281
1240,5.0995803,4.8065386
1241,6.0220556,3.9794724
1242,6.781359,4.713354
1243,5.1364675,2.6914876
1244,7.6103163,6.296225
1245,6.5472975,3.8955746
1246,6.8238726,2.3033085
1247,7.24286,5.789206
1248,6.266298,1.9227678
1249,5.326836,1.2405978
1250,4.863918,3.067177
1251,6.0103908,3.2605329
1252,6.8601823,2.125393
1253,4.5690293,5.054207
1254,5.7343016,1.7582965
1255,3.824386,6.6760445
1256,4.3994675,2.6114597
1257,5.927775,4.328772
1258,5.3827767,0.6191456
1259,4.8748126,2.9758346
1260,5.127087,0.72214055
1261,4.476414,3.3248618
1262,5.231906,4.0595
1263,3.1263802,5.699703
1264,3.8763778,4.2055006
1265,4.721972,3.2359834
1266,5.2819967,5.048923
1267,4.0747466,3.9785023
1268,5.3855863,6.6823444
1269,4.9474225,3.8838124
1270,4.643813,6.7201757
1271,4.796307,3.4758883
1272,6.325432,6.4790645
1273,5.6906204,5.518529
1274,5.630588,6.2191114
1275,5.778009,8.7933655
1276,4.5607977,6.9283214
1277,6.051963,5.22949
1278,6.6709003,2.0907457
1279,4.6420703,4.4915576
1280,4.7312636,4.1937947
1281,6.4924617,3.204462
1282,5.226464,8.778113
1283,5.7261577,6.7820067
1284,6.953224,5.7741346
1285,7.373887,7.5223374
1286,8.192883,7.397455
1287,5.0982356,7.040469
1288,5.9951897,7.6626744
1289,5.967677,6.8195224
1290,6.620257,9.421296
1291,6.668213,6.6513343
1292,6.8071985,10.19476
1293,8.270489,9.824197
1294,7.192213,11.351745
1295,7.4162364,7.85069
1296,7.8869295,11.748571
1297,8.570926,9.095321
1298,7.2298646,8.281469
1299,9.023381,8.421142
1300,6.803252,2.3739011
1301,9.0351925,8.107369
1302,8.49583,10.575673
1303,6.378101,10.959713
1304,7.733218,5.7248006
1305,7.0921497,4.4742136
1306,5.908984,8.473905
1307,8.915649,6.011098
1308,7.925637,7.8070736
1309,7.9986725,7.8755918
1310,6.9219646,9.854909
1311,6.179633,12.446926
1312,7.6540504,9.371992
1313,7.6293397,12.192126
1314,5.886929,8.705586
1315,7.1722307,2.4785552
1316,6.658548,3.4748497
1317,7.7206683,5.3747535
1318,7.1078787,7.6854115
1319,7.016171,9.731641
1320,7.3099885,8.363837
1321,5.8750286,6.8635154
1322,5.489572,4.563966
1323,6.6678123,6.779636
1324,6.699708,3.4619138
1325,6.2934413,6.050581
1326,6.4292006,5.0047708
1327,5.3344393,2.990546
1328,7.8216376,6.952587
1329,5.985964,3.4085507
1330,8.172463,5.112887
1331,8.286639,5.8315616
1332,7.4468546,6.913098
1333,6.3535585,3.4476628
1334,5.729742,1.238723
1335,6.4132066,6.5467525
1336,4.895294,3.0325582
1337,6.3175597,2.9635367
1338,6.055892,5.922931
1339,5.8792787,6.740555
1340,3.906287,5.9847245
1341,2.7721949,6.420757
1342,6.3766255,4.470734
1343,5.997902,2.7177794
1344,6.1475244,3.2288845
1345,7.7052865,5.6809015
1346,5.2217026,9.564327
1347,4.9700284,11.621385
1348,5.7830834,3.1543818
1349,5.223969,7.2501225
1350,5.1223702,8.171739
1351,3.7600038,9.243718
1352,3.8279066,7.572579
1353,5.1128116,6.3555713
1354,4.4061146,8.212007
1355,4.75501,7.621268
1356,5.013385,3.2775643
1357,5.7704372,6.508841
1358,4.210334,2.911653
1359,4.1030498,2.4816253
1360,7.367484,3.7009618
1361,6.5151024,5.8750367
1362,6.567836,3.0052032
1363,6.1319222,1.7290306
1364,6.5937605,6.767317
1365,9.21732,7.059467
1366,7.1543207,4.896776
1367,6.260908,4.992903
1368,4.7178526,2.7984848
1369,6.3032055,2.270017
1370,6.6244683,6.5586267
1371,6.699451,6.5341654
1372,3.6716506,6.510356
1373,6.1545253,4.4953585
1374,6.3927336,2.1902301
1375,5.157439,5.484226
1376,3.9060967,5.4735804
1377,5.986019,2.2475417
1378,5.298084,7.003096
1379,5.5777617,8.070752
1380,4.2663507,4.6867633
1381,6.1119666,7.769554
1382,5.8090754,9.04902
1383,5.7408543,6.4297376
1384,4.9807615,4.9303565
1385,5.190895,10.260241
1386,7.3083405,7.3299603
1387,5.9681616,6.661938
1388,6.103151,7.143669
1389,5.2188625,8.972294
1390,3.1795976,7.8471303
1391,4.716549,7.419969
1392,6.042876,3.4741678
1393,3.9598098,6.027553
1394,6.301953,3.7900307
1395,5.419799,6.123108
1396,4.5185394,5.222145
1397,4.406422,6.557486
1398,2.9299564,5.0267997
1399,4.4425974,4.573017
1400,5.6307874,6.7433906
1401,4.496964,7.0043583
1402,6.134826,3.4474058
1403,4.7897663,3.8120892
1404,2.5499399,6.5826917
1405,3.9306076,4.459426
1406,5.7024555,9.253474
1407,6.7076826,6.4973845
1408,6.607677,7.369541
1409,4.495646,6.453946
1410,4.410108,4.0686626
1411,4.7588196,5.5582438
1412,4.571019,3.5949764
1413,2.6750617,3.6209147
1414,5.1163483,2.7707703
1415,3.8251777,4.268706
1416,4.53465,0.8346956
1417,4.757363,5.56784
1418,5.2673073,3.6104884
1419,5.313099,6.225262
1420,4.3017974,2.010809
1421,2.5941017,5.682812
1422,4.3984365,2.8369744
1423,3.6561995,2.6426613
1424,2.0979602,8.618913
1425,2.5463057,9.403185
1426,4.4605694,2.9264557
1427,3.504394,5.2308717
1428,6.8382444,9.326868
1429,3.8097103,5.119888
1430,4.889002,9.115982
1431,5.094932,6.445819
1432,6.512421,9.588856
1433,5.6287513,7.8596973
1434,6.279935,7.8578
1435,4.447022,3.5021691
1436,4.3559985,5.6757827
1437,5.003974,10.131208
1438,3.9887834,7.8262806
1439,6.72368,7.444748
1440,6.456584,9.96921
1441,4.3108573,2.0781527
1442,3.7145615,5.7394915
1443,4.0485787,5.8416257
1444,3.0253842,8.329685
1445,5.595123,8.796449
1446,3.714978,9.971024
1447,4.462893,10.569095
1448,5.1400356,9.705643
1449,4.4058466,10.22325
1450,4.7710624,11.420151
1451,5.126182,8.106618
1452,4.393634,4.425815
1453,4.663549,5.251964
1454,3.559455,10.995842
1455,5.7690225,10.584949
1456,4.9953666,12.219787
1457,4.919069,7.844131
1458,6.157649,9.087891
1459,3.6472967,10.428801
1460,4.533925,8.43813
1461,4.7333717,9.041063
1462,3.6115654,6.868742
1463,5.8492293,10.143086
1464,4.918172,7.1168413
1465,8.517491,6.1265078
1466,5.9524417,6.438624
1467,5.9064164,9.207413
1468,3.9121552,7.3099027
1469,3.2901032,6.063436
1470,4.1525974,7.4617968
1471,4.49906,4.848567
1472,5.513394,7.11038
1473,6.2535553,7.054379
1474,5.718264,8.5217705
1475,6.7891107,12.503814
1476,5.85829,9.50043
1477,4.4352207,8.145128
1478,6.103372,7.3858852
1479,6.2796445,6.8252964
1480,6.009391,6.682381
1481,5.6429224,7.782038
1482,6.9564466,3.9936209
1483,5.513894,2.1919484
1484,5.900522,7.479647
1485,4.3204546,6.6073
1486,4.7328763,7.3668175
1487,6.272238,7.821893
1488,3.9789011,5.9057035
1489,5.1523495,6.2009377
1490,5.2982717,7.9029317
1491,5.95933,4.9389596
1492,7.756231,5.343908
1493,5.653488,8.928982
1494,5.1460705,7.5026355
1495,5.1020017,7.8502145
1496,5.674855,7.9219117
1497,5.0199375,10.844464
1498,5.8361893,7.2518373
1499,8.242771,6.8017616
1500,7.284367,4.435394
1501,6.7608547,9.080233
1502,5.797084,9.195167
1503,5.7483726,8.4265375
1504,5.029429,7.889814
1505,6.755583,6.170398
1506,7.316264,6.3121724
1507,5.511475,5.780103
1508,4.9045033,1.255274
1509,5.1617074,4.9580626
1510,5.8966494,6.262516
1511,6.4359694,9.455368
1512,5.2462964,10.650308
1513,5.6854663,9.304198
1514,4.7687488,9.896897
1515,5.803557,11.103323
1516,4.9972715,7.6786027
1517,6.616437,11.349706
1518,5.7061105,10.253614
1519,5.2714143,7.21364
1520,5.2205887,9.493302
1521,3.732281,9.677299
1522,7.3793645,11.591941
1523,5.662049,12.325005
1524,5.663333,11.498826
1525,4.4386406,10.420128
1526,5.1373415,9.602102
1527,4.988418,9.560407
1528,6.108129,12.221567
1529,5.3300653,9.620921
1530,6.0869284,9.013034
1531,5.9601383,7.526591
1532,5.633711,10.657823
1533,4.7488055,10.333538
1534,5.062883,10.125804
1535,5.421404,12.406623
1536,5.4012914,11.72868
1537,4.6696544,13.442483
1538,5.295673,14.984741
1539,6.4407635,14.217943
1540,4.4490585,13.24944
1541,4.5626373,11.630983
1542,4.1683474,7.189682
1543,5.505441,8.904928
1544,4.9388065,8.120352
1545,5.682758,10.063966
1546,4.066424,14.694749
1547,3.98845,13.318462
1548,3.6087341,13.968231
1549,4.3666134,15.313436
1550,5.1320567,15.130137
1551,4.307345,12.204576
1552,5.0924387,12.231909
1553,4.7712893,9.656751
1554,3.8909519,13.304381
1555,5.794348,11.0029745
1556,3.2961676,10.059439
1557,2.5988238,13.678209
1558,2.7147157,14.4588175
1559,2.8551936,11.3745
1560,4.8843465,10.972982
1561,3.954855,14.17733
1562,3.1200862,12.811707
1563,6.6119156,12.715358
1564,5.5313525,11.162486
1565,4.861582,10.430954
1566,7.0993967,9.500828
1567,4.955453,11.769315
1568,5.7632136,12.069585
1569,6.648298,13.824978
1570,7.086359,14.226921
1571,7.1387787,13.611897
1572,6.3841357,12.358598
1573,7.72402,12.364268
1574,4.8803,13.13549
1575,5.508493,11.647944
1576,6.32172,11.996511
1577,5.560761,13.28823
1578,5.8817697,15.53639
1579,3.2731028,13.671989
1580,4.2714453,14.259584
1581,6.5282626,12.674174
1582,4.6747007,15.133238
1583,5.132134,10.098931
1584,4.3793793,9.316367
1585,4.1406746,8.84399
1586,5.351467,11.395799
1587,6.4143677,13.821128
1588,5.514517,14.989459
1589,5.7921824,13.286496
1590,4.7144976,9.131046
1591,4.277908,9.460691
1592,5.3847876,11.355062
1593,4.4661736,8.881023
1594,5.468928,11.315447
1595,5.6343617,10.167837
1596,5.4086556,10.5491085
1597,5.179838,9.247838
1598,5.489769,9.831612
1599,3.7046103,11.09981
1600,5.2374306,11.812049
1601,4.0544753,10.539784
1602,5.3774614,14.02209
1603,4.78587,15.901755
1604,6.9996862,15.049249
1605,3.7839553,17.097685
1606,4.2463045,15.804052
1607,4.5819373,12.841161
1608,3.3695428,12.510616
1609,5.557875,13.342735
1610,4.4936614,12.67996
1611,4.059017,12.288968
1612,5.135772,13.060981
1613,4.7221346,12.916141
1614,4.068426,13.349868
1615,4.8357177,13.515092
1616,5.504124,15.999524
1617,4.647562,12.790051
1618,4.8246512,10.738069
1619,4.4078875,7.2709107
1620,3.970305,12.188675
1621,4.8708997,10.113449
1622,4.782758,13.251106
1623,4.832599,12.18791
1624,4.1530414,14.022718
1625,4.422182,13.001975
1626,4.384289,13.335512
1627,4.5063243,15.733372
1628,2.2571988,9.234261
1629,4.268449,6.212743
1630,4.6072755,10.746707
1631,3.2078903,10.081109
1632,3.9729536,7.810735
1633,3.4720032,10.312616
1634,4.0085144,11.615003
1635,4.276031,10.675711
1636,4.579234,8.987982
1637,3.5529287,13.71776
1638,3.7572336,13.955038
1639,4.5757303,13.583109
1640,4.8891964,11.956921
1641,3.0228016,14.397343
1642,3.5073354,10.854147
1643,4.3690414,10.978005
1644,3.9362736,8.582232
1645,4.7033954,11.3684435
1646,2.9987223,6.6257315
1647,2.9052665,7.110942
1648,3.4201403,13.622726
1649,1.9148595,16.722752
1650,4.6282887,9.896812
1651,2.1984503,11.727686
1652,2.609369,11.907574
1653,2.6166975,11.987209
1654,3.59921,9.357209
1655,3.0590866,8.816819
1656,3.9208474,5.068643
1657,4.082717,9.513245
1658,3.5592418,9.727816
1659,2.370631,6.8463635
1660,3.047345,10.777063
1661,3.594333,5.2529907
1662,2.4158998,5.1252804
1663,2.669698,6.0394053
1664,4.198318,6.8751564
1665,3.5658345,5.2086926
1666,3.041379,7.144928
1667,4.845308,6.379308
1668,3.2184443,9.66842
1669,3.1465027,6.973129
1670,3.3492007,9.215456
1671,2.415665,5.5933847
1672,4.8666177,5.4609265
1673,2.5357955,4.41908
1674,4.220504,9.205349
1675,3.936299,7.848045
1676,4.841701,7.326114
1677,4.8981714,5.9859095
1678,2.992011,8.628337
1679,4.683186,8.489449
1680,3.7058558,7.4853296
1681,3.9056427,7.4251328
1682,4.28233,5.147468
1683,4.3935385,5.424508
1684,2.9893327,7.014867
1685,5.0791974,5.619995
1686,5.244843,5.253739
1687,3.8392897,7.432746
1688,2.2908213,9.234515
1689,2.025235,7.701929
1690,5.6931334,7.034491
1691,3.6382978,7.974433
1692,3.153031,4.203529
1693,3.6011207,5.8917084
1694,4.4134655,3.966707
1695,4.7289357,6.548358
1696,4.081106,7.203073
1697,3.492087,7.3010163
1698,4.3918986,8.441674
1699,5.2182946,9.1647005
1700,4.001725,8.267842
1701,4.1846743,9.832451
1702,5.2240524,10.00414
1703,6.457557,8.801089
1704,4.0681996,8.337857
1705,3.9646504,6.9568834
1706,3.429001,5.323095
1707,4.524679,5.029198
1708,2.3616834,6.3783126
1709,3.6055887,8.2914095
1710,4.3403587,6.6267986
1711,3.3216658,9.077914
1712,4.2689357,5.3417215
1713,5.547726,6.629945
1714,5.19668,8.6092005
1715,5.5167317,8.832727
1716,4.1867523,7.93955
1717,4.7877507,12.692478
1718,5.2109723,9.128946
1719,4.37847,10.389868
1720,3.8144088,10.060925
1721,3.7751503,8.210709
1722,2.7978942,10.199767
1723,3.6214395,7.540828
1724,6.12441,7.5082335
1725,5.4547157,11.009177
1726,5.769252,10.461105
1727,6.521673,12.19927
1728,5.9949293,6.039026
1729,5.0348787,9.689045
1730,4.3257113,9.582759
1731,4.3106365,9.757893
1732,4.758988,10.184464
1733,5.0361004,5.8716283
1734,5.9895453,9.606148
1735,5.322237,9.56361
1736,5.8267674,8.675873
1737,5.6795554,9.19699
1738,4.369548,5.3808174
1739,5.852648,11.148785
1740,5.6635275,9.990628
1741,5.706235,9.835021
1742,4.759062,7.2570314
1743,5.4517827,7.4285293
1744,5.000631,9.057803
1745,4.265397,11.126123
1746,6.2110643,10.411333
1747,3.8275814,12.665696
1748,4.796564,10.788759
1749,5.877438,8.205651
1750,4.4737206,8.754147
1751,6.4645276,8.077963
1752,4.740981,2.935539
1753,6.237797,7.731828
1754,4.8164444,7.6745033
1755,4.2266283,9.380969
1756,6.759987,8.65829
1757,5.6906085,5.91662
1758,6.29712,7.3582883
1759,3.814874,8.146072
1760,4.3171597,8.546267
1761,6.820204,5.504763
1762,7.2001524,2.9390066
1763,5.623705,5.8116407
1764,7.7215686,3.8064647
1765,5.8244085,6.3746424
1766,4.9566026,4.482868
1767,4.403648,5.5242686
1768,5.6286173,5.068994
1769,5.346718,6.454728
1770,6.385301,2.7026207
1771,7.3529077,0.6461878
1772,5.1721597,5.3387594
1773,6.2890105,5.5046816
1774,5.992935,8.156359
1775,5.1965756,11.789737
1776,5.4104886,8.8264675
1777,5.208727,6.594708
1778,6.035688,7.8429303
1779,5.8792243,8.919983
1780,5.8778872,7.581322
1781,5.4798794,9.683093
1782,7.1721883,9.960154
1783,5.9943337,6.951679
1784,6.668487,8.569189
1785,6.0816736,11.48645
1786,7.845217,10.819251
1787,6.5494742,10.706078
1788,7.0969257,7.1102853
1789,4.743637,7.905054
1790,4.3096523,9.04017
1791,3.954761,5.91186
1792,6.4029274,4.7191734
1793,5.5574226,7.0690346
1794,5.976945,7.381535
1795,4.9696093,4.0690947
1796,5.6463685,3.139246
1797,7.515019,2.5515008
1798,6.6835904,5.161509
1799,6.9710073,7.1360693
1800,5.886256,9.933525
1801,8.503869,8.874292
1802,5.9298377,11.392593
1803,5.139248,8.68093
1804,5.478199,7.926072
1805,4.7488337,7.5881248
1806,5.561258,6.617729
1807,6.742331,7.8673368
1808,7.0176573,8.204683
1809,7.7769365,10.161573
1810,5.1205516,8.015564
1811,3.868138,6.4277396
1812,6.256035,7.118659
1813,4.795367,8.00823
1814,5.303129,8.181829
1815,6.4107313,6.5067706
1816,5.585164,6.778521
1817,6.9545083,8.324432
1818,6.732948,7.8363123
1819,5.8684196,9.322946
1820,4.917514,4.253706
1821,4.799984,7.19833
1822,5.961631,9.161192
1823,4.964713,2.4857056
1824,6.329502,5.6213794
1825,6.0610714,9.214928
1826,6.4205837,9.96615
1827,6.0641,5.780116
1828,6.6329355,4.35344
1829,6.7147384,5.8068433
1830,5.123956,8.449996
1831,4.98329,9.639421
1832,5.685513,7.28336
1833,4.09516,5.654342
1834,3.7879236,6.2281456
1835,7.6014676,5.2458873
1836,5.3557415,2.9971023
1837,6.201052,-2.1314142
1838,5.4059553,4.6371827
1839,6.9520164,4.568499
1840,7.137536,5.9110756
1841,4.436002,6.393785
1842,5.159294,5.8531575
1843,5.9445477,9.3295965
1844,6.0399175,6.975733
1845,4.7727103,6.5485682
1846,7.30589,6.418772
1847,6.6501474,7.6178026
1848,7.568983,7.6393447
1849,6.4346437,5.5687785
1850,4.85892,5.4509315
1851,4.700112,5.6184998
1852,6.201342,7.7770634
1853,7.034423,7.0672603
1854,5.702919,7.3681097
1855,4.348684,8.529758
1856,6.2467723,9.654134
1857,5.1619644,8.0104
1858,6.48119,9.219101
1859,6.791831,12.597459
1860,5.9884496,6.9106507
1861,5.2373056,8.120866
1862,8.024862,11.157655
1863,5.488501,10.345571
1864,7.8793106,7.3873563
1865,8.001942,9.324635
1866,7.4973783,7.616076
1867,6.090429,6.5918894
1868,5.7203035,3.442011
1869,6.702047,10.279884
1870,7.945515,7.4660826
1871,7.0098634,6.7099767
1872,6.7691507,4.4204283
1873,7.2737136,9.682651
1874,7.375019,7.2750115
1875,5.4627905,7.791318
1876,6.948891,9.43418
1877,5.838833,8.51923
1878,6.562051,9.931137
1879,6.666256,6.751413
1880,5.5426655,7.689778
1881,5.189628,8.253688
1882,5.766769,8.330505
1883,5.1056037,6.9716043
1884,4.976362,10.414569
1885,6.297842,7.219118
1886,5.1773286,9.764793
1887,7.884235,8.572025
1888,5.803597,4.811835
1889,6.948453,4.617673
1890,7.57329,5.8507204
1891,6.479598,4.40066
1892,5.940403,2.8460078
1893,5.7723994,3.4909086
1894,5.4635835,3.7286537
1895,7.2381015,3.1152163
1896,8.04798,7.1617417
1897,7.936638,6.469481
1898,4.4904914,5.6307607
1899,7.586693,6.1421676
1900,6.781971,6.157772
1901,6.1239347,8.840505
1902,5.0631685,8.149257
1903,6.8618946,6.262205
1904,5.402546,8.745492
1905,6.9398227,7.950263
1906,6.3298707,5.804092
1907,7.0527096,7.7661543
1908,4.0956473,6.1007895
1909,6.5099163,5.8143063
1910,6.553813,3.941793
1911,6.7218313,7.8229175
1912,6.577823,7.6057324
1913,6.203538,7.355305
1914,5.9010005,7.897869
1915,7.029915,9.22743
1916,6.653768,9.022238
1917,5.5508795,5.7873855
1918,6.615775,8.998832
1919,6.0501122,7.8731995
1920,4.5827684,8.325704
1921,4.8392615,8.019504
1922,6.851544,6.629669
1923,5.0478864,6.008093
1924,4.0871234,3.1228087
1925,5.7152877,0.58849686
1926,7.0753846,6.204479
1927,5.26325,5.298007
1928,5.0895963,6.4290414
1929,6.7324843,5.535038
1930,4.229842,8.443815
1931,3.9229374,4.0501986
1932,4.6216893,4.684299
1933,6.5331206,7.324395
1934,5.408322,9.212028
1935,5.968899,11.050734
1936,5.044559,7.6480064
1937,5.1718464,8.391195
1938,4.6761093,7.9457684
1939,6.9850464,7.5252957
1940,6.4367476,9.549346
1941,5.5466537,10.337017
1942,8.007127,12.816095
1943,4.3123236,10.209085
1944,6.774734,12.262929
1945,4.8431373,9.2047
1946,6.5698385,8.615082
1947,6.158236,9.91103
1948,5.5519176,13.996765
1949,6.7075,9.503949
1950,7.824244,11.336458
1951,4.9834085,11.380882
1952,8.755963,12.606631
1953,6.3319325,9.550394
1954,6.144016,12.690131
1955,6.8973327,9.295354
1956,6.0937357,11.909132
1957,4.9383364,13.049903
1958,3.9619458,10.375645
1959,6.429807,13.0569315
1960,7.0910444,13.059056
1961,5.3677964,10.916993
1962,6.616031,11.597577
1963,5.9245358,8.767902
1964,5.966172,12.218048
1965,4.1711287,11.185407
1966,4.9785657,9.957008
1967,2.659624,10.313247
1968,6.0005736,14.811207
1969,5.6165075,13.032108
1970,5.167149,9.854537
1971,5.3346176,11.579402
1972,5.905459,12.700542
1973,5.2324924,15.234358
1974,5.663393,11.108471
1975,6.699616,10.745101
1976,7.162895,13.623267
1977,5.729361,8.899113
1978,5.1053433,9.075435
1979,4.92867,11.264437
1980,5.8772297,11.0746975
1981,6.136228,8.503971
1982,7.1101213,9.976351
1983,3.7803917,10.799871
1984,5.9231486,12.583229
1985,7.9354525,10.789991
1986,7.2287707,9.974346
1987,6.437351,14.994113
1988,4.9011016,9.06271
1989,5.552629,10.7767
1990,7.1712136,12.877389
1991,6.084402,12.578138
1992,8.205538,11.044492
1993,6.4967775,8.273306
1994,6.5108185,9.868399
1995,6.2373595,6.895415
1996,6.873824,10.46141
1997,4.985155,9.416656
1998,6.124049,11.397991
1999,4.804261,8.20099
2000,5.9996085,11.925185
2001,6.7482123,12.941055
2002,6.2693853,11.900813
2003,6.068509,10.406497
2004,7.7701073,11.437147
2005,5.8373046,11.826501
2006,6.8134003,10.04908
2007,7.045025,12.377655
2008,5.9928493,11.134123
2009,7.4091363,12.622812
2010,6.388649,8.482586
2011,6.2814965,6.9196963
2012,6.673454,10.220846
2013,5.8360105,10.700129
2014,6.7730227,14.180888
2015,5.3503027,13.361863
2016,5.60698,10.013269
2017,4.9910393,11.622021
2018,5.2320385,12.146489
2019,4.849873,10.8705635
2020,3.6809847,6.968654
2021,6.8581734,10.6711035
2022,5.440558,10.667652
2023,6.154501,10.73652
2024,4.176333,8.653034
2025,4.449679,10.229418
2026,5.312588,8.173439
2027,4.8951144,8.557132
2028,5.9035134,9.076279
2029,4.111078,10.162621
2030,5.760306,10.056467
2031,5.3228326,12.790599
2032,5.1360517,10.808986
2033,5.9220376,10.22731
2034,6.0141754,8.058785
2035,5.9046407,7.73805
2036,7.4367366,11.178711
2037,7.247653,12.619712
2038,7.5405645,9.216828
2039,5.95309,11.24271
2040,5.0032935,11.342267
2041,6.1864557,9.563382
2042,4.8329473,5.4896965
2043,4.5356092,7.7887034
2044,5.1835623,9.81576
2045,4.546783,8.02287
2046,3.7856667,9.694528
2047,5.5306497,8.52986
2048,5.371144,7.9413805
2049,6.0802298,9.27959
2050,5.5930734,4.6202226
2051,4.4292617,7.5931883
2052,4.777173,5.37387
2053,5.3814535,2.0224671
2054,4.075056,4.074076
2055,2.8311284,4.2667336
2056,3.3044295,5.7939887
2057,4.876341,4.772378
2058,5.2382226,2.9425788
2059,5.505244,4.7432814
2060,6.927052,0.45091665
2061,4.7861495,3.273452
2062,4.4490304,3.2676091
2063,5.346919,3.3393948
2064,4.738033,5.6980376
2065,5.20084,3.8958073
2066,3.4105473,2.9853299
2067,4.34161,9.043969
2068,4.972375,7.0436363
2069,6.317703,11.507236
2070,4.874017,6.738616
2071,5.21988,5.8508053
2072,5.5312786,3.5329175
2073,7.441448,6.8990836
2074,5.0975947,6.086815
2075,3.536204,10.135053
2076,5.6787014,12.530618
2077,3.831979,9.183163
2078,4.404983,10.36904
2079,7.033306,9.114478
2080,5.0592523,9.98314
2081,4.5457106,10.352239
2082,5.935336,8.325279
2083,5.1672454,7.682359
2084,4.4710293,5.336784
2085,6.4475193,7.102275
2086,5.6271257,4.7890234
2087,6.9077063,6.2799177
2088,6.4050407,3.6007316
2089,5.70329,6.48202
2090,4.6830754,6.4652185
2091,4.1761317,6.9942474
2092,5.2168403,8.086807
2093,4.6132727,6.015475
2094,6.208324,10.503489
2095,6.6683526,5.9234214
2096,5.43342,4.910933
2097,5.5784497,4.7286773
2098,6.0448365,4.9306545
2099,6.6260056,5.098596
2100,6.9120092,2.2268934
2101,4.58596,7.1284285
2102,6.924643,9.245208
2103,6.986639,5.08706
2104,6.9248686,7.3559265
2105,6.6510077,7.1201324
2106,6.363119,6.006601
2107,7.872105,5.3280888
2108,5.705809,7.4189672
2109,4.992993,7.3281217
2110,5.741239,5.0777283
2111,4.487704,6.804253
2112,4.922828,3.9818308
2113,5.148865,7.9902997
2114,3.4777393,8.914503
2115,3.4243407,5.771017
2116,4.634238,7.1476383
2117,6.8633423,9.70885
2118,4.066223,10.263955
2119,5.3837867,9.948518
2120,5.520874,11.237418
2121,4.813261,7.9264445
2122,4.3522744,10.948112
2123,5.0478735,9.833404
2124,6.915871,9.527186
2125,4.1615014,7.316292
2126,5.5784607,9.40644
2127,4.2823553,8.810067
2128,5.966019,5.632598
2129,5.8010054,7.3641415
2130,6.527479,10.939936
2131,6.0951977,10.17136
2132,5.343499,7.091313
2133,3.9945621,6.9240646
2134,4.9944806,9.935834
2135,6.8297725,7.5755153
2136,4.8751526,10.400712
2137,5.194347,9.724254
2138,5.4947324,9.149248
2139,5.533876,6.8166733
2140,7.472408,9.831105
2141,5.6517725,8.703713
2142,5.6279488,11.090914
2143,5.985664,11.55125
2144,5.8023787,9.568843
2145,5.036491,9.079769
2146,4.598025,12.202421
2147,6.3774767,11.451328
2148,6.119912,13.934968
2149,6.064369,11.428008
2150,5.086227,7.466759
2151,4.61591,11.84079
2152,4.723097,9.140368
2153,5.0352206,8.784549
2154,5.274729,8.087582
2155,3.48957,5.924187
2156,4.427423,5.6616306
2157,4.7566223,11.178493
2158,5.746208,10.801405
2159,6.417901,10.729204
2160,6.9911838,12.713113
2161,7.084025,13.57333
2162,5.9727373,15.163157
2163,5.0468497,16.10715
2164,6.305908,10.165909
2165,4.8223596,8.762819
2166,5.0506725,11.848655
2167,6.7031603,15.017505
2168,6.0420623,12.289598
2169,6.002192,14.593876
2170,4.094396,15.3892565
2171,4.3479514,13.694563
2172,5.7780757,14.707063
2173,5.523335,14.072901
2174,5.658224,11.10119
2175,5.2055836,12.096595
2176,6.805416,12.43852
2177,4.957279,11.7219305
2178,5.876054,14.024778
2179,5.6852202,10.610882
2180,6.9066305,8.281377
2181,4.2845483,9.072403
2182,5.987737,7.9286003
2183,7.0926414,8.737676
2184,4.874106,6.019572
2185,6.593573,9.899338
2186,5.1528463,10.245135
2187,6.635728,8.36233
2188,5.9082775,8.133446
2189,4.87185,9.559448
2190,4.832404,8.979941
2191,8.217027,8.213769
2192,4.989095,10.413941
2193,3.9236586,8.457214
2194,4.718229,9.544639
2195,5.9184065,14.0470705
2196,5.37448,15.292565
2197,4.5048184,13.273673
2198,5.890742,13.110551
2199,6.934824,12.843257
2200,7.006093,12.037205
2201,5.3112273,9.57776
2202,6.4571915,7.8387847
2203,5.2654305,9.752675
2204,5.1446652,13.0462475
2205,4.382354,12.004597
2206,5.8405204,12.342054
2207,4.066396,12.684987
2208,3.0339613,10.842497
2209,4.14957,8.72676
2210,5.538955,13.948656
2211,6.878778,10.898235
2212,5.6597652,11.153589
2213,6.4580207,9.5451975
2214,6.0508785,13.487297
2215,6.859142,11.438599
2216,4.6565084,12.551134
2217,6.2894607,15.231997
2218,6.0361814,12.953174
2219,4.7167177,10.52016
2220,4.4328156,12.915084
2221,5.40089,13.567414
2222,5.581477,11.534945
2223,4.2292104,12.424571
2224,5.069645,10.147942
2225,6.5227656,13.188074
2226,6.2856736,13.349828
2227,5.868134,13.947897
2228,5.8341246,8.45201
2229,5.934255,13.034547
2230,6.036302,12.022306
2231,5.3335204,10.1371565
2232,4.2356567,9.665479
2233,4.6162505,10.297066
2234,5.550175,12.411885
2235,4.352454,10.449604
2236,5.10064,10.02657
2237,7.0928226,9.123548
2238,7.096135,9.814773
2239,7.005748,6.3467183
2240,6.7226005,10.216615
2241,6.810215,7.7326837
2242,6.4662924,10.458937
2243,6.5722237,10.790171
2244,5.2832026,11.877724
2245,5.346676,9.539004
2246,5.8791337,9.146495
2247,6.347579,7.6050196
2248,5.9231105,9.2277
2249,6.551801,9.456546
2250,5.744816,9.694112
2251,5.2364564,10.110324
2252,6.454057,7.329094
2253,7.5567718,7.0129743
2254,7.0557847,6.8021946
2255,5.5586824,10.859202
2256,5.2672777,12.443106
2257,4.898621,11.02928
2258,5.8890433,9.428614
2259,5.550723,11.221146
2260,4.988475,12.361592
2261,6.0765624,12.460438
2262,6.3002343,12.148817
2263,5.9911885,13.518296
2264,5.875221,13.717889
2265,7.2031236,13.11589
2266,8.575303,10.873906
2267,7.1174397,11.112035
2268,5.695297,9.606689
2269,7.2122474,12.4337845
2270,4.0877852,9.542212
2271,5.6843104,12.846348
2272,4.8119874,15.945246
2273,4.3729434,15.204016
2274,5.5472116,12.135018
2275,4.3246098,8.917154
2276,4.873714,8.940717
2277,4.6997676,9.9904
2278,5.898412,13.927531
2279,4.2361827,13.247281
2280,6.124392,18.01271
2281,5.184026,13.844853
2282,3.013646,12.106473
2283,4.2141623,9.896617
2284,4.649258,6.418013
2285,5.3211765,5.5566587
2286,5.661457,6.0931687
2287,6.4833713,5.0096064
2288,5.645894,3.6084142
2289,5.2113914,5.8146324
2290,5.537942,10.164619
2291,7.784301,10.660094
2292,8.308801,12.70136
2293,5.5168147,8.54012
2294,6.3572683,10.264049
2295,7.374006,9.876304
2296,6.4395022,9.593752
2297,5.213044,7.7090955
2298,6.2860823,9.681612
2299,6.2969346,9.841653
2300,6.398476,9.498288
2301,7.744771,12.294325
2302,7.356398,11.702515
2303,5.72735,9.71494
2304,4.5834045,12.070453
2305,6.8713484,10.474546
2306,5.7291474,12.797435
2307,5.5955324,10.324635
2308,5.7246985,8.295162
2309,5.0090523,9.114411
2310,6.221128,10.082904
2311,6.662103,7.374494
2312,4.2862544,13.839624
2313,6.648648,10.711464
2314,7.331424,6.3039236
2315,4.757725,7.46289
2316,3.3868172,11.981035
2317,5.7432766,11.418401
2318,4.6590343,9.458936
2319,5.3393927,12.693652
2320,5.3770785,10.975473
2321,5.0371037,12.650935
2322,6.583662,8.163433
2323,6.1952195,10.464376
2324,6.141078,4.4255977
2325,6.460049,8.636145
2326,5.104355,6.894725
2327,6.017561,4.0944543
2328,4.0144763,5.8301673
2329,5.4168983,5.5692368
2330,6.3015547,7.533455
2331,5.989269,10.3729315
2332,6.2805805,6.4328985
2333,4.5558143,10.554939
2334,4.9792767,10.102216
2335,7.487494,9.583544
2336,8.450489,11.195102
2337,6.8611245,11.265365
2338,6.5670924,6.9414244
2339,6.006876,7.2812867
2340,6.798034,8.620488
2341,7.647246,8.827074
2342,6.872142,8.695303
2343,6.773911,6.706319
2344,5.0842047,6.1886206
2345,6.628186,8.46423
2346,7.4678154,9.8499155
2347,6.526852,8.318977
2348,8.161487,8.90106
2349,5.5931964,9.358048
2350,7.184617,8.498332
2351,8.944969,7.1136813
2352,7.765294,11.722542
2353,7.447881,13.230227
2354,8.606559,13.770898
2355,8.229169,10.45823
2356,5.834919,10.129902
2357,6.1033297,9.0675335
2358,5.1431694,13.956718
2359,6.3993945,13.772765
2360,4.8902435,10.902824
2361,6.4294124,14.218429
2362,4.77356,9.04852
2363,5.5119777,7.815371
2364,5.6547074,11.966713
2365,7.7559443,8.697852
2366,8.159196,10.242187
2367,7.7247252,10.291903
2368,4.2052917,9.220985
2369,8.053755,12.866973
2370,6.9701996,9.947885
2371,6.4813395,9.06356
2372,4.8063836,10.387659
2373,3.4774885,6.5137525
2374,6.145744,10.493296
2375,7.2574973,8.516301
2376,3.44857,8.925841
2377,3.9753947,7.480041
2378,6.779899,15.008936
2379,6.0321074,11.487435
2380,6.8439107,11.734735
2381,6.989694,11.385123
2382,5.4549665,9.845419
2383,5.2240095,7.8083253
2384,5.158048,12.748122
2385,3.978213,10.253981
2386,4.873851,11.191076
2387,5.4233017,13.272897
2388,6.3826275,11.383383
2389,4.8462005,12.335413
2390,5.6335473,11.783663
2391,5.603265,10.8218565
2392,5.0036073,13.889428
2393,5.676863,13.790882
2394,6.0401,15.14107
2395,5.990655,9.007665
2396,6.8260646,13.090116
2397,5.0070257,15.421056
2398,4.994698,12.025285
2399,6.06673,10.786152
2400,6.458958,12.394975
2401,7.711527,11.420077
2402,7.256711,10.595328
2403,6.804816,10.591772
2404,6.144579,12.315645
2405,6.0998697,12.187866
2406,4.273857,11.922256
2407,5.0318823,13.797963
2408,6.3261266,14.619642
2409,6.6225333,13.867095
2410,7.970686,14.759487
2411,6.527192,14.260284
2412,3.9539664,10.629717
2413,3.875232,13.288643
2414,4.311315,8.406839
2415,5.7765594,10.844152
2416,5.518642,10.794436
2417,4.4027467,11.636369
2418,6.1345534,13.77309
2419,5.316015,10.977456
2420,6.088951,9.795639
2421,5.725514,10.018057
2422,6.0861874,12.483632
2423,4.6000366,10.66385
2424,6.0768905,11.256236
2425,5.9704103,10.8183155
2426,7.0882154,14.649477
2427,6.0606947,13.705996
2428,4.4671483,11.803578
2429,6.5284076,12.9641
2430,4.9517083,12.738624
2431,5.4057355,13.153298
2432,6.486316,11.731827
2433,6.3904257,13.086362
2434,8.1136675,13.342726
2435,5.309344,12.278865
2436,6.0611625,8.051138
2437,5.9054694,7.964276
2438,6.4655204,10.984863
2439,7.1894474,13.339529
2440,5.2035437,13.035797
2441,5.4558635,12.966529
2442,5.182835,14.093794
2443,4.9095426,10.5196495
2444,4.7430654,11.1859255
2445,6.6398892,9.559263
2446,3.8370132,11.975814
2447,5.566907,16.219381
2448,4.0451455,17.310421
2449,4.3171763,11.423702
2450,3.7869742,14.220068
2451,4.988139,11.56021
2452,5.611267,7.670518
2453,5.603131,13.220693
2454,6.602491,12.229905
2455,5.7937646,12.373588
2456,5.4807525,15.9568405
2457,6.2713785,11.77038
2458,5.40251,15.667731
2459,5.5644493,13.104074
2460,5.6796427,9.706755
2461,5.8132477,12.890731
2462,6.471096,13.176971
2463,5.937609,9.351283
2464,6.6346693,10.980137
2465,6.0768824,12.152732
2466,5.9986973,9.861837
2467,6.501176,9.5239525
2468,5.573859,16.95908
2469,7.566441,7.926575
2470,7.2729278,13.002082
2471,5.589882,10.84783
2472,5.705579,14.559924
2473,5.6003647,12.555101
2474,6.3406415,12.5009165
2475,5.522714,10.926906
2476,7.2971764,13.854699
2477,5.184594,15.087918
2478,7.072424,13.605439
2479,5.3033257,9.495377
2480,6.9151096,12.046792
2481,6.9792385,10.967393
2482,5.082446,11.95392
2483,3.303924,10.639835
2484,5.8193746,10.567844
2485,6.7075915,10.314276
2486,6.256268,9.074684
2487,7.564242,9.918479
2488,4.876436,10.117949
2489,6.1774507,6.3687005
2490,5.62045,12.64963
2491,6.057533,9.38085
2492,4.633449,10.1958885
2493,6.6339765,8.711817
2494,5.914271,6.4375615
2495,5.841738,6.0985794
2496,5.4131055,10.251177
2497,5.228995,9.590894
2498,5.075342,8.8367195
2499,4.509993,10.738814
2500,4.027754,10.29779
2501,6.574968,11.604104
2502,4.906909,11.351658
2503,4.5699606,9.675819
2504,5.422013,10.96216
2505,5.6729236,13.157337
2506,4.0183907,12.932419
2507,6.1472607,13.647216
2508,5.6424727,11.079186
2509,5.463453,11.247226
2510,4.3162055,9.856769
2511,4.0666,7.277479
2512,3.1991603,11.238534
2513,2.3195472,10.877549
2514,3.8893812,8.724197
2515,5.1920443,9.270522
2516,6.681674,10.460698
2517,6.1396184,12.43672
2518,5.029839,10.788429
2519,4.7090063,10.002883
2520,6.001091,10.345957
2521,4.38749,12.011361
2522,7.4515038,9.174847
2523,6.827442,7.7202973
2524,6.8010116,8.282351
2525,6.5226293,9.078629
2526,4.012133,4.0266385
2527,6.450887,4.0595922
2528,5.422293,7.2919064
2529,5.2191854,8.317924
2530,6.721827,8.056991
2531,4.160819,10.752353
2532,6.1009192,11.616701
2533,6.1265492,8.688116
2534,6.689415,8.397585
2535,6.7399096,3.9760814
2536,4.525436,10.194235
2537,6.090203,7.8354816
2538,5.904525,8.256737
2539,6.9006233,6.598701
2540,4.817362,8.571809
2541,6.69858,7.889232
2542,5.8063793,6.813106
2543,5.436614,8.263443
2544,6.401363,8.920464
2545,5.426355,11.874628
2546,4.9009995,10.747921
2547,5.5278645,8.872573
2548,5.116887,9.140738
2549,4.6973114,10.273587
2550,6.1235037,10.413832
2551,4.505354,8.971998
2552,5.4911356,12.85322
2553,6.9043913,6.537866
2554,4.969838,8.385026
2555,5.306117,10.70612
2556,4.742528,9.990944
2557,4.729374,10.705285
2558,5.0856256,6.648784
2559,4.3566566,8.982831
2560,6.466741,10.556871
2561,6.9676533,8.564781
2562,4.8992357,10.085996
2563,4.6309342,11.634071
2564,3.2773619,11.403494
2565,3.546201,7.437001
2566,5.057708,7.5880494
2567,3.3339148,8.185117
2568,4.691048,8.118369
2569,3.0450895,8.33461
2570,4.584593,6.9350457
2571,4.6039515,7.777351
2572,5.210454,7.950206
2573,5.599618,6.4702945
2574,5.162935,5.8032393
2575,6.150436,7.2687535
2576,5.5194044,5.708847
2577,6.107673,3.123583
2578,6.459135,4.1977882
2579,5.926035,3.9591937
2580,5.697253,9.036315
2581,6.060062,7.5758452
2582,6.894414,9.9564905
2583,5.776466,7.035147
2584,6.356414,10.418346
2585,5.9643826,6.750963
2586,5.3693476,9.084831
2587,7.207537,8.547957
2588,5.76561,9.317197
2589,5.2749553,6.5805674
2590,5.9205384,6.1072326
2591,6.0631785,10.142903
2592,6.6147275,8.424607
2593,7.7505426,7.922771
2594,4.9741435,7.601153
2595,6.3250866,5.572326
2596,4.9898157,5.699822
2597,4.766596,9.326874
2598,6.586341,9.104439
2599,6.3130107,7.2099714
2600,6.537107,10.810062
2601,6.866128,9.61251
2602,6.868363,9.904981
2603,6.8497534,11.846042
2604,6.4581285,11.756722
2605,6.5413194,9.408375
2606,6.5817933,10.582936
2607,6.7918367,12.245178
2608,7.3709726,8.132688
2609,7.7441773,11.350231
2610,6.734527,11.351087
2611,6.003443,10.240693
2612,6.9916034,7.01944
2613,7.103048,7.705792
2614,7.250187,8.855813
2615,6.973159,12.142513
2616,5.4775047,10.435924
2617,4.798442,7.459824
2618,5.0564427,11.47139
2619,4.4931607,10.29024
2620,5.770138,12.452381
2621,7.5647287,11.791368
2622,7.48556,11.670841
2623,4.254776,11.712168
2624,5.655458,12.31478
2625,5.2297263,12.48202
2626,4.431871,15.207197
2627,7.122275,14.208713
2628,4.6465893,12.890308
2629,5.7581725,14.7880125
2630,5.703841,12.493476
2631,5.942921,13.421106
2632,5.8780875,11.28946
2633,7.238331,12.770922
2634,4.7766886,13.19434
2635,4.7901754,12.93071
2636,5.1103616,13.40167
2637,7.360931,10.65029
2638,6.886269,10.837163
2639,6.1589394,11.796731
2640,6.0665927,10.652716
2641,6.6318474,12.205434
2642,6.931778,12.55064
2643,5.369724,13.231044
2644,5.759252,11.533365
2645,5.9615364,10.46693
2646,5.701532,11.120121
2647,8.002593,9.827268
2648,7.269334,13.205433
2649,6.5519876,10.354308
2650,7.0387864,12.314924
2651,5.4157963,9.73087
2652,5.8776736,6.901817
2653,8.130671,9.940574
2654,5.031609,9.267642
2655,3.984882,12.748482
2656,6.268914,10.892786
2657,6.099801,11.629859
2658,6.5202436,13.229062
2659,6.4854784,10.636275
2660,6.638964,6.5075154
2661,6.8963094,10.352096
2662,6.187685,6.11786
2663,5.5472717,8.172558
2664,5.723472,12.73305
2665,6.3645067,11.037494
2666,5.7311664,12.713554
2667,5.5814056,14.56147
2668,6.7623963,13.845075
2669,6.545003,8.9850645
2670,5.7465405,11.597027
2671,5.8527546,12.064093
2672,6.6684585,12.5373745
2673,5.3382955,13.180988
2674,8.266275,12.638754
2675,6.4182644,12.303227
2676,6.1636105,11.200729
2677,6.5437894,9.590277
2678,7.331989,9.04401
2679,6.3773956,8.618708
2680,5.7272635,12.333431
2681,6.1510944,11.955181
2682,5.148691,12.659958
2683,5.7142897,12.139673
2684,4.852259,10.01704
2685,5.402149,8.606771
2686,4.760981,11.118362
2687,5.6667767,10.40941
2688,6.2147703,11.3699465
2689,6.3285975,13.008097
2690,7.735887,13.822344
2691,5.364982,14.121493
2692,6.1781006,12.485574
2693,5.9873996,12.396506
2694,7.054284,14.654368
2695,6.552656,14.4621725
2696,5.721433,14.682399
2697,5.506488,15.053068
2698,3.7542837,15.064835
2699,5.643574,15.403317
2700,6.431923,11.135298
2701,6.2873707,12.912593
2702,7.1704626,14.811163
2703,6.527585,14.987991
2704,6.8532104,14.207809
2705,3.9415762,12.444759
2706,3.583919,8.599142
2707,3.613374,8.799395
2708,5.2050886,14.631613
2709,6.073498,13.605934
2710,4.9152465,10.833883
2711,5.690075,13.136943
2712,5.4410734,12.182474
2713,5.007146,13.044049
2714,6.169592,13.21159
2715,6.669211,11.863295
2716,6.1578336,19.929075
2717,6.099875,14.50459
2718,4.7465935,11.221726
2719,5.4797745,14.672734
2720,5.2064953,7.4022107
2721,6.088629,7.293148
2722,4.8022647,14.507885
2723,5.0086427,13.234272
2724,2.981977,11.472133
2725,5.2436914,8.22265
2726,6.4792256,10.708559
2727,7.832402,10.606153
2728,6.0159883,10.897378
2729,6.2238293,9.205275
2730,5.5997357,9.143616
2731,6.801508,11.159772
2732,8.319999,12.447452
2733,6.1979303,10.628278
2734,6.0790462,14.0763445
2735,5.730833,11.647737
2736,6.791005,13.001048
2737,7.869053,11.799511
2738,8.356695,12.589163
2739,7.086372,13.553877
2740,7.3253384,17.224209
2741,8.371832,13.222389
2742,8.225897,12.840251
2743,7.6597414,10.171364
2744,8.111,9.796289
2745,7.077287,13.404525
2746,5.960384,10.20607
2747,7.8162894,11.348151
2748,4.8634334,10.867427
2749,7.65335,10.273282
2750,6.17973,15.15887
2751,7.127478,13.452384
2752,6.760975,13.051752
2753,6.787156,8.50958
2754,7.347714,10.6954775
2755,5.835985,12.200578
2756,5.976408,13.345671
2757,4.4243927,12.174953
2758,3.952639,12.062524
2759,5.5868177,14.531504
2760,5.78198,13.100347
2761,5.664041,14.230029
2762,6.8865776,12.774744
2763,5.0042486,11.716959
2764,5.2736597,11.412352
2765,5.9373693,12.190095
2766,5.3756676,10.515465
2767,5.0702252,13.778454
2768,5.5573053,13.354813
2769,6.9452243,11.465292
2770,5.387866,13.958718
2771,4.7376933,16.59212
2772,5.0299625,13.303009
2773,5.4445763,13.608649
2774,6.2581606,17.984035
2775,5.7640376,11.532739
2776,4.413312,12.432512
2777,5.983099,12.748618
2778,5.6880283,10.223651
2779,5.897359,14.252857
2780,5.9748664,14.836405
2781,5.7894435,14.338801
2782,4.9991965,10.055556
2783,4.6608944,15.01221
2784,5.1960974,15.060488
2785,6.0373983,14.200222
2786,5.6386857,12.821081
2787,5.759762,13.027133
2788,4.795991,12.509947
2789,3.683501,14.16558
2790,4.973692,13.727689
2791,4.646745,13.679855
2792,6.1859703,12.615069
2793,4.311681,15.899475
2794,6.88342,13.755456
2795,6.6728973,14.705714
2796,4.2625484,9.775822
2797,6.5054784,12.56076
2798,4.446709,10.762889
2799,6.5747056,10.85338
2800,7.0541863,13.062337
2801,6.5691113,15.876777
2802,3.9491239,10.872121
2803,6.085731,13.574061
2804,4.60943,13.246164
2805,5.9204497,14.026286
2806,5.3262906,8.807996
2807,4.7753415,9.421695
2808,4.4680243,12.40082
2809,3.4176931,14.346781
2810,5.3325944,12.948569
2811,6.054609,12.299452
2812,6.8573556,16.34725
2813,6.516714,16.848686
2814,6.503694,12.295995
2815,6.527382,11.402072
2816,5.8839035,12.984866
2817,6.942576,12.625466
2818,7.056498,13.240653
2819,5.709084,11.8870945
2820,7.1676946,13.893421
2821,6.128625,12.887473
2822,3.5355108,12.992221
2823,6.903772,12.818734
2824,5.1292286,12.952493
2825,7.635255,12.945893
2826,6.115068,16.192093
2827,3.8792462,14.8594055
2828,4.3623633,13.2022705
2829,4.741725,11.466514
2830,7.2484508,14.633784
2831,6.2853246,16.182877
2832,6.31608,13.340871
2833,5.1904855,14.309254
2834,4.9092855,10.777664
2835,5.379103,7.6446195
2836,4.9776607,12.825636
2837,5.2133975,13.887035
2838,4.4275465,12.94609
2839,6.486483,13.491304
2840,5.7698874,8.594504
2841,4.9530077,8.043149
2842,6.0763745,9.526253
2843,4.434934,7.2265587
2844,5.4608035,10.035099
2845,7.145852,8.640882
2846,4.7367287,10.03011
2847,5.4441214,5.8045697
2848,5.47149,7.6185756
2849,6.773575,10.187363
2850,5.53349,11.741498
2851,5.35461,11.655078
2852,4.385248,12.435732
2853,4.259115,12.268814
2854,5.636457,12.950934
2855,4.8281026,11.808161
2856,5.4214783,14.727382
2857,6.683373,13.330232
2858,6.055343,12.555729
2859,5.189239,11.025148
2860,5.474245,10.152675
2861,3.891852,12.355968
2862,4.6856184,11.222588
2863,4.179539,12.183826
2864,5.477887,8.842026
2865,4.744853,11.812236
2866,5.050643,10.928135
2867,3.2938182,4.906516
2868,4.9926085,9.379405
2869,3.4534194,10.206766
2870,4.973788,10.260207
2871,4.337604,11.486936
2872,5.7426777,13.7138605
2873,4.2284303,14.158615
2874,5.4439993,12.051081
2875,3.4092886,14.301211
2876,5.1057754,11.016094
2877,4.207451,13.220497
2878,4.648506,11.643682
2879,4.9595776,10.730298
2880,5.1763997,11.725145
2881,4.988393,10.435358
2882,5.293724,11.064058
2883,5.1978407,9.034744
2884,5.9932737,9.677565
2885,4.8829846,9.933651
2886,6.5097113,9.033816
2887,5.34791,11.903438
2888,5.5834203,10.700291
2889,5.839272,12.523573
2890,6.1633043,9.847151
2891,5.6642632,10.668039
2892,5.5220084,11.015265
2893,7.4708056,11.073191
2894,6.612642,11.866079
2895,5.5955153,10.917139
2896,5.336313,12.023309
2897,4.221994,8.487562
2898,6.49706,12.209356
2899,6.87436,12.673106
2900,6.8612437,12.459647
2901,6.4836907,11.149169
2902,6.845491,10.854266
2903,5.6894045,10.26855
2904,6.4817853,11.551808
2905,5.4741554,9.931001
2906,4.6127825,8.501059
2907,5.3814435,8.913804
2908,4.7623687,12.511257
2909,4.4785867,11.350934
2910,7.0991507,11.828253
2911,5.0905967,9.463852
2912,6.676146,9.557667
2913,6.094418,10.115399
2914,6.7646494,11.344259
2915,6.107758,9.385373
2916,6.3321185,12.886917
2917,6.212106,8.205673
2918,7.6295075,11.049496
2919,6.7018375,11.71907
2920,6.969507,13.169643
2921,6.1678085,11.227803
2922,7.020444,12.343532
2923,4.8739667,10.312883
2924,6.8916945,11.853426
2925,6.1993966,11.377436
2926,7.644674,12.002417
2927,6.1506004,10.306041
2928,5.961932,8.716912
2929,5.800593,9.906825
2930,5.563405,11.772598
2931,5.673729,7.1119533
2932,5.411787,10.894074
2933,6.1247187,9.082862
2934,7.802094,11.052751
2935,6.8302555,10.558365
2936,6.155972,10.6063
2937,5.4279537,10.182152
2938,3.9883127,11.462607
2939,4.7677484,8.550332
2940,5.8796415,8.382195
2941,7.8525414,4.9209194
2942,5.917087,8.47487
2943,6.269495,10.091172
2944,6.5229206,8.19177
2945,7.288377,9.189149
2946,6.2750554,11.201923
2947,6.751478,10.416284
2948,6.047292,9.32704
2949,5.570668,9.863969
2950,6.855379,10.215895
2951,6.205232,12.485923
2952,7.03766,9.35182
2953,7.9369187,6.700848
2954,6.444212,11.564047
2955,6.6541038,11.603826
2956,6.842295,11.169508
2957,6.88032,14.894423
2958,6.8017726,11.307572
2959,5.826205,8.54541
2960,5.5907516,9.159188
2961,6.9245334,11.804655
2962,6.2096114,9.70464
2963,4.955982,9.200884
2964,7.0938106,7.8121634
2965,6.071518,10.033007
2966,4.881305,10.140182
2967,4.831408,13.679537
2968,6.301761,12.428912
2969,5.2705054,10.81425
2970,5.940827,7.067834
2971,6.0717607,8.341481
2972,5.6520658,11.0004015
2973,6.7499366,10.31496
2974,6.5110054,11.663282
2975,6.5295463,10.906402
2976,4.338898,9.713136
2977,6.432845,8.819309
2978,7.569981,8.198137
2979,5.4961286,7.5648623
2980,6.3085656,10.744276
2981,7.021642,6.678465
2982,5.323644,7.396303
2983,5.1463194,7.7884493
2984,4.6048055,9.567854
2985,4.3782845,7.137225
2986,5.7047005,7.9087706
2987,6.2681856,8.4400215
2988,5.760603,6.1488686
2989,4.955672,2.7479558
2990,5.425928,7.2315645
2991,5.642428,5.566045
2992,5.278712,6.493245
2993,5.780741,7.619823
2994,6.3662925,11.112266
2995,6.640935,9.460574
2996,4.7685738,10.197903
2997,6.7357545,7.329164
2998,5.699286,7.167375
2999,5.3390937,10.739971
3000,7.5701427,9.028381
3001,7.121486,6.918347
3002,5.404849,6.2657247
3003,5.5397396,8.309481
3004,6.561,9.435213
3005,5.3252244,7.4129415
3006,6.448968,7.4080915
3007,5.4455643,7.273486
3008,4.8131175,9.147322
3009,5.949584,7.1135545
3010,5.251812,4.8250737
3011,5.0530243,3.7382195
3012,5.9697523,4.405448
3013,6.2750864,6.4428015
3014,5.9966435,8.602854
3015,5.478938,2.2043257
3016,6.557266,4.4326625
3017,7.319945,7.0903215
3018,6.598426,7.3135624
3019,7.4992723,7.15212
3020,6.7769356,5.2215
3021,6.817875,6.3674
3022,4.9487123,4.24283
3023,7.457919,6.3881826
3024,5.829806,5.4446588
3025,5.962959,5.41657
3026,7.167097,6.43223
3027,6.8089128,9.956013
3028,6.283436,11.946114
3029,6.7040014,7.7862825
3030,6.8026004,6.085663
3031,6.8868103,10.155591
3032,4.708373,8.51326
3033,6.7676654,8.2362585
3034,8.157548,7.6147943
3035,5.6026616,6.2043805
3036,6.9834747,7.0764937
3037,5.736157,5.5478687
3038,6.740503,6.6058717
3039,4.114771,8.371356
3040,6.8314776,7.572313
3041,5.761903,5.1210446
3042,4.575065,9.787991
3043,5.6566668,7.7514234
3044,6.7546744,9.5763035
3045,7.0529337,7.7389336
3046,6.5804863,7.970755
3047,6.530438,10.795215
3048,5.836366,11.303526
3049,6.0994067,10.9525
3050,6.4854007,8.145694
3051,6.611176,9.16131
3052,6.221917,12.316772
3053,5.892802,8.785756
3054,6.926118,7.638462
3055,6.3444614,9.462383
3056,7.348684,7.6963596
3057,6.63266,9.0329275
3058,7.0650306,10.581325
3059,7.0873656,6.5210023
3060,6.3965025,12.725925
3061,5.4391575,8.17688
3062,8.229508,6.9860754
3063,5.710219,8.689305
3064,7.2766523,7.165339
3065,6.863632,7.590639
3066,6.496746,11.647367
3067,6.5716705,12.815608
3068,5.4531403,7.9704986
3069,5.713059,5.8815064
3070,7.5404167,10.024589
3071,6.1969004,7.5673213
3072,7.216377,5.271138
3073,7.5348544,7.658993
3074,7.432351,8.273616
3075,5.3263817,5.59204
3076,5.333171,9.050087
3077,5.850997,5.818542
3078,7.607899,7.657134
3079,6.848682,6.8660593
3080,7.252305,6.7288733
3081,6.9172883,6.3755226
3082,7.4078975,5.454235
3083,6.073385,4.337684
3084,4.4076724,10.780976
3085,6.981482,4.907006
3086,6.067456,6.715557
3087,7.8654766,9.871742
3088,6.4054065,8.27173
3089,7.291475,12.034027
3090,6.249835,9.666048
3091,5.1580615,4.426048
3092,7.5750318,10.102637
3093,7.4329762,9.703101
3094,8.325222,6.521299
3095,5.8792663,7.969625
3096,5.9602423,8.468093
3097,7.0720377,8.542643
3098,7.565873,11.61181
3099,6.743106,10.758217
3100,8.144895,10.317478
3101,7.99685,8.239269
3102,7.1580954,5.9599347
3103,5.7044873,9.527582
3104,6.341044,10.119493
3105,5.824521,12.716401
3106,6.5627074,13.077567
3107,5.892167,8.620349
3108,8.329443,7.7919784
3109,6.820803,11.814564
3110,6.3212476,5.486446
3111,5.5297565,8.030756
3112,7.6716385,9.130735
3113,7.5394654,12.521134
3114,6.6140127,7.519167
3115,5.521564,9.852199
3116,6.746825,9.598328
3117,7.2251325,6.77214
3118,6.8087134,14.091799
3119,7.2600083,10.292081
3120,8.37309,7.904155
3121,8.281998,10.68467
3122,6.9392405,8.679219
3123,7.353987,6.563166
3124,6.521477,10.739955
3125,6.9733934,10.720299
3126,8.309058,9.874804
3127,6.423122,9.750656
3128,7.3552055,10.520088
3129,7.217141,7.2847004
3130,8.583672,9.66199
3131,7.1085978,9.933352
3132,9.403199,7.843291
3133,7.6222153,9.478245
3134,7.621593,8.086011
3135,7.6641645,10.831227
3136,7.089065,5.739948
3137,6.7280703,10.365056
3138,9.188567,9.500809
3139,7.9781017,7.967039
3140,7.2070355,6.217836
3141,8.445132,7.6021805
3142,8.86811,10.563677
3143,7.893289,6.5212517
3144,8.611225,8.655777
3145,7.953163,9.478424
3146,7.5195885,9.196672
3147,8.7321615,11.287412
3148,8.1806135,7.56152
3149,8.513637,5.1356306
3150,8.622853,6.6146154
3151,8.076447,8.051772
3152,6.9021835,9.172674
3153,8.557011,9.2059765
3154,5.99101,11.134952
3155,7.6170454,10.605488
3156,7.1055956,14.912946
3157,7.1533504,12.022662
3158,8.405719,12.823718
3159,6.137495,10.346828
3160,6.715915,12.334807
3161,6.749955,11.414378
3162,7.434959,12.662383
3163,7.743624,11.64403
3164,7.353906,12.50048
3165,7.7232766,9.56638
3166,7.2020707,14.940352
3167,7.8057804,11.684607
3168,6.5237737,14.717625
3169,6.740447,14.975389
3170,5.2969837,15.9807205
3171,7.898233,17.30851
3172,6.570965,13.65555
3173,7.5079155,13.585765
3174,7.4402084,11.060815
3175,6.0814223,14.676721
3176,6.4442925,12.43024
3177,6.824571,11.062965
3178,6.753495,12.333222
3179,7.96613,17.844013
3180,5.783121,16.878922
3181,7.478428,18.173285
3182,6.9624796,16.658463
3183,5.213505,16.846664
3184,5.8233356,11.062225
3185,6.324801,12.565139
3186,7.8026514,13.230187
3187,6.7920465,12.988717
3188,7.1109614,12.501346
3189,6.188559,11.868498
3190,7.067142,14.543329
3191,7.304403,14.601543
3192,6.4086337,12.939569
3193,7.7958107,14.420448
3194,8.516451,11.95601
3195,6.2348967,9.995173
3196,7.208804,11.63004
3197,6.917549,13.304503
3198,6.3212104,8.018328
3199,6.406203,10.858487
3200,7.149143,9.3237295
3201,5.4426413,11.912078
3202,8.116975,11.793274
3203,7.580014,12.836632
3204,6.88878,13.376641
3205,7.37582,13.907741
3206,5.589029,13.609217
3207,7.0737395,15.423473
3208,6.500911,12.770932
3209,6.9661436,12.206119
3210,7.986992,12.565889
3211,8.029937,15.101266
3212,7.0622883,15.706993
3213,5.8402963,12.493563
3214,6.434689,11.946398
3215,7.5756326,13.41847
3216,5.860798,11.459577
3217,6.786838,13.092718
3218,6.9375668,12.776781
3219,7.721016,10.719446
3220,7.738929,16.80814
3221,5.7602715,11.576738
3222,5.717266,12.125673
3223,5.698319,12.876287
3224,6.445517,13.088954
3225,7.1927376,11.053335
3226,7.0184784,12.722152
3227,7.023209,12.317816
3228,7.062668,14.102459
3229,6.563,12.298449
3230,6.3312197,6.8992643
3231,7.8753834,9.777414
3232,7.8545218,12.792589
3233,6.9787693,13.727482
3234,6.729578,10.860582
3235,6.7221503,13.107959
3236,6.9328604,11.367735
3237,8.866476,8.916776
3238,6.927902,9.530491
3239,6.9667115,8.08821
3240,8.57124,7.71831
3241,7.30964,9.768918
3242,7.6097727,8.37759
3243,7.4455147,9.260583
3244,6.5919385,8.055754
3245,9.1704855,7.309361
3246,5.660539,7.011102
3247,6.358142,13.790316
3248,5.92331,7.6709023
3249,4.814119,9.590445
3250,5.8911777,11.781431
3251,6.806884,8.9803915
3252,4.671319,6.3525143
3253,7.205392,6.393218
3254,4.6509786,4.54642
3255,6.9864388,9.089455
3256,7.3755546,9.442237
3257,4.5523005,11.197677
3258,4.143629,11.098331
3259,4.6116443,7.0123854
3260,5.060746,7.981911
3261,5.133897,6.472052
3262,7.5542636,8.469538
3263,5.145843,9.765182
3264,6.606306,10.679387
3265,5.8079906,11.928057
3266,5.410059,10.731148
3267,5.430001,9.511596
3268,5.6175356,7.8754067
3269,4.5958986,10.863808
3270,5.9093685,12.1750765
3271,5.816347,11.740328
3272,4.463541,11.314424
3273,5.651528,10.504306
3274,4.190038,7.755461
3275,4.755441,10.013288
3276,4.462909,10.207498
3277,4.89902,8.93319
3278,3.816961,7.0450377
3279,4.3284726,10.439181
3280,4.687291,12.813546
3281,6.508142,13.849321
3282,6.051679,8.720153
3283,6.6057096,11.55055
3284,4.3028526,9.63592
3285,3.9275916,11.3838215
3286,5.877563,8.726109
3287,4.9294844,10.528566
3288,2.7413898,13.079338
3289,5.346755,9.202977
3290,3.890147,10.7610855
3291,4.933382,14.603504
3292,5.9519763,12.376168
3293,4.7947183,10.341748
3294,3.782215,6.506131
3295,3.3325665,14.070898
3296,4.0712843,11.89059
3297,2.9775343,10.664137
3298,4.845947,10.770353
3299,4.825496,9.972321
3300,4.8211226,9.744615
3301,6.540187,10.542644
3302,4.733767,11.035062
3303,5.284014,11.34587
3304,5.034381,14.530317
3305,4.324498,10.766857
3306,4.414875,10.789407
3307,5.9032097,11.096648
3308,2.9331946,7.0918646
3309,5.814962,13.850655
3310,4.505817,9.1144
3311,4.8244743,9.267975
3312,6.732643,14.014823
3313,6.1634126,11.337098
3314,3.9983492,11.252892
3315,7.4744177,14.472934
3316,7.1116285,12.882637
3317,7.2553525,16.54859
3318,4.2884727,14.049393
3319,4.7180953,17.21541
3320,4.7543964,17.902115
3321,5.210433,13.330652
3322,5.9381413,15.589203
3323,6.515641,15.6105385
3324,4.896855,12.952412
3325,4.8750753,11.907289
3326,5.373418,7.9821186
3327,5.2932067,11.2762
3328,3.938327,14.689691
3329,5.446961,12.26161
3330,7.097841,6.3827906
3331,5.956833,12.347526
3332,4.4770536,10.337994
3333,4.3782897,9.658443
3334,6.6587043,8.764623
3335,5.541241,8.169322
3336,6.7337813,10.98748
3337,4.482545,15.145628
3338,5.378409,11.941137
3339,5.4983916,10.864365
3340,4.7705345,12.672137
3341,5.2566032,13.757416
3342,3.2952785,10.958342
3343,5.9391108,14.638465
3344,4.003903,10.605812
3345,4.978338,9.424151
3346,6.652824,7.4820013
3347,6.0372458,9.349523
3348,6.832811,8.02596
3349,3.6998665,10.643555
3350,5.6821933,7.93269
3351,5.1572146,6.0007944
3352,3.7292812,9.008852
3353,5.0242553,7.8255663
3354,4.313383,7.567767
3355,5.4515386,9.631966
3356,5.1011558,9.553551
3357,5.014107,9.044053
3358,5.7336717,10.278082
3359,5.270632,7.026742
3360,4.63187,9.577735
3361,4.6865826,7.882903
3362,3.8287299,14.137336
3363,3.0368621,9.195475
3364,4.878249,9.3546915
3365,5.5028048,10.32621
3366,4.9855237,13.134893
3367,5.0324183,11.54701
3368,7.490434,10.460063
3369,6.699687,8.629569
3370,4.8285193,9.475836
3371,6.113408,9.442257
3372,6.828627,8.818491
3373,6.88234,9.644272
3374,5.4622455,12.323394
3375,5.945472,8.207184
3376,6.859104,7.822472
3377,5.7669115,9.409712
3378,4.544451,9.382296
3379,4.964718,11.901458
3380,5.8240867,13.495513
3381,6.3224626,11.10624
3382,6.086158,10.437596
3383,6.3822327,9.074062
3384,7.241187,11.459158
3385,6.366159,13.919068
3386,5.418529,14.466263
3387,7.4817815,11.41795
3388,5.5275884,11.078672
3389,4.1885033,12.633471
3390,5.433899,10.634535
3391,6.0717053,12.112732
3392,7.3366113,10.954137
3393,4.5634923,9.704782
3394,5.326132,13.569936
3395,5.6783056,12.7335825
3396,3.7111712,10.940648
3397,4.573585,9.790462
3398,5.7899346,11.758542
3399,5.7462974,13.615434
3400,6.572198,11.491338
3401,6.7463255,12.291738
3402,5.421244,10.132272
3403,6.2632627,9.664236
3404,5.936843,10.373975
3405,5.541605,10.609007
3406,6.0878263,8.292417
3407,6.1635385,9.262664
3408,5.077706,11.464021
3409,5.9247055,11.536132
3410,3.068698,12.530024
3411,4.0844536,11.436379
3412,4.141296,8.732942
3413,4.7853794,9.441328
3414,5.2141385,10.812917
3415,3.9708571,10.481686
3416,3.992733,9.969119
3417,5.3788657,9.485453
3418,6.0478797,7.7064276
3419,4.965396,11.455952
3420,5.5029097,10.885773
3421,5.5269976,11.15317
3422,5.320831,8.709124
3423,5.2046585,11.22488
3424,5.136816,8.725509
3425,5.52236,12.843659
3426,5.111041,11.91643
3427,6.2561955,7.547994
3428,6.6965327,8.385511
3429,6.2016478,11.3640175
3430,6.7029147,12.564885
3431,6.945102,11.480928
3432,6.844496,10.265389
3433,7.8352675,14.086155
3434,6.1629443,10.555834
3435,6.128091,8.386278
3436,5.689425,10.538921
3437,7.6809435,16.025352
3438,5.6771584,10.361252
3439,5.7134957,10.281325
3440,4.690611,12.604305
3441,6.3299727,10.166169
3442,4.7177835,11.698249
3443,5.53455,12.196151
3444,4.8462787,13.970226
3445,4.3308806,10.870014
3446,4.610583,11.609643
3447,5.978935,10.513838
3448,6.03346,13.74711
3449,5.3880754,13.381865
3450,4.008629,12.595453
3451,7.190712,14.51643
3452,4.380029,11.829597
3453,5.5013895,14.367793
3454,5.124756,10.464891
3455,4.958987,9.459425
3456,7.085031,11.386265
3457,4.5372753,8.621484
3458,5.15489,12.80604
3459,5.199049,12.948656
3460,4.552963,12.489978
3461,6.906872,12.629059
3462,5.0854716,10.676498
3463,7.1727095,11.996243
3464,4.421856,10.442521
3465,5.87266,11.225129
3466,5.0179176,11.633489
3467,5.85289,13.795318
3468,4.733377,10.297148
3469,3.8955004,11.489399
3470,4.4749866,10.296004
3471,4.8115335,13.817465
3472,4.4975786,9.258721
3473,5.4192758,12.317549
3474,4.916033,11.99253
3475,4.8420196,12.110904
3476,4.270709,12.554934
3477,3.1302094,11.716667
3478,5.8930798,11.963344
3479,5.9784603,10.17988
3480,4.9926243,12.0511875
3481,5.283338,12.463685
3482,6.208607,12.398006
3483,6.251172,10.481315
3484,5.740865,12.073518
3485,5.6103845,9.848669
3486,5.8546667,10.032634
3487,6.313928,14.532808
3488,6.5762544,10.440399
3489,4.6905055,13.845467
3490,5.690416,12.626883
3491,5.416765,12.102401
3492,7.6000366,12.189923
3493,5.7018647,8.253625
3494,6.254201,9.247446
3495,4.3962755,11.895565
3496,4.5977154,13.054359
3497,6.3535223,7.533535
3498,6.590482,10.427719
3499,6.9325967,11.257184
3500,6.597089,9.042436
3501,6.2539754,13.499678
3502,4.4356775,14.605463
3503,5.3285623,12.375266
3504,5.6552067,13.309967
3505,4.772261,13.275638
3506,6.5120897,11.759964
3507,5.471216,11.42364
3508,5.390365,12.527129
3509,6.5105467,12.222211
3510,4.292377,16.295872
3511,5.3689837,14.176278
3512,5.542966,14.72778
3513,5.0133276,13.393751
3514,3.8260934,15.88931
3515,7.488499,15.355675
3516,4.637154,13.915386
3517,6.735545,16.482666
3518,4.552908,12.146034
3519,2.7095554,14.114061
3520,4.240743,12.892907
3521,6.6514006,11.719197
3522,6.226184,15.8100195
3523,5.690736,11.591377
3524,6.8693686,15.854253
3525,8.243269,15.887928
3526,7.1325235,12.467634
3527,6.827422,13.451312
3528,7.7762303,11.545405
3529,8.639422,14.991357
3530,6.369619,11.06874
3531,8.1169,18.202286
3532,8.12432,13.190025
3533,5.898363,17.105135
3534,7.83866,17.477928
3535,8.194798,13.565125
3536,9.289681,14.723213
3537,5.200768,14.924239
3538,6.6707006,17.956558
3539,5.666863,13.191965
3540,7.3066554,12.635834
3541,8.461146,15.791381
3542,7.377312,13.357408
3543,7.3159046,13.452008
3544,8.904364,15.31992
3545,7.4182653,12.00848
3546,6.2205667,14.832936
3547,6.962257,16.957552
3548,6.921872,15.69964
3549,8.825132,16.397299
3550,7.5099254,15.898328
3551,8.689484,11.123436
3552,7.961407,13.92104
3553,7.7411776,14.512226
3554,7.4932404,15.393752
3555,7.00145,13.405676
3556,8.828902,10.756593
3557,6.7814207,13.362556
3558,7.5394287,13.763699
3559,8.304363,13.42695
3560,8.124628,13.212255
3561,7.2745547,11.087226
3562,8.328423,12.993637
3563,8.60989,10.035092
3564,9.86941,11.731959
3565,7.652125,12.537931
3566,9.018624,8.947836
3567,8.61873,5.888029
3568,8.253273,6.8659105
3569,7.7734413,10.699155
3570,7.751997,14.673274
3571,8.161999,12.296431
3572,8.962663,14.985133
3573,8.769768,14.179204
3574,7.5520735,12.471807
3575,8.166996,15.571524
3576,10.207472,14.837412
3577,8.856029,12.205994
3578,8.638112,14.479254
3579,9.552164,14.531273
3580,8.329124,15.266704
3581,8.617549,11.647196
3582,8.32706,14.615705
3583,7.957903,14.124946
3584,8.127471,13.935729
3585,9.069088,14.916495
3586,6.844225,14.472016
3587,7.0719633,10.351333
3588,7.9809833,9.604734
3589,6.3539047,13.808848
3590,6.4262023,14.963332
3591,8.797612,11.368131
3592,8.450959,12.538746
3593,9.356689,12.031675
3594,8.523539,14.777575
3595,8.41233,14.55409
3596,9.424824,8.472321
3597,8.344739,13.216739
3598,9.192456,12.000066
3599,7.683761,13.177949
3600,8.284428,10.792973
3601,8.097397,13.192602
3602,8.565434,13.0669775
3603,9.000217,9.442724
3604,9.407728,9.178217
3605,9.981444,10.288764
3606,8.394128,13.131921
3607,8.002501,13.54601
3608,7.9951205,13.234111
3609,8.156691,10.586005
3610,8.791342,15.332917
3611,9.965671,11.122535
3612,6.6308284,16.493074
3613,9.710619,16.33733
3614,9.014822,11.340694
3615,8.127963,11.931092
3616,8.072191,11.107136
3617,8.004081,12.844527
3618,9.165783,11.469882
3619,8.559394,10.708409
3620,10.357251,10.98782
3621,7.4435287,13.207041
3622,8.2294035,13.429291
3623,7.6389832,14.15036
3624,7.822597,15.919985
3625,7.9848766,13.049177
3626,8.349641,15.96232
3627,9.155672,12.932866
3628,8.93876,13.059514
3629,8.448201,14.624555
3630,8.681132,12.200096
3631,8.584585,13.93713
3632,8.587921,12.372872
3633,8.003414,13.742388
3634,9.367117,17.304602
3635,8.584392,12.48115
3636,7.9742026,12.9156685
3637,6.8763704,14.789446
3638,8.053131,12.123712
3639,7.5180926,16.94244
3640,8.1970005,14.022142
3641,6.315786,13.776141
3642,8.785919,15.005854
3643,8.709513,12.220071
3644,10.88552,13.107811
3645,9.730528,14.187347
3646,8.789925,16.360128
3647,8.645977,18.00134
3648,9.067484,16.539597
3649,8.986948,17.119356
3650,9.56334,14.619134
3651,9.465288,15.9205675
3652,8.131499,17.78676
3653,9.639736,15.9712
3654,9.209794,14.766657
3655,8.529209,14.660211
3656,9.418784,12.655015
3657,8.621849,13.331281
3658,8.722888,16.576035
3659,8.595902,14.82094
3660,7.5196033,16.249794
3661,7.3647246,14.425569
3662,7.139546,14.909925
3663,7.099242,14.146302
3664,7.8985543,15.71785
3665,7.5206404,13.2167845
3666,7.74389,15.261964
3667,7.8604107,11.4266815
3668,8.040437,11.668828
3669,7.480258,12.7740965
3670,8.240295,16.549778
3671,8.637148,15.4929
3672,8.42015,17.158504
3673,8.228994,13.192499
3674,8.940708,17.789145
3675,10.479842,13.440649
3676,6.585223,13.658229
3677,6.7320547,14.755271
3678,9.016971,9.413934
3679,7.4268107,15.273948
3680,8.498146,10.349724
3681,8.7955475,14.967738
3682,7.6309857,12.979341
3683,7.576177,17.257263
3684,8.650493,14.702978
3685,8.444934,16.525627
3686,6.604542,16.41701
3687,8.113646,14.854921
3688,10.448779,15.973854
3689,9.334712,12.691644
3690,8.492181,14.588229
3691,7.2762747,16.184963
3692,7.1334944,14.602582
3693,8.796022,18.754522
3694,7.1482644,11.987339
3695,8.6718235,12.979426
3696,6.621248,14.83606
3697,7.1422887,13.291971
3698,7.1589346,15.191103
3699,7.913854,12.83547
3700,8.933808,13.603382
3701,8.617868,16.684381
3702,7.0385666,15.313172
3703,7.381397,9.7410965
3704,6.9919195,13.313863
3705,6.848191,14.112608
3706,7.6167917,15.974493
3707,9.084457,11.575963
3708,7.743087,16.898966
3709,6.6906214,16.196959
3710,8.534787,12.275562
3711,7.8648944,14.0959
3712,8.178368,13.4492855
3713,9.667876,10.829485
3714,10.041036,10.896068
3715,7.6558976,12.5578375
3716,9.654117,11.927619
3717,10.014294,12.245399
3718,8.545919,12.022568
3719,8.143099,14.925259
3720,9.134017,11.968449
3721,7.817874,12.331912
3722,8.376667,10.729904
3723,8.7535925,7.5145016
3724,10.020969,11.679815
3725,6.854992,9.9428
3726,8.556369,9.798326
3727,8.065269,10.239859
3728,9.610865,9.743586
3729,8.031216,14.332028
3730,9.500218,12.349465
3731,9.730827,11.913275
3732,7.5897303,14.211149
3733,7.6164565,10.975648
3734,8.849304,12.56253
3735,9.8415,12.980944
3736,9.157397,11.355306
3737,8.466701,10.74719
3738,8.728272,13.531085
3739,9.809642,13.45003
3740,8.269189,14.703902
3741,9.906967,9.816701
3742,8.498985,11.605803
3743,6.8694887,8.1966
3744,7.590208,8.013831
3745,8.086983,10.103581
3746,7.892941,11.398719
3747,7.243009,8.911995
3748,4.432634,12.607628
3749,5.775879,10.747121
3750,7.607663,9.859595
3751,8.04778,10.304384
3752,6.6582212,7.577373
3753,7.8860373,9.955573
3754,7.7054043,11.486398
3755,8.505865,10.353919
3756,7.889991,10.030142
3757,7.1738677,13.1598625
3758,6.718183,13.033788
3759,7.4545026,13.564384
3760,7.7612324,11.62595
3761,8.361056,14.350448
3762,7.964906,13.661118
3763,8.278494,10.436246
3764,7.7680078,13.299271
3765,6.625305,13.084897
3766,6.384138,14.380466
3767,8.0442095,18.92306
3768,8.4915285,11.131379
3769,7.10746,12.000055
3770,6.9139104,14.865038
3771,9.090422,14.678309
3772,7.806597,13.210882
3773,7.3948913,11.647052
3774,8.643671,10.21276
3775,7.9616218,11.79626
3776,9.0405,10.018981
3777,7.5514135,12.007472
3778,8.088225,14.833449
3779,8.0716505,12.034332
3780,8.734553,12.18531
3781,6.1078568,12.447714
3782,9.845561,13.960496
3783,7.1250334,12.497695
3784,8.182177,16.53958
3785,6.382483,9.899877
3786,7.002189,12.23531
3787,8.843512,13.04615
3788,5.7898703,13.721919
3789,8.416291,11.098022
3790,8.336314,12.766708
3791,6.942006,14.222982
3792,6.793257,12.97522
3793,8.535035,12.365227
3794,8.219922,12.395617
3795,8.225808,10.236179
3796,7.852001,13.733161
3797,5.612294,12.01423
3798,6.6646485,15.664913
3799,6.7080483,11.901449
3800,8.995084,13.593828
3801,8.192806,10.943714
3802,6.255097,11.949894
3803,5.6591783,12.516866
3804,8.9526005,12.671222
3805,7.213353,16.906633
3806,7.802221,11.746873
3807,7.08442,12.495388
3808,8.595082,11.195665
3809,8.336194,13.124666
3810,7.400461,12.077908
3811,6.5568547,14.123491
3812,7.067528,11.289948
3813,8.013508,13.055167
3814,7.118603,11.192354
3815,5.8957086,12.040111
3816,6.951692,13.67932
3817,6.3200927,14.186911
3818,7.596479,16.280903
3819,6.4495425,14.12268
3820,10.25175,15.62969
3821,7.681882,14.380145
3822,8.503927,15.3982725
3823,7.5835567,13.828311
3824,8.493699,14.083793
3825,8.937181,14.051265
3826,6.639941,12.703494
3827,8.481217,11.33376
3828,8.577209,10.828557
3829,7.6838884,12.324437
3830,6.1587853,9.742124
3831,8.776291,14.95284
3832,6.4327507,14.330913
3833,7.8799195,10.131677
3834,9.035972,11.876713
3835,8.189156,10.562003
3836,7.365868,11.333115
3837,7.555988,15.756643
3838,6.982443,11.322512
3839,6.139418,10.475607
3840,9.071338,12.272517
3841,6.465153,14.407905
3842,6.509805,14.03856
3843,6.948849,11.326741
3844,7.1386924,12.179433
3845,6.1751604,15.403844
3846,8.262956,16.961184
3847,8.009847,11.754504
3848,8.035897,11.990279
3849,8.051606,9.791009
3850,8.277192,9.154124
3851,7.998907,12.6912985
3852,7.8684254,9.117535
3853,8.748922,12.034685
3854,8.481165,10.27102
3855,8.291588,16.14451
3856,9.078428,11.94047
3857,7.6379604,12.291901
3858,7.938234,11.332467
3859,6.1830482,11.895594
3860,7.474618,12.863537
3861,6.5015836,16.985106
3862,6.1925116,14.340841
3863,5.653778,15.990207
3864,8.779642,12.997078
3865,7.5152755,17.920444
3866,6.966836,12.999242
3867,6.397779,11.170234
3868,7.9224377,11.039603
3869,7.2908516,11.221205
3870,8.314624,10.387119
3871,9.283836,13.679705
3872,6.9736624,10.392739
3873,7.766109,13.632916
3874,6.8313985,12.7946825
3875,6.5704117,10.909946
3876,8.671327,10.304381
3877,5.8168507,13.04792
3878,7.642152,12.875016
3879,7.4892707,13.676725
3880,7.068248,9.323498
3881,7.926061,11.011042
3882,8.870675,12.266789
3883,7.3728986,11.298016
3884,8.191672,13.40976
3885,6.9374595,12.985578
3886,7.6021085,13.113702
3887,8.17764,9.973029
3888,7.7323318,9.687181
3889,5.77084,7.182326
3890,7.8799324,6.6011376
3891,6.194459,9.960679
3892,6.496683,10.641277
3893,6.828967,13.017572
3894,6.0512047,10.2284355
3895,7.5213366,8.613074
3896,7.5766587,11.815353
3897,7.001091,8.003597
3898,5.5073433,6.7127137
3899,7.6889734,7.937474
3900,7.316567,9.445313
3901,6.3653135,6.67893
3902,7.252118,4.5955462
3903,7.161099,7.6669726
3904,8.116625,15.390731
3905,9.114371,14.273337
3906,8.042266,10.653039
3907,8.180272,11.990704
3908,7.959244,15.547118
3909,7.3704753,13.378929
3910,7.779064,12.556071
3911,8.304586,15.586976
3912,6.6856127,11.839836
3913,7.8129377,13.810457
3914,9.721112,13.748989
3915,8.650348,14.497163
3916,8.605138,13.313761
3917,8.069236,13.712536
3918,7.930779,12.792913
3919,8.074528,11.727391
3920,8.734842,9.717117
3921,8.248944,13.099501
3922,7.7320237,14.173502
3923,7.6630554,11.112743
3924,8.100901,12.189408
3925,7.5277357,8.944212
3926,8.034082,11.276111
3927,8.1850395,14.114144
3928,6.2671323,13.56663
3929,6.09211,8.449257
3930,7.198858,12.868349
3931,6.326224,8.562236
3932,8.055337,10.431191
3933,9.038863,10.917083
3934,8.172309,6.026754
3935,7.8655195,8.037681
3936,8.214639,7.2238135
3937,7.433093,4.6439962
3938,7.4470487,8.789987
3939,8.55787,9.031132
3940,7.972249,9.171996
3941,9.0692005,7.2715073
3942,8.708433,9.18629
3943,7.8572693,7.737605
3944,6.191758,5.813966
3945,5.658559,9.321295
3946,5.4821253,10.759262
3947,7.5840344,7.578449
3948,5.5872517,8.485987
3949,7.6467085,11.513675
3950,7.103595,10.461387
3951,8.497736,12.023875
3952,7.57311,7.3805814
3953,5.5491924,10.637934
3954,5.8953667,10.495515
3955,6.753142,10.710485
3956,5.1575136,10.877417
3957,7.5202894,14.916796
3958,6.9585905,12.153226
3959,7.9614854,7.2789707
3960,6.9347677,8.62515
3961,7.0442734,7.0074625
3962,6.65439,7.3195653
3963,4.7008033,8.727726
3964,5.81799,11.2720175
3965,7.2651114,7.963986
3966,6.389929,8.188361
3967,7.354925,5.7675653
3968,6.994216,6.842296
3969,5.134772,6.5487432
3970,3.6500623,6.3005953
3971,6.5049524,7.327104
3972,6.5680585,5.5605326
3973,6.960858,6.1421843
3974,5.5636625,3.227794
3975,6.4589605,4.289264
3976,5.9269857,3.842742
3977,6.5640693,3.2344933
3978,5.9319797,4.18073
3979,5.574103,8.631391
3980,5.873323,7.756242
3981,6.1640797,9.627716
3982,6.815907,7.845072
3983,6.623647,10.862887
3984,6.4911547,8.332268
3985,6.2152762,6.5666122
3986,5.985963,6.267394
3987,6.976656,9.106662
3988,7.223946,11.530881
3989,7.207937,5.8367896
3990,6.8365645,6.034698
3991,5.3361998,3.9176402
3992,6.4428124,4.744891
3993,5.0009656,5.4766483
3994,4.0725746,6.3203025
3995,7.3741493,6.6832237
3996,7.528669,5.1277537
3997,6.6879787,6.7789264
3998,7.8620625,6.06972
3999,6.0899105,6.049667
4000,6.622285,8.118323
4001,6.968369,6.8429375
4002,5.587375,5.040038
4003,7.435582,7.5951405
4004,6.2795954,13.557448
4005,5.9263606,9.41839
4006,6.4963536,12.521976
4007,8.255088,11.453122
4008,6.7688603,10.815495
4009,7.3552346,8.57226
4010,6.394851,9.964515
4011,6.0971217,12.9713335
4012,5.941902,13.668731
4013,7.2799687,9.013762
4014,6.352799,8.167165
4015,6.354906,9.899259
4016,6.723994,6.380084
4017,7.5238953,8.963535
4018,6.376712,7.2517066
4019,8.77412,8.990953
4020,7.0151315,7.414818
4021,8.201043,5.3312907
4022,6.5857625,6.9444575
4023,6.8486056,4.2720895
4024,4.5891733,6.6090236
4025,6.4195085,5.8691845
4026,7.749144,6.752422
4027,6.1650248,6.284818
4028,5.795727,6.8839045
4029,5.399786,5.357382
4030,5.460735,5.9811463
4031,6.15793,5.9439955
4032,7.2376857,4.5477953
4033,6.7317834,5.72472
4034,8.69151,6.51266
4035,7.6180525,5.440224
4036,6.574174,4.7049146
4037,7.5813384,8.657667
4038,7.7367277,3.8724372
4039,6.2385592,3.709785
4040,8.238585,3.4588194
4041,5.0415845,4.5729566
4042,8.335817,0.043453146
4043,7.249705,5.0332937
4044,8.266812,9.866631
4045,6.268387,8.7845125
4046,7.839876,3.837851
4047,7.0395074,8.983417
4048,7.0097394,5.522794
4049,6.6928225,4.7129097
4050,6.6827846,3.6860516
4051,7.445882,4.080276
4052,6.459169,4.0292687
4053,8.864044,4.890516
4054,6.6561155,5.5685034
4055,8.120782,5.7752967
4056,7.0065346,7.601809
4057,7.6347284,7.882234
4058,7.269258,5.492334
4059,8.304404,6.291613
4060,7.7439528,2.8202384
4061,7.093317,0.9818667
4062,6.442367,3.4053884
4063,6.681507,5.101359
4064,7.5511503,4.3524113
4065,7.2163568,8.584912
4066,7.1362805,5.6344175
4067,7.102281,5.677967
4068,7.1198277,5.2940664
4069,7.845715,3.5816774
4070,6.6385736,3.0563896
4071,6.641488,0.368347
4072,6.097528,3.500198
4073,5.7522507,1.2839944
4074,6.373254,3.114193
4075,6.311518,4.1414857
4076,6.7132263,3.2968602
4077,7.8979325,2.9427192
4078,7.6856313,4.664969
4079,7.4029427,6.404185
4080,5.544477,7.85104
4081,8.438609,7.2790766
4082,7.667603,4.3641295
4083,7.9090962,9.024283
4084,6.8844333,5.638311
4085,8.3571615,6.5746255
4086,7.969588,6.4605474
4087,7.836244,5.6661954
4088,6.7327185,7.53399
4089,6.5873904,9.304647
4090,6.116475,5.141997
4091,6.7686925,8.745955
4092,5.821888,8.036189
4093,5.5737104,5.8086185
4094,4.7714086,3.1742425
4095,4.921026,2.0701416
4096,7.788833,6.895636
4097,8.948039,5.533829
4098,7.3527393,7.22161
4099,6.9507713,8.732467
4100,5.215801,7.8199487
4101,4.735739,6.210474
4102,7.5872564,9.159486
4103,6.585162,4.973402
4104,7.788792,7.936869
4105,6.0890856,6.7307014
4106,7.741777,4.246837
4107,7.079622,5.1790223
4108,5.8402166,6.672532
4109,7.898544,6.9207044
4110,6.478806,5.7945433
4111,6.311926,7.5504994
4112,5.8381567,6.1418834
4113,6.821144,6.477821
4114,6.5514655,3.3773293
4115,6.0138116,7.0142817
4116,7.8223505,7.9062405
4117,5.5155606,8.553096
4118,6.3898163,5.2971992
4119,7.7773976,6.0192347
4120,8.080175,5.9314895
4121,7.417591,7.5102487
4122,7.850458,9.599669
4123,6.5433555,5.894474
4124,6.2263656,4.403139
4125,5.8223476,7.100215
4126,6.6037283,6.733201
4127,7.293815,6.88318
4128,5.6751757,4.1323204
4129,6.895538,8.094444
4130,7.051455,5.772344
4131,8.730004,5.8145146
4132,9.234263,4.695591
4133,6.9807467,6.811704
4134,7.516726,4.899868
4135,6.2648964,5.305147
4136,6.285072,9.264651
4137,5.3659945,4.950951
4138,7.3820724,12.839302
4139,6.2053514,7.289982
4140,5.024083,12.281784
4141,5.404969,8.651146
4142,5.9088893,10.188484
4143,4.9675574,9.997853
4144,5.745413,8.175272
4145,4.73167,10.727785
4146,5.4474597,11.537069
4147,4.781949,10.345632
4148,6.8359613,13.762925
4149,5.403788,15.305497
4150,6.271649,14.329997
4151,5.133146,12.71462
4152,5.0734143,12.980855
4153,6.4137125,16.90114
4154,8.617687,14.183842
4155,6.123481,9.888707
4156,5.3052716,7.188267
4157,6.008133,8.465174
4158,6.901688,10.457243
4159,7.2465696,15.04989
4160,6.505905,11.86889
4161,6.186016,11.47273
4162,7.3479314,12.109432
4163,5.4344296,9.8765545
4164,5.07438,7.142647
4165,5.2613807,9.5405245
4166,6.435827,9.104526
4167,5.9823275,8.35838
4168,7.509708,6.2168813
4169,7.0988607,10.913606
4170,7.265388,10.242772
4171,7.0326905,10.876365
4172,6.7472916,11.225845
4173,6.4931216,13.096526
4174,8.006811,13.380626
4175,5.581432,11.812469
4176,3.099102,10.852031
4177,3.9573336,10.197063
4178,4.549349,12.452903
4179,6.033579,8.777766
4180,5.217436,11.215132
4181,6.941541,10.116666
4182,6.3607583,8.715718
4183,5.5175366,9.928518
4184,6.585215,14.878933
4185,6.047554,10.915809
4186,6.1203775,9.946975
4187,7.012412,10.515806
4188,6.176264,11.496475
4189,6.1217513,12.142112
4190,6.634778,10.130839
4191,6.399669,10.962931
4192,5.494978,11.537827
4193,6.451184,10.478743
4194,5.86928,11.99558
4195,6.3018627,15.325526
4196,3.66869,16.433392
4197,5.8424172,11.8945265
4198,5.2145376,11.239263
4199,4.680077,14.308966
4200,5.211565,16.281658
4201,4.412838,16.906427
4202,6.6625853,12.857009
4203,6.5275393,16.325092
4204,5.1504188,16.994719
4205,4.6403427,15.392262
4206,4.580071,17.886839
4207,6.3382096,13.627249
4208,6.267724,14.110016
4209,6.8153577,15.13669
4210,5.8453217,13.632241
4211,5.04414,14.752663
4212,5.3484254,18.677975
4213,6.178933,16.091948
4214,5.7026854,14.556649
4215,5.9300456,13.7647295
4216,4.204628,13.208799
4217,4.79766,15.056101
4218,5.106975,10.855651
4219,3.4686122,10.448554
4220,5.315143,8.528131
4221,7.2130523,12.089617
4222,7.1505632,15.116405
4223,6.4782124,14.388535
4224,6.1779404,15.654954
4225,4.7510643,12.310698
4226,6.927087,14.810494
4227,5.070365,10.3509245
4228,6.185341,14.5434885
4229,5.5821595,12.00299
4230,5.524469,8.865729
4231,7.470123,10.337251
4232,6.8556185,10.9236355
4233,4.715376,13.884153
4234,5.9331603,11.615733
4235,4.1603003,11.297293
4236,3.811476,14.466286
4237,4.859634,12.125826
4238,5.6877265,14.190223
4239,6.06886,18.338966
4240,6.149034,15.197034
4241,6.684162,11.5359335
4242,5.1672025,13.821979
4243,4.887117,12.496744
4244,6.071025,16.134022
4245,5.2482824,14.416851
4246,5.1280813,15.30772
4247,6.129413,14.953493
4248,6.112897,12.925965
4249,4.7858086,13.875552
4250,5.6974225,15.502661
4251,5.0019183,18.44035
4252,5.975874,17.372274
4253,3.580833,18.267252
4254,6.1188025,16.982538
4255,5.283129,18.17661
4256,5.883928,14.193953
4257,5.6345654,11.779591
4258,6.1943326,10.69711
4259,5.5351872,13.815612
4260,5.1887097,10.981645
4261,6.1627207,13.515736
4262,7.0370374,11.63518
4263,7.674077,12.564177
4264,6.928989,14.085814
4265,6.397508,15.533485
4266,6.6363096,15.0677
4267,7.8151436,14.101066
4268,7.770111,15.191983
4269,7.9343796,14.787125
4270,6.88476,15.441567
4271,6.167023,14.144374
4272,8.193584,13.358744
4273,7.1639643,14.012121
4274,6.817116,14.412623
4275,6.1961374,13.043914
4276,8.7648535,15.373656
4277,8.957641,13.012505
4278,6.3631873,12.761208
4279,6.54406,15.018181
4280,8.072066,12.999126
4281,6.3321686,13.285911
4282,7.834404,16.720167
4283,6.582021,14.792753
4284,6.39733,21.287027
4285,6.0758934,14.881056
4286,5.7228856,13.263246
4287,5.437498,14.841648
4288,5.760512,15.612921
4289,6.644025,12.14018
4290,7.1406846,10.713563
4291,7.525977,10.298638
4292,8.940857,16.3065
4293,7.5454087,12.611832
4294,7.15159,16.990046
4295,7.861206,16.253757
4296,6.0994205,13.058704
4297,8.053687,13.640201
4298,7.003714,12.229651
4299,6.4829397,11.812752
4300,5.8945303,9.902643
4301,7.552683,11.581976
4302,6.6434727,11.528952
4303,6.9587116,11.906948
4304,6.303225,10.126912
4305,7.115789,9.824074
4306,7.267011,13.203331
4307,6.997536,11.494011
4308,5.5544124,13.156678
4309,6.9484186,12.072691
4310,6.098816,13.42194
4311,7.5153265,12.830329
4312,6.7148347,11.479865
4313,6.7019854,13.3289
4314,6.089722,14.512784
4315,4.4941583,14.081799
4316,6.6335163,13.146572
4317,7.183923,17.147877
4318,6.586721,12.945246
4319,8.288355,10.107431
4320,5.868145,9.97904
4321,4.919016,10.797617
4322,6.5092745,9.690475
4323,6.5013213,10.325554
4324,6.0886564,13.386113
4325,5.5130224,10.531572
4326,4.517854,15.127961
4327,6.5770035,14.950787
4328,5.084736,11.367268
4329,7.3916106,9.100512
4330,6.4452114,8.587415
4331,4.9153,9.820623
4332,6.8586936,9.948738
4333,5.566182,12.876568
4334,8.497581,14.743176
4335,7.5672565,10.256115
4336,5.952837,12.160015
4337,6.0710044,12.641932
4338,5.408577,15.877387
4339,6.2020664,14.471673
4340,3.468071,12.810358
4341,3.1789756,11.714006
4342,6.645532,15.86191
4343,5.9034624,12.318845
4344,6.109843,14.406764
4345,7.12231,10.922369
4346,6.329078,12.895404
4347,6.3421345,14.009191
4348,3.704314,11.283549
4349,5.3987727,11.499772
4350,4.5669994,15.028416
4351,5.2343726,12.608712
4352,6.2169175,13.687353
4353,4.763006,12.314367
4354,5.5864687,16.422607
4355,6.0949826,14.164413
4356,4.167295,12.268058
4357,6.5261307,14.977501
4358,5.49238,16.488668
4359,5.7505755,10.516088
4360,4.0640097,13.212331
4361,5.131631,13.459192
4362,5.607505,13.479289
4363,6.276887,10.950089
4364,5.578619,14.638538
4365,6.492302,11.152251
4366,6.4738026,12.315159
4367,6.810818,11.76271
4368,5.7571373,13.256132
4369,5.923167,10.210564
4370,6.8330355,11.943595
4371,6.487685,14.216661
4372,7.447362,14.284877
4373,6.6677747,9.998458
4374,6.6451635,10.687471
4375,6.1592,8.062258
4376,7.1351295,10.709359
4377,5.366361,9.286661
4378,5.452595,10.154357
4379,6.2515264,11.98301
4380,6.4353905,13.424295
4381,5.6624002,10.609383
4382,7.0747156,9.440328
4383,6.7312827,10.678853
4384,6.740468,11.293549
4385,7.1897593,10.36808
4386,6.6505013,8.5609455
4387,6.606289,14.663283
4388,4.814146,12.101723
4389,6.2017612,13.410054
4390,7.0366473,14.391035
4391,6.2297764,13.767536
4392,5.866741,13.295089
4393,5.5061865,12.029555
4394,4.7850966,10.372469
4395,6.544386,9.9871235
4396,8.578408,6.5187902
4397,6.4502697,7.0610604
4398,7.239749,9.384162
4399,4.896926,12.205409
4400,6.4299846,11.68152
4401,6.9268746,11.141529
4402,6.191791,7.6983466
4403,6.173654,11.101444
4404,5.6762595,8.817462
4405,6.249651,11.009102
4406,6.543189,11.1323395
4407,7.499321,14.136054
4408,4.924163,14.648782
4409,5.2239294,12.655103
4410,5.644603,16.16663
4411,6.076865,13.454565
4412,6.2478375,12.617942
4413,6.3424177,10.866378
4414,5.67211,10.534232
4415,4.8564405,14.455647
4416,3.8899014,13.324073
4417,4.8918877,13.825933
4418,6.9583282,14.72718
4419,6.16433,13.728128
4420,7.224596,10.498992
4421,6.3314714,9.312426
4422,7.003414,13.117688
4423,5.0503907,11.096548
4424,4.551398,5.3532844
4425,5.4508996,8.976877
4426,4.5175724,6.465586
4427,4.6225996,7.2431583
4428,4.058639,8.331598
4429,5.121217,9.611638
4430,5.4164386,6.8551073
4431,5.1031675,10.921369
4432,5.2409377,10.867312
4433,5.973454,10.281227
4434,5.6825066,13.020354
4435,5.6522284,9.27621
4436,4.8319206,9.644633
4437,6.6732507,12.652995
4438,4.0846486,10.296014
4439,5.250089,7.019982
4440,5.6674404,10.338354
4441,5.1528,14.226381
4442,5.392163,10.23955
4443,3.396298,9.461846
4444,5.254817,11.634723
4445,3.3678923,13.747802
4446,4.762733,12.446562
4447,5.03877,11.994283
4448,5.4680448,12.96174
4449,4.6565795,13.298109
4450,6.2090907,14.642358
4451,4.8994293,14.836073
4452,5.3184595,14.8889675
4453,6.020823,13.764932
4454,4.6348987,13.538149
4455,6.234587,14.734454
4456,4.9195786,15.797323
4457,6.6060333,14.42478
4458,4.760031,11.292435
4459,3.9587452,9.371566
4460,3.7952516,10.688457
4461,3.8795135,13.307312
4462,5.6351485,11.922999
4463,4.851446,13.53797
4464,5.152036,14.429276
4465,4.036359,11.626111
4466,5.1448607,13.144498
4467,5.394696,15.521352
4468,4.488644,17.214354
4469,4.2236085,13.110455
4470,4.5322413,13.30479
4471,4.2878766,10.2276745
4472,4.621864,14.389518
4473,4.1327124,13.3143215
4474,5.3346353,13.277293
4475,7.663296,11.493198
4476,5.6387744,12.293403
4477,6.4810276,11.652359
4478,8.271089,14.782689
4479,6.2802825,10.489947
4480,4.32282,8.827302
4481,4.246919,14.970512
4482,6.146595,11.080302
4483,4.8118067,11.274012
4484,6.868593,11.713711
4485,5.903328,14.438115
4486,5.7654815,10.0313015
4487,3.5026033,10.080863
4488,5.0711837,14.699308
4489,4.094386,13.4211855
4490,4.4912195,8.456356
4491,3.598011,13.407023
4492,5.0274305,11.638907
4493,4.2243686,13.242286
4494,4.943465,12.2735195
4495,4.981983,11.144166
4496,4.2764664,9.6368685
4497,6.113471,10.56547
4498,7.128316,12.848264
4499,5.423335,15.446868
4500,4.6808147,14.75996
4501,5.623605,11.880916
4502,3.569794,12.991452
4503,6.0619664,10.614194
4504,3.756229,14.855166
4505,5.6814036,13.174846
4506,5.4358635,14.258238
4507,5.583454,15.125961
4508,6.3718877,15.548313
4509,8.014172,13.691408
4510,6.8930407,15.539578
4511,6.1926637,8.778506
4512,6.910886,15.102422
4513,8.253375,11.438344
4514,4.8882217,10.845195
4515,6.0722475,12.594098
4516,5.763173,13.578455
4517,4.3211603,12.732199
4518,4.877086,13.1765375
4519,3.1059613,14.1077585
4520,5.8193946,11.418433
4521,4.5127716,12.794187
4522,6.09425,16.576801
4523,6.441499,13.721285
4524,5.223325,13.484516
4525,3.7696357,15.896549
4526,4.851326,14.108859
4527,5.2342887,15.119286
4528,4.573027,15.354118
4529,4.971964,10.835596
4530,5.7442403,16.790518
4531,4.755122,11.87831
4532,6.709125,16.723812
4533,4.6074386,12.2548685
4534,5.8394,9.918951
4535,5.373006,13.892066
4536,5.3703337,14.345433
4537,4.2298894,10.166507
4538,3.7407327,8.267656
4539,4.5382853,14.822008
4540,5.235484,10.385461
4541,3.6057603,12.56431
4542,4.919546,11.242824
4543,2.225995,8.67786
4544,4.7564573,11.53871
4545,5.1449833,11.296311
4546,4.726343,13.700513
4547,4.746199,13.908779
4548,5.7621794,13.700117
4549,5.3706517,15.41446
4550,4.562021,14.831707
4551,4.3320866,15.962678
4552,5.532444,15.35557
4553,5.797721,15.94449
4554,4.078673,14.45236
4555,4.5919704,14.185875
4556,5.3902106,13.840972
4557,5.1384625,11.356514
4558,5.075466,14.104737
4559,6.334892,10.479524
4560,3.6368084,14.8863
4561,5.5668864,15.510462
4562,6.448038,16.90395
4563,5.9260864,13.611316
4564,6.1533895,14.247711
4565,4.587468,9.746671
4566,5.963632,12.021711
4567,5.999134,12.6359415
4568,6.733936,15.084337
4569,5.486859,17.643673
4570,5.5638566,16.111526
4571,5.5016522,13.125964
4572,4.561925,12.134794
4573,5.472028,12.9091835
4574,5.6239767,12.128534
4575,5.6068344,12.201197
4576,6.0840087,17.072924
4577,6.1031237,16.20312
4578,5.242104,12.787917
4579,4.401092,11.041202
4580,4.5410585,8.587781
4581,7.5040607,16.930315
4582,6.174571,10.831162
4583,7.2813525,10.070589
4584,5.7884116,9.900141
4585,5.20676,11.617932
4586,5.9640455,9.294666
4587,5.6176744,8.530023
4588,5.6317763,8.390397
4589,6.004032,9.636124
4590,5.781845,7.412206
4591,5.0637636,5.240775
4592,4.9607277,8.939416
4593,4.948067,11.21607
4594,5.810729,8.306871
4595,6.6232576,10.425563
4596,5.4330106,11.801667
4597,5.0714006,14.703703
4598,5.7320685,14.535027
4599,5.204475,14.470218
4600,4.1641903,17.029612
4601,3.6363924,14.314524
4602,5.540044,13.784911
4603,3.8394358,9.435548
4604,3.9401183,12.06533
4605,5.969866,12.708837
4606,6.0038915,13.7481365
4607,4.3138833,14.72675
4608,4.5841045,11.972187
4609,5.3624916,13.441524
4610,3.635959,12.230042
4611,5.3478527,10.764405
4612,3.8740585,12.46371
4613,5.6291285,12.53652
4614,4.94171,9.064304
4615,4.9479837,10.495444
4616,4.3868003,12.068019
4617,4.6862473,11.994314
4618,4.869981,9.50005
4619,3.3159118,9.052744
4620,4.970488,10.547772
4621,5.629429,11.6923065
4622,5.8112464,13.717426
4623,4.6404157,14.079276
4624,5.607701,14.467902
4625,5.352868,12.714162
4626,6.5397434,12.282271
4627,4.6712937,11.23492
4628,5.709265,8.703283
4629,7.5198994,10.458135
4630,5.2588415,11.783887
4631,6.427652,11.539624
4632,5.198989,9.430664
4633,4.276945,12.766214
4634,5.6965566,12.074578
4635,5.2573495,10.522123
4636,3.81423,16.244852
4637,4.50389,14.127718
4638,5.8941426,17.670328
4639,3.8296115,15.852693
4640,5.724922,15.967797
4641,3.2107177,11.710576
4642,5.091937,13.238927
4643,4.982878,13.593944
4644,5.3186526,16.159903
4645,5.4160967,13.634964
4646,4.7945323,10.966675
4647,6.3483644,12.369957
4648,5.8303022,9.928558
4649,4.3746686,10.471549
4650,7.459738,10.197579
4651,5.792321,10.665094
4652,1.9604957,12.110521
4653,4.65277,12.596838
4654,5.0384393,10.027931
4655,5.8805065,11.091373
4656,5.131391,12.883257
4657,4.3956656,16.345488
4658,4.62631,12.353478
4659,5.0572567,12.174496
4660,5.4065046,13.735253
4661,6.460356,14.378124
4662,3.5085762,14.319095
4663,6.7682657,10.522796
4664,5.977175,8.979246
4665,6.2290545,15.197646
4666,7.3609037,16.57948
4667,5.6931396,15.7601595
4668,6.515663,11.936187
4669,5.640444,11.969475
4670,6.57859,13.881373
4671,5.199519,12.180987
4672,6.5562525,14.303922
4673,5.0330834,14.667207
4674,5.7535267,15.748995
4675,5.522477,14.740332
4676,5.317018,14.069874
4677,7.6979127,13.00913
4678,6.3785825,13.310116
4679,6.207894,12.106941
4680,5.6494875,13.753008
4681,7.3602195,14.393898
4682,5.940582,14.207049
4683,5.6904483,13.480548
4684,5.9190717,10.46437
4685,7.469856,11.130944
4686,5.483328,15.606502
4687,7.713579,11.501105
4688,6.55308,8.400259
4689,6.047723,9.694281
4690,5.464984,13.531113
4691,4.0185637,14.436342
4692,6.5232835,16.480145
4693,5.839233,16.873377
4694,7.2799273,15.887516
4695,4.2565494,14.461864
4696,5.5705,9.59926
4697,5.813657,8.282797
4698,5.6883807,10.723906
4699,6.439524,16.01072
4700,6.4328146,10.823925
4701,7.063841,13.703898
4702,6.7586865,13.990344
4703,5.2309895,12.104218
4704,5.31463,10.06408
4705,5.3675327,10.975197
4706,5.6073046,11.25995
4707,6.357535,9.979048
4708,4.4789295,12.1986685
4709,5.842702,13.926762
4710,6.2625947,16.14948
4711,5.613473,11.890071
4712,4.7699285,12.754665
4713,5.7359695,10.712207
4714,5.1231284,13.223487
4715,5.4746084,10.373022
4716,5.676176,11.65327
4717,4.465885,11.360539
4718,4.0697355,10.231953
4719,4.9718027,8.468554
4720,5.6144958,7.961819
4721,5.3432217,13.524593
4722,6.1012807,10.094573
4723,6.7864656,12.49543
4724,6.5722575,13.215841
4725,5.8180566,11.764092
4726,5.8270297,6.9213595
4727,5.629477,7.276504
4728,4.7355714,10.161868
4729,6.4783363,9.773235
4730,5.7815285,6.815718
4731,3.2729816,7.4284286
4732,4.0040827,8.908133
4733,4.636033,6.695739
4734,4.086005,6.7539296
4735,5.0364857,9.08437
4736,5.877433,11.029559
4737,4.5052934,12.857425
4738,5.677583,6.7703896
4739,6.4599433,12.626456
4740,6.5780435,15.048372
4741,5.0749183,15.9105015
4742,5.233953,14.902426
4743,6.1919146,12.642643
4744,6.6409197,16.357542
4745,7.706591,16.016386
4746,3.8558667,13.752603
4747,7.529969,16.509436
4748,6.610183,13.404444
4749,7.2034435,13.016361
4750,7.70207,16.6126
4751,7.603127,14.8775215
4752,6.267611,17.678905
4753,7.2440367,15.850208
4754,5.8686504,15.48472
4755,6.7180486,12.357573
4756,5.255805,12.279961
4757,6.7761583,13.276342
4758,5.3693824,14.001879
4759,6.526797,13.309326
4760,6.7337546,11.595896
4761,7.449972,14.780722
4762,5.4884634,16.03736
4763,5.9285116,16.926533
4764,6.4019337,13.637729
4765,6.876649,14.802235
4766,5.237719,13.603382
4767,4.644621,13.108211
4768,5.031791,16.326763
4769,6.977858,14.084574
4770,4.2315564,10.080895
4771,7.740705,13.486632
4772,6.243177,18.1459
4773,6.737349,15.395221
4774,6.579409,13.604791
4775,6.6191363,14.510713
4776,6.026711,13.799222
4777,6.4189982,13.558591
4778,5.680881,14.762854
4779,5.67023,11.652053
4780,2.990754,13.358077
4781,4.4629226,14.211381
4782,6.4050503,13.538103
4783,5.1754246,11.172025
4784,3.8577266,6.8346944
4785,3.8693416,5.7966595
4786,5.9236684,11.413453
4787,5.494544,13.205824
4788,5.4384694,9.550224
4789,6.3167443,14.494167
4790,5.371272,14.700184
4791,6.845009,13.424897
4792,5.96996,11.294634
4793,3.9158185,11.986474
4794,5.909,11.756397
4795,5.3346996,10.966155
4796,5.2283316,14.056102
4797,6.1948557,11.115171
4798,6.746985,10.880137
4799,5.385673,10.0719185
4800,5.100279,12.77737
4801,4.11373,14.270465
4802,5.294019,16.297039
4803,6.637406,10.698527
4804,6.424378,13.420673
4805,5.9816957,14.288771
4806,7.7850122,12.177375
4807,4.643445,12.143245
4808,4.4060755,11.845457
4809,5.0303025,6.818552
4810,5.865656,10.60247
4811,3.65872,11.947325
4812,3.9444215,8.587967
4813,4.7699513,9.28927
4814,4.619457,12.600213
4815,4.6771793,12.115913
4816,6.637509,12.149487
4817,4.5674148,5.990774
4818,4.656779,8.906616
4819,4.8911753,9.846473
4820,5.2142525,9.697306
4821,5.510294,4.557811
4822,5.197675,8.872807
4823,5.649529,4.5460362
4824,5.5063443,6.515931
4825,7.3955183,10.600493
4826,6.1099014,7.2548456
4827,6.55971,4.759699
4828,5.6783476,3.9734018
4829,7.8810034,3.9765868
4830,6.066353,6.4279323
4831,5.1939225,5.373963
4832,6.093533,4.738419
4833,5.487719,10.685803
4834,6.28126,10.124076
4835,4.862945,9.5545635
4836,5.625823,5.5392175
4837,4.437033,3.7137885
4838,4.253096,6.4730477
4839,5.4836097,6.2958784
4840,5.284223,4.414209
4841,5.5141897,7.597002
4842,4.249045,4.92863
4843,7.2239347,4.5176196
4844,4.6733785,4.7274866
4845,5.7831616,5.490182
4846,4.2161064,5.3237524
4847,4.8298383,7.2379274
4848,5.7081504,2.9385805
4849,6.7755246,3.7924929
4850,6.861493,6.933675
4851,7.3793974,6.158282
4852,5.163524,7.257529
4853,6.235294,9.364918
4854,5.4967065,8.450872
4855,6.9502735,8.539309
4856,5.2755904,10.557355
4857,6.6654625,8.308604
4858,6.848165,8.575802
4859,6.324179,8.090727
4860,5.822519,13.788702
4861,6.802209,11.853875
4862,6.7301393,7.9918427
4863,9.426869,12.889872
4864,7.5643373,17.055525
4865,6.049661,15.704239
4866,5.1559663,8.932452
4867,5.5423007,14.856953
4868,6.5786514,11.679035
4869,5.163171,8.246283
4870,4.7009997,6.5589504
4871,5.275684,6.860677
4872,5.639982,9.486352
4873,6.2154713,11.965282
4874,6.4363723,11.746159
4875,6.3926926,9.81601
4876,6.864229,9.946001
4877,7.419947,8.148537
4878,6.7282434,10.046429
4879,5.0164003,9.410346
4880,5.972578,10.23042
4881,5.5671115,16.059284
4882,4.558254,12.1673565
4883,6.550841,13.404125
4884,5.6248384,15.100327
4885,6.694183,12.19101
4886,6.1184373,14.640737
4887,5.9978104,12.713728
4888,6.893526,14.568494
4889,6.7606516,10.939783
4890,6.3844423,9.589199
4891,4.8744335,9.724715
4892,5.0727406,10.366583
4893,6.155613,6.779667
4894,5.4077144,12.852998
4895,6.964962,12.036495
4896,6.1701117,12.537113
4897,5.5075808,14.627763
4898,3.7308,14.547266
4899,5.002591,14.169404
4900,5.099155,12.057752
4901,3.4087098,9.61919
4902,4.431182,8.075095
4903,4.62359,10.070083
4904,4.9232583,12.772364
4905,3.937875,9.701919
4906,4.7780213,10.349861
4907,6.891501,8.335315
4908,5.6101894,5.7742925
4909,5.6338654,11.0843315
4910,3.9734607,5.3749332
4911,3.850155,8.515489
4912,4.5906672,9.317629
4913,6.0269403,7.9264483
4914,5.7481465,7.1110053
4915,6.4235225,7.0028505
4916,4.530624,6.549774
4917,5.5700665,6.0146346
4918,5.7578263,2.9694662
4919,3.6443527,7.4287024
4920,4.731399,4.699719
4921,5.5463257,7.6293464
4922,6.7713804,12.011255
4923,5.552078,7.5156727
4924,6.3698225,10.074579
4925,5.6159577,11.089287
4926,6.439343,8.704638
4927,5.3137617,9.063436
4928,6.4397054,9.205251
4929,4.3458223,5.8051143
4930,5.555933,8.780896
4931,5.9536333,15.759831
4932,4.171577,13.688525
4933,4.727583,16.420486
4934,5.0076857,16.158669
4935,5.360884,14.06704
4936,6.5943756,12.957807
4937,5.2759175,12.812201
4938,6.5801783,13.443677
4939,4.958126,15.325787
4940,6.9718266,14.656972
4941,5.667019,16.903246
4942,6.7716494,15.171804
4943,6.285315,12.545552
4944,5.6084137,16.861612
4945,5.9894924,16.984667
4946,6.15953,15.468782
4947,4.115563,12.398678
4948,5.945943,13.615168
4949,4.6952343,12.793748
4950,4.1208344,14.000188
4951,5.3437586,17.512089
4952,5.6355176,15.599914
4953,6.8668013,16.305235
4954,3.810479,13.969841
4955,5.23225,13.730366
4956,4.1701283,13.4826145
4957,4.799106,15.073926
4958,6.5049014,14.330834
4959,5.6670876,12.171589
4960,3.2019577,14.555865
4961,5.159957,15.621384
4962,4.9098334,11.872365
4963,6.825159,11.900111
4964,3.4307814,14.465612
4965,5.4672813,13.27337
4966,5.0217032,13.285094
4967,3.5982559,13.615882
4968,5.4462914,14.93236
4969,6.873098,15.370105
4970,4.668214,14.381108
4971,5.6789465,11.491599
4972,4.986463,14.579451
4973,5.195174,13.587536
4974,4.1075964,16.022526
4975,3.961003,12.91159
4976,2.005029,9.127815
4977,5.663852,11.553146
4978,4.7522545,11.794661
4979,7.501946,10.089233
4980,6.061757,12.092125
4981,3.2218685,10.864807
4982,3.2887316,14.140531
4983,3.4287252,12.086556
4984,4.9267006,8.947371
4985,5.5376163,11.793366
4986,5.269354,13.425499
4987,4.9680195,14.865886
4988,3.7018082,11.271601
4989,4.18141,11.26387
4990,6.043162,12.4461
4991,5.0170617,12.18877
4992,6.475927,10.983003
4993,5.0699697,11.836925
4994,4.3430676,9.606112
4995,5.605105,11.944302
4996,5.393385,6.7290897
4997,5.75489,10.838458
4998,5.1511383,12.071093
4999,5.6472664,11.276572
5000,4.583356,11.427577
5001,5.611582,9.355855
5002,4.1198487,9.314334
5003,5.065715,10.536821
5004,6.2047596,9.64762
5005,3.601572,10.229533
5006,5.917293,11.317291
5007,4.055488,13.024708
5008,4.0930114,14.569799
5009,5.4995294,12.020251
5010,5.9852943,13.938259
5011,6.332869,13.203297
5012,5.739899,13.366989
5013,5.522901,14.94563
5014,4.5270376,14.41431
5015,3.8216426,15.427538
5016,5.655947,14.469042
5017,5.572587,16.521563
5018,5.46624,14.978852
5019,6.3839264,17.576557
5020,6.5449843,16.098322
5021,5.1972494,14.00042
5022,6.8857846,13.691094
5023,6.4933376,12.531287
5024,3.4658196,11.482125
5025,4.1552286,11.117891
5026,6.0661445,9.776381
5027,3.8953555,11.719304
5028,5.5625563,11.807272
5029,4.6193695,12.060863
5030,2.7678714,13.865178
5031,3.579155,14.065123
5032,6.104076,11.211846
5033,4.7693734,10.660235
5034,2.8068967,11.075846
5035,4.1242394,12.665967
5036,7.293346,14.067892
5037,4.0873165,15.414959
5038,6.8944564,12.426407
5039,6.0753593,11.345075
5040,5.7863336,12.887738
5041,3.2330587,15.212619
5042,5.8432117,17.784988
5043,5.041501,13.608563
5044,5.3602657,15.185362
5045,4.6917,13.129765
5046,5.149614,7.5012236
5047,5.3410773,9.155269
5048,6.3998027,13.639527
5049,5.911434,13.037761
5050,6.6409163,12.2436
5051,5.5799565,9.41094
5052,4.4349575,9.931178
5053,7.3131924,13.776853
5054,4.1920924,10.373282
5055,5.4853683,8.635851
5056,5.8714814,10.18656
5057,6.0409627,7.8850474
5058,6.5534697,10.029654
5059,5.3406963,10.288789
5060,6.1012225,11.542481
5061,4.8102174,12.735507
5062,5.055773,12.770792
5063,4.730098,16.447937
5064,5.257228,11.854616
5065,5.8903103,11.175573
5066,4.9741354,9.801247
5067,4.905384,10.065906
5068,5.712062,10.057634
5069,5.755398,12.907116
5070,4.392221,8.408619
5071,5.744776,9.947512
5072,4.8756223,7.784667
5073,5.0978065,12.170106
5074,6.335899,11.379999
5075,4.104822,6.6833563
5076,5.6743503,10.807399
5077,4.577723,12.598423
5078,4.7561736,10.502498
5079,3.586716,14.273939
5080,3.7128217,13.614755
5081,5.057972,12.001107
5082,5.6809344,17.609577
5083,4.9441366,15.180198
5084,5.2647657,16.79016
5085,4.4279184,10.259566
5086,5.671224,14.282144
5087,4.438623,10.003733
5088,4.247738,13.435878
5089,4.389031,13.071109
5090,5.9562216,13.531389
5091,4.8619943,13.61238
5092,5.9612155,9.354939
5093,5.9520845,9.780848
5094,5.6737947,11.998036
5095,5.5581117,13.382694
5096,5.2710366,11.189495
5097,4.172235,12.66134
5098,6.0112133,12.249556
5099,5.729807,14.227306
5100,5.4418807,15.9302845
5101,6.008299,12.693799
5102,4.588143,13.401628
5103,5.6642046,13.810223
5104,6.6543245,10.770201
5105,5.53087,12.993533
5106,4.815591,14.9256115
5107,4.7716184,13.586771
5108,4.6669703,13.122546
5109,4.9420514,13.7360115
5110,6.3073545,14.188911
5111,7.107889,12.770362
5112,5.639226,13.182947
5113,6.084076,12.029587
5114,5.0533533,16.265553
5115,6.1567693,11.428871
5116,4.92385,10.4478245
5117,4.661759,6.7409296
5118,6.275729,10.434626
5119,6.541531,13.296481
5120,4.877126,10.471094
5121,5.4635773,10.483431
5122,4.951288,14.871857
5123,4.073166,11.715138
5124,3.993367,12.324346
5125,4.437937,9.743751
5126,5.4087725,13.135351
5127,5.2838507,7.517669
5128,6.0211935,11.792515
5129,6.0897226,12.360344
5130,6.598167,15.358288
5131,5.3991127,11.759183
5132,5.7794137,12.004225
5133,6.020925,14.221999
5134,5.5431914,16.533508
5135,5.003275,18.345663
5136,6.070445,16.337976
5137,5.5060606,12.982833
5138,6.759111,12.80617
5139,5.7102404,13.193184
5140,3.7171018,12.282357
5141,3.6657686,12.69675
5142,4.7428794,13.100148
5143,7.040078,12.618049
5144,4.9274135,12.394542
5145,6.195926,14.295848
5146,4.926095,16.91589
5147,5.7979865,14.510904
5148,4.997377,15.104691
5149,5.9865975,15.4716835
5150,6.212575,12.171076
5151,4.1695313,14.417012
5152,6.152105,9.987242
5153,6.6623545,12.823507
5154,6.0042906,10.643809
5155,5.601548,9.952964
5156,4.557994,11.6243105
5157,5.997022,10.849162
5158,5.1672716,11.276639
5159,5.787415,7.8760347
5160,5.029974,8.951771
5161,5.8076606,8.202997
5162,5.957685,12.29964
5163,4.9155426,14.718724
5164,4.85272,9.741725
5165,5.356485,8.638468
5166,5.9293804,8.287655
5167,4.1644964,10.555472
5168,6.1804767,10.068054
5169,6.2199545,11.47402
5170,5.0204268,9.037569
5171,5.376594,10.800315
5172,6.1034646,11.014144
5173,5.0612564,12.169975
5174,5.019251,9.569025
5175,5.199245,7.8824973
5176,4.076303,8.723313
5177,5.3914514,10.816655
5178,6.061643,11.267316
5179,6.0575166,12.767919
5180,5.7345357,12.214911
5181,5.7777042,11.633569
5182,7.1335344,13.0278015
5183,6.9234247,13.802352
5184,5.9982595,15.078275
5185,5.688968,12.08782
5186,5.430113,9.647091
5187,5.8092318,13.375851
5188,6.05841,12.006459
5189,5.3795767,12.51363
5190,6.0449405,9.609886
5191,5.075686,10.693125
5192,6.9363217,12.077602
5193,4.0169125,10.895243
5194,6.1678305,9.788622
5195,5.2026386,16.270569
5196,5.036253,13.556883
5197,5.1392846,14.191439
5198,5.1133265,11.861703
5199,6.5310082,12.158438
5200,3.7184663,12.892785
5201,4.15202,15.497
5202,5.7234817,14.592069
5203,6.434596,13.920593
5204,5.59619,15.340959
5205,5.132986,13.76018
5206,5.714565,16.443419
5207,5.4123516,18.425724
5208,6.3456383,16.641735
5209,6.0232444,15.99467
5210,6.758141,16.491156
5211,6.873739,14.093122
5212,7.3150873,12.816875
5213,7.0968804,13.230404
5214,5.252147,8.44186
5215,5.560499,13.0911
5216,5.3869476,14.953009
5217,6.2340484,15.922512
5218,4.8988976,15.159402
5219,6.1612234,10.842802
5220,5.8888845,15.165854
5221,5.370802,17.67883
5222,5.417914,14.917575
5223,6.7142253,13.047129
5224,6.4199734,13.426813
5225,5.7777996,12.185972
5226,6.2358785,9.79822
5227,5.304045,9.31113
5228,6.3343163,12.407109
5229,4.608411,10.644434
5230,4.8906784,9.848184
5231,5.6573114,11.838924
5232,6.4796033,9.801027
5233,5.704016,9.543751
5234,5.2860866,10.299395
5235,5.238886,10.502178
5236,6.154577,10.87675
5237,6.532702,10.370859
5238,6.4691095,11.046719
5239,5.565195,8.1178
5240,4.936882,9.595233
5241,4.4215813,7.9070296
5242,4.6781545,11.473773
5243,3.7807667,8.643238
5244,3.670858,8.966928
5245,5.0310516,9.6026535
5246,3.401118,10.881958
5247,4.461481,10.145604
5248,3.3451545,11.347747
5249,3.443225,8.545789
5250,3.7073095,10.459294
5251,4.5406327,11.905596
5252,3.99502,12.721918
5253,7.1819572,10.177727
5254,5.7830825,11.964737
5255,4.647192,10.353303
5256,3.85677,14.332948
5257,4.522942,14.184873
5258,5.056932,10.20777
5259,5.6371164,15.150588
5260,2.7148838,13.928734
5261,6.215892,12.027513
5262,4.9476624,9.921015
5263,2.87926,11.222446
5264,5.0582285,10.993126
5265,6.4225354,10.145388
5266,6.213823,14.1495285
5267,4.6708527,14.06826
5268,3.9652808,14.532682
5269,5.3228655,14.877938
5270,6.6069436,16.924564
5271,4.2797213,14.389923
5272,3.5154486,13.021872
5273,6.19211,13.904204
5274,4.2189717,13.649421
5275,5.7844005,12.386049
5276,5.29392,15.107542
5277,5.4271894,10.402219
5278,6.0125613,15.627287
5279,4.6561584,14.251026
5280,6.3298054,10.648715
5281,6.480489,16.634354
5282,6.355866,15.094684
5283,4.7337027,13.639742
5284,4.572898,7.2109494
5285,5.578828,12.103717
5286,4.655327,13.494588
5287,5.531125,15.553386
5288,6.530517,16.99165
5289,7.0142975,18.044605
5290,7.1930885,14.831494
5291,5.6175036,13.658433
5292,6.381622,15.968118
5293,5.3375816,12.115225
5294,3.7455153,10.500167
5295,6.8647685,10.857761
5296,3.9099367,12.617525
5297,5.521917,11.290026
5298,5.128629,10.507121
5299,4.4562955,13.057123
5300,6.0542035,11.57206
5301,5.704853,9.565509
5302,5.5372796,11.378983
5303,5.0677943,9.720911
5304,4.8290324,8.497129
5305,4.302175,5.9796
5306,5.0445185,7.4764476
5307,5.980777,8.079929
5308,5.341657,6.467567
5309,6.4357786,8.243602
5310,5.8432307,7.720384
5311,3.3654482,10.207695
5312,4.9115524,8.470184
5313,5.4980927,11.288073
5314,7.1475353,9.092451
5315,5.8913145,11.907142
5316,6.6325703,8.973661
5317,6.3073606,12.179763
5318,4.9701934,6.816953
5319,4.8598323,9.641707
5320,5.0825577,8.472662
5321,5.879846,8.219143
5322,4.6815486,7.903508
5323,6.416161,7.6499085
5324,6.756665,9.10879
5325,4.5118427,7.859434
5326,4.895278,10.204129
5327,6.2957945,9.302167
5328,5.4051075,10.32326
5329,4.5459356,7.6756496
5330,5.3506956,6.23249
5331,5.382896,10.847006
5332,4.082875,5.995931
5333,5.0677166,7.5484967
5334,6.061155,8.087765
5335,4.887883,7.3397694
5336,4.7233324,6.6873546
5337,5.0043254,6.250143
5338,4.3060746,7.238609
5339,4.9295173,7.2881794
5340,4.039087,8.578059
5341,4.0768204,10.473443
5342,4.2025323,10.288561
5343,5.8761754,8.506298
5344,5.1505485,7.6722927
5345,4.8766794,11.648786
5346,6.7496686,11.250309
5347,6.316154,9.656858
5348,4.7369175,11.264889
5349,5.049498,12.114008
5350,4.5291967,10.432803
5351,3.7163296,11.124314
5352,4.40031,10.213331
5353,5.0968785,7.836762
5354,5.6740093,12.701194
5355,5.200543,5.4634366
5356,5.7114487,10.774399
5357,4.7020583,11.876598
5358,5.8994956,11.570869
5359,6.160802,8.715708
5360,5.931748,10.04937
5361,5.4697595,8.527436
5362,5.320762,9.339396
5363,5.207688,10.455728
5364,5.795718,11.603135
5365,4.4325557,12.022077
5366,5.6756964,12.398522
5367,5.3348866,10.986607
5368,5.669789,10.810917
5369,6.5465746,10.14596
5370,5.943911,14.029775
5371,4.6317215,9.180346
5372,4.2467895,7.0782456
5373,4.3704095,10.990565
5374,7.175421,9.738751
5375,6.475919,9.927531
5376,7.1522446,13.13259
5377,4.9962506,7.8163247
5378,6.801443,6.1456556
5379,5.9508495,10.715619
5380,4.82726,12.262274
5381,4.3543253,12.981347
5382,5.68408,10.449779
5383,4.3281584,10.38638
5384,5.1162367,10.135331
5385,5.8620577,11.259493
5386,7.3038173,7.7652454
5387,7.449062,11.120131
5388,5.617167,7.698042
5389,6.0686197,8.59594
5390,5.876253,11.369629
5391,4.412433,8.812704
5392,6.248362,9.131296
5393,6.9458904,9.795452
5394,7.1713195,8.4114
5395,7.121089,5.893337
5396,7.9286423,4.6962724
5397,6.0169044,4.522942
5398,6.0769444,2.5251384
5399,5.302087,8.641971
5400,4.330225,8.982179
5401,6.5112734,9.900025
5402,6.4950705,6.5736227
5403,5.419809,8.342495
5404,5.161884,8.715702
5405,4.9851146,9.99331
5406,4.974708,12.043107
5407,7.8709326,10.989976
5408,7.724558,10.68748
5409,6.5621614,12.305675
5410,5.70117,7.3205056
5411,5.801289,8.71543
5412,5.78868,5.2392154
5413,7.2484975,6.261786
5414,5.798985,8.569898
5415,6.903023,7.966593
5416,6.8566437,8.080744
5417,6.754171,8.307535
5418,5.582266,6.1859264
5419,7.100569,8.7172985
5420,6.6856537,7.733969
5421,5.5630355,3.3245468
5422,6.506799,5.311039
5423,6.5167885,4.451303
5424,6.31865,9.276994
5425,6.315069,6.221883
5426,5.9963875,7.4713116
5427,5.459299,5.5766273
5428,6.104805,6.411798
5429,5.154364,6.3813486
5430,6.1275964,5.694702
5431,6.293149,4.7951183
5432,5.8624415,7.3754654
5433,5.7948427,-0.36300075
5434,7.7938175,2.7488697
5435,6.6502194,3.5708952
5436,7.9751706,5.141649
5437,7.5878015,7.608976
5438,4.5495224,11.842077
5439,5.6850657,6.6140914
5440,6.1228805,7.866243
5441,6.454618,10.522584
5442,7.3504295,8.13983
5443,5.55309,6.186235
5444,4.7403593,7.3163514
5445,5.8830895,8.70546
5446,5.363563,9.287822
5447,7.1765575,9.760147
5448,5.692447,13.308178
5449,4.491375,11.969846
5450,4.2904544,13.48605
5451,5.7073817,8.796553
5452,5.142772,10.752971
5453,5.525747,14.234701
5454,5.165232,10.377969
5455,4.231134,13.744818
5456,3.9689584,10.3073015
5457,5.708631,13.3275585
5458,6.5440927,13.353545
5459,4.987342,12.306678
5460,6.2677083,11.089851
5461,5.3315716,10.573558
5462,4.181253,12.987149
5463,5.4071984,14.032221
5464,4.2037425,11.396594
5465,5.1487722,15.52365
5466,4.5361404,14.777792
5467,6.0127735,11.677094
5468,6.837052,11.884526
5469,4.753358,9.773938
5470,6.233884,11.487118
5471,4.7447658,11.844321
5472,3.5732725,10.942557
5473,4.3009152,10.443013
5474,4.87418,8.968985
5475,5.8821445,5.0325
5476,6.1673846,11.759442
5477,5.0343943,12.405044
5478,5.5197163,12.356711
5479,4.560449,10.555636
5480,4.843254,11.825813
5481,6.5343175,13.050228
5482,4.135411,12.218384
5483,4.485011,9.061168
5484,5.4836545,12.917676
5485,5.615137,10.40163
5486,4.8781433,13.592251
5487,4.7214756,12.845222
5488,7.09165,12.554472
5489,6.931572,11.043155
5490,6.471392,16.105223
5491,5.720937,12.260101
5492,6.4499054,9.287895
5493,6.01931,8.957404
5494,4.4938316,10.752864
5495,6.1404767,12.515774
5496,5.561242,9.980895
5497,4.5387354,9.932577
5498,6.2085285,10.557296
5499,5.385302,13.503655
5500,5.774908,15.230184
5501,5.0951295,16.749428
5502,6.8219256,14.211906
5503,5.098686,14.761642
5504,5.682986,12.933997
5505,4.7247505,12.957339
5506,4.3208213,14.746212
5507,5.4294972,13.575866
5508,5.018941,13.843417
5509,5.0854173,16.250492
5510,6.536177,12.718812
5511,5.470546,14.013462
5512,4.7167525,12.446002
5513,4.9093924,14.315635
5514,3.987687,17.532055
5515,5.086808,14.646835
5516,6.0960703,14.95712
5517,7.2931857,15.7708
5518,5.1436057,12.34559
5519,5.04048,14.186007
5520,5.775626,18.37306
5521,5.114231,19.546766
5522,5.1240005,15.405152
5523,7.167366,13.777018
5524,5.7271476,16.377714
5525,4.5225954,11.965201
5526,5.98051,14.479569
5527,5.194031,9.580666
5528,6.68054,13.699739
5529,6.911832,15.76137
5530,5.4009733,12.105433
5531,4.2570105,14.45569
5532,5.5416856,15.332616
5533,6.1350765,15.546207
5534,5.209236,16.520735
5535,6.92596,12.966262
5536,5.4600987,11.785432
5537,6.2438397,11.19932
5538,6.763054,14.051241
5539,6.3716826,9.244858
5540,5.494793,13.404938
5541,6.6226664,13.212734
5542,4.1692657,11.432359
5543,5.596245,9.485299
5544,5.9382443,13.913858
5545,5.6302137,12.7671995
5546,5.216006,15.758278
5547,4.567189,12.961251
5548,6.0492396,15.852327
5549,6.433439,12.689472
5550,4.814928,13.6293955
5551,5.9950867,9.798353
5552,4.3844066,8.517277
5553,5.1055245,11.926979
5554,6.301658,13.236057
5555,3.6246486,12.860656
5556,6.9504895,14.239192
5557,5.10246,6.848089
5558,6.408895,11.988898
5559,3.9838657,12.918795
5560,6.0088706,13.585473
5561,6.365635,11.309688
5562,5.172183,13.755045
5563,5.76131,15.349666
5564,7.3095393,12.227725
5565,5.141902,12.806005
5566,5.8255234,12.924034
5567,3.9863772,12.335141
5568,4.8836513,12.442481
5569,6.613686,14.0313635
5570,5.8154306,13.436816
5571,5.7209725,13.470063
5572,2.9695587,15.314011
5573,5.791716,13.594444
5574,4.1155972,9.141179
5575,5.74308,14.741723
5576,5.402071,10.686319
5577,4.4210353,13.693337
5578,3.9064705,14.543648
5579,4.0192213,13.2727585
5580,5.583084,13.135375
5581,5.4024754,12.424256
5582,3.7498684,12.447821
5583,5.8517547,12.674981
5584,6.1108317,8.703959
5585,5.037061,11.988329
5586,4.015069,12.602123
5587,3.4931731,13.895919
5588,5.8949256,14.865038
5589,4.908809,10.630144
5590,4.2763352,10.714485
5591,5.0625596,15.452468
5592,5.206116,14.442634
5593,3.3204033,13.439836
5594,4.0395555,14.887252
5595,5.753228,9.132536
5596,6.133132,11.397994
5597,5.020237,14.640157
5598,5.418031,12.282049
5599,5.6438923,10.816912
5600,5.443684,13.550796
5601,5.419342,15.321656
5602,5.9256864,14.380664
5603,4.055338,13.620271
5604,4.567969,9.115484
5605,6.5658717,12.760225
5606,5.739329,13.332052
5607,4.6054683,13.94859
5608,4.48879,14.809675
5609,5.1531587,15.754039
5610,6.073643,9.6929865
5611,7.2366004,9.361238
5612,5.1867976,8.658123
5613,6.640222,12.8088665
5614,6.4722238,12.271861
5615,6.099922,6.5232625
5616,6.0312114,13.426585
5617,5.701089,8.593212
5618,6.0837026,8.642243
5619,6.500934,11.504057
5620,5.8720818,9.624923
5621,4.8943458,9.130805
5622,3.4414167,10.702987
5623,4.1915383,13.314366
5624,4.2474065,13.75249
5625,4.313923,12.395968
5626,3.3874655,11.551624
5627,3.9306035,11.805968
5628,5.613117,11.562188
5629,4.5599256,9.2564945
5630,5.190853,13.588596
5631,4.990695,15.5888
5632,3.8952425,17.090038
5633,5.351623,17.142483
5634,5.3704805,15.467165
5635,4.736291,12.105061
5636,7.0119886,13.721533
5637,5.256841,14.072865
5638,6.932572,14.758603
5639,5.4841595,13.151371
5640,4.95514,17.6254
5641,4.1660895,12.123067
5642,6.0304856,12.444215
5643,7.440773,13.369687
5644,7.3274217,12.334904
5645,7.8662024,14.430433
5646,7.061541,13.34515
5647,5.4064813,11.9860115
5648,4.886373,12.032399
5649,6.792918,13.3661375
5650,4.582861,11.5687475
5651,4.6211386,12.971188
5652,5.33798,13.157349
5653,5.166846,11.364879
5654,7.1100826,9.721447
5655,5.803886,10.575941
5656,5.4424877,6.5772676
5657,7.1260953,7.5816107
5658,5.6360407,6.6340322
5659,4.931927,2.7386825
5660,5.1073647,6.1714425
5661,5.989563,10.4960985
5662,4.422136,3.2415175
5663,5.9860926,5.423786
5664,4.8400364,12.081473
5665,5.245203,10.389827
5666,5.196637,12.313111
5667,6.6059213,6.9787173
5668,6.4458914,11.128272
5669,6.951488,10.563512
5670,4.8404737,9.119481
5671,7.6409802,11.153938
5672,6.660166,11.255001
5673,5.5614457,11.069483
5674,6.1123505,8.121531
5675,5.1293674,8.476209
5676,4.006472,11.001445
5677,6.7891617,8.954936
5678,5.722352,1.6953095
5679,5.34479,4.025647
5680,5.8225307,8.065917
5681,4.322818,8.696711
5682,5.5620384,10.90078
5683,4.125807,6.3363223
5684,4.8303084,6.796671
5685,4.426025,3.8094857
5686,6.218943,5.4146686
5687,4.8614483,7.088463
5688,5.936403,4.2796755
5689,4.798951,4.5779796
5690,6.141391,5.2802672
5691,6.7108755,3.8653753
5692,6.4322214,4.4822683
5693,6.6762915,10.960881
5694,6.265597,7.0987988
5695,5.1037607,6.1452928
5696,5.737036,9.072983
5697,5.1493783,7.376552
5698,6.361071,4.25954
5699,5.493025,5.579206
5700,5.1483345,8.030649
5701,5.3271704,8.599494
5702,5.6439543,8.292895
5703,6.7181435,12.502296
5704,5.675728,9.831206
5705,5.688861,10.655216
5706,6.9117637,11.571987
5707,7.19018,10.327563
5708,5.4674797,11.602119
5709,6.6066527,12.460338
5710,7.6339374,9.166675
5711,7.105253,10.098855
5712,5.5359178,9.649991
5713,6.222692,9.013738
5714,6.08974,8.15711
5715,7.451622,4.95741
5716,5.990069,5.3513565
5717,6.3756547,9.655353
5718,4.989387,8.232351
5719,7.74508,11.599038
5720,6.7327805,11.511517
5721,5.242491,11.52693
5722,8.046289,11.172109
5723,5.8308415,12.017601
5724,5.454215,10.560907
5725,5.115711,10.749808
5726,4.1400075,7.598581
5727,7.1173897,7.4855185
5728,5.14459,5.323554
5729,6.5732827,12.205482
5730,5.3847303,14.459258
5731,6.304481,11.371872
5732,6.520801,10.821885
5733,5.517648,12.224233
5734,5.706965,12.608378
5735,6.535311,12.877896
5736,6.32905,11.193842
5737,7.1801605,14.129976
5738,4.9467697,13.741077
5739,6.3734074,13.660896
5740,5.757417,11.591113
5741,6.2713065,8.4492445
5742,5.168708,8.91508
5743,6.117227,6.1750436
5744,5.1730347,8.237357
5745,4.175805,9.558753
5746,4.1788187,9.364072
5747,5.9933066,10.505843
5748,5.8657446,7.160835
5749,6.0674005,11.704573
5750,5.0926623,10.674123
5751,4.9134703,14.947952
5752,5.804102,12.498822
5753,5.628395,5.619013
5754,4.383522,6.2920723
5755,4.0865674,6.042201
5756,3.7481437,8.652906
5757,1.9493563,8.366646
5758,4.135711,10.598764
5759,3.5087416,12.297555
5760,3.9586637,10.715374
5761,3.4132679,6.580903
5762,4.740661,9.391714
5763,3.5356035,8.957733
5764,4.894685,11.156328
5765,3.7158248,11.511955
5766,6.4786906,11.2813015
5767,5.14415,11.7373085
5768,4.135962,14.035062
5769,3.762391,10.259061
5770,4.4685693,8.187806
5771,4.384748,9.048664
5772,6.2628484,9.011181
5773,4.794014,13.026541
5774,3.8145273,11.122486
5775,4.6855464,10.341917
5776,3.7885807,7.8308706
5777,3.6367536,8.851288
5778,4.303179,10.769126
5779,4.781408,9.785674
5780,3.9084795,9.262307
5781,4.8884997,11.189365
5782,4.0683675,10.417739
5783,4.1720457,14.144915
5784,3.828807,8.466183
5785,4.393887,9.166383
5786,3.9982486,10.751805
5787,5.483585,9.284729
5788,4.877644,12.6339035
5789,3.687086,11.333148
5790,5.350038,8.744894
5791,3.7449172,9.047473
5792,4.515726,8.451947
5793,4.306678,8.910999
5794,5.012209,7.9310875
5795,2.139489,7.0886693
5796,3.3774688,6.603839
5797,4.4463167,7.953585
5798,4.7809734,10.970829
5799,4.1802506,12.013193
5800,4.3791738,9.067696
5801,5.6313076,9.534646
5802,3.7902637,10.2134075
5803,3.7950222,11.881848
5804,4.568949,5.4288735
5805,5.1423316,10.540613
5806,4.430448,9.104542
5807,5.6387734,9.069618
5808,5.504523,9.141639
5809,4.6324205,7.46434
5810,4.4808903,9.37472
5811,3.6516674,10.268626
5812,4.3806586,12.298595
5813,5.583475,17.844538
5814,6.6844187,12.429767
5815,5.796771,12.418765
5816,6.071992,12.365012
5817,5.98166,10.072509
5818,6.1271386,11.44855
5819,4.9409304,12.975799
5820,6.219255,11.723223
5821,7.753214,10.5379305
5822,6.6496506,12.9778805
5823,4.465403,10.487807
5824,4.77768,13.319918
5825,6.25241,11.928229
5826,4.180595,9.774152
5827,5.1303363,8.885921
5828,6.6914916,7.6667995
5829,5.878738,10.768978
5830,4.9979305,10.033541
5831,4.4406095,10.596035
5832,3.864038,8.253537
5833,5.1157436,13.229399
5834,6.038775,10.948018
5835,5.5880804,14.941802
5836,5.0442333,13.84838
5837,5.6550837,14.12355
5838,4.908383,9.936399
5839,6.4879465,14.994118
5840,4.761238,11.801413
5841,6.7955947,16.1277
5842,5.9886513,17.328657
5843,4.880625,16.453667
5844,4.77077,15.095666
5845,4.817087,17.81351
5846,5.275174,14.139405
5847,4.3537226,16.011637
5848,4.8113565,14.3081665
5849,4.54735,11.543897
5850,4.7906256,9.624666
5851,4.654162,13.121872
5852,5.1045995,14.368903
5853,7.2611313,16.53342
5854,5.594223,14.807284
5855,5.877573,13.495201
5856,4.5850186,16.710651
5857,4.4909463,12.37291
5858,4.654018,13.559988
5859,5.4875927,11.475324
5860,6.0858665,12.522314
5861,4.7399926,10.292937
5862,4.801335,7.8208303
5863,3.9135196,9.207459
5864,4.6694303,9.001995
5865,3.4688346,5.7691364
5866,5.858463,11.575357
5867,4.536549,12.04553
5868,3.177543,9.436418
5869,5.2486815,10.942759
5870,4.7984605,14.469584
5871,4.4657702,14.7119875
5872,4.3149257,10.845985
5873,4.68168,13.729669
5874,5.051557,13.941254
5875,5.8099613,13.797989
5876,4.7640305,12.734009
5877,4.2800946,13.68408
5878,5.080886,15.6424265
5879,6.9506316,13.920478
5880,5.338189,15.735004
5881,6.307536,16.462114
5882,5.676625,16.713379
5883,6.2476315,14.161586
5884,7.0969315,16.933197
5885,6.085875,13.286993
5886,4.5272713,13.698542
5887,4.931025,13.982026
5888,4.2007546,13.20686
5889,5.1846213,10.8927765
5890,4.610914,12.15712
5891,4.845817,12.287307
5892,5.0040417,12.897564
5893,6.105802,14.038813
5894,5.123455,14.464982
5895,4.5213375,15.886247
5896,6.1888986,14.614844
5897,6.815758,16.580557
5898,5.235904,10.278206
5899,7.104082,13.039026
5900,7.8019505,13.871756
5901,5.5342464,16.711845
5902,4.959955,14.32188
5903,7.0822144,10.742361
5904,5.721975,13.12712
5905,5.439628,11.60512
5906,4.795833,9.195875
5907,5.2927713,14.467337
5908,4.8109922,12.897572
5909,4.6347218,12.145512
5910,4.6506276,10.871754
5911,5.307615,9.206151
5912,7.0191503,10.976883
5913,6.8086348,10.277405
5914,5.4791384,11.622774
5915,7.2152286,14.650871
5916,5.6228256,14.498241
5917,6.8231163,13.3437
5918,6.777016,10.102132
5919,6.5418577,11.388404
5920,4.6340795,10.410152
5921,4.603749,10.083014
5922,5.824174,14.415532
5923,5.119775,8.879415
5924,6.297271,8.836988
5925,5.883703,7.341722
5926,5.942463,10.627077
5927,6.1722283,11.4338045
5928,5.1420336,12.360189
5929,4.948945,7.380672
5930,6.516302,13.009776
5931,4.733315,13.545836
5932,3.3315785,10.228283
5933,2.883853,10.46529
5934,4.3103657,10.755607
5935,4.494815,10.669885
5936,2.8407533,13.348849
5937,4.003596,12.149259
5938,5.3046923,12.871707
5939,5.016835,8.098425
5940,5.317939,12.585688
5941,5.438407,10.343866
5942,6.2309413,10.391968
5943,5.702799,12.751238
5944,5.038722,11.099524
5945,3.9848242,11.916253
5946,5.824218,13.475428
5947,4.3619804,9.651167
5948,5.676039,12.395698
5949,6.60197,11.07836
5950,5.0658135,12.152838
5951,5.460774,8.574917
5952,5.5669913,11.704592
5953,4.9523754,12.7639065
5954,6.204016,12.056117
5955,6.025638,9.870003
5956,4.7406077,8.717389
5957,3.3453333,7.4127727
5958,3.7887282,10.259131
5959,4.3000813,9.22557
5960,5.653445,12.160536
5961,5.1151524,10.647028
5962,4.13493,10.883336
5963,4.4289136,11.140737
5964,4.4617496,12.183236
5965,4.275275,9.135073
5966,5.897082,15.134787
5967,5.423084,15.292454
5968,5.2624044,9.914903
5969,6.1789293,15.819778
5970,5.1844234,12.38811
5971,4.488262,9.770635
5972,5.3834662,9.837173
5973,5.6253014,12.909416
5974,6.7954125,11.550403
5975,4.63584,10.412201
5976,5.2036996,10.070804
5977,6.0516787,13.235275
5978,3.7856297,13.858933
5979,3.7748394,10.030994
5980,4.479639,12.284046
5981,3.7964053,11.358579
5982,3.2819903,14.14825
5983,4.2267594,9.894477
5984,5.0641866,13.804399
5985,6.3271704,16.565956
5986,5.3455596,14.241473
5987,5.287809,12.7187805
5988,5.6618567,13.561383
5989,6.01873,14.246328
5990,4.515771,11.244445
5991,5.025099,10.957466
5992,4.7316575,14.594441
5993,5.373422,11.865599
5994,4.747254,11.375612
5995,5.8725967,14.005042
5996,7.403575,14.482094
5997,5.4284515,15.192073
5998,6.3718476,12.981915
5999,5.396563,13.459561
6000,7.000165,16.743492
6001,7.1420827,10.750053
6002,6.5815125,15.04835
6003,7.9754,10.626868
6004,7.9090314,12.588537
6005,6.994138,16.469513
6006,7.428903,13.268603
6007,7.4957814,12.410106
6008,6.4095607,9.657173
6009,6.692482,15.147474
6010,4.9337544,11.797796
6011,6.1982923,14.854937
6012,5.6021333,11.229594
6013,4.6168017,15.119183
6014,4.844556,16.17729
6015,5.109767,15.267787
6016,5.0857296,14.169527
6017,5.700792,11.417687
6018,3.6448853,11.263217
6019,5.7440615,10.299872
6020,5.37369,14.929279
6021,6.6776075,13.243823
6022,4.4141726,15.42414
6023,5.589907,16.0158
6024,5.4007807,11.595092
6025,3.418915,16.62686
6026,3.7853045,11.402595
6027,3.92163,13.061839
6028,5.6809387,11.330377
6029,3.9796116,9.596654
6030,5.378261,7.734477
6031,5.3799896,6.897823
6032,4.513462,9.305242
6033,6.182138,8.401488
6034,5.071035,11.169117
6035,5.1655493,8.646957
6036,5.842502,10.129378
6037,5.536616,7.6802235
6038,4.697979,13.335344
6039,3.6725707,6.449156
6040,5.211063,6.695844
6041,6.044439,9.431571
6042,5.3152757,11.488687
6043,4.994901,12.440863
6044,4.280633,11.8443
6045,5.920297,12.069577
6046,6.532191,9.309212
6047,5.186248,12.64586
6048,4.2708263,9.682671
6049,5.883565,14.704369
6050,4.3955913,11.803679
6051,3.3787384,9.952559
6052,4.555592,9.327491
6053,5.2573776,10.792559
6054,4.181924,12.743529
6055,5.772572,5.6611032
6056,4.3772783,10.928598
6057,6.02687,12.760329
6058,5.8827453,11.589728
6059,6.053891,14.788374
6060,6.983565,12.467305
6061,5.1501565,10.425936
6062,5.0503783,8.891481
6063,5.207486,10.48091
6064,4.4495325,9.103886
6065,4.720105,13.959029
6066,4.5920687,11.298138
6067,4.94648,8.219242
6068,4.6280756,10.328619
6069,5.5854363,10.117459
6070,4.944101,10.435114
6071,5.341526,7.6816254
6072,5.7399306,12.320012
6073,6.1836896,11.881351
6074,4.9470725,13.143655
6075,5.327731,11.418586
6076,5.5451727,11.116311
6077,6.0350323,8.696472
6078,4.8048863,11.264048
6079,6.2587533,11.478462
6080,5.295842,8.848195
6081,5.428251,8.496775
6082,5.1859345,10.753766
6083,4.6571364,12.825669
6084,6.3302574,11.91908
6085,6.853018,7.813979
6086,5.1173306,11.214374
6087,4.7705235,12.511575
6088,5.087259,7.638606
6089,5.453029,10.018555
6090,6.3465137,9.900762
6091,6.0321903,12.32606
6092,4.346557,12.874036
6093,3.5189757,9.599346
6094,4.000213,13.022994
6095,5.2722497,12.209047
6096,5.7406893,7.9490147
6097,4.539225,6.9342623
6098,5.714259,12.49247
6099,5.494663,9.90293
6100,8.005574,14.137804
6101,5.746406,9.898503
6102,6.295785,12.608882
6103,7.1916323,12.666813
6104,5.942846,9.765129
6105,5.5734,13.984738
6106,5.076933,9.177448
6107,4.4059825,15.591534
6108,4.968296,7.22005
6109,6.7323112,13.142651
6110,5.8370414,7.469799
6111,5.7903132,8.474353
6112,6.1687007,10.245745
6113,4.9949284,9.851669
6114,6.3454475,14.025155
6115,5.4208336,13.082281
6116,5.930983,15.689419
6117,4.545479,10.291454
6118,7.146806,13.917059
6119,6.35663,14.343744
6120,4.8345704,12.658706
6121,6.7548714,10.454014
6122,6.8558984,8.976393
6123,5.9091816,11.839868
6124,4.5741267,8.242197
6125,4.0213637,8.118341
6126,6.360371,7.262185
6127,5.7377534,10.865705
6128,5.438951,9.566349
6129,6.589603,8.247759
6130,4.7412963,11.88198
6131,7.067231,13.063112
6132,6.0704603,14.767762
6133,5.4054923,10.6621475
6134,6.7221575,13.494176
6135,4.7122,12.559989
6136,7.070781,8.940457
6137,6.3707542,11.610885
6138,4.5629516,8.969936
6139,5.2821956,10.195548
6140,6.6174283,12.428228
6141,6.196654,13.20595
6142,7.3805137,14.6228895
6143,5.994927,9.960977
6144,6.5125732,11.4006605
6145,5.039378,10.339548
6146,5.5767727,10.796124
6147,6.123203,9.761145
6148,6.0251546,11.266554
6149,5.582133,10.508701
6150,6.7897215,6.624826
6151,7.6071553,10.886769
6152,6.687706,11.215794
6153,6.717426,13.155481
6154,7.634762,11.275792
6155,7.133849,10.528006
6156,5.7770505,13.045022
6157,6.196188,8.459409
6158,7.7140813,15.303148
6159,7.1224413,9.928896
6160,7.5295396,9.559432
6161,5.719299,11.112104
6162,7.7077284,9.243523
6163,6.794711,11.293251
6164,7.225141,7.7960367
6165,5.553044,9.299724
6166,6.001909,9.830857
6167,7.203888,8.289043
6168,6.867705,11.6666565
6169,7.7606206,9.206225
6170,7.1076474,10.340381
6171,5.6269484,11.041895
6172,4.8840294,9.434975
6173,4.0652137,8.614761
6174,5.8264885,12.566874
6175,6.690457,12.21089
6176,5.7809725,9.20797
6177,5.729981,8.924555
6178,6.5414095,11.770991
6179,5.6239147,9.577253
6180,4.954088,7.924155
6181,6.190922,9.924413
6182,5.908465,10.153416
6183,6.2125874,12.682061
6184,6.2484994,8.609779
6185,6.487506,8.093274
6186,6.4809046,8.67672
6187,4.734009,10.055863
6188,4.2968407,13.161268
6189,5.353087,8.535875
6190,4.3358555,8.959739
6191,5.16997,10.202022
6192,6.4408255,6.3297396
6193,5.3442407,8.460637
6194,6.5039835,12.308248
6195,6.642468,11.0205965
6196,7.3841443,8.895186
6197,5.316816,11.593262
6198,5.3031855,11.934
6199,6.8674355,9.1734085
6200,6.887438,14.201594
6201,7.172738,9.835792
6202,5.592624,8.779388
6203,4.2700577,10.962272
6204,6.314974,7.9763603
6205,5.07225,12.367114
6206,4.058196,11.020978
6207,6.488894,8.798662
6208,5.0019665,10.364772
6209,6.7626147,9.649794
6210,4.8154078,10.862406
6211,5.3721337,12.016818
6212,5.9012003,12.47292
6213,5.7210636,11.420325
6214,5.5163875,11.47506
6215,6.499308,14.702271
6216,5.5444345,16.598124
6217,5.6018987,12.450545
6218,5.850079,13.992551
6219,6.265868,13.159289
6220,4.688401,14.110843
6221,6.353176,12.619211
6222,4.787167,10.870347
6223,4.275867,11.555327
6224,4.9606466,13.728371
6225,5.194307,15.358189
6226,5.63969,13.860617
6227,4.8519363,17.350595
6228,6.502959,11.446344
6229,5.153529,10.340629
6230,4.6328535,12.740165
6231,5.2947164,10.069651
6232,4.3301826,10.765822
6233,5.80583,6.7259355
6234,5.696557,12.123204
6235,5.066825,11.304091
6236,5.1794405,9.080359
6237,5.7686443,6.1415563
6238,6.901552,9.310817
6239,5.3746037,11.129588
6240,5.1728725,7.614994
6241,6.069797,7.3975606
6242,4.9511566,6.853193
6243,4.341112,6.9740243
6244,4.8383293,7.2454205
6245,4.205903,9.472721
6246,5.497156,10.691707
6247,5.50934,13.508836
6248,6.0407095,11.413339
6249,6.978813,11.4996805
6250,5.750635,15.350408
6251,4.8849106,11.30925
6252,4.513245,10.387011
6253,5.1229944,11.429293
6254,4.3288603,12.522529
6255,5.18206,10.630707
6256,6.1637764,10.607486
6257,4.5881395,13.953661
6258,5.33916,11.797237
6259,8.460168,10.8910475
6260,6.3945837,13.346239
6261,4.812314,13.536639
6262,5.393532,12.537409
6263,3.9824586,13.25191
6264,4.45647,10.857045
6265,3.1262774,10.617407
6266,5.9896364,7.3357487
6267,5.129523,12.1971655
6268,5.598299,15.785656
6269,5.0898757,12.535835
6270,6.4227805,12.137923
6271,4.828668,11.808452
6272,5.609934,12.016618
6273,4.3083196,10.1321745
6274,4.5819883,9.245396
6275,6.037644,11.747912
6276,5.480298,10.244823
6277,6.8078723,10.194197
6278,5.1877317,12.834145
6279,5.341601,15.976989
6280,4.758997,11.886022
6281,5.7554493,13.925445
6282,5.2491913,12.469092
6283,5.076386,12.373457
6284,4.5642242,14.325993
6285,5.0368185,14.582916
6286,6.9795637,11.619641
6287,5.428874,10.999746
6288,5.670201,10.734688
6289,5.830327,15.615747
6290,6.6299887,15.243235
6291,4.2326937,13.315379
6292,4.6311774,10.510031
6293,5.539032,15.378111
6294,4.9066424,8.945346
6295,4.098987,12.906402
6296,4.324457,17.979256
6297,5.726106,13.741388
6298,5.571125,14.60222
6299,5.7664895,11.239869
6300,5.403804,10.432831
6301,5.4500513,7.325392
6302,5.2316666,10.121395
6303,4.3807173,8.493774
6304,5.9371123,10.16786
6305,6.2987657,10.15972
6306,5.388625,11.369887
6307,5.754167,10.609056
6308,5.244361,9.143777
6309,4.778317,7.7834024
6310,5.6377883,9.114962
6311,4.678833,10.937735
6312,6.180926,10.611771
6313,5.8875756,9.003106
6314,5.9664807,10.955489
6315,4.890193,5.6287985
6316,5.9357734,6.4626827
6317,6.289134,9.221679
6318,8.7153,8.4032545
6319,5.434545,11.878979
6320,5.314118,14.716368
6321,5.1066575,15.254682
6322,5.6711674,12.734361
6323,4.29813,14.709377
6324,5.2211447,11.673847
6325,4.695037,9.993512
6326,5.439573,11.280501
6327,6.088534,15.162599
6328,4.021269,11.854275
6329,3.9294093,12.147131
6330,5.6221347,11.668161
6331,5.1200013,12.16005
6332,4.0122676,9.978618
6333,4.2660646,11.947741
6334,5.0956674,11.939563
6335,5.660511,13.899528
6336,4.895255,10.353515
6337,5.453224,11.907056
6338,4.62664,10.681738
6339,5.8119755,13.887754
6340,4.536619,13.404195
6341,6.3228326,12.431622
6342,5.143953,11.689394
6343,6.761509,13.024426
6344,4.700691,15.23735
6345,5.6347065,12.230746
6346,6.242872,8.987882
6347,4.828422,10.450844
6348,4.6000786,12.505706
6349,4.891091,14.609872
6350,4.7930374,13.133133
6351,5.2565374,13.459523
6352,5.3236704,15.84493
6353,5.5573716,15.310969
6354,6.1559014,13.5805645
6355,5.9919786,13.852046
6356,5.724011,16.646078
6357,6.429958,17.242218
6358,6.2752414,13.5056095
6359,5.957593,14.099422
6360,6.696661,13.516951
6361,6.560824,11.78375
6362,7.191555,13.9493065
6363,4.6654716,17.540564
6364,5.377067,12.985512
6365,4.948335,13.315269
6366,4.195586,16.161596
6367,5.456036,14.6927
6368,5.566066,12.416298
6369,7.022403,10.692547
6370,6.3421135,13.558984
6371,7.992271,13.845632
6372,5.621814,10.46967
6373,5.3101935,9.221452
6374,5.903198,11.390686
6375,5.4222994,11.907088
6376,6.247152,11.9328
6377,6.450627,10.699199
6378,6.2696357,15.184563
6379,6.0539117,17.836515
6380,6.3743916,10.8281355
6381,7.0306954,10.651134
6382,5.4165044,10.3183975
6383,6.0826893,11.779409
6384,3.8916416,12.092481
6385,5.7705393,12.304153
6386,6.033405,11.799517
6387,5.2029114,13.496649
6388,5.2134213,16.132908
6389,6.520003,14.5858555
6390,5.814828,15.452658
6391,5.1009893,16.470985
6392,5.5163217,14.447795
6393,5.2786093,16.291342
6394,4.8711896,14.337959
6395,5.8556633,11.163746
6396,5.600922,12.598248
6397,5.322811,12.850226
6398,4.920201,13.514242
6399,4.9201126,14.263399
6400,3.1270685,12.800739
6401,4.2411513,8.479008
6402,5.273245,10.259836
6403,5.336409,12.883681
6404,7.1452193,10.32618
6405,5.207072,16.018131
6406,6.38274,11.868216
6407,3.7295864,11.701617
6408,6.0948615,14.780786
6409,4.5708947,15.0536785
6410,4.9849606,13.719471
6411,5.5090985,9.020252
6412,5.834029,11.177928
6413,6.2960773,11.444773
6414,6.808248,14.228271
6415,4.883296,10.704866
6416,5.9970574,14.471336
6417,5.88154,12.21847
6418,5.1562867,9.922663
6419,4.761422,14.676995
6420,5.267685,14.916011
6421,4.528063,13.462232
6422,4.645322,14.999601
6423,6.365735,12.661912
6424,5.854382,11.040574
6425,5.0561523,13.716409
6426,5.52364,14.130105
6427,5.410685,11.645831
6428,7.242628,15.163282
6429,5.595533,13.613053
6430,6.005742,14.883313
6431,5.822975,15.430952
6432,5.399043,15.475601
6433,7.62721,11.56868
6434,4.7008815,13.165049
6435,7.262253,13.983412
6436,5.689114,12.555616
6437,6.0124283,14.97453
6438,5.9351125,15.2391815
6439,6.5701094,13.695813
6440,5.5833077,14.625135
6441,7.420277,12.762613
6442,6.8514314,12.101557
6443,6.132653,9.530792
6444,5.80737,12.8323965
6445,7.047966,11.9336815
6446,6.195436,11.470721
6447,6.6016965,10.463905
6448,3.8247101,9.96082
6449,5.546876,10.162649
6450,4.8934846,9.572603
6451,5.636267,12.558393
6452,6.033007,9.714027
6453,4.1953974,11.462337
6454,5.6409636,10.782039
6455,5.8374586,10.629007
6456,5.1004887,6.633884
6457,6.049696,11.56912
6458,5.3044114,11.992479
6459,4.605342,11.506085
6460,5.769157,8.786719
6461,5.101047,12.26473
6462,5.1993375,7.035097
6463,5.359963,11.785283
6464,5.451627,10.066147
6465,4.876225,13.926807
6466,7.3166094,16.317368
6467,6.888018,17.30301
6468,5.5008426,13.5410385
6469,4.7836413,13.736455
6470,6.65352,15.520701
6471,6.796279,14.005476
6472,5.8254895,11.528045
6473,6.542056,13.625855
6474,3.8155582,9.935746
6475,6.5778394,14.747988
6476,4.9759226,16.520222
6477,5.746878,10.9217205
6478,5.2105207,14.323067
6479,5.1811376,14.260648
6480,6.152461,12.464712
6481,5.8193083,12.956607
6482,6.039639,14.665314
6483,6.7874923,13.635958
6484,9.098026,11.477928
6485,5.6001387,12.083634
6486,4.8561697,10.912869
6487,5.7328196,10.999409
6488,7.6397796,10.315655
6489,3.6051862,12.82714
6490,5.9224844,16.472023
6491,5.35565,14.235111
6492,3.708531,10.927885
6493,3.5597134,12.67848
6494,6.7847576,12.459705
6495,7.162591,11.006885
6496,4.0384045,14.610487
6497,5.7335086,12.29328
6498,5.1504865,13.867323
6499,5.452101,14.456134
6500,6.359605,15.649826
6501,5.210075,13.178691
6502,4.2142286,13.481432
6503,5.399418,12.255309
6504,5.677579,13.230692
6505,7.810167,11.874694
6506,4.130792,14.1977415
6507,5.6661963,13.840748
6508,3.998639,14.6039
6509,5.505153,14.932596
6510,5.8571835,15.327298
6511,5.9391613,17.44999
6512,5.8109283,16.096647
6513,5.1555986,17.595295
6514,6.0636287,12.837294
6515,5.7988343,12.713156
6516,3.5730634,13.359893
6517,4.5974617,12.749826
6518,6.384489,13.512521
6519,3.5821688,14.289557
6520,2.9286344,11.772935
6521,4.669609,11.679334
6522,3.9943259,13.876644
6523,3.7978666,12.499989
6524,6.878235,9.678535
6525,7.090787,11.282679
6526,7.2401967,15.648669
6527,5.945291,11.131814
6528,5.9471116,9.36707
6529,6.6139607,7.809168
6530,6.9418426,11.154676
6531,6.8118925,15.8420515
6532,4.761312,12.36043
6533,5.2775445,12.156941
6534,5.7301188,12.631406
6535,7.8253884,11.607994
6536,6.8935833,14.006765
6537,7.4192204,12.217755
6538,5.603425,10.030414
6539,4.8012567,12.357488
6540,6.201661,10.9710865
6541,4.857693,11.008162
6542,5.8625684,12.745565
6543,6.1811013,12.520124
6544,5.8625546,13.536356
6545,6.3659253,11.963766
6546,5.9088163,13.524
6547,4.84793,11.064506
6548,5.2863564,14.368316
6549,5.7813087,12.549169
6550,5.304031,13.145464
6551,5.3344975,11.966241
6552,4.5231805,11.878332
6553,6.107566,14.503868
6554,5.2885523,12.497022
6555,4.2811913,13.957239
6556,5.882812,9.843593
6557,5.1717806,13.014211
6558,6.95468,13.280612
6559,4.633033,12.377345
6560,7.0053387,11.574329
6561,6.7205696,12.4384985
6562,7.290612,12.49081
6563,5.6635723,12.811655
6564,5.62607,12.285251
6565,4.9732523,12.030077
6566,7.329503,9.282502
6567,4.9978504,9.904881
6568,6.601619,15.059314
6569,6.7734404,12.440272
6570,6.5002847,9.443675
6571,4.810289,9.250808
6572,6.201879,13.822509
6573,7.166022,10.304841
6574,5.5175557,16.188444
6575,5.5931106,11.439998
6576,6.8781424,11.609138
6577,6.783929,13.2073555
6578,6.7103515,12.103231
6579,5.075691,13.108946
6580,4.8926487,7.2648253
6581,5.0078516,8.388678
6582,4.6734724,12.595026
6583,4.409342,11.5568495
6584,5.183619,15.113232
6585,6.005855,13.702578
6586,4.831153,12.271029
6587,6.3470125,12.053247
6588,6.1111283,14.876516
6589,5.3275504,15.097391
6590,4.7835217,11.8954115
6591,5.372486,14.877337
6592,5.541707,11.816337
6593,5.8744717,15.947954
6594,7.4440556,12.887236
6595,6.413506,13.6464615
6596,6.022865,17.382833
6597,6.323092,13.866981
6598,4.5147743,12.316598
6599,5.968934,14.217724
6600,4.1087294,16.412077
6601,4.957859,13.31314
6602,4.8817873,14.120553
6603,4.8382163,14.676162
6604,5.4979663,10.67416
6605,5.9949985,13.833349
6606,6.969198,11.583744
6607,6.8234935,12.886407
6608,5.4523215,11.383283
6609,5.6095657,11.843927
6610,7.8248076,11.426033
6611,6.3753123,14.128815
6612,5.7979546,15.6920185
6613,5.311412,18.034101
6614,7.3552685,14.697278
6615,4.875848,13.12412
6616,4.6075325,10.705564
6617,6.0045667,11.570723
6618,5.9654346,10.456409
6619,3.944373,11.778372
6620,4.801861,10.656128
6621,6.702875,10.381903
6622,4.0998373,10.808143
6623,6.3264575,10.343056
6624,4.472417,12.506551
6625,6.0301213,10.393949
6626,4.7450223,11.557954
6627,3.413855,9.975074
6628,5.1165237,13.598239
6629,6.142748,10.934506
6630,6.486371,13.717885
6631,5.349711,13.75747
6632,5.0627146,14.514123
6633,4.1803007,11.259142
6634,4.8588033,11.015473
6635,6.0193987,16.774858
6636,5.9227023,11.270447
6637,5.0799017,11.323493
6638,5.601097,10.842725
6639,6.208028,12.033967
6640,5.9162235,15.156572
6641,5.306595,13.789857
6642,4.500103,14.379369
6643,5.643419,13.043447
6644,6.3499403,13.79925
6645,5.3716197,13.494542
6646,6.165694,11.337822
6647,6.3827305,14.692068
6648,6.009647,12.904427
6649,6.306237,16.118273
6650,5.4967756,13.39573
6651,5.3947005,13.09103
6652,6.731923,13.938783
6653,7.1082215,12.939167
6654,6.3980885,14.277325
6655,6.639244,11.003299
6656,4.799485,12.541828
6657,6.68158,12.742742
6658,6.306411,13.342832
6659,6.949885,13.808124
6660,6.194944,11.199929
6661,7.3294206,10.300804
6662,6.3643975,9.159655
6663,6.811866,10.417683
6664,5.767891,9.104885
6665,5.274246,11.2842
6666,6.679125,8.373673
6667,4.0569825,12.1758175
6668,4.8530807,9.956566
6669,4.796954,11.112273
6670,6.283917,9.619911
6671,5.300191,10.5263815
6672,5.178029,13.034758
6673,6.089731,11.630275
6674,5.909151,12.677285
6675,6.4142404,12.19974
6676,7.0327845,12.639599
6677,6.1288595,16.608742
6678,6.0730734,10.308553
6679,6.1705327,15.922988
6680,6.1761036,13.587987
6681,6.2152696,16.628185
6682,6.1919975,13.778547
6683,5.189089,15.298877
6684,5.087618,16.553347
6685,6.770194,13.229085
6686,6.0222597,10.9354515
6687,6.1064487,13.647508
6688,6.460612,13.089163
6689,5.661335,15.054134
6690,6.183588,13.204894
6691,6.57891,13.5138855
6692,6.976894,15.063525
6693,4.023712,9.671927
6694,5.4720454,10.828349
6695,5.1238055,11.30487
6696,3.3467515,12.309306
6697,6.14724,11.601681
6698,6.4062257,14.292643
6699,5.4381814,11.587918
6700,5.254516,10.218271
6701,4.7506475,11.060263
6702,4.8666835,11.068863
6703,4.832498,10.6772375
6704,6.9166803,12.968289
6705,7.3670154,16.646912
6706,6.6431017,16.311668
6707,5.6605577,14.87533
6708,4.990218,13.734282
6709,6.7108455,12.03056
6710,7.3470874,11.522245
6711,7.2121296,14.550555
6712,5.982583,11.519875
6713,6.4952908,14.534026
6714,4.472971,15.352694
6715,5.633965,10.175724
6716,6.127699,13.224746
6717,6.2374854,13.277984
6718,5.4152794,13.284607
6719,4.979232,11.881925
6720,5.668973,16.044157
6721,6.558689,16.036432
6722,7.496103,13.44158
6723,5.0473485,16.704351
6724,7.1914444,13.250912
6725,5.794671,13.195801
6726,6.3808804,10.645892
6727,6.3437343,11.94724
6728,6.4184628,13.446709
6729,5.794606,11.238193
6730,4.2191963,13.639766
6731,5.100393,14.095489
6732,5.6771054,12.603216
6733,6.2840977,13.808811
6734,6.0859475,10.249196
6735,5.8543596,9.660575
6736,7.527421,14.005991
6737,5.104189,16.857412
6738,6.327654,12.4362335
6739,4.833062,11.60594
6740,7.085874,14.93401
6741,4.843863,11.226837
6742,6.3716674,16.215784
6743,6.216366,10.726728
6744,5.851812,14.612618
6745,4.839928,14.786217
6746,5.1470103,12.364161
6747,6.7091575,13.914775
6748,6.6390805,11.755453
6749,5.4870386,14.182731
6750,5.837613,12.931685
6751,4.718084,5.9452653
6752,7.1203055,7.840513
6753,8.029071,9.674399
6754,6.938765,10.758409
6755,8.3614435,10.900743
6756,7.258153,15.825378
6757,7.181346,12.456149
6758,6.886067,9.872816
6759,6.7467647,12.935914
6760,7.0844226,12.03692
6761,7.3567047,13.060973
6762,7.091683,14.106178
6763,4.938984,14.149088
6764,5.911353,13.137308
6765,6.6893654,14.50822
6766,4.5160336,13.625299
6767,5.7826524,12.295328
6768,5.0725102,12.037391
6769,6.359007,15.205684
6770,4.4875097,13.205581
6771,5.981258,9.573367
6772,4.976056,14.60589
6773,5.8338547,11.101851
6774,5.357539,10.542914
6775,5.512134,11.674725
6776,4.547175,11.079006
6777,4.6745687,14.419273
6778,5.3396277,10.491377
6779,5.105102,9.933005
6780,5.8136,8.765126
6781,6.6594925,12.4721775
6782,6.961023,6.0416946
6783,6.1874785,11.583072
6784,6.3047657,10.435984
6785,7.0274186,5.1285043
6786,6.125099,8.424149
6787,5.976023,6.4175367
6788,4.238853,9.733036
6789,5.1852612,10.873389
6790,4.5663905,7.792441
6791,4.9695067,3.7074254
6792,6.3896646,4.396661
6793,6.193525,9.807533
6794,5.4506,8.780452
6795,4.6634817,7.279471
6796,5.423755,12.357431
6797,4.869094,12.561314
6798,5.6287365,13.449078
6799,4.851568,8.237841
6800,5.6970696,10.806235
6801,5.515458,7.6441298
6802,5.761485,9.943861
6803,6.456336,11.841357
6804,5.559712,7.863153
6805,5.0128436,10.090344
6806,5.6406293,12.69127
6807,7.6424055,10.855233
6808,6.57828,12.752492
6809,5.2354684,14.649608
6810,5.350678,11.158512
6811,6.2618365,13.820813
6812,5.6083236,8.342068
6813,5.2966604,13.023628
6814,6.4680715,11.70579
6815,5.4648495,13.556966
6816,6.549615,12.557763
6817,6.704005,14.483697
6818,6.7455964,9.628188
6819,6.5709887,9.974354
6820,6.374445,9.898177
6821,5.6643305,11.878389
6822,6.35082,9.909946
6823,6.34836,15.27543
6824,6.6349897,14.176918
6825,5.600393,13.594522
6826,5.491247,14.664171
6827,7.096004,14.719284
6828,6.7136636,13.265014
6829,5.3931575,14.078514
6830,5.97414,14.439723
6831,3.3930314,12.65824
6832,6.3061323,15.784394
6833,5.6282125,14.343378
6834,5.5157166,15.707912
6835,5.3859944,17.568178
6836,5.227694,15.7451315
6837,5.965394,12.4938345
6838,4.297105,13.923446
6839,6.1269746,13.122703
6840,5.990245,14.376534
6841,6.3975663,17.891047
6842,6.260014,17.871607
6843,4.6382203,13.226114
6844,5.1927924,14.562706
6845,6.1150455,16.37662
6846,5.271766,13.233526
6847,6.72198,13.40871
6848,5.2432327,13.847767
6849,6.157382,12.2121935
6850,5.007612,16.903128
6851,4.794768,16.890343
6852,6.2319794,17.154234
6853,5.5386696,15.853926
6854,5.2101927,14.775083
6855,5.1510396,11.725022
6856,6.478672,14.696748
6857,5.176128,13.585928
6858,4.910613,11.689662
6859,4.8930736,11.308276
6860,6.112521,6.6459355
6861,4.7486854,14.649831
6862,5.488353,13.317316
6863,6.197113,13.0600815
6864,5.950666,12.560287
6865,7.3385324,13.868176
6866,5.3808026,14.368375
6867,4.301366,12.807865
6868,5.4055037,13.393238
6869,5.7883267,17.64797
6870,7.318977,13.936164
6871,5.757571,15.246517
6872,6.715184,12.570415
6873,6.328618,13.582972
6874,7.0337305,13.414679
6875,5.9196534,18.922905
6876,6.068578,10.864667
6877,6.4174514,11.99631
6878,7.0181723,14.966725
6879,6.995578,11.198649
6880,7.1375446,15.944028
6881,6.096421,13.016255
6882,7.11443,11.277682
6883,6.1129866,11.6028185
6884,8.131624,10.346848
6885,6.9908133,12.9058275
6886,8.442031,13.612315
6887,6.6334815,16.150705
6888,7.6737347,15.947773
6889,6.9980154,14.227408
6890,5.828252,16.122448
6891,7.0915647,14.010564
6892,5.3147697,14.872833
6893,5.037858,16.580357
6894,6.2298613,16.798042
6895,5.576291,15.2086115
6896,4.985478,12.474251
6897,6.1184773,13.297425
6898,5.904078,14.8574295
6899,5.9255986,18.131945
6900,4.920208,12.600035
6901,6.008608,17.106731
6902,5.683699,12.277169
6903,4.8698087,15.333387
6904,6.0535192,14.771939
6905,6.2576637,14.478448
6906,6.8170395,15.120795
6907,8.113668,12.737904
6908,6.399131,13.733597
6909,6.378708,13.091725
6910,5.4212766,11.955712
6911,8.313986,14.416006
6912,6.3375783,13.22945
6913,6.077557,10.490554
6914,5.785067,10.984114
6915,5.7042294,10.012822
6916,7.5336595,11.335284
6917,5.945308,12.201111
6918,7.9664245,14.4837055
6919,5.6026545,10.734075
6920,5.2955494,12.352727
6921,6.511054,11.043418
6922,6.9445415,13.189672
6923,5.3969607,14.066574
6924,6.4766912,12.685579
6925,6.5174603,13.420851
6926,6.2068944,14.491955
6927,4.3812428,15.3347225
6928,6.269276,12.11761
6929,5.2125626,17.875965
6930,5.6464663,12.963948
6931,6.537253,12.045642
6932,6.0901012,13.30607
6933,7.628267,13.838565
6934,5.089979,6.9570537
6935,6.695339,5.026585
6936,5.468401,7.9566317
6937,5.6487713,10.260318
6938,5.789706,13.088011
6939,5.4488063,15.965667
6940,5.903933,10.146471
6941,7.2077327,10.496505
6942,5.69862,12.349601
6943,6.0957894,12.826135
6944,5.4256325,13.637169
6945,6.124846,12.602679
6946,5.8914213,17.010515
6947,5.810697,14.576514
6948,6.035236,14.005086
6949,5.957533,12.210005
6950,6.2163367,14.071798
6951,5.3703885,15.93866
6952,7.080611,12.813133
6953,5.9005036,14.039544
6954,7.5576425,14.476655
6955,6.965407,16.254978
6956,5.768929,12.243657
6957,6.446118,14.417437
6958,6.539825,14.415053
6959,7.6336865,13.866708
6960,5.50427,14.534113
6961,8.228893,12.470202
6962,5.8435144,9.168014
6963,8.126416,14.459133
6964,7.4514484,12.130073
6965,5.9195304,13.118725
6966,7.4003057,13.311801
6967,6.306282,9.593091
6968,7.1696944,13.259874
6969,7.938234,14.315724
6970,6.353831,13.669397
6971,7.6880116,15.514074
6972,6.777252,13.376045
6973,6.506617,12.989068
6974,6.1112976,13.003298
6975,7.3230057,10.575736
6976,6.9653645,12.155818
6977,5.548173,13.90959
6978,6.9572906,16.867083
6979,7.3424277,14.548681
6980,4.384176,18.288477
6981,6.279231,14.753917
6982,6.427313,14.8500395
6983,6.0427694,12.778099
6984,7.12107,13.70406
6985,6.53635,16.545683
6986,5.3654675,19.135902
6987,4.5602045,13.54368
6988,6.226083,14.652364
6989,5.8127685,13.830379
6990,7.5170617,16.938423
6991,7.157361,17.546791
6992,6.1132483,15.535137
6993,6.751679,15.705643
6994,5.9414206,17.146168
6995,5.9018245,15.244671
6996,7.35608,17.256493
6997,5.235725,14.616211
6998,7.552143,11.068597
6999,6.4148617,14.931318
7000,5.4400315,16.349335
7001,4.834675,14.271936
7002,6.560009,15.008777
7003,4.4024158,17.036432
7004,6.4963684,15.0549135
7005,5.3310876,15.354629
7006,4.7362413,14.69149
7007,5.804072,10.842684
7008,5.862493,11.752331
7009,5.153696,15.586738
7010,6.259039,13.45318
7011,6.1541405,15.37825
7012,5.0202627,18.41898
7013,4.0680995,15.211945
7014,5.6001105,14.039954
7015,4.1525903,10.045884
7016,5.9327254,11.582959
7017,5.512166,11.364741
7018,5.8192353,13.903059
7019,4.678978,13.400894
7020,5.024271,12.253
7021,5.4801936,17.41183
7022,5.2000933,15.127044
7023,5.257357,9.706556
7024,6.005108,8.877748
7025,6.8838873,13.077396
7026,7.123099,11.440476
7027,6.465403,11.773034
7028,5.533602,15.440933
7029,6.161349,12.090412
7030,4.644981,10.354923
7031,5.785668,13.857248
7032,5.6704564,12.283464
7033,6.493492,12.158426
7034,5.100142,9.692479
7035,5.4160805,11.657612
7036,4.9296165,13.664563
7037,7.004452,13.793874
7038,6.286017,11.647077
7039,4.534911,15.293958
7040,6.291052,12.186657
7041,6.8506827,14.67264
7042,5.744197,12.443662
7043,6.2353077,10.684829
7044,4.3592043,13.358788
7045,6.384627,14.222678
7046,5.4267383,16.996225
7047,5.1246305,15.087561
7048,5.2727466,11.213012
7049,5.9354362,10.364609
7050,4.676597,12.746917
7051,5.6872854,12.395508
7052,5.314724,11.563628
7053,4.719345,9.968104
7054,6.3905497,12.237643
7055,4.588308,10.333966
7056,5.921545,14.370801
7057,5.0913925,11.8440695
7058,6.557066,12.757012
7059,7.3419566,14.193847
7060,8.277654,8.8813
7061,6.461738,13.596006
7062,7.3417187,11.004606
7063,6.219758,12.118289
7064,5.93367,15.521731
7065,4.9325957,13.139185
7066,5.305972,11.173011
7067,5.458498,12.951251
7068,3.9349685,8.554622
7069,6.220513,7.256839
7070,5.281195,8.9824705
7071,5.705021,8.480463
7072,3.415406,8.6105
7073,4.10025,7.321383
7074,6.020517,7.8639283
7075,5.284296,4.9620895
7076,6.1038218,9.731685
7077,5.3736725,10.875095
7078,5.415998,10.230456
7079,5.844982,13.745294
7080,6.840926,12.612495
7081,7.264879,12.979091
7082,5.39246,11.358506
7083,4.6972613,11.017374
7084,5.1238894,11.086355
7085,5.8049183,10.496859
7086,6.733342,12.02575
7087,5.7043505,9.382501
7088,5.355712,11.499798
7089,6.7449274,10.03782
7090,6.2279153,11.20412
7091,5.0131755,11.992372
7092,6.721083,9.958066
7093,8.362408,13.246748
7094,7.2474594,9.991422
7095,5.6826835,11.276611
7096,5.715349,12.456565
7097,7.879355,10.52832
7098,5.475486,11.963767
7099,7.566056,10.386259
7100,6.68023,10.528171
7101,6.581017,12.08381
7102,6.901869,10.689667
7103,6.243341,10.013161
7104,7.025912,10.481381
7105,6.3675117,11.43606
7106,6.2023077,10.805244
7107,5.477727,11.56426
7108,7.0154996,10.083407
7109,6.6461334,10.046169
7110,8.156852,12.065225
7111,5.3907866,10.280159
7112,6.7140675,13.702895
7113,4.9385366,16.522388
7114,4.444193,11.196128
7115,6.472285,11.598665
7116,4.606536,9.797957
7117,8.488807,12.864721
7118,6.488018,9.327575
7119,5.8501782,13.174257
7120,7.627384,12.925421
7121,5.0885444,10.643258
7122,5.4561877,10.916276
7123,6.3868546,6.608449
7124,5.6674986,11.17697
7125,7.844303,5.600245
7126,6.3915033,11.726833
7127,8.238591,9.187755
7128,4.9522166,12.665882
7129,5.5611305,8.869626
7130,5.2780123,10.872917
7131,7.1526756,8.756706
7132,6.7522736,9.868297
7133,6.8883953,9.878149
7134,6.5817747,13.953042
7135,8.441891,12.3605995
7136,6.913988,8.050277
7137,7.4073243,8.18498
7138,6.1115465,6.3885207
7139,5.319492,8.319332
7140,5.3531184,9.641586
7141,6.3661137,9.664393
7142,6.2393513,11.108614
7143,6.0271153,9.7006855
7144,5.993264,9.682364
7145,8.39876,9.871887
7146,6.7391286,10.798899
7147,6.548031,7.991396
7148,6.0853105,10.863011
7149,6.6652775,11.896247
7150,6.594681,12.546298
7151,5.3364744,13.064167
7152,5.8689914,12.384648
7153,5.9971724,13.270428
7154,5.5068836,12.814186
7155,7.3342814,13.243036
7156,6.6569424,11.78348
7157,6.9051743,10.020211
7158,6.7387557,11.72043
7159,6.8845544,11.699173
7160,4.630119,14.94103
7161,5.046898,12.276667
7162,6.317806,11.848359
7163,5.1456075,10.722342
7164,6.8941092,13.304135
7165,6.2439394,12.162915
7166,7.971508,13.964517
7167,6.6578684,13.247014
7168,5.868676,11.897661
7169,6.1803575,12.113974
7170,6.1535726,11.877414
7171,6.5113945,10.0335455
7172,7.1232605,11.706196
7173,4.535285,8.448921
7174,6.192528,7.94029
7175,5.876741,8.656413
7176,4.0358443,9.855472
7177,5.6445165,11.915235
7178,5.533564,12.0352
7179,5.5419254,14.722577
7180,6.5499415,11.870136
7181,5.8596015,12.795017
7182,6.071405,10.632962
7183,5.629045,10.367797
7184,6.403905,11.717715
7185,5.8215427,12.824771
7186,7.5785375,8.404539
7187,5.6643224,12.369167
7188,6.469453,9.717038
7189,6.818826,10.932306
7190,7.087366,12.459747
7191,5.7403197,13.106445
7192,6.3238373,14.021885
7193,5.0083804,12.962481
7194,6.1786785,15.658095
7195,5.8083444,10.417762
7196,5.2137856,15.295547
7197,5.749734,11.455167
7198,4.395751,15.464956
7199,6.2762055,8.275638
7200,5.5205503,12.272893
7201,4.306494,13.800227
7202,5.010127,10.455133
7203,5.9847903,9.522944
7204,5.186042,9.922333
7205,2.9645844,10.556388
7206,5.506511,13.202172
7207,4.6580033,13.741624
7208,6.2644606,10.984295
7209,4.461594,12.338813
7210,6.765768,13.530355
7211,4.3641157,10.528464
7212,5.284868,9.85704
7213,5.061512,12.20461
7214,5.4658957,11.941864
7215,4.327855,14.006188
7216,5.2133265,10.359333
7217,4.5174847,10.212991
7218,4.733136,12.023423
7219,6.2980647,12.919821
7220,6.3519545,11.360053
7221,6.5712314,8.508996
7222,4.2394056,7.3440433
7223,4.8060193,7.5382185
7224,6.0873184,8.152121
7225,6.2977715,6.8278193
7226,6.431382,5.0062838
7227,6.0693865,7.2693934
7228,6.1275315,9.8303995
7229,4.837653,8.379194
7230,5.792246,10.816404
7231,5.7242446,8.842982
7232,4.8470063,12.019446
7233,4.2406187,8.379917
7234,6.1117196,8.425239
7235,4.816978,11.248154
7236,5.610992,12.832705
7237,3.9635384,8.499458
7238,4.475163,8.174103
7239,5.2607956,11.882773
7240,6.18135,11.758555
7241,4.586336,14.155504
7242,4.9596405,12.295226
7243,3.783626,11.210823
7244,5.607033,10.595882
7245,5.601502,11.841975
7246,7.1263466,10.746857
7247,5.5002036,12.265534
7248,5.584756,11.33792
7249,4.506173,9.25959
7250,5.677467,12.043706
7251,5.3614187,9.943002
7252,6.425928,13.537358
7253,6.0026584,13.334478
7254,5.219356,10.399262
7255,4.121835,8.360312
7256,4.2564087,8.400211
7257,5.1226177,8.947786
7258,4.0373607,10.495882
7259,5.04455,9.991508
7260,4.340061,8.300311
7261,4.9913564,11.919098
7262,4.2455583,6.6006694
7263,5.535899,11.350351
7264,6.0295067,10.392904
7265,3.9873843,8.819544
7266,4.491582,11.798118
7267,3.8374348,10.25386
7268,3.4098325,11.879016
7269,4.547785,11.224783
7270,4.620377,12.025257
7271,4.8117447,12.4364395
7272,5.1519346,11.763807
7273,3.13303,11.25207
7274,4.937395,8.300776
7275,4.1005015,12.404346
7276,2.317573,10.951404
7277,2.9663603,9.238941
7278,6.517003,10.913218
7279,4.251035,10.799494
7280,6.24175,12.140373
7281,5.4437575,11.966424
7282,5.089347,6.875566
7283,4.8085694,10.758857
7284,5.7963915,8.465138
7285,6.035316,11.584166
7286,5.692806,10.65028
7287,4.9613323,15.998199
7288,4.594733,10.152968
7289,5.8683257,11.463334
7290,5.8941603,10.410295
7291,5.28642,12.601962
7292,5.6242137,11.974308
7293,3.8151367,12.549632
7294,6.558147,11.153079
7295,4.8520484,7.3162937
7296,5.7610855,7.8359947
7297,6.3243876,12.003327
7298,6.947349,12.682975
7299,6.183789,9.570663
7300,4.459338,13.042279
7301,5.533894,10.44748
7302,6.1653457,11.00194
7303,6.0776176,11.291787
7304,7.6186924,7.0573378
7305,5.2520185,15.461809
7306,4.7385283,10.974643
7307,4.778007,10.649208
7308,3.8604848,7.085211
7309,4.8093176,11.330991
7310,4.603175,9.687807
7311,4.161472,10.640382
7312,4.883346,10.433938
7313,4.5699167,10.357406
7314,5.8694634,9.1333065
7315,7.023279,15.209663
7316,6.3884535,10.772991
7317,6.101719,10.661241
7318,5.493731,10.8424635
7319,7.305336,8.598054
7320,6.2943068,12.524191
7321,6.3635783,12.149653
7322,6.6392403,11.527893
7323,5.5228076,12.08973
7324,6.961114,10.728583
7325,6.0091114,13.12537
7326,5.5545053,10.952956
7327,6.207882,9.998769
7328,5.743747,10.184261
7329,5.291866,12.548903
7330,5.3124094,13.923816
7331,7.133936,12.282219
7332,6.312415,10.645225
7333,6.1461067,15.93754
7334,6.1699314,14.739342
7335,4.9563713,7.0218854
7336,4.082593,8.980909
7337,7.1082115,6.123778
7338,6.0221987,6.9295297
7339,5.413334,7.9150496
7340,5.650461,7.148733
7341,6.304216,9.5941305
7342,6.9371967,8.101597
7343,5.856586,4.060421
7344,3.7400146,4.8080215
7345,4.8546376,6.254716
7346,7.5150256,10.923245
7347,7.0240307,9.77702
7348,7.4769883,8.200223
7349,7.271463,4.409057
7350,6.8831663,9.827827
7351,6.3481007,6.682806
7352,6.79767,9.488869
7353,5.509263,10.250143
7354,4.6580133,9.226247
7355,5.6172214,12.9659605
7356,5.009926,10.607333
7357,7.2526817,9.324054
7358,5.8438025,9.435014
7359,7.845023,10.284272
7360,7.407871,6.9644933
7361,7.316623,5.2953634
7362,7.02265,5.557243
7363,7.0610876,10.824846
7364,7.46791,10.382767
7365,6.024472,13.028059
7366,7.3472133,8.986184
7367,7.5425935,9.869968
7368,7.206743,10.4845495
7369,7.693721,14.567164
7370,6.500768,11.564957
7371,6.527158,7.7528553
7372,6.907219,9.519748
7373,7.3138556,9.315798
7374,7.321852,13.343729
7375,7.6407657,6.2743335
7376,7.850082,10.814127
7377,7.9106126,12.089626
7378,7.2253385,9.267663
7379,7.9692945,13.228312
7380,5.9988294,10.600047
7381,6.530723,10.243787
7382,6.5966167,9.914639
7383,8.0213995,11.786669
7384,4.8304443,8.718246
7385,6.9584546,8.628417
7386,4.1096053,8.215428
7387,6.912836,7.9277754
7388,7.657558,9.710276
7389,5.425153,10.994291
7390,5.7611966,9.807203
7391,6.043464,11.494521
7392,6.187442,12.120297
7393,5.9266777,8.082837
7394,5.127132,11.587472
7395,6.0254335,12.339074
7396,6.2501063,9.7058325
7397,7.097557,8.180767
7398,6.3983083,9.6510935
7399,5.9283986,8.452019
7400,7.5332646,8.276883
7401,6.810975,7.9480104
7402,6.6483173,10.908896
7403,5.338437,11.44919
7404,8.150673,10.700144
7405,8.632478,13.049398
7406,7.801017,12.167355
7407,6.890378,14.673504
7408,7.258191,9.388023
7409,5.311038,7.3836274
7410,7.2877784,9.514491
7411,4.9398217,11.325972
7412,4.550572,9.703223
7413,5.188745,12.538625
7414,5.471432,11.295758
7415,6.0346317,11.927294
7416,6.4724627,11.593034
7417,5.81582,8.8185
7418,6.568852,12.109603
7419,6.595655,12.553982
7420,5.837406,9.595234
7421,6.160831,7.8072476
7422,5.581176,7.324517
7423,5.95114,10.480306
7424,4.465037,11.807742
7425,7.449098,11.246732
7426,8.095349,10.273313
7427,6.1292605,10.634159
7428,5.25791,11.58566
7429,6.0636845,7.694316
7430,6.264472,8.262404
7431,4.489594,6.93467
7432,5.6577144,6.855641
7433,3.6432142,10.450279
7434,4.269616,8.699665
7435,4.692154,12.499594
7436,6.8652315,12.804227
7437,8.307944,9.604907
7438,4.7943845,12.78997
7439,5.0626755,11.7319355
7440,6.2291174,9.965203
7441,5.705136,12.807869
7442,4.306862,9.384206
7443,5.0333843,10.868292
7444,6.4827995,14.244227
7445,6.276818,12.668087
7446,3.633714,8.186243
7447,4.9173837,11.893835
7448,5.106817,7.6590986
7449,4.0087028,7.1093373
7450,4.7312636,6.0903616
7451,4.677229,7.8559117
7452,4.9280334,10.10733
7453,6.3144903,10.361131
7454,5.196291,10.295183
7455,4.332829,10.223614
7456,6.9674277,13.063623
7457,3.5536022,11.817431
7458,6.3133755,11.701357
7459,5.3702106,11.184074
7460,5.402336,10.521275
7461,5.463151,11.51185
7462,3.2194335,14.209941
7463,5.5787144,14.211905
7464,5.771777,12.917443
7465,3.5845144,10.863602
7466,4.763409,10.314474
7467,5.7017145,7.4209347
7468,7.34262,8.175154
7469,8.380131,6.5546064
7470,6.1765246,10.183577
7471,6.6050763,7.7003856
7472,6.7633557,12.207753
7473,6.8700747,10.134506
7474,6.0463743,9.944931
7475,4.5866523,9.645905
7476,6.1001353,10.167961
7477,4.717326,9.266591
7478,3.69464,12.617027
7479,5.4545,11.50147
7480,4.7764573,11.183001
7481,5.663902,12.243795
7482,5.995073,12.446844
7483,3.8591363,11.181803
7484,4.736297,15.136485
7485,4.488946,15.000889
7486,5.830324,15.175043
7487,5.158668,17.417654
7488,4.842648,11.538091
7489,5.2532873,8.5935545
7490,6.3791595,8.45873
7491,4.7670093,8.902421
7492,3.6635492,11.618601
7493,6.4043965,13.457905
7494,4.06274,13.4723425
7495,7.298936,14.65684
7496,5.021066,10.437435
7497,5.825912,11.736044
7498,5.432689,10.482716
7499,6.4054174,10.560821
7500,6.984452,12.834075
7501,7.619028,14.148366
7502,5.7774734,13.229728
7503,6.36821,10.376624
7504,6.289715,14.724103
7505,6.9474044,13.383169
7506,6.7209873,12.0569105
7507,6.11784,13.106604
7508,6.339772,15.131643
7509,7.172079,12.135069
7510,6.464828,13.606068
7511,5.334796,9.377739
7512,6.579221,9.95313
7513,5.9732075,10.8866205
7514,5.4482236,7.0751166
7515,5.5720954,9.19782
7516,5.374875,11.626971
7517,5.5072746,9.236038
7518,4.719175,12.765735
7519,5.857749,15.681704
7520,6.031551,8.95376
7521,4.5186687,9.043209
7522,7.6249795,10.330118
7523,4.8278327,11.807977
7524,4.3110213,12.1908045
7525,5.253486,7.1481194
7526,4.275094,15.312309
7527,5.363572,13.873186
7528,3.8957753,13.478923
7529,5.1227283,13.087225
7530,4.995782,14.108255
7531,4.7986445,12.636979
7532,5.931812,14.961138
7533,4.540812,12.40945
7534,6.5871754,14.039348
7535,7.010728,12.02523
7536,5.2744203,13.618069
7537,6.041765,11.928548
7538,4.680281,11.506975
7539,5.081529,12.453081
7540,6.004342,15.0418415
7541,5.480804,10.47899
7542,4.528824,10.563029
7543,7.22475,10.488076
7544,4.6097775,8.897781
7545,4.982234,12.519196
7546,4.673906,10.853198
7547,5.3190284,11.904282
7548,5.8524675,9.554362
7549,7.0104856,9.114201
7550,5.62681,10.727798
7551,4.4634104,11.242572
7552,5.5337358,12.3081045
7553,5.0263786,9.94506
7554,5.454118,8.973158
7555,3.989175,10.329454
7556,2.5459468,8.454119
7557,4.428213,7.6318417
7558,3.9350579,12.698788
7559,6.4669275,14.109886
7560,4.2382565,9.997187
7561,6.850695,8.506869
7562,5.4811506,14.253204
7563,5.369901,12.871381
7564,4.665646,8.367407
7565,7.4516172,7.873834
7566,5.569604,9.324449
7567,3.5620532,8.502661
7568,1.7505381,7.8460007
7569,4.947592,7.519396
7570,4.2755404,9.648534
7571,4.2924037,8.284006
7572,4.5555873,8.135049
7573,6.3690395,8.844031
7574,3.7146888,8.145984
7575,4.9010186,10.361781
7576,5.7171693,11.097216
7577,6.3211236,11.529648
7578,4.107062,9.16482
7579,5.9716587,7.7532644
7580,4.977931,12.215792
7581,5.026526,6.8077917
7582,4.429499,7.3654866
7583,5.5859575,9.954016
7584,6.47008,12.034768
7585,5.7336693,11.321297
7586,6.259832,11.682327
7587,5.7019334,9.30604
7588,4.2313724,12.955357
7589,5.2254314,10.176926
7590,4.303374,12.091799
7591,5.4582105,14.530358
7592,4.207542,11.739183
7593,5.167791,9.837725
7594,3.4523075,10.761937
7595,4.5545306,12.666807
7596,4.3793383,11.424308
7597,4.8609385,13.0676
7598,6.0641007,14.534447
7599,5.5492325,11.940632
7600,5.1668553,15.70438
7601,5.2322783,15.10757
7602,6.253038,14.120752
7603,7.5339212,14.710149
7604,6.7495947,8.937466
7605,6.236311,6.794544
7606,4.9375243,11.8239565
7607,6.0347767,8.783244
7608,4.1138864,9.609946
7609,5.484675,9.96138
7610,6.205438,13.068587
7611,5.65649,11.276959
7612,5.394927,11.110407
7613,7.3185973,10.508082
7614,5.8598485,7.7988687
7615,4.5745087,8.038937
7616,6.4772954,7.804948
7617,4.269588,7.5046306
7618,4.877148,8.752822
7619,5.662758,5.863822
7620,6.194807,12.988049
7621,6.375105,10.249965
7622,4.442871,7.6521034
7623,6.939007,10.460618
7624,5.3605704,8.092166
7625,7.2886653,8.448225
7626,6.9978557,7.180293
7627,6.94076,8.163238
7628,4.655207,10.347418
7629,7.083648,8.619233
7630,4.6694427,8.342127
7631,5.3815265,9.991698
7632,4.6054187,10.301048
7633,5.2841034,8.640166
7634,5.098371,7.2820745
7635,5.416466,7.4949746
7636,6.011008,7.255304
7637,5.9412594,8.975992
7638,5.9662766,10.286663
7639,4.242626,7.742872
7640,5.583998,9.708809
7641,4.846798,10.271962
7642,5.394983,9.607653
7643,5.024099,10.642713
7644,5.199118,10.086963
7645,5.2226496,10.393863
7646,5.154226,8.219507
7647,5.735838,9.80003
7648,5.118689,9.768685
7649,6.0189104,14.9446335
7650,5.2168713,10.437667
7651,3.384212,8.513033
7652,5.9358497,9.654128
7653,3.787239,11.290383
7654,4.850716,9.124885
7655,4.502314,10.76967
7656,5.0278654,11.874616
7657,6.245409,14.945488
7658,4.9928246,10.394647
7659,5.209015,11.708507
7660,4.9655976,8.935269
7661,5.2905593,7.901619
7662,4.9483852,10.032978
7663,5.634396,11.355759
7664,4.835769,8.840312
7665,4.3738103,9.477053
7666,2.7556105,10.022633
7667,4.6122346,10.403278
7668,5.8526826,7.4180365
7669,5.726217,10.815903
7670,5.0278454,14.350277
7671,3.6309586,10.8700285
7672,5.013745,11.425295
7673,6.518157,10.762909
7674,7.620271,10.858751
7675,3.3803518,14.2362175
7676,5.065828,12.1208515
7677,4.490889,10.8218775
7678,7.009875,8.318243
7679,5.727103,11.6622
7680,5.4787307,8.734829
7681,4.6787543,10.437891
7682,5.8233786,9.090823
7683,5.57206,14.808961
7684,5.885499,14.050021
7685,6.924012,13.039372
7686,5.835512,11.626179
7687,5.7045383,13.254502
7688,6.92561,11.439136
7689,5.567021,10.577671
7690,8.3055725,17.388634
7691,8.026311,16.178024
7692,7.0847526,10.409828
7693,5.9312463,12.107949
7694,5.768572,10.357202
7695,5.1640077,13.331948
7696,5.4594197,13.493984
7697,5.493275,12.376654
7698,4.4388413,11.369659
7699,6.149126,9.905132
7700,5.7364726,14.353022
7701,6.6236544,13.967941
7702,5.339566,19.718382
7703,5.7692075,14.095035
7704,6.768748,15.606528
7705,4.6609097,12.659282
7706,5.407964,11.195438
7707,5.34039,10.2765465
7708,6.3063507,9.5330715
7709,6.236529,13.044039
7710,5.2878547,12.70176
7711,4.7383356,11.456522
7712,2.7591066,11.152641
7713,6.129883,9.017249
7714,4.2449555,11.260726
7715,4.3884277,13.461214
7716,5.0366716,15.212553
7717,3.7220917,11.323822
7718,5.37874,11.983827
7719,5.468148,12.525694
7720,3.905626,9.964713
7721,5.158037,13.7888775
7722,3.78454,12.277031
7723,5.756336,13.931233
7724,4.2738385,12.470085
7725,6.012246,12.799306
7726,5.3616853,10.568425
7727,4.571141,9.957339
7728,4.6966367,10.512591
7729,4.485795,12.171162
7730,5.178582,13.787553
7731,6.0332317,17.704615
7732,6.02757,10.2383375
7733,5.4305706,9.417096
7734,5.2022676,12.402458
7735,5.117271,9.708144
7736,5.1635942,10.628034
7737,5.918954,8.3671255
7738,5.321739,12.867209
7739,6.8876147,8.994814
7740,4.6314855,12.560532
7741,4.20604,9.178316
7742,5.349109,10.7664
7743,5.1093535,6.630395
7744,6.484786,8.817391
7745,4.895699,8.339518
7746,6.777539,9.096282
7747,5.5441213,8.833511
7748,6.235187,6.9119377
7749,6.103264,9.76417
7750,4.4485965,8.970275
7751,6.2923055,11.180905
7752,6.310389,10.184619
7753,5.5007424,11.295586
7754,5.9732895,6.3374414
7755,8.049998,12.589774
7756,6.566449,13.466853
7757,4.218687,10.500558
7758,5.636495,9.555782
7759,3.701519,10.609645
7760,4.671804,4.8833666
7761,5.52463,7.675362
7762,5.9638977,8.428426
7763,5.7713757,8.919536
7764,6.499979,7.2798057
7765,4.9068317,9.379207
7766,4.9002886,10.257571
7767,5.3859477,8.32644
7768,4.9912124,9.571595
7769,4.5825176,10.323976
7770,5.834121,8.581616
7771,4.3105016,11.543537
7772,5.6827254,12.424527
7773,4.7238736,10.110921
7774,3.2077796,7.294708
7775,5.469962,9.259033
7776,3.6852953,10.467751
7777,4.256535,11.317608
7778,5.0689635,7.099425
7779,4.319548,10.391057
7780,5.7249613,11.544071
7781,5.883756,12.225255
7782,4.519001,13.872281
7783,2.7278736,12.76567
7784,4.8108196,9.554614
7785,3.5856998,10.443354
7786,6.179625,11.402413
7787,4.6426983,10.810167
7788,4.0238338,11.411768
7789,4.7394247,9.157197
7790,3.1832554,3.62333
7791,5.6243844,11.2155485
7792,4.7092023,9.433026
7793,5.383305,12.607096
7794,4.9966063,12.917438
7795,5.8783226,7.8676405
7796,4.907666,11.624234
7797,5.0777636,8.417942
7798,4.602884,6.0152884
7799,5.290593,8.42266
7800,5.4438224,8.991254
7801,5.2963853,9.888952
7802,5.9842596,10.815803
7803,6.445763,12.2978
7804,4.8758616,13.330073
7805,7.5538487,12.465632
7806,4.44923,14.723541
7807,3.6108115,12.5197315
7808,4.3184214,11.327182
7809,4.140599,10.093811
7810,4.004948,14.094187
7811,5.4371185,8.340557
7812,4.92427,12.186104
7813,5.008155,11.639952
7814,3.8588583,16.955711
7815,4.7005167,13.861294
7816,5.2925034,6.8536563
7817,4.675315,11.365023
7818,5.206811,12.489706
7819,5.391989,10.927313
7820,4.6570115,11.791582
7821,4.294161,8.709323
7822,4.6807,13.149623
7823,4.0363693,13.657329
7824,3.48996,13.827247
7825,4.3824635,12.60534
7826,4.00907,12.515392
7827,4.40253,12.665416
7828,2.9675202,12.636465
7829,2.0888333,10.224262
7830,3.468829,10.418771
7831,2.7777944,10.02517
7832,3.115506,9.880861
7833,3.4361703,9.237938
7834,2.524141,11.708303
7835,4.9902153,11.30123
7836,4.2827387,12.890943
7837,4.5049353,14.239447
7838,5.952575,16.978886
7839,5.858116,14.599958
7840,4.2169037,16.88774
7841,4.673013,11.164518
7842,0.6376943,13.14957
7843,5.747769,13.093958
7844,5.763954,12.495361
7845,5.480902,10.220633
7846,4.631951,14.3183365
7847,3.6941533,12.818848
7848,2.0152364,12.866264
7849,5.541059,12.378366
7850,5.1384416,15.46471
7851,5.2035627,15.580513
7852,5.4981465,14.61305
7853,2.924077,15.183437
7854,4.098324,10.966818
7855,7.3125987,15.483383
7856,5.1627593,14.708297
7857,4.5953965,12.646146
7858,3.4146047,11.940588
7859,2.959754,11.33867
7860,3.9632773,10.561972
7861,5.443955,8.909171
7862,2.8176832,12.675413
7863,5.059343,14.454165
7864,4.7781954,13.054844
7865,4.8413286,12.29509
7866,3.8282106,8.3831005
7867,5.6484847,10.449786
7868,4.0938993,13.620964
7869,4.7619834,13.878873
7870,2.4859452,15.71875
7871,3.9917865,16.401361
7872,3.9397717,12.994985
7873,3.188415,13.374984
7874,2.2242079,13.321324
7875,3.0468442,15.687886
7876,3.4058561,12.777544
7877,3.9412673,14.506444
7878,5.3766165,18.018036
7879,3.7593577,13.264942
7880,3.9162428,13.586587
7881,3.301052,12.884388
7882,4.6124787,8.764912
7883,4.669935,8.591173
7884,2.7654994,12.87696
7885,3.874124,9.855309
7886,3.383734,11.300519
7887,4.1989555,7.1549487
7888,2.9499526,10.5387125
7889,3.7514186,12.395268
7890,4.0848994,13.3795185
7891,4.0477076,10.011693
7892,4.986979,9.627493
7893,4.016452,13.433606
7894,4.8667364,15.716017
7895,3.4595485,12.747571
7896,3.495528,12.160723
7897,3.8830047,16.677212
7898,5.247441,17.491661
7899,5.1044164,12.669069
7900,2.4076662,13.363042
7901,5.018208,11.962687
7902,4.6927257,11.32313
7903,4.9116454,9.918393
7904,3.9663262,11.719225
7905,5.4656706,12.988607
7906,4.369185,13.506701
7907,6.2066026,9.938641
7908,4.430857,11.263118
7909,4.08591,14.862279
7910,4.8013334,12.711952
7911,4.0158668,11.407908
7912,3.2851837,11.438032
7913,4.08939,12.0068445
7914,4.921396,9.95581
7915,2.9565158,12.150107
7916,4.7691197,12.133186
7917,4.584697,10.683987
7918,5.75215,9.731266
7919,5.5060077,11.408128
7920,5.05637,9.705981
7921,4.4381413,12.78805
7922,4.170618,13.400323
7923,3.4091587,10.572502
7924,5.34719,13.39047
7925,4.5478425,15.667979
7926,4.5349607,14.007669
7927,3.3840146,14.428036
7928,4.562335,18.66911
7929,5.2551155,9.549305
7930,6.0451374,14.363874
7931,5.458234,13.717389
7932,5.2199845,14.459901
7933,4.007393,16.223267
7934,6.1967545,13.72554
7935,4.167706,14.483442
7936,6.069744,13.12575
7937,3.6889904,15.021234
7938,5.480531,11.505557
7939,4.934968,11.024795
7940,2.591227,13.410197
7941,3.761444,9.430799
7942,3.683916,10.849052
7943,5.89206,12.786494
7944,3.802851,10.886937
7945,4.511536,12.355188
7946,4.4303184,15.947384
7947,4.108895,15.140262
7948,4.598571,10.775735
7949,5.293243,8.874776
7950,5.6206613,11.517574
7951,4.5305157,14.025852
7952,4.774276,14.058419
7953,5.354419,14.63562
7954,6.5027814,10.680806
7955,4.238337,13.397109
7956,3.9139955,8.096108
7957,4.594303,12.434209
7958,5.6040306,9.9225645
7959,4.921643,12.627891
7960,4.280937,13.616149
7961,6.568203,12.335211
7962,7.3900056,14.31654
7963,5.1616282,13.7827215
7964,3.603508,10.934578
7965,2.5127902,9.366871
7966,3.7258499,9.318071
7967,4.647742,11.501146
7968,4.3491855,9.215832
7969,5.2099586,11.989937
7970,4.6714973,11.265543
7971,4.3455815,9.379635
7972,4.1724634,10.802491
7973,5.2413216,14.2831135
7974,3.1430485,8.763107
7975,3.4424484,11.675391
7976,5.359773,7.9804635
7977,3.575622,10.2352
7978,4.04998,12.527258
7979,5.6008487,11.128811
7980,5.4243937,10.516877
7981,5.872974,11.083543
7982,5.1418514,14.949976
7983,5.3324594,14.846281
7984,4.0936074,13.445111
7985,6.7563205,10.02486
7986,5.3935637,13.148373
7987,5.401136,14.239478
7988,4.1907954,15.309291
7989,4.05186,17.952398
7990,4.8181343,17.005484
7991,4.3874373,16.296278
7992,4.8708477,15.178644
7993,5.2244344,14.133917
7994,4.885652,14.773634
7995,6.0881605,13.565327
7996,5.698564,11.683539
7997,5.24219,11.889841
7998,5.027468,13.092547
7999,6.399032,13.615995
8000,5.404133,14.469564
8001,5.8695555,14.189846
8002,4.224838,12.629289
8003,5.5461187,12.719324
8004,5.823741,12.688343
8005,4.5765004,10.021913
8006,5.3518434,12.852831
8007,5.555104,9.625377
8008,4.633779,12.187673
8009,5.1563773,12.813941
8010,4.182642,14.232379
8011,4.1393476,10.872409
8012,3.6511948,8.657207
8013,5.0757017,10.952998
8014,5.593179,10.824861
8015,4.6853247,10.466815
8016,4.8037114,12.381872
8017,2.4625022,11.7306595
8018,3.2499526,11.664935
8019,4.2579827,14.317345
8020,4.3697815,11.655775
8021,4.1478543,13.466061
8022,4.6230607,16.876682
8023,3.7070727,14.692495
8024,3.9002285,13.060076
8025,3.0275037,14.436295
8026,4.380335,15.157974
8027,4.502873,14.572875
8028,4.244584,14.803934
8029,4.2675943,12.507235
8030,3.5756397,14.486271
8031,4.184322,16.287563
8032,4.7322154,15.221922
8033,4.081688,10.4417515
8034,4.4487543,11.31898
8035,4.860201,11.74514
8036,3.8339427,15.23272
8037,3.4157805,12.483477
8038,3.9779181,15.755074
8039,3.4082427,12.377196
8040,3.5943727,12.175468
8041,2.5597224,9.815304
8042,4.177707,12.11528
8043,6.24082,14.861224
8044,5.375913,11.185252
8045,6.073728,10.372587
8046,4.745314,13.338744
8047,4.503566,14.133823
8048,5.7678246,13.213553
8049,6.3504343,13.4558525
8050,5.659012,14.570939
8051,6.131521,14.8247175
8052,5.0052266,15.88992
8053,3.9582644,12.661098
8054,5.443419,9.532509
8055,5.1994734,13.806868
8056,4.507108,15.141637
8057,5.1226892,15.000914
8058,5.843988,10.367273
8059,4.921059,15.775834
8060,4.6155267,14.880742
8061,5.026915,15.92827
8062,3.9851243,13.852881
8063,5.3636975,13.435827
8064,4.88049,14.023212
8065,4.4083295,12.0674925
8066,3.7849216,16.151909
8067,4.9969115,12.573054
8068,3.7422144,12.808458
8069,5.2534213,11.826958
8070,5.345165,11.49569
8071,4.024265,10.955919
8072,5.114522,13.530691
8073,4.798655,13.231986
8074,5.378012,14.164046
8075,4.7152476,10.312311
8076,4.844443,9.494856
8077,5.249766,10.4302435
8078,4.65695,13.883787
8079,2.5416896,13.187123
8080,5.236704,8.102918
8081,4.011692,12.025746
8082,6.947661,10.837965
8083,3.6349585,11.360091
8084,3.5157433,13.946852
8085,3.8087287,13.625123
8086,6.1953177,10.291022
8087,4.4034514,10.67573
8088,4.149822,10.793523
8089,5.122578,11.675519
8090,3.4498363,10.838363
8091,6.2309318,9.418116
8092,4.743657,11.0503845
8093,3.6894772,12.108766
8094,3.7923212,10.027664
8095,5.1812005,11.92169
8096,5.6971135,11.350061
8097,3.1825292,11.5066
8098,5.730565,9.429647
8099,4.644797,10.991872
8100,5.01407,10.009724
8101,4.4793253,11.894748
8102,4.8799725,13.086165
8103,5.1563864,12.40714
8104,3.7052681,11.539571
8105,5.13002,11.874602
8106,3.9834158,10.236881
8107,4.3971133,9.414509
8108,4.0278316,10.559177
8109,3.711843,12.885674
8110,4.0858965,8.963608
8111,5.2965617,12.182926
8112,5.250109,11.02618
8113,5.4160476,10.879676
8114,5.826007,10.913001
8115,5.4812994,11.259032
8116,4.778302,9.092451
8117,4.467739,15.623687
8118,4.792351,9.6867075
8119,5.0979404,9.689141
8120,4.419399,9.857394
8121,5.6780744,11.596803
8122,6.5700927,14.490375
8123,5.378034,11.308161
8124,5.275563,11.239214
8125,3.5711346,9.475895
8126,3.8508143,10.13832
8127,4.2738338,11.833878
8128,5.099021,8.097966
8129,4.5778894,10.78239
8130,5.5164275,10.679148
8131,4.6964464,8.7190275
8132,4.747823,8.310055
8133,3.9777026,9.27808
8134,4.8754005,13.243153
8135,3.8933423,12.813217
8136,5.1947684,13.367322
8137,4.0805597,14.409283
8138,5.3032603,15.0706005
8139,3.0713189,15.860815
8140,4.4421062,17.463055
8141,5.3846736,13.4035
8142,5.990829,12.640128
8143,4.469145,14.583148
8144,5.343016,8.193583
8145,4.295413,12.352474
8146,3.7843122,15.022682
8147,5.497464,14.572709
8148,3.847448,11.797456
8149,4.473169,12.832586
8150,3.1943455,9.079119
8151,6.326489,12.568662
8152,6.299472,10.76136
8153,4.6612053,12.476767
8154,4.6240697,12.133604
8155,5.966328,13.590628
8156,5.63368,13.823427
8157,6.8051553,13.758824
8158,6.6389446,15.879772
8159,4.9237022,11.768863
8160,4.1636906,7.7549496
8161,3.5278895,11.586346
8162,3.2413354,11.518279
8163,5.6383085,9.957753
8164,4.542926,8.198587
8165,5.5031996,11.704414
8166,4.9960885,10.490843
8167,4.996483,8.990363
8168,4.998606,9.040323
8169,4.4085717,12.190329
8170,5.6273117,10.231778
8171,6.015849,6.7958684
8172,3.9633825,9.803993
8173,5.176025,10.860093
8174,4.191412,8.496023
8175,3.4013598,11.211878
8176,5.1613097,9.752267
8177,4.054346,12.735122
8178,5.332369,13.65255
8179,5.060988,14.539453
8180,5.140741,12.406295
8181,3.6605208,8.784134
8182,5.051293,10.007327
8183,2.3331084,12.3830595
8184,3.5395463,8.981521
8185,4.1527443,8.993519
8186,5.753952,8.364916
8187,5.518651,10.508444
8188,5.868268,11.413748
8189,4.6180267,10.254044
8190,5.595511,7.1522617
8191,4.29696,9.484192
8192,4.659569,9.361299
8193,4.2429657,11.615227
8194,4.7659125,10.029399
8195,3.3815143,11.221728
8196,4.5719676,9.00797
8197,5.000123,11.167725
8198,4.3147745,8.76524
8199,3.3977528,13.07524
8200,4.6629577,9.174489
8201,4.526617,8.868458
8202,3.6532726,8.872008
8203,5.502024,7.421145
8204,4.000366,8.474614
8205,4.4684453,8.934797
8206,4.6402082,6.40875
8207,4.1704893,10.47005
8208,5.0132236,12.486831
8209,5.3800173,7.8509154
8210,5.5150776,8.8409605
8211,4.3950152,10.491151
8212,5.068296,9.805996
8213,4.9309435,10.245555
8214,3.096123,6.9424615
8215,5.914155,8.75334
8216,4.627182,8.124325
8217,5.3943152,10.713855
8218,3.9924567,10.223701
8219,3.7896214,9.820443
8220,4.730675,7.1617794
8221,5.158542,6.40038
8222,5.260806,8.965039
8223,6.8047595,8.807683
8224,6.015698,9.917778
8225,4.677646,8.255253
8226,4.722903,7.8222375
8227,6.1108794,8.7785425
8228,6.5711546,11.839785
8229,4.8458333,9.301247
8230,5.976395,8.03035
8231,2.9485471,8.612949
8232,4.157212,6.28665
8233,3.8279765,7.4752674
8234,5.9749384,9.577913
8235,4.147083,8.851319
8236,5.4450817,6.9870234
8237,4.065,10.541422
8238,5.1258965,10.568126
8239,5.233055,6.9585996
8240,4.753006,7.3465204
8241,4.136231,12.504339
8242,4.7658052,7.1018906
8243,4.6290784,5.7771297
8244,3.918702,6.5067763
8245,4.972671,9.040768
8246,6.125445,5.3572936
8247,4.806633,6.246045
8248,4.4935093,7.3877125
8249,4.2246614,3.270696
8250,4.55631,8.088895
8251,2.9357111,9.105733
8252,5.1488686,6.9123535
8253,7.3123674,6.632022
8254,5.0691175,6.505787
8255,5.969987,10.439063
8256,4.8746853,7.0510063
8257,4.4717383,4.3874817
8258,6.0864162,10.896057
8259,4.9574943,6.3869452
8260,7.111093,9.109268
8261,4.4490695,11.043967
8262,5.974889,10.605086
8263,5.1284814,6.011173
8264,5.0018706,7.0963836
8265,4.4271393,10.010526
8266,5.6358414,12.619366
8267,5.995435,11.94235
8268,6.29806,11.930968
8269,6.720854,10.275875
8270,6.196841,10.862336
8271,5.9235277,9.919224
8272,6.3040967,10.531049
8273,5.8422503,8.544004
8274,6.279548,7.721951
8275,6.6244497,12.049937
8276,6.7242393,7.2521715
8277,6.261457,11.622679
8278,6.120075,7.270272
8279,7.2335567,11.445463
8280,7.4565396,10.820593
8281,6.9677625,8.22139
8282,8.402126,8.08079
8283,6.5884705,7.960168
8284,5.1021767,10.178802
8285,6.39548,10.051108
8286,5.841072,9.378151
8287,6.4461746,11.02641
8288,5.3754807,9.074376
8289,6.6285973,12.79897
8290,7.7112327,12.167698
8291,4.660173,13.350163
8292,6.887108,11.596413
8293,5.4818683,11.250342
8294,7.519072,11.748048
8295,8.598334,10.402842
8296,5.969361,12.784049
8297,6.236523,9.064214
8298,4.2158413,16.170174
8299,5.787055,14.681784
8300,4.4051123,21.479912
8301,6.153577,18.762001
8302,3.3857436,17.005024
8303,5.488466,16.940329
8304,4.967265,17.135834
8305,4.8716116,14.839894
8306,6.8050256,13.60226
8307,5.3373337,10.042313
8308,6.499425,10.762979
8309,5.8212104,11.9891615
8310,4.99382,6.73759
8311,5.5603004,14.121342
8312,4.7420263,11.404443
8313,5.090283,11.369749
8314,4.228624,11.985384
8315,5.12298,10.484527
8316,4.6546264,12.87727
8317,4.525994,15.437037
8318,4.9406047,11.587916
8319,5.8654923,13.462991
8320,4.8085136,11.370802
8321,5.2506676,12.625538
8322,4.6403017,10.639676
8323,5.4850426,16.113022
8324,5.383716,16.923855
8325,6.070202,16.256681
8326,4.5295987,12.609951
8327,5.6911926,16.338772
8328,5.57134,16.2377
8329,5.720507,15.698061
8330,3.786315,12.984709
8331,6.2734613,16.019293
8332,7.213105,19.610325
8333,6.193343,14.943533
8334,6.2488823,18.42071
8335,5.0486817,14.857352
8336,4.363064,15.106295
8337,5.383339,15.605205
8338,4.4368606,15.424358
8339,5.416184,16.157637
8340,6.5198526,13.625244
8341,5.735419,13.101973
8342,6.0248585,14.200563
8343,5.2014866,18.280075
8344,5.75921,10.550912
8345,6.203162,14.460968
8346,5.7746663,16.330486
8347,5.3806915,14.452284
8348,5.2724915,12.950603
8349,5.770641,15.683792
8350,4.9344974,12.354932
8351,4.4538975,12.357341
8352,4.051186,13.3551235
8353,4.43821,13.271811
8354,5.1331477,12.641817
8355,4.9941983,10.884645
8356,5.123667,11.594484
8357,6.2442193,12.166768
8358,4.74774,11.854879
8359,4.8234186,11.908849
8360,5.297675,14.287149
8361,5.620114,13.209914
8362,5.5868,10.969489
8363,6.1641135,11.917027
8364,5.719214,11.511959
8365,4.680589,18.701992
8366,6.7601986,12.719496
8367,5.6500673,15.346526
8368,5.9849772,15.996021
8369,3.8789692,12.109403
8370,4.980765,12.312305
8371,5.202038,15.569929
8372,6.3894253,13.193646
8373,5.0640426,14.824142
8374,4.1970854,15.144924
8375,5.239405,14.017828
8376,4.4187675,17.495094
8377,6.0829597,16.18633
8378,5.3906918,14.7864
8379,5.7123103,15.0529175
8380,3.7291317,14.606244
8381,4.4952927,14.027723
8382,4.476392,11.483744
8383,5.730416,12.797483
8384,6.4528456,14.580604
8385,3.5240035,11.470407
8386,4.4819636,11.916424
8387,3.8011646,14.642292
8388,4.56448,12.423857
8389,5.619924,9.579423
8390,7.205082,12.620627
8391,6.176092,9.16512
8392,6.215316,8.520399
8393,5.237364,6.9947553
8394,4.6829567,5.1912174
8395,4.205844,5.2387986
8396,2.777365,10.091018
8397,5.2353387,9.077256
8398,5.531295,9.627902
8399,5.3901086,11.912601
8400,4.8104186,12.326139
8401,4.673939,14.896245
8402,4.5000777,14.626942
8403,4.387249,10.534379
8404,2.2044897,10.26744
8405,4.544405,10.430166
8406,1.6768552,12.444601
8407,2.1864367,7.993433
8408,1.6818047,14.353453
8409,3.251015,13.832382
8410,3.6797166,12.853996
8411,3.47511,11.872501
8412,3.215346,15.682597
8413,2.4473166,14.344326
8414,4.673307,13.592757
8415,6.332542,12.090384
8416,3.5067997,17.068233
8417,4.7925167,21.018192
8418,5.6087027,18.143637
8419,4.4911485,14.092052
8420,4.4057016,10.147079
8421,3.5628076,11.425678
8422,4.76329,13.772938
8423,4.006459,15.899973
8424,3.2074819,12.653954
8425,4.5781174,10.672049
8426,3.9537978,12.116187
8427,4.4086943,12.732123
8428,3.6278129,13.142774
8429,4.6847367,13.250972
8430,3.5501997,10.71831
8431,4.6077886,8.887595
8432,5.9004965,8.4548235
8433,4.804567,11.802415
8434,3.4780662,12.335159
8435,4.6409264,9.594771
8436,3.6267815,9.064976
8437,4.7858734,11.181946
8438,3.3560398,10.980743
8439,4.8197436,9.318353
8440,2.8630586,12.93452
8441,4.685777,11.611339
8442,4.48979,17.196936
8443,4.9895263,17.52206
8444,3.0932312,12.416676
8445,3.4474409,13.781124
8446,4.2311144,11.630562
8447,4.484568,11.40468
8448,4.2541566,9.817554
8449,2.890834,15.081546
8450,5.185685,20.276636
8451,5.14356,10.880797
8452,4.1501975,14.365662
8453,3.95921,12.947381
8454,3.1540253,14.412227
8455,4.8519316,15.970479
8456,2.5111995,17.27226
8457,4.841356,14.965293
8458,3.5644853,11.819935
8459,4.31518,10.977267
8460,3.4663463,16.132738
8461,3.328653,14.822494
8462,3.7745676,15.122822
8463,4.5683045,16.181963
8464,4.2707896,13.34617
8465,4.004452,13.7429495
8466,3.3879936,11.383005
8467,6.0735655,14.6579895
8468,4.5482497,16.410557
8469,3.5940034,17.90347
8470,4.1616607,13.691877
8471,3.886083,13.370042
8472,3.8047905,13.823973
8473,4.893596,14.842648
8474,5.1235166,16.882456
8475,5.0462756,16.69019
8476,4.42818,17.310606
8477,4.4066195,15.655895
8478,3.572182,16.468313
8479,4.5831723,12.41709
8480,5.5351977,14.727717
8481,3.503907,15.317227
8482,5.1949854,15.697381
8483,6.661431,11.427288
8484,2.9711232,10.598915
8485,4.018626,14.635159
8486,3.4628642,11.505371
8487,6.1776323,14.065618
8488,5.4700375,16.547052
8489,2.5860605,16.567478
8490,4.318653,12.561878
8491,3.6648386,18.625149
8492,3.4985628,15.1843
8493,5.258971,18.8323
8494,5.886859,15.677913
8495,3.863368,19.16358
8496,2.26661,19.07813
8497,4.730737,14.925319
8498,6.6331277,16.402716
8499,6.1078553,20.263008
8500,5.740035,15.1880665
8501,6.264696,17.028242
8502,5.6652665,17.743435
8503,4.561553,17.625334
8504,5.8925295,17.481958
8505,4.127832,19.121477
8506,3.8647597,14.381384
8507,3.6142085,16.130697
8508,6.075079,19.539438
8509,4.3506823,19.504091
8510,6.049482,15.970602
8511,5.3926263,14.019679
8512,5.388048,18.692924
8513,4.9417477,14.441244
8514,5.2045155,15.933387
8515,5.495147,12.372299
8516,5.110194,18.018087
8517,5.1861815,18.91001
8518,4.2039537,14.010347
8519,5.7085934,13.945232
8520,3.315181,13.506181
8521,3.4895759,11.587177
8522,4.0601363,15.658929
8523,4.3074675,13.993918
8524,4.8748584,12.247913
8525,4.7869544,15.757691
8526,2.9394126,12.049352
8527,5.7462687,16.169662
8528,3.0705304,13.81628
8529,5.5513396,13.91137
8530,5.3293886,14.448778
8531,4.6301246,12.69506
8532,4.228056,16.05652
8533,4.936677,13.48254
8534,4.7876368,13.996842
8535,4.935461,15.94425
8536,5.4793577,19.095089
8537,4.590517,18.21101
8538,4.002473,11.901524
8539,5.0098934,13.832432
8540,4.7954516,14.887721
8541,4.131487,14.227161
8542,4.0859623,14.728523
8543,5.317259,16.160162
8544,4.034177,15.478814
8545,3.7792776,16.189833
8546,4.399663,14.929147
8547,5.363696,19.1397
8548,3.7416852,15.581084
8549,6.611373,8.32877
8550,5.3630037,15.314839
8551,4.433511,12.12101
8552,5.863557,15.00499
8553,6.4255557,11.470858
8554,3.4910538,9.271801
8555,4.8082767,12.322473
8556,3.8255804,11.832503
8557,5.657712,11.774009
8558,4.2010026,11.9130335
8559,4.627641,11.972198
8560,6.138701,9.272394
8561,4.534148,13.569684
8562,3.6623597,18.995646
8563,4.4921036,20.134096
8564,4.2264533,15.230049
8565,6.0063887,15.774219
8566,4.961799,13.975889
8567,4.1975307,15.873243
8568,4.729429,15.890777
8569,4.650053,11.547895
8570,5.1035557,13.582871
8571,4.9323287,16.560238
8572,3.3960712,12.046083
8573,3.9111505,15.07044
8574,4.7793045,13.484139
8575,3.695992,15.076523
8576,4.0429006,13.012148
8577,4.3971,14.050726
8578,5.0106688,11.664243
8579,4.7151246,14.574895
8580,3.393326,16.745878
8581,6.1187415,15.649381
8582,4.4346066,15.029644
8583,5.131053,17.236288
8584,4.3561983,15.434137
8585,5.0286355,15.9197235
8586,4.3921843,13.314654
8587,6.1885843,13.850133
8588,5.038162,13.410458
8589,7.2838597,18.00966
8590,5.152804,13.942525
8591,4.0915174,14.882867
8592,5.1363363,13.408088
8593,4.647113,10.486621
8594,4.9414105,13.178027
8595,4.804616,12.060318
8596,5.111126,14.781612
8597,4.177377,13.698709
8598,4.9645386,12.967745
8599,6.0550327,15.344651
8600,4.2309513,15.623846
8601,5.1159134,16.253918
8602,6.1204405,15.253651
8603,4.8026676,18.60688
8604,4.5087214,16.254921
8605,2.8923216,17.834227
8606,3.4540653,13.494446
8607,5.4281716,17.341127
8608,5.2765584,18.423077
8609,3.9114301,18.251942
8610,5.859099,16.823877
8611,6.4343743,15.943879
8612,6.4044833,17.045534
8613,5.4807897,17.975039
8614,3.4173183,12.354451
8615,2.472003,19.64524
8616,4.6039896,12.169675
8617,3.9883611,16.554674
8618,2.0835915,16.302776
8619,3.552424,17.40096
8620,3.0160456,15.636133
8621,3.0723028,17.13257
8622,4.1747355,17.92587
8623,4.770479,20.257494
8624,3.5587707,15.7968445
8625,5.1763086,18.009579
8626,4.0281577,15.800194
8627,4.196923,17.271723
8628,5.252989,16.159664
8629,3.7016706,18.193794
8630,3.75088,15.846476
8631,3.9407396,17.646444
8632,2.2788851,15.49398
8633,2.9842813,9.630625
8634,3.8114703,15.118163
8635,3.6179905,16.38865
8636,3.917601,13.73224
8637,4.0268674,13.827138
8638,3.157238,13.555766
8639,1.6086626,17.184082
8640,4.629913,17.118599
8641,3.8618512,16.602682
8642,2.2408323,14.628181
8643,5.4880385,14.624967
8644,2.5493867,15.579381
8645,2.9714062,11.454438
8646,3.4305818,14.401474
8647,5.2005367,14.287098
8648,2.7126398,16.416384
8649,3.814409,14.201669
8650,5.6641903,15.636001
8651,3.2772985,14.653371
8652,5.0904336,20.31936
8653,3.7502248,18.922853
8654,3.6287115,14.012109
8655,4.4215703,13.94612
8656,4.368462,13.109725
8657,3.9886634,15.543368
8658,5.6912165,15.71025
8659,4.5452967,15.496076
8660,3.3773105,16.648863
8661,5.8330545,15.590283
8662,4.4492598,13.286752
8663,5.0181007,15.738285
8664,4.400989,14.892808
8665,4.636599,14.407222
8666,5.3222713,14.048447
8667,5.513272,15.604111
8668,5.7761126,14.618998
8669,5.110958,18.286121
8670,5.6696877,14.776535
8671,5.8425612,14.452386
8672,4.972221,12.669068
8673,6.2448897,15.599396
8674,5.161676,13.516831
8675,4.575403,13.169535
8676,5.3109508,10.652787
8677,4.665821,14.407194
8678,5.002998,12.379384
8679,5.9890313,13.2547865
8680,4.4095297,14.36082
8681,3.101581,15.778753
8682,5.5951633,12.477677
8683,5.219161,12.812178
8684,3.7294683,16.339037
8685,5.5760493,19.738667
8686,5.0533047,14.890653
8687,7.176514,18.351421
8688,6.640323,14.427631
8689,6.624114,14.485472
8690,7.0086365,15.048823
8691,4.4492702,15.204806
8692,6.321031,14.739003
8693,6.052487,11.540316
8694,8.595516,12.652879
8695,6.3353624,13.183342
8696,6.29802,15.5638485
8697,7.2086554,14.329685
8698,7.7490864,16.098354
8699,6.601219,14.634917
8700,5.424185,10.596354
8701,4.157207,19.21999
8702,5.693246,15.358933
8703,5.884137,16.880375
8704,5.2399597,18.224947
8705,4.349521,17.373798
8706,4.852869,14.766068
8707,5.6207256,16.855993
8708,6.9123673,15.257613
8709,6.9076686,12.00491
8710,6.3862767,12.763245
8711,4.5001383,12.628315
8712,5.789206,14.15973
8713,5.7618957,12.749073
8714,6.865773,14.543528
8715,6.338364,11.588701
8716,5.691406,15.489186
8717,7.166584,13.278283
8718,4.6591754,13.394682
8719,3.6761374,10.145666
8720,5.901703,9.590263
8721,4.4296126,10.898542
8722,5.733843,15.796524
8723,5.409364,17.169653
8724,4.5742507,14.52286
8725,3.9456964,12.997962
8726,5.516598,17.608925
8727,4.4328365,14.662847
8728,7.4928784,15.326651
8729,4.351468,13.241853
8730,3.1558347,18.456652
8731,4.7479095,14.525633
8732,3.6089926,17.917072
8733,4.401649,14.142217
8734,6.003649,14.630759
8735,5.983886,18.881313
8736,5.345838,11.831816
8737,3.872469,13.280999
8738,5.120014,14.629509
8739,4.1342187,15.365813
8740,4.164646,13.799169
8741,5.613579,15.025475
8742,4.7833433,15.299317
8743,6.2886143,13.083195
8744,5.7918234,15.109796
8745,5.002665,13.09184
8746,5.1532354,9.410255
8747,5.4287367,12.860874
8748,4.7663646,12.7042
8749,6.4100876,14.37814
8750,3.1294823,14.004025
8751,5.212565,15.225764
8752,4.895704,14.140207
8753,6.005574,12.165048
8754,6.1114135,12.882198
8755,4.6200857,10.884683
8756,5.130975,13.0218
8757,3.9196417,15.280103
8758,4.8438993,14.240651
8759,6.0027075,13.437566
8760,5.9787464,15.040807
8761,3.8135357,9.637656
8762,3.8265648,10.408237
8763,4.8266606,12.46239
8764,4.5523124,11.847852
8765,5.346596,14.302478
8766,4.8129625,15.000375
8767,3.6311183,14.047604
8768,4.464093,12.625875
8769,2.857765,12.227871
8770,5.6828957,7.956133
8771,3.8648107,7.879779
8772,5.2759523,9.896598
8773,5.749331,8.960062
8774,7.2521415,10.72234
8775,6.5931473,12.502045
8776,5.2859797,9.915995
8777,6.297009,12.93839
8778,5.9976482,11.519392
8779,6.157125,13.482433
8780,5.063542,10.179627
8781,5.4353633,8.846038
8782,4.615431,9.19307
8783,5.281568,9.273636
8784,4.8169174,6.5030293
8785,4.780561,7.443257
8786,4.89859,9.000953
8787,4.793517,11.094343
8788,4.922168,11.136952
8789,3.9331264,9.296071
8790,4.9689593,9.175932
8791,5.7331214,8.319688
8792,4.1278906,8.282075
8793,4.64173,10.645376
8794,3.855357,9.714783
8795,4.6570663,10.229684
8796,5.526766,8.071923
8797,5.112605,6.667067
8798,3.7968352,12.765968
8799,5.1767497,15.205975
8800,7.6855483,12.337276
8801,4.9650164,13.41559
8802,6.1158795,11.446684
8803,3.9526396,13.526169
8804,6.040712,11.8042755
8805,6.372978,8.159704
8806,5.429784,6.6237473
8807,4.9740467,8.185819
8808,5.0197783,10.716205
8809,3.8904896,8.417469
8810,5.3465786,4.6247106
8811,4.166313,6.148156
8812,4.938204,4.7357435
8813,6.378165,7.1780186
8814,6.144958,9.279529
8815,4.5084205,12.507908
8816,5.540599,13.008501
8817,5.108926,12.481273
8818,6.1684427,16.530981
8819,5.6026664,13.863286
8820,5.4534717,8.276622
8821,6.3314004,7.5276957
8822,6.3790636,8.623421
8823,4.199414,12.535857
8824,3.1322567,9.611221
8825,5.2158294,11.122664
8826,3.5691624,8.716218
8827,5.563203,9.657808
8828,5.914803,11.2965975
8829,5.1958494,10.611587
8830,5.2928553,12.947293
8831,3.4503617,8.074908
8832,5.0203466,9.865472
8833,3.5048077,12.377113
8834,3.9193742,15.395867
8835,3.9664953,10.877284
8836,3.8323302,8.450603
8837,3.995902,7.4663253
8838,4.339298,7.948504
8839,4.928542,10.870666
8840,4.591288,12.09803
8841,5.693697,8.012056
8842,4.8234143,12.846632
8843,5.346629,11.507814
8844,7.6255627,11.200105
8845,5.278206,15.674377
8846,4.7354364,13.162108
8847,5.700503,12.703162
8848,4.3931723,14.780946
8849,6.2894053,13.950113
8850,5.0843945,14.975971
8851,6.954792,13.582457
8852,8.402752,13.688231
8853,7.0768104,15.678573
8854,6.271305,16.26584
8855,6.630661,11.685908
8856,8.11587,8.70274
8857,6.9675813,11.442399
8858,6.9414377,15.64617
8859,5.5333343,12.059081
8860,8.562949,8.84017
8861,6.464914,7.6506615
8862,5.5499744,7.0978975
8863,4.7343802,8.140901
8864,7.1025357,5.5790005
8865,6.431505,8.184564
8866,5.1548004,6.4973836
8867,5.32633,7.8648252
8868,6.0497,8.650121
8869,5.8810787,8.790353
8870,5.119413,10.054667
8871,5.957859,8.150505
8872,5.4447975,10.3047085
8873,5.2290964,7.411059
8874,4.774275,13.476505
8875,4.797599,10.013884
8876,4.4289527,11.230758
8877,4.126801,12.703641
8878,6.0369377,8.321893
8879,4.6421323,10.181271
8880,6.047092,7.888445
8881,5.1893597,4.4622955
8882,5.5053988,7.99699
8883,4.977139,7.4962997
8884,5.5952215,6.537833
8885,6.980845,7.9068317
8886,5.440905,7.652122
8887,5.0644035,10.454617
8888,4.6836104,10.555889
8889,4.9365454,8.736445
8890,5.620651,10.0608635
8891,5.6603584,9.937768
8892,5.3216705,6.968955
8893,4.4693294,10.231253
8894,5.957576,13.751236
8895,5.933374,10.8629465
8896,4.9716444,11.726406
8897,5.4783406,11.272466
8898,3.5736134,12.420642
8899,6.858156,12.470122
8900,4.135828,10.67174
8901,5.0573573,11.244183
8902,5.88467,13.189393
8903,5.5953207,12.760733
8904,6.58451,10.3369255
8905,4.363597,10.204979
8906,4.539135,7.335716
8907,5.403019,9.881923
8908,6.0618625,6.1647553
8909,4.9028873,9.29599
8910,4.5048594,6.234934
8911,6.0285883,4.196842
8912,4.7808585,5.5062375
8913,5.633768,6.1055226
8914,7.011208,6.536194
8915,5.6865396,9.548109
8916,5.156262,7.9991546
8917,6.8599725,9.234373
8918,5.7339582,7.9594326
8919,7.182585,6.798096
8920,7.0785213,6.8103023
8921,7.006974,8.706836
8922,5.053636,7.658204
8923,5.2382355,8.184664
8924,4.3270073,6.52731
8925,7.5099206,5.2420588
8926,5.7982926,9.527476
8927,4.4420366,9.571204
8928,4.974859,6.4428573
8929,6.805463,10.541231
8930,6.956082,5.4117904
8931,6.9214454,2.2895904
8932,6.7259164,7.3893533
8933,5.7001243,8.029853
8934,4.1357384,7.565384
8935,6.556971,5.119685
8936,5.584534,6.1643357
8937,5.2108507,2.6747265
8938,6.657479,2.4897482
8939,5.561119,4.640297
8940,5.1905427,2.4423835
8941,5.815211,5.9252124
8942,5.255243,6.285345
8943,4.717838,6.3171954
8944,6.1949835,4.8167615
8945,7.1783853,1.5875509
8946,4.80994,3.8739529
8947,6.792856,-0.36164573
8948,5.03596,1.5062966
8949,5.9738946,0.048879717
8950,5.399559,1.7805303
8951,4.8690877,0.4848465
8952,4.608726,1.1301419
8953,7.1239624,3.959637
8954,5.9237247,6.6022387
8955,3.648397,7.3088436
8956,3.872825,6.1200867
8957,6.4012737,1.0279994
8958,3.7553227,3.988839
8959,5.1465735,3.8785324
8960,7.001296,5.14907
8961,5.480804,2.6803393
8962,3.837877,6.252157
8963,4.584071,4.4884324
8964,4.0183907,4.892921
8965,5.9533186,1.7135359
8966,5.507289,4.8658624
8967,4.664603,4.3560286
8968,7.115929,3.4991815
8969,6.279974,3.9325483
8970,5.403859,4.0625863
8971,4.9672704,6.582556
8972,6.9977503,10.526566
8973,5.2588115,6.880341
8974,4.303155,9.517144
8975,4.4202123,5.4711456
8976,5.357533,3.0990798
8977,4.897902,2.7166967
8978,5.354429,3.6419997
8979,5.3572416,3.398441
8980,5.766675,4.225273
8981,5.0823426,4.447596
8982,4.210205,6.450911
8983,6.1944857,8.203655
8984,4.7107077,6.309915
8985,5.55469,4.7913084
8986,5.841533,7.309691
8987,5.229143,9.108256
8988,6.05924,9.797254
8989,4.305663,7.871642
8990,4.595002,7.4189177
8991,4.4147363,8.417416
8992,5.8459997,8.604085
8993,6.5466366,6.8608212
8994,4.840361,5.0299973
8995,6.5384836,5.580838
8996,6.629147,8.345295
8997,4.482638,11.234181
8998,5.2842174,7.711164
8999,5.694643,3.85868
9000,4.4795,6.4205585
9001,5.867417,7.255753
9002,4.799502,4.1561317
9003,5.4239283,1.8715957
9004,4.6632633,5.5555634
9005,6.3502197,9.111575
9006,6.4640284,10.553117
9007,6.4848976,7.9245086
9008,6.1373243,7.310679
9009,5.290466,11.165775
9010,5.48928,9.573462
9011,4.9309607,8.830831
9012,4.3794713,7.849751
9013,5.5641065,9.706143
9014,4.452515,7.0329614
9015,4.5726385,9.441115
9016,5.733398,7.7872095
9017,4.9683046,5.1994553
9018,6.2326384,6.482011
9019,6.0178857,9.764927
9020,4.9473147,6.3861575
9021,5.3033504,9.09376
9022,6.3907905,8.133883
9023,5.9933577,6.117247
9024,5.756333,6.6728396
9025,6.6643467,6.4985285
9026,6.607852,6.918337
9027,6.6894407,5.903896
9028,6.0755944,6.424231
9029,7.4595537,5.7202406
9030,7.3034825,7.3118334
9031,5.2567277,6.4431224
9032,6.5753617,5.920002
9033,7.7977443,3.8376048
9034,5.3260365,1.2182821
9035,5.298146,4.686276
9036,6.478477,4.454032
9037,5.2928267,1.7461308
9038,6.53461,2.5863926
9039,4.862824,4.0332203
9040,5.456593,1.6174303
9041,4.6226892,4.536167
9042,4.782319,3.8039334
9043,4.828598,4.871284
9044,7.4332633,0.669614
9045,5.5028043,6.4656343
9046,6.1498723,5.012121
9047,6.580005,5.56071
9048,6.8918014,3.837702
9049,6.607927,9.241145
9050,7.141806,5.6530433
9051,5.5754137,7.2009845
9052,5.583397,8.447773
9053,6.2790694,7.0958624
9054,4.320809,8.735684
9055,4.7093954,8.770602
9056,5.471218,6.317567
9057,5.495551,5.9856763
9058,5.9913855,4.8294835
9059,5.9829497,3.1628277
9060,7.302193,7.874519
9061,6.2873898,7.591658
9062,7.6966596,7.525138
9063,6.2229047,5.634564
9064,5.6835437,4.785515
9065,5.8923182,8.992467
9066,5.6698136,7.771468
9067,6.255041,9.465429
9068,6.0284424,9.085676
9069,5.697578,5.29913
9070,5.805886,7.5626893
9071,4.929388,5.993189
9072,5.967275,4.3734007
9073,6.005711,7.6334825
9074,5.50171,6.9376125
9075,5.1651864,5.173937
9076,4.8716226,8.857219
9077,3.903105,9.755641
9078,5.987564,6.9066067
9079,5.2433133,8.583729
9080,5.794327,10.908497
9081,5.3948793,2.9894059
9082,5.764566,7.9911027
9083,6.419781,8.088045
9084,6.9325,11.298814
9085,4.919141,11.429171
9086,5.483907,9.8113165
9087,5.3161783,8.542006
9088,5.6772933,7.1486497
9089,5.224839,5.198943
9090,4.9932985,2.4449759
9091,6.1722994,4.95613
9092,4.879531,3.0078635
9093,4.5628414,5.950455
9094,3.1048193,7.350976
9095,4.020253,7.574765
9096,3.761478,4.7943172
9097,5.4199023,6.6776404
9098,6.2768764,3.0433517
9099,4.904787,8.273278
9100,4.4387345,7.079944
9101,4.345502,3.9674957
9102,3.616568,5.5760818
9103,5.3291984,6.688027
9104,4.676323,5.9969015
9105,5.3746643,1.0052493
9106,4.6548686,5.564764
9107,6.0062814,7.3571396
9108,5.828007,12.629638
9109,5.4570923,9.657987
9110,5.2542853,8.01222
9111,5.284199,7.6501703
9112,6.142481,2.707964
9113,5.998947,10.662804
9114,5.0496507,5.741583
9115,4.2898645,7.1516194
9116,5.761767,9.496427
9117,7.1201677,10.773466
9118,7.802838,8.831437
9119,6.896716,10.44539
9120,5.1302476,11.853255
9121,4.3164763,10.887702
9122,6.112122,7.7537856
9123,6.3979626,9.4577265
9124,6.017021,10.891234
9125,5.301117,10.987494
9126,5.5981975,16.950153
9127,5.7087545,15.416713
9128,4.893335,13.118867
9129,6.621091,16.310444
9130,3.5880113,14.901054
9131,3.6043465,10.895635
9132,4.0063763,12.941424
9133,2.5694563,10.746322
9134,3.7531233,9.925349
9135,4.6990848,15.029178
9136,4.910028,10.451448
9137,5.28898,5.8523684
9138,5.8596144,9.193548
9139,4.552105,7.937135
9140,3.1970336,5.836009
9141,3.5233412,7.0698943
9142,3.5698602,4.3227105
9143,4.6266327,5.0296574
9144,4.6476517,10.142383
9145,4.7854834,5.615227
9146,6.6792917,4.142469
9147,7.0232277,4.5362215
9148,5.9321465,5.326776
9149,5.533874,4.031511
9150,3.787102,2.1508403
9151,4.3798294,2.9013138
9152,4.94278,3.033703
9153,4.5552473,0.69398355
9154,4.479504,2.4562302
9155,5.6890845,5.2831535
9156,3.4893253,6.618929
9157,4.878743,5.5289745
9158,5.172472,5.3771996
9159,5.275842,3.219468
9160,4.654651,-0.074861646
9161,5.4155726,3.515444
9162,5.4825287,3.9139044
9163,5.295865,8.157489
9164,6.3061423,3.8316991
9165,5.884741,8.433345
9166,2.9102943,1.142561
9167,5.7766128,4.875768
9168,5.676753,5.8266406
9169,5.5855594,5.6283813
9170,4.708361,6.3530145
9171,5.6683335,4.3291583
9172,5.565563,2.236928
9173,5.3239536,0.053395066
9174,4.6333804,8.07016
9175,4.561113,4.7913833
9176,4.623931,2.6915734
9177,5.30294,1.8039943
9178,5.309676,4.593399
9179,4.888046,6.6920123
9180,4.8597074,7.3964453
9181,5.089413,5.896401
9182,5.0800796,7.4326463
9183,4.953271,8.97016
9184,4.2679043,8.550604
9185,4.364506,7.662698
9186,5.238391,6.144334
9187,4.130984,4.7987432
9188,4.73974,5.3557205
9189,5.3463645,3.9492476
9190,4.836365,6.7319427
9191,5.342345,8.562361
9192,5.055146,10.228919
9193,5.8810554,5.6797743
9194,5.848566,7.1640325
9195,5.9744773,7.995129
9196,5.2614026,12.011415
9197,4.9348016,10.365513
9198,4.973649,9.445556
9199,6.2599792,3.8103611
9200,5.608036,10.050965
9201,6.4806757,7.0172396
9202,5.440584,7.526909
9203,5.652892,8.831972
9204,4.614608,5.943126
9205,4.463473,7.561611
9206,5.69804,6.4530582
9207,4.231854,6.300843
9208,6.4095435,6.8499975
9209,3.9362905,11.633866
9210,6.124656,10.978808
9211,5.7780447,8.228569
9212,6.4585195,10.804746
9213,4.7344866,14.1988945
9214,4.107835,11.692543
9215,3.4652095,14.234201
9216,3.2976437,10.592715
9217,4.1497254,13.407524
9218,4.104179,12.162387
9219,4.9740577,14.124355
9220,5.1102214,14.2763815
9221,4.8525286,16.822075
9222,4.111993,14.127189
9223,3.207597,8.69029
9224,5.59636,10.986457
9225,4.4234858,9.290077
9226,4.1121917,13.256585
9227,5.1722946,9.165356
9228,5.353355,11.329523
9229,5.7391715,13.406735
9230,5.2564597,10.758573
9231,5.2983646,10.80312
9232,4.602285,12.651424
9233,5.849744,14.172742
9234,4.630422,12.877418
9235,5.3068147,9.474291
9236,4.3097124,8.43187
9237,4.000056,9.468175
9238,5.189901,12.198783
9239,3.5244658,16.059351
9240,4.6520095,12.958537
9241,5.8922954,13.522643
9242,4.139475,14.549002
9243,3.3614519,11.423267
9244,5.1732297,13.555137
9245,4.7328234,17.092194
9246,4.154003,11.064546
9247,3.607426,15.775771
9248,6.608767,10.403732
9249,5.6839113,16.520311
9250,5.3384585,14.506297
9251,4.6148715,12.757451
9252,4.299278,12.517901
9253,3.3864543,15.788517
9254,5.2294393,13.515824
9255,5.6498823,14.38376
9256,4.6811957,10.983163
9257,3.2790768,11.847754
9258,4.7047067,8.901182
9259,7.351372,11.678434
9260,4.5855937,13.419445
9261,6.122136,13.611135
9262,3.1073165,12.283195
9263,6.4560013,13.398753
9264,5.0704217,9.372633
9265,5.5541234,11.535722
9266,3.9694757,13.818394
9267,3.9459865,12.883259
9268,3.7874906,8.59767
9269,5.3411956,9.810502
9270,6.118587,8.587479
9271,4.9322486,13.452183
9272,5.0403304,10.726037
9273,4.182048,11.280569
9274,4.8378205,15.823455
9275,4.1387095,13.067475
9276,4.156972,11.857755
9277,5.2201643,11.4444
9278,4.4944444,13.706522
9279,5.1154265,7.8387737
9280,7.599482,7.932109
9281,5.3331933,10.471021
9282,5.7950215,11.398662
9283,6.07417,10.860441
9284,4.0874066,9.378175
9285,5.7513776,8.309152
9286,4.885238,7.806223
9287,4.4863467,9.87392
9288,4.9610095,9.4377165
9289,3.6700668,13.704893
9290,6.0557113,9.750676
9291,4.065901,9.183281
9292,4.983385,11.477299
9293,5.5131264,10.60104
9294,5.0038533,11.489578
9295,4.4042673,11.702509
9296,5.1184444,10.839146
9297,5.357724,10.61044
9298,3.8894305,7.7342114
9299,5.0935116,11.6972065
9300,4.373555,9.376374
9301,5.607378,7.3585367
9302,4.2628226,9.674281
9303,5.5181,11.988055
9304,4.800528,6.9062853
9305,5.5009446,13.945188
9306,5.0145373,12.780695
9307,4.955657,9.469489
9308,4.9944835,7.8292484
9309,7.1010756,11.199397
9310,5.3087273,8.167872
9311,6.524015,9.340956
9312,4.2044044,8.906667
9313,5.9865365,11.358211
9314,5.743493,10.718095
9315,5.1877346,11.098737
9316,5.023475,5.329481
9317,3.648808,10.877241
9318,4.139434,7.561495
9319,3.4588451,11.090027
9320,4.989145,6.254525
9321,6.0410914,9.246735
9322,6.589211,6.5563955
9323,5.262603,10.189704
9324,5.881302,7.141766
9325,5.212643,4.649006
9326,4.2528453,8.285486
9327,5.6274734,9.90339
9328,6.6774387,6.9704933
9329,5.2890186,5.4696736
9330,4.666972,2.0323138
9331,6.082151,4.610757
9332,3.7033582,2.572536
9333,4.7555037,2.8204055
9334,4.1770935,9.283194
9335,6.007026,8.831813
9336,4.608308,4.6998434
9337,5.459423,10.323031
9338,4.91298,9.564578
9339,5.2621555,7.445288
9340,4.963803,12.366034
9341,6.1021237,11.805143
9342,5.608104,10.3574095
9343,4.9739423,10.818008
9344,4.570992,9.79207
9345,5.7317576,9.24921
9346,3.9750957,7.125227
9347,2.9138432,3.118409
9348,4.285751,4.7222505
9349,6.175914,8.296399
9350,3.3406892,8.143579
9351,4.153463,8.790305
9352,3.4494958,6.6557713
9353,5.6359096,7.280926
9354,4.1038127,7.767739
9355,5.111366,6.6266212
9356,4.910526,14.02245
9357,3.0303571,7.3807397
9358,5.2461767,11.346483
9359,5.0246325,7.9802165
9360,3.591677,4.5036364
9361,3.7909768,7.242755
9362,3.9726832,7.9034395
9363,5.3606763,8.223006
9364,4.604448,6.3811703
9365,5.0251136,6.9947476
9366,4.078259,3.301243
9367,6.0851035,-1.3964623
9368,5.305225,-0.75864184
9369,5.5310783,1.1837938
9370,3.8572943,2.784232
9371,5.2677536,6.5859246
9372,4.0216193,8.927104
9373,3.5302913,6.8363714
9374,5.8261805,4.769161
9375,4.4774833,7.42857
9376,3.5544205,4.3357964
9377,5.4891467,9.749893
9378,5.3628473,9.46142
9379,5.609081,13.545431
9380,4.552694,10.876133
9381,5.6966276,10.463103
9382,5.106592,13.525377
9383,6.811972,10.1575985
9384,6.7393727,9.7597885
9385,3.398488,11.727095
9386,3.2039473,11.348663
9387,3.9202905,11.164821
9388,6.494153,8.720145
9389,5.8438454,9.521515
9390,5.475561,9.420011
9391,5.7743783,8.999622
9392,5.085832,12.216145
9393,5.2171273,11.135484
9394,4.4190626,10.635271
9395,7.1573095,13.129644
9396,3.415602,10.73212
9397,5.8375893,7.8762593
9398,4.537684,10.100296
9399,4.0500307,9.135828
9400,5.0285716,8.674546
9401,6.8786316,8.7931385
9402,5.3326097,6.933206
9403,4.012648,8.264142
9404,5.5702953,12.119066
9405,5.618531,10.852448
9406,5.6223636,9.268611
9407,5.6839323,9.730584
9408,5.4560137,7.562059
9409,7.5683575,9.3564205
9410,5.9290504,11.153861
9411,5.9773254,13.038162
9412,5.9554944,10.99738
9413,5.2688837,12.503855
9414,6.009077,12.921104
9415,5.4002986,12.997999
9416,4.537577,12.359367
9417,6.433994,13.201927
9418,6.8454866,11.98131
9419,5.5976677,12.108733
9420,5.5907464,12.546386
9421,6.232242,15.337939
9422,6.5062814,13.283992
9423,5.0929418,15.5106125
9424,4.817961,12.161069
9425,4.3330507,13.552896
9426,6.5842094,10.749117
9427,5.7829604,13.613446
9428,5.9670844,12.915429
9429,5.4115686,9.619799
9430,4.3582006,8.590563
9431,5.9823008,13.096273
9432,4.408258,13.894557
9433,5.492911,10.864568
9434,6.3284454,12.907867
9435,6.67459,12.632452
9436,6.4352775,16.4168
9437,4.7166796,13.638634
9438,4.134667,15.860586
9439,5.415428,15.07486
9440,6.4696,16.751753
9441,6.223508,17.942118
9442,3.2831657,18.906963
9443,5.1041226,14.560569
9444,5.3214073,15.442157
9445,3.6481848,13.211185
9446,4.873255,11.789255
9447,4.506917,13.117704
9448,4.769813,9.184784
9449,4.651022,8.950365
9450,5.390016,8.317895
9451,5.550664,9.137447
9452,4.297077,5.3619447
9453,2.1668408,4.2525697
9454,3.3309786,6.4324346
9455,4.7041802,8.036133
9456,2.4225168,7.421421
9457,4.123741,7.588085
9458,4.2134175,7.2937784
9459,4.1168838,8.286875
9460,4.328433,7.2776036
9461,3.3104877,9.519327
9462,4.9636917,7.874895
9463,3.1489577,5.3157005
9464,3.8314226,8.775263
9465,4.9620843,7.140612
9466,4.9502535,11.493171
9467,3.108457,13.121518
9468,4.52794,8.386057
9469,3.5735567,10.276116
9470,5.2564316,11.384885
9471,5.344139,11.193041
9472,3.8577108,9.396707
9473,3.9989452,8.773695
9474,4.184308,8.6934395
9475,4.4701223,11.994069
9476,5.5356345,7.2091928
9477,3.9685414,11.176109
9478,4.5466185,10.353224
9479,3.551064,11.306192
9480,2.5637286,12.536375
9481,3.78275,11.91516
9482,4.6586905,12.367109
9483,4.1845136,8.58776
9484,5.6556582,11.325015
9485,4.4465404,14.663248
9486,5.255685,12.2653885
9487,3.191256,13.992792
9488,5.562909,14.1623335
9489,3.6969032,13.75064
9490,4.1196165,12.177538
9491,3.5108297,9.612368
9492,4.4588556,12.229039
9493,5.056348,11.936929
9494,3.8084571,10.954483
9495,3.5274856,10.428787
9496,2.9139047,13.943951
9497,3.0129888,10.283878
9498,2.8178535,13.232587
9499,3.7345695,12.157419
9500,3.327346,12.267236
9501,4.842605,9.8691025
9502,3.9567385,9.570529
9503,3.411142,10.892593
9504,2.153516,12.151246
9505,3.8453333,8.385431
9506,4.129308,9.179832
9507,2.7502089,9.104401
9508,3.54382,7.0181255
9509,3.0424976,12.240918
9510,3.7933848,11.436397
9511,3.7534165,9.696371
9512,2.9369895,9.262799
9513,3.1445315,13.294468
9514,3.9382796,9.650614
9515,2.4182334,8.970849
9516,3.174197,7.5273366
9517,2.888071,9.5952835
9518,1.8424252,11.614475
9519,4.540596,10.365588
9520,3.5513465,8.88525
9521,3.27581,10.127267
9522,5.5937934,9.738769
9523,4.2577767,10.554656
9524,4.0146494,8.788295
9525,2.152681,7.9028797
9526,3.549693,6.397558
9527,4.4858694,10.3336
9528,5.4050508,8.627263
9529,3.9084492,12.123188
9530,3.5190504,7.7770324
9531,4.259206,10.228908
9532,4.3061,6.826145
9533,3.3930204,10.510496
9534,3.6603093,7.442652
9535,5.1095386,12.9207535
9536,4.9827623,8.854768
9537,4.235236,10.550655
9538,3.4805949,10.987192
9539,3.4129875,11.135206
9540,2.2728984,6.9813027
9541,4.728808,6.934802
9542,5.0172095,13.902526
9543,4.8790708,4.215011
9544,5.1864147,8.243336
9545,4.0472655,6.6865244
9546,6.0422497,10.37607
9547,7.622227,10.477286
9548,4.6218476,14.04664
9549,4.8620195,8.842912
9550,4.693583,9.6703615
9551,3.845449,9.173108
9552,3.4880579,9.842438
9553,3.7234235,8.005997
9554,5.1514497,8.430816
9555,5.091303,8.782816
9556,2.3748317,8.8014345
9557,4.83918,9.070855
9558,3.7139685,7.007091
9559,4.252886,9.67918
9560,4.0195384,11.7196865
9561,4.512005,12.885957
9562,4.388345,12.411274
9563,4.0184083,12.880167
9564,3.7187223,13.511514
9565,4.0600414,16.152374
9566,3.4085805,10.757511
9567,2.2609925,9.467043
9568,3.7617984,7.68907
9569,4.175337,10.141015
9570,3.9156947,7.464579
9571,2.3513415,10.021917
9572,4.571354,10.624761
9573,2.0714715,10.00857
9574,2.8145454,8.808984
9575,3.130604,11.3071375
9576,3.7475517,12.529803
9577,4.612539,10.280785
9578,4.433288,13.125792
9579,3.6104803,12.848643
9580,3.3945136,11.599857
9581,4.311523,10.681168
9582,5.430279,11.844521
9583,5.301793,11.239726
9584,3.693432,10.88494
9585,4.10257,13.416644
9586,4.701005,11.601359
9587,5.401908,11.919788
9588,5.1764097,11.370843
9589,6.481362,5.307473
9590,5.284409,9.908193
9591,4.082723,7.033419
9592,5.7335525,11.303969
9593,5.358469,11.803068
9594,4.7243104,10.261226
9595,4.1154637,9.824811
9596,5.1461883,8.891003
9597,3.1420064,5.05161
9598,2.3475688,8.09053
9599,2.3000925,11.493055
9600,3.4538517,11.055061
9601,5.435007,10.904061
9602,4.427699,13.460407
9603,5.7702146,13.995267
9604,5.95938,12.268943
9605,4.616305,9.529494
9606,4.096797,12.619116
9607,5.068017,12.841296
9608,3.6384232,11.238317
9609,4.2374835,13.22847
9610,4.400078,10.707612
9611,5.7063494,12.762852
9612,4.073266,13.602955
9613,3.0181525,12.51592
9614,3.4160159,11.327157
9615,5.3619843,14.600875
9616,6.033694,12.852131
9617,5.489433,14.048104
9618,5.3380985,13.568229
9619,2.6867368,13.090621
9620,3.7020164,14.730709
9621,5.218764,13.54486
9622,5.864641,13.1323595
9623,5.91288,13.871738
9624,5.444879,11.228195
9625,4.350241,8.54323
9626,5.2963905,14.062337
9627,5.549349,14.880427
9628,5.387139,16.837645
9629,3.667775,13.314916
9630,4.335566,13.000621
9631,3.3327215,13.316299
9632,3.7058744,13.659039
9633,2.6513162,13.536921
9634,5.5938706,13.9160385
9635,5.183286,11.672155
9636,6.0052953,12.051781
9637,4.522154,10.179481
9638,3.5535812,8.552573
9639,4.443074,10.407887
9640,5.1924,13.283031
9641,5.831567,11.820139
9642,4.9114037,11.382383
9643,5.6051083,11.235534
9644,5.0982876,11.544787
9645,5.1583705,10.852459
9646,3.709781,10.323195
9647,6.1218123,9.411517
9648,4.845806,11.937555
9649,4.435404,13.59645
9650,6.090069,11.812926
9651,5.965161,9.805799
9652,5.863919,10.466197
9653,5.9009333,6.700263
9654,7.0737495,4.887763
9655,5.9615703,6.175318
9656,5.012337,7.282495
9657,6.701601,8.755232
9658,6.747028,9.670672
9659,4.122972,7.6710443
9660,4.69251,8.361124
9661,6.042748,12.06744
9662,5.134365,8.6595545
9663,6.3576584,6.1484256
9664,7.2755246,6.5749855
9665,5.5613976,5.621685
9666,7.663322,8.75689
9667,5.288671,9.864732
9668,4.724904,6.7359605
9669,6.2795935,6.5671296
9670,5.449622,8.021931
9671,5.004828,4.818426
9672,2.8858914,9.423112
9673,2.4096878,8.1715
9674,3.6961496,10.348493
9675,3.2501285,8.597084
9676,4.2117968,7.780631
9677,4.9375873,6.0244164
9678,3.6724994,11.598342
9679,5.631898,7.2366805
9680,2.8090754,8.528236
9681,4.9562755,5.1853447
9682,5.0513287,10.094874
9683,4.0411687,10.437464
9684,3.6325316,7.2625785
9685,2.5991457,8.062071
9686,4.768565,7.8072457
9687,4.378227,9.5431
9688,5.6640444,10.495504
9689,5.2038302,5.5909142
9690,5.7211337,4.766846
9691,6.4511995,2.6689806
9692,5.1824274,6.5174627
9693,4.286566,2.7938197
9694,5.7787504,4.358417
9695,4.120235,7.49787
9696,4.327723,7.129922
9697,3.5916831,6.8381686
9698,5.66831,7.7349896
9699,5.779943,6.4573603
9700,6.5235357,8.557275
9701,7.3414764,6.659973
9702,5.5272174,6.98767
9703,6.9850163,6.67423
9704,5.2168546,10.824533
9705,5.0103135,6.3373604
9706,5.056486,6.778157
9707,6.2711344,13.639185
9708,5.8686233,13.373048
9709,3.3644452,14.462332
9710,3.6188931,13.834805
9711,3.137111,9.999948
9712,5.1707106,10.466906
9713,5.5424724,6.1896358
9714,5.429978,6.9252563
9715,5.1569953,7.8295865
9716,5.7651343,7.497937
9717,4.1143827,7.221458
9718,4.321333,8.704657
9719,4.521825,10.66051
9720,4.493342,11.553041
9721,4.4912906,7.769104
9722,4.837875,7.7679443
9723,5.475072,9.355212
9724,3.7243748,6.4320164
9725,2.8990445,10.849995
9726,4.723957,9.487744
9727,4.566065,11.834076
9728,3.3115282,10.184336
9729,5.142042,8.851767
9730,3.1932018,5.2577705
9731,6.840094,8.427803
9732,5.2903905,7.4458346
9733,5.3569098,6.3438563
9734,7.045143,8.3011055
9735,5.692951,10.4579
9736,5.024544,10.199582
9737,5.4269333,14.648954
9738,2.7017467,13.071392
9739,3.2531326,6.0053005
9740,3.9973202,7.341822
9741,3.7459335,5.599805
9742,3.9561167,8.446726
9743,6.0231147,6.5716195
9744,5.2602396,4.1526523
9745,3.6994655,9.385537
9746,4.77783,9.240424
9747,6.3653073,9.206313
9748,5.450178,8.918062
9749,4.951091,5.7329473
9750,5.5243497,6.786988
9751,3.176788,5.2538495
9752,2.2040122,6.7638993
9753,5.1568346,8.900793
9754,5.473485,10.824949
9755,4.743293,6.9400005
9756,3.4688327,4.4991484
9757,4.71861,8.766412
9758,4.6615334,9.791328
9759,4.8518558,10.331218
9760,5.4996533,7.1814775
9761,3.711188,6.02946
9762,5.5158,5.549196
9763,4.923739,5.52423
9764,6.4762583,5.6970816
9765,3.8886716,8.088774
9766,4.2918077,8.135463
9767,5.5418367,4.715429
9768,5.887206,5.3990974
9769,4.3517175,10.412344
9770,5.108006,7.0913906
9771,3.2886765,10.670671
9772,4.5199237,2.065566
9773,5.73925,1.4567345
9774,6.3418765,6.337457
9775,4.927698,5.5176883
9776,4.177405,7.0734563
9777,4.090219,7.0032926
9778,4.465313,3.7275841
9779,5.281798,7.744976
9780,6.022362,5.574246
9781,5.3829036,11.428992
9782,6.257304,10.955222
9783,3.879977,8.412223
9784,6.282435,11.56589
9785,5.7603207,5.9099126
9786,4.5438128,10.337828
9787,4.191521,9.82487
9788,4.410733,10.955279
9789,5.451534,10.060937
9790,4.1746497,10.712698
9791,4.8554,8.967639
9792,5.063491,8.842589
9793,4.823334,9.484631
9794,4.561494,8.649706
9795,3.3521798,10.300626
9796,5.4770284,6.69301
9797,5.2661967,7.9873176
9798,5.072887,9.96502
9799,4.474682,7.752843
9800,3.847873,9.3172035
9801,5.0393,10.698931
9802,5.290111,10.981199
9803,3.4968474,9.839333
9804,3.0300841,6.987359
9805,4.756153,5.6141715
9806,3.7671201,4.5320673
9807,3.8726711,9.521683
9808,5.5526905,11.986193
9809,3.7992427,8.994633
9810,5.899252,10.639187
9811,4.055545,9.094547
9812,6.006894,7.8518076
9813,4.3479676,7.261081
9814,5.403716,4.4795084
9815,6.2448745,7.6577005
9816,4.2699504,11.446759
9817,5.646167,3.9513912
9818,5.409736,6.198026
9819,4.4467573,3.776929
9820,5.877339,6.273623
9821,5.011939,7.9683337
9822,6.368846,5.7766805
9823,5.5908732,4.4582763
9824,5.9171,4.937744
9825,5.1926575,3.7103221
9826,4.8604875,5.342942
9827,4.47361,2.4478822
9828,3.008088,2.3977616
9829,4.962099,4.2997646
9830,4.9721556,0.7016326
9831,5.683969,4.3392425
9832,5.075543,3.1820421
9833,3.8312716,-0.83727
9834,5.26661,4.613796
9835,4.372462,3.769603
9836,3.7688303,3.007248
9837,4.1620197,3.480992
9838,5.2184362,-1.5305943
9839,3.750315,1.4939482
9840,4.411058,0.26311538
9841,6.3577533,3.3020158
9842,5.694405,4.877719
9843,5.4387197,2.757309
9844,4.7405076,5.8386965
9845,4.4362974,6.74308
9846,4.8989267,9.656465
9847,4.55032,7.1674385
9848,4.08122,10.691548
9849,4.8584094,8.070552
9850,4.4606485,6.5634627
9851,4.5393667,4.238463
9852,4.405555,7.741059
9853,6.480664,6.0940514
9854,7.5539546,9.37996
9855,5.2921576,6.496282
9856,5.689192,5.6073923
9857,4.7483597,2.7672694
9858,4.883963,5.153247
9859,6.3373833,5.7977633
9860,5.0771656,5.523434
9861,5.558375,7.403641
9862,4.9610763,6.0825377
9863,6.03401,4.734134
9864,4.7760177,4.608293
9865,3.6183267,9.642194
9866,5.7191477,6.1396403
9867,6.027915,3.4788232
9868,7.8772583,6.8417497
9869,4.056139,9.604531
9870,5.6701646,8.780804
9871,6.678311,3.4181745
9872,6.6445003,6.798478
9873,6.8003125,6.729376
9874,7.4768524,7.62357
9875,6.33332,7.3049994
9876,8.165985,8.419938
9877,7.85183,11.429642
9878,6.6828427,11.971545
9879,7.8776774,8.194713
9880,7.2803054,8.573463
9881,6.3398395,5.0551763
9882,8.058057,8.61433
9883,7.9473605,7.850454
9884,4.5947447,7.2474656
9885,4.841135,8.4987755
9886,6.60395,11.38912
9887,4.7181406,6.8211384
9888,5.8466506,4.8086143
9889,6.171011,8.244459
9890,4.5914583,9.819131
9891,3.9328518,10.368261
9892,5.5583377,7.944232
9893,4.634341,5.109686
9894,6.195307,9.7114
9895,6.3567386,8.676125
9896,8.045888,12.7341
9897,7.280464,12.819145
9898,6.094176,9.634924
9899,5.7156024,6.168483
9900,5.1924458,5.3180313
9901,5.6414695,5.6723127
9902,5.4422765,2.595878
9903,6.942188,7.851955
9904,6.017774,7.224788
9905,5.483441,11.4379015
9906,5.8790154,14.168636
9907,5.473311,10.28875
9908,7.133154,10.423336
9909,6.239059,8.2046995
9910,6.7229524,10.296618
9911,5.6730237,6.7504325
9912,6.9926624,10.002955
9913,4.8375463,7.40268
9914,5.9652343,9.651965
9915,5.4814253,11.106788
9916,5.4813023,9.442543
9917,4.7308497,8.931299
9918,4.6981564,13.808538
9919,5.993219,7.0486484
9920,5.976087,9.0462885
9921,6.575515,9.51082
9922,4.4709373,9.786415
9923,5.1462913,12.791014
9924,4.777251,8.079763
9925,5.3315516,9.451239
9926,5.8038077,9.937016
9927,6.225963,9.506927
9928,6.6996574,10.15791
9929,6.374572,11.294169
9930,4.668678,10.585755
9931,5.0149612,11.76851
9932,4.3576207,10.694715
9933,6.393136,9.184841
9934,4.5036044,7.870829
9935,7.2307596,8.365932
9936,4.9849463,8.780332
9937,4.81951,6.51729
9938,5.8360057,10.092855
9939,4.2777934,8.190922
9940,6.070662,6.0752335
9941,6.828328,9.715213
9942,5.9895654,8.4589
9943,7.217185,4.5670333
9944,6.159387,5.7004137
9945,4.3727913,5.6187963
9946,6.035406,6.6682253
9947,5.0605364,8.778971
9948,5.796878,4.1533313
9949,5.347833,11.091657
9950,6.48973,9.715524
9951,4.750626,10.62071
9952,5.924094,11.264289
9953,5.372782,11.10886
9954,5.4487195,9.710657
9955,4.786175,10.018995
9956,4.446746,12.461689
9957,5.6893544,11.358279
9958,8.2265415,11.059567
9959,6.6674857,7.613019
9960,5.9708157,10.04271
9961,5.7355213,8.353256
9962,5.6835375,12.208114
9963,7.0083156,11.603328
9964,6.109803,11.749316
9965,5.651365,11.426879
9966,7.706309,10.152676
9967,4.3391666,7.141717
9968,6.3557096,12.175591
9969,4.8195934,7.8749
9970,5.7992496,9.446177
9971,8.376189,6.5488787
9972,5.6453276,12.197497
9973,6.4827433,12.750272
9974,5.677592,14.341728
9975,6.204259,8.333192
9976,7.689621,9.692554
9977,6.221997,11.762636
9978,5.6074653,15.304896
9979,5.8414426,11.527132
9980,5.7237887,12.160619
9981,4.4839907,9.676619
9982,6.541052,12.632987
9983,4.413089,13.538571
9984,4.677437,13.212532
9985,6.6755047,14.647324
9986,6.4240685,9.400296
9987,6.0844417,9.773669
9988,7.767257,9.233475
9989,6.7456503,8.115825
9990,4.201544,10.9938755
9991,4.988223,8.7623
9992,4.2071333,10.94026
9993,3.9679916,14.611133
9994,5.135886,14.483365
9995,6.033851,11.658774
9996,5.2724566,7.5809946
9997,6.784073,8.781865
9998,6.674385,11.607406
9999,4.6300097,10.215972
10000,3.803003,13.632117
10001,5.59332,9.863507
10002,5.144734,10.467887
10003,6.73315,14.231865
10004,6.6827974,14.267059
10005,4.7195683,13.960509
10006,4.250992,9.092534
10007,4.5228825,11.075599
10008,6.262749,7.2767334
10009,5.129007,9.4839735
10010,4.4620004,8.288636
10011,3.5113516,10.116073
10012,5.0646696,13.259185
10013,4.638346,9.694412
10014,6.060738,7.9987345
10015,6.265812,5.3927455
10016,4.3675084,6.332597
10017,3.6567504,8.621965
10018,5.1680346,7.0565724
10019,4.933985,9.222194
10020,5.07625,7.1728706
10021,5.8867908,6.647944
10022,4.6932197,5.9047394
10023,5.7922945,6.6266937
10024,6.0060434,5.5370736
10025,8.059674,5.540528
10026,6.7661266,9.053568
10027,4.622146,6.041028
10028,5.7476025,3.189654
10029,4.5743694,5.743491
10030,5.308457,5.2370315
10031,6.4877725,5.401288
10032,5.0063825,6.6647487
10033,5.721267,9.526903
10034,3.87323,8.066058
10035,5.287685,7.411747
10036,5.3257556,9.07789
10037,5.939784,8.897647
10038,5.601528,8.233709
10039,4.766447,12.454702
10040,5.4247174,11.022035
10041,5.6166058,8.106487
10042,5.6868525,7.7952337
10043,5.147469,10.113347
10044,4.7356095,11.644531
10045,3.175545,10.109103
10046,5.717978,8.570606
10047,5.1606236,7.7498856
10048,5.9503975,9.113429
10049,5.4457603,10.016458
10050,4.5143585,6.8146644
10051,6.215503,9.394422
10052,6.469717,9.924274
10053,5.68785,9.164637
10054,4.4354434,9.973932
10055,5.695552,7.8900237
10056,5.478172,8.249644
10057,5.5689416,8.852268
10058,6.357248,8.599462
10059,3.8492575,8.0368595
10060,4.9303393,9.952288
10061,5.6615396,4.296179
10062,2.7725606,7.960666
10063,5.396855,7.578327
10064,6.0656466,8.785823
10065,6.4364123,5.623556
10066,5.7893796,8.328638
10067,6.8736997,9.765524
10068,6.914168,6.6302557
10069,6.0788703,11.402323
10070,5.801246,8.072606
10071,5.577777,9.380221
10072,5.0807343,7.2592034
10073,5.0116005,11.248565
10074,5.1015673,9.119908
10075,5.7141266,10.145002
10076,4.5934024,9.157994
10077,5.7090807,7.1323204
10078,4.788093,9.524913
10079,6.1363378,13.81573
10080,5.0708575,9.93398
10081,7.602613,8.524786
10082,4.978851,11.313258
10083,5.874069,9.87878
10084,6.9654245,11.534106
10085,6.0231724,12.137207
10086,6.537957,14.438565
10087,5.392368,11.16306
10088,6.296358,13.561303
10089,6.7315006,13.40928
10090,6.17205,12.982419
10091,6.093041,7.38346
10092,4.8996387,14.063514
10093,5.859126,10.022019
10094,5.984023,10.230101
10095,5.3239555,11.413123
10096,6.243285,12.34616
10097,7.011653,9.063216
10098,5.3402414,9.448014
10099,6.0239663,10.31027
10100,5.9441276,11.489354
10101,5.6220393,12.103194
10102,5.475021,11.236963
10103,6.119507,8.727102
10104,5.56413,10.5570135
10105,6.4912395,10.770361
10106,5.1488757,10.184302
10107,4.392665,15.290594
10108,3.7182906,11.096481
10109,4.3744273,12.215524
10110,3.6716213,8.940279
10111,4.5163903,9.379868
10112,3.798193,9.471699
10113,4.072217,8.289798
10114,6.127198,9.053187
10115,5.2820024,13.178306
10116,6.3432384,10.803822
10117,5.434212,5.624798
10118,6.289104,7.3592806
10119,4.5838485,8.039586
10120,4.696289,7.3033237
10121,5.406594,10.328216
10122,4.111215,15.462766
10123,4.4744344,11.604232
10124,5.7087564,11.699132
10125,5.6809764,8.348014
10126,5.7758527,11.823425
10127,5.715586,13.665496
10128,5.0933766,10.958109
10129,7.398448,14.622841
10130,4.3445683,16.908628
10131,3.7858648,14.1115675
10132,5.113774,14.309945
10133,4.6950536,15.665434
10134,5.291197,15.540161
10135,5.586126,12.346021
10136,6.2436953,15.302981
10137,5.6407704,13.66514
10138,5.3286757,13.420754
10139,4.3219543,13.046023
10140,6.2352138,14.963857
10141,6.5072536,13.02205
10142,5.441324,16.57564
10143,8.013297,14.417236
10144,5.8311906,16.319035
10145,6.153345,16.324574
10146,5.63176,13.907717
10147,5.456506,12.11576
10148,7.2044663,10.520794
10149,5.2700906,12.163596
10150,7.8484726,11.800337
10151,6.0655065,11.05249
10152,5.561024,9.815209
10153,4.7865515,9.72652
10154,3.1505492,8.651151
10155,5.0768886,10.492126
10156,5.174876,12.836725
10157,4.668973,12.62046
10158,5.2203317,11.465247
10159,4.83743,8.44068
10160,4.9171057,11.530177
10161,5.9225955,11.679626
10162,5.547161,5.3447437
10163,5.4997244,6.6260953
10164,6.1082273,9.808528
10165,6.3626404,12.500334
10166,6.173346,12.296422
10167,5.821653,11.136371
10168,6.3856363,8.950257
10169,5.8188934,7.413466
10170,5.6405296,10.214914
10171,6.1671042,10.306313
10172,5.6766863,9.32622
10173,6.037276,10.253105
10174,7.0213723,9.450534
10175,7.7639756,12.266223
10176,4.337494,10.87792
10177,6.947144,9.2996
10178,6.6305857,11.258452
10179,5.5277777,14.690308
10180,6.537581,13.826107
10181,6.8891144,9.779248
10182,6.4578066,11.35177
10183,4.862746,14.012662
10184,6.234044,14.062608
10185,5.3118596,6.6169114
10186,5.365993,4.0912337
10187,5.6409307,8.249252
10188,4.5930176,7.2830014
10189,5.68803,7.527047
10190,5.3909736,7.8379292
10191,5.944773,4.755773
10192,5.015403,8.46568
10193,6.2768035,3.541941
10194,6.9171677,8.748917
10195,4.9230456,8.259883
10196,4.8854384,4.640535
10197,5.985227,10.956648
10198,6.0654254,12.478788
10199,6.188209,9.770565
10200,5.0620213,10.729775
10201,7.214822,10.261103
10202,6.408571,6.427431
10203,5.627489,8.911827
10204,6.2058587,11.890504
10205,6.995298,12.387734
10206,6.9553976,11.38966
10207,4.7831,10.254019
10208,5.6874933,11.480177
10209,6.957338,8.915835
10210,7.482489,11.746724
10211,5.788966,10.82589
10212,5.767952,11.350509
10213,8.172514,9.461512
10214,4.925187,11.336926
10215,5.6581635,9.208509
10216,5.7997694,7.1131253
10217,6.4630885,9.184447
10218,6.5743647,12.599169
10219,5.7334304,12.238267
10220,7.492826,10.076799
10221,7.9837027,13.480496
10222,8.527103,13.447917
10223,7.1007547,6.7936954
10224,4.9001966,8.633509
10225,5.36067,10.721941
10226,5.9090805,7.947124
10227,6.691445,7.818004
10228,6.5308604,11.772362
10229,5.8221645,10.344661
10230,4.7310896,10.088153
10231,5.7133007,10.203022
10232,4.812833,11.160909
10233,5.221752,10.141786
10234,6.426368,9.919236
10235,6.533901,12.651181
10236,5.7875066,12.678062
10237,5.321587,12.6998825
10238,7.4317503,15.248111
10239,7.935641,15.472445
10240,6.7461033,8.578292
10241,8.41428,13.100734
10242,7.0599637,12.930967
10243,5.4603267,17.80224
10244,6.431617,15.184945
10245,7.310008,12.81634
10246,7.1024904,12.944337
10247,6.434406,18.138287
10248,6.4799953,15.208977
10249,6.493736,14.234901
10250,7.190059,20.509172
10251,7.092238,14.9737835
10252,5.7311144,13.196737
10253,5.3143725,16.286356
10254,4.9239354,17.137257
10255,5.397468,17.851957
10256,5.9098125,15.40079
10257,6.1876383,11.872418
10258,6.5737934,8.526242
10259,7.532165,12.743431
10260,6.0984344,9.530649
10261,5.9636703,8.254699
10262,7.010322,5.5819473
10263,7.397988,8.70053
10264,5.961208,5.3711095
10265,7.643405,7.096194
10266,5.203249,8.336044
10267,7.484723,6.527631
10268,5.82182,7.9186387
10269,7.2813,7.6781187
10270,7.49156,7.2747984
10271,6.044626,7.6872025
10272,7.82212,7.8383594
10273,5.5974097,10.199939
10274,5.0689096,9.336137
10275,6.7047496,10.965003
10276,6.089619,9.873917
10277,7.729665,8.804843
10278,7.6025085,11.0881195
10279,6.4496517,12.008274
10280,8.371404,12.115181
10281,7.104735,10.500753
10282,6.342498,8.703496
10283,6.3616714,6.4775624
10284,6.1310925,5.236054
10285,5.912044,5.4486456
10286,4.63472,6.1717377
10287,4.0917816,6.682361
10288,7.098426,10.579046
10289,5.6616697,11.620621
10290,6.074642,8.596462
10291,5.878611,11.248434
10292,3.8379526,10.676189
10293,6.198957,10.475908
10294,5.992895,6.155121
10295,6.5592084,8.052928
10296,5.1907797,9.179847
10297,5.1687336,7.8648863
10298,6.8960896,6.2628517
10299,7.780575,11.522006
10300,7.36553,11.90776
10301,7.5337048,11.146543
10302,6.800485,10.186153
10303,6.4150286,5.320293
10304,6.435441,4.852987
10305,7.4343367,9.716111
10306,7.618436,11.787999
10307,6.9437966,9.553863
10308,6.561328,12.826419
10309,5.080245,8.187382
10310,7.1976995,10.010441
10311,7.6460843,11.64971
10312,6.9279547,11.508212
10313,6.9953322,7.530192
10314,7.4718156,10.565195
10315,7.12243,7.842583
10316,8.546987,8.3937
10317,8.669043,7.625215
10318,7.158486,5.988023
10319,8.825404,10.946937
10320,6.7653522,6.87907
10321,7.036564,6.050288
10322,7.700958,4.723271
10323,6.0267706,6.5268784
10324,6.136704,9.737999
10325,7.4940286,12.201482
10326,8.199395,10.158943
10327,7.413841,8.226212
10328,10.18726,7.7963266
10329,6.651136,6.62191
10330,8.364093,10.190913
10331,6.56194,8.477296
10332,6.0780034,5.2829556
10333,7.27199,8.517888
10334,5.205214,5.937367
10335,7.8182187,8.4409485
10336,7.097645,6.801862
10337,7.487854,11.436343
10338,6.347577,6.1537337
10339,8.663058,6.2992573
10340,6.8856797,7.7537756
10341,6.3670754,9.137644
10342,8.188789,6.8272142
10343,8.356413,9.426205
10344,8.244579,8.8501005
10345,7.6544957,10.559489
10346,5.8124595,7.620542
10347,6.551693,5.9644084
10348,7.794602,4.74168
10349,5.8590646,5.4971604
10350,6.352733,6.548024
10351,5.6718984,8.3974085
10352,7.817913,7.0942454
10353,5.189665,4.7224684
10354,7.5533304,4.599044
10355,6.2239795,6.004102
10356,5.456673,8.744964
10357,6.670983,9.046525
10358,5.689055,7.4765005
10359,5.7962513,2.4495485
10360,7.0119076,6.88367
10361,5.7125874,10.806021
10362,5.5966306,8.405944
10363,6.6804514,8.214267
10364,6.431716,9.487445
10365,5.8365784,9.23639
10366,5.5638595,8.218686
10367,6.879289,7.7755895
10368,6.9969463,7.479462
10369,8.532863,6.6183534
10370,6.392375,5.788888
10371,5.498699,5.483273
10372,6.8145704,9.271969
10373,6.035495,8.663946
10374,7.6765842,4.085777
10375,5.5462003,8.001704
10376,5.5041747,8.363914
10377,6.8038716,5.983718
10378,5.5214696,7.623177
10379,8.578827,8.229195
10380,6.4922676,9.43548
10381,5.9563265,8.308632
10382,7.0686398,8.003178
10383,6.3926115,8.913962
10384,8.470898,10.842352
10385,7.8367352,8.163096
10386,7.6941943,8.329154
10387,6.497996,9.938413
10388,6.6685276,11.7220125
10389,7.0529714,9.907528
10390,6.771469,9.435955
10391,8.142675,8.217883
10392,5.031198,10.6778
10393,7.6532965,10.800688
10394,6.330839,8.38868
10395,6.067221,8.141557
10396,6.364661,5.2691627
10397,5.4971566,5.3478093
10398,7.0331955,5.0348735
10399,8.494633,5.9524293
10400,5.992449,2.8201003
10401,5.9243126,4.971037
10402,7.4905534,5.8322787
10403,6.820556,6.161293
10404,6.5731716,7.6492486
10405,5.259281,7.429794
10406,6.7961025,7.7314
10407,7.3294573,7.5431705
10408,8.104916,6.1328645
10409,5.8041177,7.184962
10410,6.14441,3.0962222
10411,5.3684306,3.116026
10412,7.0332165,5.7044706
10413,5.2836537,5.320888
10414,6.9499164,3.7339392
10415,7.0381713,3.659892
10416,8.121931,5.085307
10417,6.814088,0.24528673
10418,5.425303,3.9224749
10419,6.1453247,1.5638497
10420,5.298045,4.2781515
10421,5.8409233,4.697088
10422,6.03286,8.382136
10423,5.5809884,8.893
10424,4.990506,8.810825
10425,6.197199,7.584663
10426,4.6938486,10.858476
10427,4.97916,9.814502
10428,5.8914914,11.330075
10429,6.1727285,7.9972186
10430,6.017104,7.356704
10431,5.1272693,12.646254
10432,3.7215908,7.0941734
10433,6.336347,5.6211567
10434,6.3056545,6.829868
10435,6.4176083,3.7245085
10436,5.1557455,4.5629745
10437,6.64665,8.494482
10438,5.923448,5.4569316
10439,5.0967393,8.068953
10440,5.7651052,4.9066405
10441,6.102763,8.114173
10442,5.1154613,8.640595
10443,5.9525714,8.403089
10444,7.2808723,10.3259535
10445,8.784945,5.82083
10446,6.139536,7.761819
10447,5.0010986,8.710324
10448,5.6923456,9.827646
10449,6.611887,11.710231
10450,5.748285,10.666549
10451,6.4185843,8.720905
10452,6.586115,10.815611
10453,6.507389,11.478264
10454,7.657859,9.826696
10455,7.367326,10.350522
10456,7.57763,6.4410934
10457,5.1088505,5.7566276
10458,4.520625,4.381123
10459,4.1634398,3.2705216
10460,6.667211,2.290668
10461,6.2151203,7.2597985
10462,6.005394,6.2147055
10463,5.667951,5.680595
10464,6.0699463,5.897696
10465,5.9444203,3.203809
10466,4.5224113,6.5775476
10467,6.757192,3.0479417
10468,6.3758354,5.791511
10469,6.537979,6.368384
10470,6.0979276,6.4434247
10471,5.8477187,7.648678
10472,5.7477365,6.2214365
10473,4.9965043,7.0153513
10474,6.495227,9.980224
10475,4.856245,9.075065
10476,4.706668,4.64826
10477,6.062099,6.755666
10478,5.319743,4.4211984
10479,7.2881913,6.489157
10480,5.1932936,7.1120944
10481,5.759513,6.112603
10482,5.8788295,5.797077
10483,6.0156717,8.68906
10484,4.7940764,7.9852505
10485,6.8658094,9.169099
10486,7.114723,11.006644
10487,6.4270153,11.010179
10488,5.3530803,8.186598
10489,7.1152697,11.082339
10490,5.478127,11.787719
10491,6.5847363,9.532238
10492,6.9959345,12.905875
10493,5.139698,7.9444737
10494,5.115163,10.525645
10495,6.3274045,6.0512056
10496,5.9742336,8.147624
10497,6.146072,11.743373
10498,5.6192026,7.450095
10499,5.725899,10.920841
10500,7.175995,9.964026
10501,6.440482,5.8074226
10502,6.172513,6.275782
10503,5.27493,8.295222
10504,6.3115115,10.392292
10505,7.223322,7.7894716
10506,6.5502353,4.2988596
10507,8.264373,6.439403
10508,4.7114587,7.617411
10509,4.850392,9.482509
10510,7.0112324,9.651095
10511,6.657498,7.0277495
10512,7.276565,5.788324
10513,6.449021,9.426784
10514,7.42698,6.6960516
10515,5.546176,4.656388
10516,6.411229,6.383669
10517,8.216225,6.8778296
10518,7.40106,8.881151
10519,7.049833,7.230063
10520,5.001317,6.2662024
10521,7.4184895,6.916781
10522,5.4868093,5.845825
10523,4.27526,2.1153426
10524,5.880406,9.402038
10525,5.5937533,9.266689
10526,5.210655,7.9672585
10527,4.145214,10.364644
10528,6.3155575,7.487312
10529,5.7060013,7.733537
10530,6.8523607,10.706842
10531,5.690368,11.5196495
10532,5.948419,13.118853
10533,5.897632,10.315541
10534,5.2430406,11.555132
10535,6.61022,11.194158
10536,6.407464,10.890347
10537,2.9710844,10.898857
10538,6.1930017,11.020229
10539,5.602189,10.026611
10540,7.7154865,12.82934
10541,4.8858466,10.809397
10542,4.805367,11.568131
10543,5.3187003,13.829721
10544,6.163438,11.054626
10545,5.419172,10.272645
10546,6.3226705,6.364349
10547,6.6296797,10.909234
10548,5.2179704,10.976981
10549,5.3215036,9.350327
10550,6.996335,12.228577
10551,7.0444975,8.561327
10552,5.252847,10.420819
10553,5.9812636,11.501238
10554,5.4922075,11.109208
10555,5.3206573,12.702963
10556,5.7810073,14.152578
10557,6.307751,12.528815
10558,6.05887,10.0660095
10559,4.594149,10.602135
10560,5.3580866,8.798412
10561,4.6661577,8.64403
10562,5.275322,13.955032
10563,4.6476927,15.300787
10564,4.5715737,12.969472
10565,4.302933,13.666375
10566,6.130633,16.46454
10567,4.311625,13.771871
10568,5.39307,11.071256
10569,5.317676,14.605784
10570,3.635003,15.153883
10571,5.0308228,12.699347
10572,6.2283235,13.554113
10573,5.14797,14.452266
10574,3.6764956,14.721467
10575,4.4058557,13.583947
10576,6.106448,13.478892
10577,4.9560533,11.922563
10578,5.376599,10.814571
10579,5.786229,15.067449
10580,6.751966,14.3305435
10581,4.202039,16.527504
10582,4.740007,12.062987
10583,4.8856487,13.991639
10584,6.308772,15.287942
10585,6.3549504,15.0419655
10586,4.7461114,12.620727
10587,6.6882124,12.393292
10588,4.034725,12.900362
10589,5.693103,16.137266
10590,3.880146,14.185634
10591,3.6618993,14.1051445
10592,6.2113357,13.931864
10593,3.1787167,9.787096
10594,4.613838,7.742218
10595,4.884595,9.794265
10596,5.0799503,14.531034
10597,5.7678475,11.848802
10598,4.5490923,14.369358
10599,5.5785093,13.423851
10600,4.620511,10.638906
10601,4.7774014,9.809495
10602,5.1549487,12.25738
10603,4.1274266,11.796686
10604,2.9935453,13.214894
10605,3.6189225,12.698428
10606,4.2509294,17.253881
10607,5.4077244,16.331907
10608,3.9458532,16.030275
10609,5.1447053,14.766387
10610,3.6626573,11.994328
10611,4.0041456,14.556477
10612,4.3735995,8.745249
10613,5.275303,10.158655
10614,5.7027926,11.845555
10615,4.1451983,10.237899
10616,3.8923373,8.17151
10617,3.7673893,11.683711
10618,5.286264,14.79287
10619,4.913574,13.76442
10620,4.8391685,13.48638
10621,3.5827115,9.976601
10622,3.4007635,9.040785
10623,3.9961107,8.754125
10624,5.0653157,9.459745
10625,3.8173976,8.1577015
10626,3.2965174,11.944209
10627,4.0404882,12.848869
10628,5.2467585,8.263354
10629,6.0225644,10.63874
10630,5.19695,13.97617
10631,5.1244373,8.534251
10632,6.317015,11.511925
10633,6.080913,10.242042
10634,5.373244,5.588247
10635,4.402709,11.563324
10636,4.4717345,7.912055
10637,6.8161864,10.986476
10638,4.6870832,10.246336
10639,4.3432913,14.060019
10640,5.2703443,12.483056
10641,5.985396,12.334817
10642,5.760219,9.07575
10643,5.0090013,9.686299
10644,6.393532,9.958591
10645,3.7158012,13.507257
10646,5.5396566,15.829889
10647,3.8089173,12.439785
10648,3.1243806,10.764615
10649,5.986617,8.953267
10650,5.019326,9.134067
10651,3.9177327,9.460354
10652,3.4710884,8.723801
10653,5.5390267,7.2966156
10654,4.7807713,12.40932
10655,3.7440357,12.324329
10656,4.9396777,12.275179
10657,4.53922,14.282935
10658,3.8012018,14.737729
10659,5.615786,13.269347
10660,6.1557794,11.405728
10661,7.2739024,11.061879
10662,6.437027,12.252918
10663,6.7163267,8.687703
10664,6.311294,12.885818
10665,5.523358,12.61899
10666,5.1415997,11.670253
10667,7.0242014,12.301818
10668,7.0335608,13.531716
10669,8.309518,12.723895
10670,6.5186915,16.256933
10671,6.641559,10.678018
10672,5.780471,13.838687
10673,6.176595,10.177741
10674,6.4093704,13.627272
10675,7.678153,12.121112
10676,6.7751913,14.144305
10677,7.192885,13.8112
10678,5.6257486,18.358778
10679,4.8475246,11.267917
10680,5.2891893,13.885344
10681,4.645782,12.924756
10682,6.694331,11.651206
10683,6.9383297,12.983585
10684,6.085622,13.870681
10685,6.760923,11.653173
10686,6.36265,14.184102
10687,4.0264044,13.07643
10688,5.9723973,12.9189005
10689,6.1012764,11.176973
10690,4.2867723,10.890119
10691,6.065992,15.874673
10692,5.085425,11.429982
10693,5.551312,10.227678
10694,3.685817,8.242591
10695,5.0981107,12.273958
10696,5.3948565,7.2278576
10697,4.877184,10.804108
10698,5.2493005,11.279226
10699,5.6732225,9.097194
10700,4.357036,11.626572
10701,5.5425253,7.889847
10702,6.8935113,6.313765
10703,4.9955554,5.926641
10704,4.04356,9.814818
10705,5.603511,8.622755
10706,6.392485,9.178857
10707,6.994798,7.7469025
10708,5.912962,9.142199
10709,6.4842396,11.368263
10710,6.4894366,12.018968
10711,6.4775004,7.2400165
10712,8.356302,9.270817
10713,6.893226,10.619899
10714,8.242,10.928253
10715,6.939379,5.115433
10716,6.46852,9.738234
10717,5.6279464,6.5349917
10718,6.5246587,10.354243
10719,5.9774275,9.3378105
10720,5.4773245,9.91937
10721,6.0258017,10.266694
10722,4.4062433,12.182977
10723,5.8333964,8.789701
10724,5.761475,4.048634
10725,5.1163855,8.158956
10726,5.2566185,7.972742
10727,5.9079742,8.790291
10728,7.3600564,10.621008
10729,4.8433642,12.257213
10730,6.7204833,8.445543
10731,6.11722,11.11365
10732,6.2964354,13.06028
10733,6.478841,12.558185
10734,4.274475,11.279281
10735,5.2415113,11.753774
10736,4.573152,9.955361
10737,4.4766355,10.1229315
10738,6.6651073,9.800765
10739,4.4162827,7.7342205
10740,4.544733,9.102264
10741,4.884374,10.44125
10742,5.526283,12.516011
10743,4.748147,10.908776
10744,5.661002,11.187043
10745,6.1261697,12.005218
10746,5.4505944,11.343308
10747,6.0687113,10.631063
10748,5.2743626,12.101661
10749,4.5911427,10.58485
10750,5.040412,10.822839
10751,6.7910223,12.442137
10752,3.8752258,13.238444
10753,7.839524,13.533917
10754,5.6432724,12.432918
10755,5.847767,13.158372
10756,4.8047504,13.459314
10757,6.1538987,11.082063
10758,5.3682075,13.786807
10759,6.153915,11.816563
10760,5.5209618,10.128765
10761,5.543072,8.900485
10762,5.7181845,7.4966445
10763,5.4004006,5.33003
10764,4.1453357,9.373957
10765,4.491133,9.773096
10766,3.3847933,8.163916
10767,4.2316093,7.7305045
10768,6.6030326,10.213246
10769,2.9508293,5.516023
10770,4.2280993,5.6865826
10771,4.997916,10.767604
10772,4.390696,13.3302145
10773,4.303633,14.25417
10774,3.966135,13.621494
10775,4.8820405,11.580969
10776,4.5932136,14.114701
10777,2.7785923,9.834683
10778,3.9615922,14.438819
10779,3.778924,12.037779
10780,3.634825,13.817807
10781,2.8511074,15.916596
10782,5.078617,12.813999
10783,4.3048544,14.188281
10784,3.5630555,12.415353
10785,3.8909793,12.268613
10786,5.1140194,10.370204
10787,4.9557505,8.686036
10788,3.6774938,6.1273212
10789,4.485047,11.840772
10790,4.8971286,8.821665
10791,3.1827176,8.171203
10792,3.339657,9.282179
10793,4.5344143,11.743595
10794,3.3415086,14.731624
10795,3.9664576,11.571211
10796,3.7301571,11.387333
10797,5.0798135,15.7558155
10798,5.6812496,12.833999
10799,4.771082,12.187532
10800,4.8467956,13.466764
10801,3.221358,14.141636
10802,5.6579056,10.739882
10803,4.12786,11.581459
10804,5.1368346,14.248516
10805,3.8746214,13.436252
10806,6.187968,14.797296
10807,4.1369176,16.064411
10808,4.468502,13.612596
10809,4.0244884,12.860967
10810,3.8195457,11.607357
10811,6.6310177,13.800164
10812,4.690039,9.215181
10813,3.931354,12.156087
10814,5.5066175,13.454983
10815,6.3803606,11.253247
10816,4.7325816,14.980667
10817,4.715498,13.353082
10818,5.204564,12.811203
10819,4.0725265,12.121754
10820,4.7946305,12.376121
10821,6.672286,12.686972
10822,5.5194473,14.022418
10823,4.892985,9.2967205
10824,3.2982402,15.533564
10825,4.7616234,13.381744
10826,4.740747,11.837373
10827,4.0015116,12.646957
10828,5.713742,13.858543
10829,4.981936,17.134523
10830,5.349771,15.175551
10831,4.7890677,12.859609
10832,5.393375,12.743338
10833,5.3244457,13.561392
10834,4.426694,9.860615
10835,2.7770672,10.349485
10836,3.4059072,7.1391807
10837,1.8604712,10.287188
10838,3.757362,12.138899
10839,5.5738935,9.086481
10840,5.652582,12.083593
10841,4.60107,6.65961
10842,5.0579844,10.011691
10843,4.5989094,11.707003
10844,4.5946245,9.51347
10845,5.8785796,10.607048
10846,2.9689693,12.820266
10847,5.4703417,9.8954315
10848,4.35315,9.414545
10849,6.1024475,11.447836
10850,3.2202039,17.332457
10851,4.7373896,11.786548
10852,5.406675,10.429951
10853,3.9050171,12.226734
10854,5.9905005,15.511633
10855,5.254389,14.992322
10856,4.2532086,16.182268
10857,5.7358894,15.510407
10858,4.8782644,14.045351
10859,5.4810386,14.849295
10860,5.205167,14.385368
10861,6.1122656,11.421698
10862,5.120054,9.123141
10863,4.4189544,9.962839
10864,6.4623065,13.068995
10865,6.1396904,14.896086
10866,5.2064743,13.397972
10867,6.0097284,14.335506
10868,6.5615416,10.151751
10869,3.49879,11.204218
10870,3.9543862,12.6117525
10871,4.405238,12.543927
10872,4.0541854,11.015678
10873,5.3365016,11.291048
10874,4.526274,9.966821
10875,5.251434,9.686553
10876,5.7732925,11.672205
10877,6.818931,13.318869
10878,6.217753,12.631112
10879,5.735585,10.47829
10880,5.364715,13.5664425
10881,6.6734333,12.393489
10882,7.269752,10.493516
10883,6.883224,9.3625
10884,7.6079416,11.334215
10885,5.807348,13.453607
10886,6.6056395,13.661476
10887,6.754642,8.982635
10888,6.3935757,10.436433
10889,5.8573756,12.34834
10890,5.654832,15.631332
10891,8.044859,12.363933
10892,5.972828,13.542193
10893,5.121862,15.353605
10894,4.7711997,12.467801
10895,7.3045263,13.622804
10896,8.22449,10.70493
10897,5.912108,11.951649
10898,7.8189635,12.258084
10899,6.27237,10.20109
10900,5.517693,11.91232
10901,7.9499803,9.70514
10902,7.0682516,15.16536
10903,6.9339256,12.327517
10904,4.892498,14.303114
10905,5.985325,14.552926
10906,5.8583417,13.501674
10907,6.9065895,14.321589
10908,7.7898154,14.801294
10909,8.274664,11.262442
10910,5.95855,15.1478405
10911,6.0472445,15.807648
10912,6.6777554,12.642452
10913,5.2137785,12.315393
10914,7.615541,10.621998
10915,5.8881803,12.431173
10916,5.181279,13.629218
10917,5.428502,14.052868
10918,6.6621776,17.501389
10919,6.4725432,15.805696
10920,6.508059,12.812908
10921,5.7773533,14.655347
10922,6.8683414,15.228941
10923,8.227603,16.178112
10924,7.320749,13.513828
10925,5.4556837,15.777316
10926,5.863274,15.677196
10927,6.491261,15.501831
10928,5.1472197,13.532414
10929,5.4300513,12.394877
10930,7.007191,15.2703905
10931,5.5485396,14.916658
10932,4.45952,14.820132
10933,5.416569,13.636044
10934,3.7459471,13.610535
10935,4.8973703,13.372856
10936,5.0957036,11.536334
10937,4.5046253,12.61602
10938,6.181135,10.495674
10939,4.508902,15.1907
10940,4.327727,12.246028
10941,4.0863175,12.349359
10942,3.9051442,8.666748
10943,4.7976956,12.535194
10944,4.8070974,15.523872
10945,4.2500806,13.667494
10946,6.6472588,16.83771
10947,4.6922555,14.733585
10948,5.2431164,11.629441
10949,2.8687584,12.980648
10950,4.6811852,14.470997
10951,4.901373,16.380465
10952,4.644702,13.840492
10953,6.6462865,15.306334
10954,4.7964163,15.605672
10955,4.676507,13.062885
10956,3.0297387,12.107235
10957,4.974432,9.9042425
10958,3.550154,11.718272
10959,4.5234933,8.558131
10960,4.0976825,8.641422
10961,3.135711,13.138951
10962,3.3859465,10.127409
10963,4.765461,10.020007
10964,3.8155618,9.553109
10965,3.389541,11.41969
10966,4.562186,14.219496
10967,4.5810747,9.899367
10968,5.314801,13.758552
10969,4.571035,14.033568
10970,2.8193343,11.893463
10971,4.349741,13.5479
10972,4.4192643,14.858177
10973,3.9495838,17.675306
10974,6.042992,15.518318
10975,6.413788,17.222599
10976,3.8127255,17.026123
10977,4.8793173,12.29517
10978,6.6199803,12.737806
10979,5.3711424,13.571508
10980,5.3553867,14.784239
10981,4.6949954,12.719488
10982,5.0936203,11.499978
10983,6.2603908,13.783421
10984,4.516953,14.017197
10985,5.457701,12.521707
10986,4.470148,12.975602
10987,6.553853,10.770864
10988,3.8200965,12.908546
10989,6.477393,7.9615293
10990,3.9204612,7.9981346
10991,5.7589755,9.169501
10992,4.7651224,10.390843
10993,5.7521396,12.148152
10994,5.1185145,11.95012
10995,7.764816,14.580334
10996,6.867801,12.859833
10997,6.916789,14.639998
10998,7.6139884,15.72702
10999,4.84946,11.979947
11000,5.725677,12.803439
11001,5.544639,15.9729805
11002,5.300515,14.099213
11003,5.4679275,12.682198
11004,5.0346875,10.140041
11005,4.3205914,12.533648
11006,5.8729424,14.669248
11007,6.253932,14.512266
11008,5.3668666,13.17055
11009,6.1064663,13.373667
11010,3.251461,10.742771
11011,5.6571794,15.053371
11012,6.853366,12.227752
11013,7.267149,11.526418
11014,6.8640103,17.332895
11015,5.785838,12.526021
11016,4.265888,13.789644
11017,5.856017,15.349737
11018,5.535563,9.622478
11019,5.019682,10.307217
11020,6.3465343,13.283824
11021,4.3767715,12.832517
11022,4.5410795,7.337142
11023,4.2294316,6.982883
11024,2.5364964,10.910484
11025,4.994012,8.384258
11026,3.462072,9.191668
11027,4.2139344,9.844424
11028,4.363112,9.642327
11029,2.8686817,9.78108
11030,3.191109,10.602341
11031,3.0776474,10.530358
11032,4.3391037,13.650109
11033,4.3372483,9.236834
11034,2.9228504,13.0961
11035,3.365226,6.1898985
11036,2.7996764,9.308599
11037,2.4426057,6.899601
11038,2.629011,11.596473
11039,2.999072,9.306582
11040,3.6495757,8.950827
11041,3.0340095,12.234196
11042,3.5481467,13.252142
11043,3.2773383,10.468505
11044,3.274588,10.659434
11045,2.3352041,9.9574
11046,2.4625921,10.932662
11047,3.173339,10.64699
11048,3.728042,7.982279
11049,2.552602,7.3364854
11050,3.370332,8.299449
11051,2.27,8.223705
11052,0.53999025,7.7461653
11053,2.2970645,8.882136
11054,2.0681777,8.412485
11055,3.4080956,9.431722
11056,2.3889835,10.770293
11057,3.1587737,8.371604
11058,2.5684624,6.484202
11059,0.9178347,5.591758
11060,2.334891,8.109552
11061,1.636848,5.413435
11062,0.8350675,6.6114273
11063,2.4453921,7.7036195
11064,1.9958748,5.285702
11065,4.2154675,7.834061
11066,3.4295862,5.7454057
11067,2.4192247,7.398792
11068,5.7286553,7.073166
11069,3.6429546,6.8873787
11070,3.328146,12.2902975
11071,3.802027,7.573104
11072,1.9209045,5.457703
11073,2.070723,11.561969
11074,2.4344437,7.326777
11075,2.8791595,8.623606
11076,3.8673954,10.529728
11077,3.268823,9.817207
11078,2.196456,9.623012
11079,4.3046374,7.7911625
11080,3.1300306,11.550052
11081,4.236645,9.242244
11082,3.2515996,8.664953
11083,5.684816,8.89496
11084,4.38864,9.442373
11085,3.8819036,9.8241
11086,4.652057,7.303747
11087,3.3228421,11.728569
11088,4.2818604,9.023952
11089,4.7115717,11.63862
11090,3.6612906,10.286453
11091,3.4224122,9.744861
11092,3.5019193,11.657439
11093,4.738836,7.344869
11094,3.4689257,9.025804
11095,4.3160453,8.437956
11096,4.892204,10.25227
11097,3.135883,10.720337
11098,2.112343,6.004277
11099,4.630292,5.2020655
11100,5.352735,8.397461
11101,4.061442,9.24106
11102,2.6176438,8.094531
11103,2.6959684,9.808647
11104,2.3377101,9.57714
11105,4.9718432,12.286352
11106,4.2086296,7.0181117
11107,3.7076745,10.032584
11108,5.3247247,8.800187
11109,4.0984015,6.546539
11110,4.414039,12.120556
11111,3.412804,9.60506
11112,3.4403694,5.568234
11113,4.293949,9.392773
11114,3.638683,8.367306
11115,3.4826372,8.733358
11116,3.6310806,7.497098
11117,4.404701,9.860741
11118,4.95423,9.822455
11119,4.3911586,9.492124
11120,4.1133704,8.619771
11121,4.612485,10.877254
11122,3.482323,11.26866
11123,3.16582,8.5102625
11124,2.8004124,10.305897
11125,4.325358,10.184406
11126,3.269968,8.6995535
11127,3.374733,4.967675
11128,3.1714072,5.924926
11129,2.6920967,8.010577
11130,2.910309,8.664208
11131,4.721408,13.176385
11132,3.9151015,9.219393
11133,3.3600235,10.09737
11134,3.4631639,10.935805
11135,4.7855186,8.748998
11136,5.6217084,8.777434
11137,5.5890665,9.853508
11138,5.490019,7.852095
11139,4.2996054,8.976285
11140,5.505682,15.2017765
11141,4.3445473,11.00993
11142,4.157604,8.248712
11143,5.5726643,8.543131
11144,4.1952662,6.6845527
11145,2.580366,9.884875
11146,5.5117617,10.416905
11147,4.955783,10.209368
11148,3.477213,9.682093
11149,5.891275,10.915504
11150,2.0577977,7.457198
11151,4.1993475,10.467035
11152,3.210818,5.0740867
11153,4.102647,4.2904544
11154,3.003318,3.3715892
11155,4.204082,9.195702
11156,5.6513186,8.371343
11157,4.132238,7.0840645
11158,3.0372217,7.9338813
11159,2.2788532,9.471231
11160,2.2159548,4.356976
11161,1.8871807,8.410854
11162,5.240346,11.928103
11163,4.1878386,12.6280365
11164,4.5107293,11.376189
11165,4.3398185,8.002003
11166,5.7238503,10.275185
11167,4.4552193,11.752865
11168,3.7158396,6.9163446
11169,4.1589904,5.683619
11170,3.3117657,1.463462
11171,4.122877,6.6439757
11172,4.7563906,5.897686
11173,4.1867094,4.9296227
11174,4.2277365,2.7390919
11175,3.2732759,2.0909545
11176,2.4820092,4.164031
11177,2.3026874,6.301499
11178,4.632802,5.2883945
11179,4.6078806,6.4944944
11180,4.409458,5.2561045
11181,4.028073,3.6585033
11182,2.7655013,9.679534
11183,3.9111958,8.669109
11184,5.530381,6.379774
11185,6.2286153,9.140626
11186,5.0282884,6.5453753
11187,6.2282863,9.496612
11188,6.544944,10.084869
11189,5.7982893,8.873192
11190,4.469655,10.7415905
11191,5.103672,9.793775
11192,5.5961914,9.410504
11193,3.2239041,7.6176896
11194,5.90723,14.033394
11195,4.7810006,7.1552505
11196,2.7168827,11.369294
11197,4.3554964,7.0017443
11198,4.5653625,5.85316
11199,3.621587,5.862826
11200,4.4844713,7.293613
11201,4.8545523,9.968022
11202,4.0495877,10.030103
11203,6.4066334,8.912479
11204,5.2835383,12.421577
11205,4.4748664,8.211399
11206,4.3033714,5.6729107
11207,2.4203284,6.0648837
11208,4.7262654,10.957854
11209,4.4135876,13.450954
11210,3.8445835,13.295269
11211,4.846611,12.231954
11212,3.8225331,12.81797
11213,4.1132865,13.987061
11214,4.001879,13.619547
11215,4.3907585,13.883584
11216,3.5258348,14.844347
11217,4.839411,14.424427
11218,3.92494,12.531596
11219,4.7954087,7.4012666
11220,4.3102365,5.293706
11221,3.1848905,9.255117
11222,3.9235933,7.760395
11223,3.0221295,10.90429
11224,3.061644,7.959715
11225,3.805535,12.0931425
11226,4.0633883,13.821511
11227,4.8403673,15.852712
11228,5.1239657,16.166002
11229,6.285098,15.404661
11230,6.1347556,10.47535
11231,4.0940433,11.517957
11232,1.7656397,9.34725
11233,4.771617,12.95193
11234,3.3452837,11.706434
11235,5.0197964,13.189862
11236,3.970856,9.051618
11237,3.689661,15.020045
11238,3.0756223,12.643073
11239,4.6371913,7.02598
11240,5.171808,13.342574
11241,3.9426978,11.571923
11242,4.6294403,14.342169
11243,2.6544828,10.26388
11244,4.6331058,12.128726
11245,2.4150467,10.223021
11246,3.069881,12.929341
11247,5.056436,11.00065
11248,4.654767,12.090901
11249,3.9876769,12.153263
11250,4.577898,12.940693
11251,5.3868885,14.287505
11252,3.6926355,11.908369
11253,3.615045,13.763929
11254,6.083878,10.1604595
11255,4.0509768,8.936129
11256,5.271934,7.520641
11257,5.175743,13.087661
11258,3.3123882,7.308817
11259,4.3495193,7.490849
11260,3.072847,7.7716823
11261,4.2040286,9.852705
11262,5.4496155,10.82816
11263,5.5235906,7.3505354
11264,3.4423697,8.283005
11265,5.151875,9.370592
11266,4.2220507,12.854825
11267,3.634557,10.167586
11268,4.9172387,11.171033
11269,5.973949,10.213756
11270,5.0907574,11.468486
11271,4.1024537,5.6855755
11272,4.625642,8.995074
11273,4.503453,9.177816
11274,4.7199574,7.988887
11275,4.734774,6.6049795
11276,4.723027,10.389519
11277,4.440697,5.433496
11278,3.6388652,9.167922
11279,5.4493256,5.345013
11280,3.9940646,6.1285944
11281,6.3887324,6.043756
11282,2.942979,9.574137
11283,5.715496,7.9531894
11284,5.936336,5.6588163
11285,3.2557862,7.716332
11286,4.9798827,9.652281
11287,5.072416,9.859455
11288,3.771565,8.095822
11289,5.0338655,6.9916725
11290,4.467903,9.146922
11291,5.4065104,6.6533065
11292,5.2667785,8.683934
11293,5.6736784,8.195082
11294,3.7761483,8.409938
11295,3.6785946,7.3044906
11296,3.5756388,9.228628
11297,4.482067,7.033115
11298,3.4911153,8.297982
11299,2.2388756,7.753208
11300,4.130832,8.653131
11301,3.9513476,6.1438246
11302,4.7947536,3.6360888
11303,5.3443813,6.2038813
11304,3.7299657,6.6023006
11305,3.4916434,10.352188
11306,4.333249,11.125097
11307,4.3577924,9.963353
11308,4.022206,8.906513
11309,3.7342834,15.886465
11310,2.8620737,13.054829
11311,2.7006023,10.880418
11312,4.0156803,11.305625
11313,4.253128,11.891949
11314,3.9775023,9.649037
11315,3.707297,8.215438
11316,2.7108402,11.82561
11317,2.5255096,8.930334
11318,1.9803517,8.989684
11319,5.529961,12.199854
11320,4.298979,14.183271
11321,4.2242293,9.300516
11322,4.547822,9.477985
11323,3.2025633,13.057335
11324,3.5507512,14.299404
11325,2.657642,8.176955
11326,5.1263294,8.0046015
11327,4.3048453,10.793812
11328,4.7181797,10.935326
11329,4.9126925,10.202999
11330,4.3634243,6.153294
11331,4.4633055,8.981877
11332,4.2237372,9.377902
11333,5.1057153,7.4871907
11334,4.0176654,13.77357
11335,5.6403875,10.594185
11336,4.175483,4.9819465
11337,4.216044,9.932813
11338,3.9109302,10.809391
11339,3.7507427,7.7794147
11340,2.8960176,6.0712357
11341,3.5455015,5.0426865
11342,4.518513,8.36113
11343,3.0560534,9.060321
11344,2.552706,9.013131
11345,5.0969696,8.990433
11346,5.794191,10.108426
11347,3.171884,6.886985
11348,4.047663,8.332063
11349,4.4107375,11.547791
11350,3.3613527,7.517342
11351,4.975687,4.4984713
11352,4.8865647,8.742386
11353,2.996291,9.187262
11354,4.5887613,6.573947
11355,4.2511797,9.154532
11356,4.051555,10.770127
11357,5.6046085,10.530133
11358,3.657242,9.514579
11359,5.3339458,7.549878
11360,5.7424374,9.2777405
11361,6.601377,8.801169
11362,4.739343,9.9051485
11363,5.1727834,9.435715
11364,6.172413,9.140226
11365,3.809051,8.02901
11366,6.1071424,11.392392
11367,5.0903826,10.587701
11368,5.304267,12.144576
11369,4.289082,9.595509
11370,5.2673388,7.64663
11371,4.8599815,9.4099
11372,6.0367064,8.730345
11373,5.268169,8.454623
11374,5.5802727,6.7715993
11375,5.519202,8.974829
11376,4.791002,12.638834
11377,4.4590316,7.3068514
11378,5.157782,9.099875
11379,5.4021363,7.1337295
11380,5.3264513,8.617182
11381,5.6769133,9.682797
11382,2.7143984,7.9299326
11383,6.586884,6.3184104
11384,5.74415,11.857402
11385,3.750162,9.598932
11386,5.049469,9.072409
11387,6.035252,7.6693487
11388,5.551947,9.730157
11389,6.218991,14.136782
11390,5.626662,9.349187
11391,6.5322995,11.038713
11392,4.7958503,11.005754
11393,4.6679,9.699083
11394,4.627704,14.296439
11395,6.6667027,10.19085
11396,5.0691,11.445687
11397,5.225016,12.424112
11398,5.1407766,12.797482
11399,6.8752594,15.026049
11400,4.844594,13.019053
11401,4.9028864,11.518883
11402,5.9747057,11.505576
11403,6.0232716,12.752842
11404,4.6647015,13.435756
11405,3.5707266,9.508184
11406,5.1393814,12.923506
11407,5.900553,8.6856165
11408,5.39103,9.784834
11409,5.4981303,9.5776415
11410,5.7510195,9.433791
11411,7.021619,9.84151
11412,4.748953,11.273948
11413,4.6572,8.083109
11414,6.3139153,10.396775
11415,4.136023,13.092035
11416,5.373058,13.739228
11417,4.4587913,14.628106
11418,6.1663303,14.3116865
11419,4.3237734,11.840354
11420,5.4689837,11.952478
11421,5.136889,12.49277
11422,5.5425916,11.512163
11423,5.7481184,8.397849
11424,4.4008894,7.7281814
11425,5.6674805,7.1062236
11426,4.455587,6.473595
11427,5.63858,7.9058003
11428,3.889028,8.234472
11429,4.6908145,7.1759143
11430,5.0712223,7.7313976
11431,4.818645,11.7784
11432,5.668684,7.0922885
11433,6.035438,8.976016
11434,6.918091,7.510982
11435,5.851037,6.2504587
11436,5.7389727,4.4454165
11437,5.493564,5.456828
11438,5.831115,7.6531496
11439,5.548158,9.142196
11440,3.4461308,10.857038
11441,4.5478525,6.9127803
11442,5.721869,8.267624
11443,5.5577874,8.422521
11444,6.048427,12.014227
11445,5.37903,9.350346
11446,6.7702103,7.2723765
11447,4.4290395,12.2771635
11448,6.2106705,9.570812
11449,4.848778,9.070398
11450,4.912923,8.761452
11451,5.847146,9.88126
11452,4.315281,10.086995
11453,4.182694,11.592235
11454,5.769525,8.548109
11455,6.423261,10.352659
11456,6.9075813,8.61842
11457,5.5762305,6.938956
11458,5.93805,9.015269
11459,4.9582405,9.281431
11460,4.381933,8.444498
11461,7.212419,8.74851
11462,4.9978485,7.5104184
11463,5.5060377,12.158694
11464,6.0111103,7.7377486
11465,5.189666,6.5827093
11466,5.7088094,8.137201
11467,5.6978035,10.310976
11468,6.672709,8.081882
11469,7.062283,9.6170635
11470,6.5154552,10.048715
11471,6.903858,10.971829
11472,6.7878094,12.236083
11473,5.871003,7.963803
11474,7.346256,9.219924
11475,6.4470496,10.9907055
11476,6.8021245,10.70388
11477,7.2286353,15.639071
11478,4.5132356,10.485358
11479,6.9316783,12.3678
11480,6.02106,11.1455
11481,3.606166,11.215861
11482,4.8424654,11.381792
11483,5.253091,13.507346
11484,4.3531585,7.002355
11485,6.1556535,9.799577
11486,5.876946,8.4458
11487,5.305358,9.795154
11488,6.395188,10.836665
11489,5.944956,16.032219
11490,5.3081503,13.411378
11491,5.9221053,9.18544
11492,5.2603774,10.901938
11493,5.7889314,8.360411
11494,6.1433077,8.420627
11495,6.7818203,17.191475
11496,6.103321,11.270574
11497,5.556792,12.86406
11498,6.0752397,17.195108
11499,5.0225997,14.2000475
11500,4.743412,12.279924
11501,5.001703,12.431924
11502,5.2230883,11.9027815
11503,6.0487895,11.150387
11504,2.8887784,11.650067
11505,6.7198644,10.01706
11506,4.929321,12.701576
11507,4.487532,12.853257
11508,3.772244,15.52531
11509,5.1665783,12.507541
11510,8.261704,15.379934
11511,7.3901196,11.77234
11512,6.599299,10.558419
11513,5.868432,13.852114
11514,5.1813297,12.643854
11515,6.2081833,14.55484
11516,5.5055532,13.246243
11517,5.830253,15.853716
11518,4.6003547,15.484889
11519,3.9368985,11.359687
11520,5.9602227,14.3625345
11521,5.7686806,15.104497
11522,5.618392,10.682809
11523,7.311961,11.53513
11524,7.591385,16.368483
11525,5.195652,12.821203
11526,5.9559255,14.461998
11527,6.1787643,15.858768
11528,6.993829,12.642428
11529,6.912533,12.44202
11530,4.851357,14.860981
11531,6.990381,16.291224
11532,5.8603764,13.199806
11533,5.463891,13.424241
11534,6.0173845,12.130213
11535,4.957551,12.633507
11536,6.6674953,11.1771965
11537,5.571853,12.112471
11538,6.066144,10.509188
11539,5.949278,17.660273
11540,5.4467697,15.98867
11541,7.660502,19.633749
11542,4.8451357,14.078356
11543,6.0470705,15.444529
11544,7.105354,14.755878
11545,4.574419,12.50872
11546,6.8215013,12.953672
11547,8.048384,15.3328085
11548,6.010076,12.7201395
11549,7.8028774,10.772182
11550,7.4137774,15.416848
11551,7.9479957,14.468465
11552,7.9890633,17.431808
11553,5.1760297,15.23991
11554,5.312975,13.281734
11555,6.064937,14.383536
11556,4.260596,12.034748
11557,6.089558,11.314113
11558,5.038827,13.404875
11559,6.382814,10.644439
11560,5.897739,10.784373
11561,6.519092,11.431563
11562,4.6172304,15.890074
11563,4.769255,12.457588
11564,7.791623,14.479105
11565,5.9480944,12.287833
11566,5.5385857,11.130637
11567,4.9076924,10.210167
11568,3.7649999,13.212283
11569,5.5177484,10.528729
11570,5.3038797,12.873873
11571,6.3867106,9.25127
11572,6.8761683,12.083252
11573,6.101888,12.176427
11574,6.961658,12.183527
11575,6.120076,10.875693
11576,5.149668,10.809223
11577,5.0575542,11.819416
11578,5.3922195,13.107415
11579,4.5793324,12.945291
11580,4.428462,8.620828
11581,4.248509,10.19333
11582,5.637506,7.0470867
11583,4.0495987,9.172277
11584,4.9413824,11.713535
11585,4.127596,8.647249
11586,4.47761,8.336529
11587,4.75245,13.720327
11588,6.2669034,9.126619
11589,7.023424,11.375452
11590,5.4097495,10.546045
11591,4.8855743,10.748986
11592,5.481434,8.983228
11593,5.9895163,9.096765
11594,5.020065,10.224184
11595,7.1468086,13.279207
11596,4.086357,12.431959
11597,5.5137234,13.436415
11598,7.0183926,12.051914
11599,5.806649,10.551517
11600,4.972455,12.991747
11601,5.698062,11.581651
11602,4.893078,9.77725
11603,5.505682,16.0652
11604,5.104061,12.4781885
11605,3.7188776,15.489729
11606,6.127178,17.789446
11607,5.7096796,14.674488
11608,5.501854,9.957767
11609,5.964661,12.4696
11610,5.748154,13.46465
11611,5.5398884,13.423738
11612,5.1573925,14.76267
11613,5.4170113,15.765842
11614,5.9398613,14.072567
11615,5.6272216,15.222762
11616,5.6804442,10.887169
11617,6.610853,13.675806
11618,6.415919,10.281517
11619,5.4845996,11.501435
11620,7.1499763,12.833254
11621,6.080854,16.408743
11622,6.5148864,15.744243
11623,7.298296,9.95799
11624,7.2315416,11.416348
11625,6.4159603,13.732068
11626,7.0881343,14.923793
11627,6.3814287,12.950314
11628,5.4445167,11.079534
11629,5.783928,8.667147
11630,4.5603657,8.43807
11631,5.8077106,10.440533
11632,7.364447,11.201074
11633,4.178147,15.445814
11634,6.088664,13.676514
11635,5.683133,8.37462
11636,5.56748,8.324089
11637,7.0768967,9.807342
11638,5.8695455,9.0300045
11639,6.675617,11.1191845
11640,6.374555,14.357585
11641,7.310567,10.635641
11642,6.2808986,11.679467
11643,6.1106024,13.992586
11644,5.6186395,11.256186
11645,5.510361,10.769959
11646,7.4980993,12.830986
11647,8.510062,13.021405
11648,6.1619196,9.0046
11649,7.6932077,10.816361
11650,8.4789505,9.2859
11651,8.323418,10.344988
11652,6.5149894,12.353748
11653,5.5668573,11.04958
11654,6.8931556,11.863448
11655,6.9127307,10.218677
11656,7.515794,12.143213
11657,7.8156457,9.512313
11658,6.516148,7.543281
11659,7.612805,7.1085286
11660,4.9433327,10.836144
11661,6.1198354,10.742289
11662,6.063521,13.383897
11663,7.8809214,13.951693
11664,5.461228,11.205442
11665,6.1179576,15.259647
11666,6.0535355,13.852324
11667,6.0278034,14.766374
11668,9.35849,12.3871975
11669,6.2183642,9.913355
11670,7.1568255,6.7637615
11671,6.6157374,12.649975
11672,4.381645,10.651591
11673,8.307232,5.4275475
11674,6.6520634,6.660488
11675,7.072201,9.553985
11676,6.965575,8.5279665
11677,7.36046,12.322947
11678,5.292854,11.061606
11679,5.57749,7.794648
11680,5.0953765,5.865403
11681,7.568239,8.287058
11682,5.7811193,6.9812503
11683,6.3760996,9.553963
11684,6.749512,6.9386334
11685,5.821426,7.4109964
11686,6.3428526,9.405906
11687,7.132611,7.867635
11688,8.857398,6.0292077
11689,7.7920275,9.678167
11690,5.6752973,11.278292
11691,6.072347,7.8828764
11692,6.7454925,8.999857
11693,7.8293285,7.4303117
11694,6.8260293,9.004628
11695,5.783137,7.5140705
11696,6.2169256,6.917134
11697,6.7351513,8.648551
11698,7.807211,8.46946
11699,7.977875,5.364182
11700,6.2107425,10.031543
11701,6.583839,6.929199
11702,5.6522713,10.04862
11703,4.9507976,8.975323
11704,6.156172,11.222875
11705,7.6204357,10.320031
11706,7.3485622,7.518845
11707,6.4660454,9.271472
11708,4.27565,12.130646
11709,4.080351,11.881966
11710,4.037025,6.519849
11711,4.8724446,7.826461
11712,5.8445797,8.346646
11713,5.416034,9.089555
11714,4.661956,7.205683
11715,4.8152933,11.33544
11716,6.4699645,10.409405
11717,5.460751,7.5292215
11718,5.2033134,9.473923
11719,5.5713105,3.2188225
11720,6.741145,7.1522307
11721,6.1706924,8.707789
11722,6.3448095,6.699016
11723,7.4647346,8.281889
11724,5.3337893,7.651676
11725,7.179198,11.432109
11726,7.832543,9.991837
11727,8.68817,5.120319
11728,7.113299,10.891896
11729,6.179349,10.6156225
11730,7.531356,9.9640255
11731,8.341725,7.983681
11732,5.707155,12.855986
11733,6.2922564,13.00502
11734,6.2175107,10.81296
11735,7.610114,12.884147
11736,7.490228,8.010862
11737,6.355198,10.807983
11738,5.9900246,9.765521
11739,7.938295,7.002774
11740,6.847477,9.384834
11741,7.6374993,11.440866
11742,7.575568,7.628781
11743,5.912888,12.925012
11744,7.694117,9.636893
11745,8.240544,10.438694
11746,7.6435976,12.368996
11747,6.8154707,10.220024
11748,7.535778,13.070834
11749,7.9765444,10.232425
11750,6.110975,12.396527
11751,6.7761745,11.881126
11752,6.7840114,13.144905
11753,9.113961,8.608761
11754,6.1278095,10.029775
11755,7.5697556,9.577593
11756,7.8081875,8.819227
11757,6.4357157,13.185873
11758,6.9581523,11.550208
11759,7.136424,8.074599
11760,6.3185563,5.9826612
11761,6.7114377,5.293909
11762,6.3896513,8.453777
11763,6.432339,8.901826
11764,7.1337075,11.768208
11765,6.6822515,11.325908
11766,5.0554276,11.543472
11767,4.8777423,11.964158
11768,8.597171,10.856924
11769,5.1290436,8.683542
11770,5.9088244,7.3761187
11771,6.8678145,9.942145
11772,8.700065,15.434683
11773,6.461086,13.929296
11774,5.5263033,12.990568
11775,5.5367494,14.96976
11776,8.04641,12.547262
11777,6.586995,11.868909
11778,8.103935,13.366897
11779,8.815263,9.8739
11780,6.7068057,11.059478
11781,6.6604185,11.407347
11782,5.96364,10.990491
11783,7.4712453,12.294887
11784,6.593219,11.641763
11785,6.726182,13.16873
11786,7.7501025,14.078388
11787,6.9708223,12.577918
11788,8.853041,14.362466
11789,9.125568,13.216464
11790,7.910644,10.968062
11791,6.136243,13.281738
11792,6.6965322,14.874382
11793,6.734217,12.18133
11794,7.239267,8.683314
11795,5.9191566,12.241724
11796,8.215008,12.34723
11797,6.9911356,15.671649
11798,7.5055223,11.812684
11799,6.4008327,9.810662
11800,6.8783073,8.794502
11801,8.312129,8.425922
11802,8.485246,11.74445
11803,8.324509,9.79814
11804,8.051882,9.326383
11805,8.391399,9.514292
11806,8.14156,11.864695
11807,7.6818852,8.05137
11808,6.772631,11.400877
11809,7.2807617,9.352331
11810,8.37647,8.135109
11811,7.3090672,9.408074
11812,7.408939,11.608631
11813,7.1140523,9.399144
11814,7.496672,6.7409453
11815,7.0495334,11.481072
11816,6.458646,11.2853565
11817,8.070392,11.952655
11818,6.3757167,9.650951
11819,5.9875154,10.582837
11820,8.834956,7.643659
11821,6.620262,7.6516695
11822,7.3242087,8.883198
11823,5.766878,8.148265
11824,7.780735,10.04928
11825,7.9059176,9.535364
11826,6.537222,11.803796
11827,7.788508,8.359294
11828,8.222499,9.851509
11829,6.9028335,11.001849
11830,10.014388,11.031792
11831,7.1023045,9.20179
11832,7.266432,8.556355
11833,5.9804726,11.545059
11834,5.092329,10.212655
11835,8.247187,14.265807
11836,6.1664367,11.368309
11837,6.339834,9.622629
11838,7.3408766,9.076051
11839,7.9626303,12.080175
11840,7.3723254,10.090847
11841,8.973605,10.6593275
11842,6.6461115,7.2386274
11843,8.132835,7.3356395
11844,7.3967915,11.919676
11845,8.196945,11.245383
11846,6.8451486,12.298564
11847,8.152015,9.710482
11848,7.599449,8.690839
11849,6.7458806,11.601864
11850,7.6340146,10.856391
11851,7.10334,11.652049
11852,6.145422,9.367426
11853,6.7712126,8.571455
11854,5.767517,6.2295094
11855,6.363407,9.701927
11856,7.165261,7.662189
11857,6.689872,7.3838115
11858,5.8987403,7.855511
11859,6.786414,5.9042664
11860,7.172527,5.161856
11861,6.8071795,6.279329
11862,5.762312,6.8479724
11863,5.8987412,5.54915
11864,6.1059303,4.971464
11865,6.7114,10.536846
11866,7.236941,8.683046
11867,6.5510306,11.586918
11868,5.3420334,8.196343
11869,5.757653,10.063851
11870,6.581796,9.372971
11871,6.974702,7.8981924
11872,6.9995093,9.2435875
11873,6.3918777,6.4244685
11874,6.143178,8.475367
11875,7.3656073,11.7089205
11876,5.7228894,11.807756
11877,7.000763,10.624129
11878,7.5287905,13.119969
11879,6.2127666,11.324377
11880,4.4421725,8.849432
11881,6.452545,10.1117115
11882,6.3351393,9.313581
11883,6.617351,14.6958885
11884,7.438825,14.261098
11885,6.051877,11.567647
11886,7.404865,10.029083
11887,7.5812073,7.234168
11888,6.3038783,12.401392
11889,7.2231297,11.458511
11890,6.306648,9.437774
11891,7.3468456,8.663545
11892,6.2509027,6.4079123
11893,6.5866427,6.2370143
11894,7.232659,13.718587
11895,6.54584,9.877353
11896,5.8992414,7.253255
11897,8.097548,9.305486
11898,7.16545,15.703105
11899,7.2520514,10.812194
11900,6.139675,10.285596
11901,5.696496,7.1279883
11902,5.4046392,11.333606
11903,6.544073,9.522417
11904,6.254122,10.235232
11905,7.5679445,10.058169
11906,5.584286,9.065858
11907,6.98956,8.590232
11908,4.3861713,12.010104
11909,6.5489564,11.899603
11910,5.8379464,7.6031466
11911,3.4362857,9.664313
11912,6.4202137,8.311303
11913,4.903624,12.856905
11914,6.5918074,9.940533
11915,6.0605726,12.866497
11916,4.2841344,10.11881
11917,4.5276656,10.7981
11918,4.979396,14.138889
11919,5.2618546,15.240219
11920,4.134861,11.052689
11921,4.6225643,8.042896
11922,7.2980185,12.697283
11923,5.969879,9.720391
11924,6.0403924,12.19286
11925,7.608688,12.094533
11926,7.3994346,8.248721
11927,8.392647,9.288926
11928,6.577453,7.244573
11929,6.960091,7.329035
11930,6.0888553,9.611711
11931,5.5738606,7.0220833
11932,6.369309,8.332726
11933,6.106788,15.475351
11934,6.0498614,9.7645235
11935,7.3328614,8.341378
11936,4.9031644,9.875039
11937,7.187426,8.777147
11938,6.6960387,3.046541
11939,6.236451,6.423328
11940,7.038876,4.8927717
11941,6.901261,9.639522
11942,5.745426,11.364762
11943,5.6668954,9.718375
11944,7.0537667,9.267288
11945,7.767179,6.567802
11946,7.8280997,8.763623
11947,6.8134894,10.745057
11948,6.916423,9.7808485
11949,6.7707214,4.501428
11950,6.6851892,7.503064
11951,7.0623493,10.053251
11952,7.148103,11.593565
11953,6.2671976,10.69441
11954,6.7742176,6.9326653
11955,6.542986,8.77178
11956,5.819051,9.63741
11957,6.7202907,11.139627
11958,7.938504,11.384566
11959,5.7597146,6.9148955
11960,7.9173813,8.227891
11961,5.949029,8.997981
11962,5.87043,10.976523
11963,7.9522634,8.458993
11964,5.7536144,8.318072
11965,6.7901077,6.217205
11966,7.7265553,6.1212983
11967,6.224145,4.789449
11968,6.020062,5.523762
11969,6.8440795,7.7790456
11970,6.3620515,9.701272
11971,5.886715,7.217443
11972,7.303623,7.3709297
11973,5.733188,8.660776
11974,6.9954453,10.464621
11975,7.186544,8.310702
11976,5.2665677,6.9556465
11977,5.2589173,5.829783
11978,5.4369845,6.9493737
11979,6.4534664,9.839895
11980,6.9549413,9.965275
11981,7.191193,14.429213
11982,7.7678213,5.6012425
11983,7.8306694,7.363856
11984,6.189516,12.358558
11985,8.124323,11.193223
11986,8.233643,9.925066
11987,8.004021,8.173976
11988,6.529712,11.994935
11989,7.1317363,9.646622
11990,7.068754,9.532387
11991,6.793412,9.0902605
11992,5.769682,11.261287
11993,4.478226,11.467915
11994,7.0848207,11.921038
11995,6.039638,6.862461
11996,5.6611814,8.183661
11997,6.488486,10.649296
11998,6.5089364,9.918792
11999,5.71771,8.389764
12000,6.8834968,10.31351
12001,6.596719,8.032251
12002,5.5793285,9.717765
12003,6.379118,12.337528
12004,6.5854673,8.147032
12005,7.1959143,6.920025
12006,4.812729,9.430021
12007,5.83802,7.625291
12008,4.6502585,7.2344646
12009,6.720281,9.520157
12010,6.12882,12.616398
12011,7.5227036,8.030432
12012,7.099068,8.082857
12013,5.511955,7.741135
12014,6.195926,11.134563
12015,5.1474032,8.302652
12016,5.157895,4.062763
12017,5.1236634,6.013543
12018,5.95967,9.518493
12019,7.7010703,11.189123
12020,6.862204,10.613298
12021,6.676105,10.663023
12022,6.8218703,15.120192
12023,6.4241915,13.124524
12024,6.386861,13.077531
12025,5.83509,12.616053
12026,7.380353,13.914887
12027,7.870414,10.3979025
12028,5.2644424,12.986394
12029,6.8206787,12.755115
12030,8.363302,10.941252
12031,6.2634377,9.13226
12032,5.4274974,10.237903
12033,6.6833777,8.605807
12034,6.941735,8.939373
12035,8.8579445,8.613744
12036,6.1627316,8.131878
12037,6.3709154,15.445404
12038,7.6707487,11.730583
12039,5.986998,11.296435
12040,7.7375884,11.247733
12041,5.7403793,13.912671
12042,4.6941133,8.620488
12043,5.5904717,12.406167
12044,4.840056,11.049635
12045,4.8816595,12.525695
12046,6.0755544,14.622711
12047,5.965444,11.654418
12048,5.4255733,14.434622
12049,6.742205,15.499812
12050,6.2697244,12.313362
12051,4.6258955,12.299202
12052,4.5537767,13.316174
12053,5.349515,11.28897
12054,6.268167,11.347226
12055,6.3600464,12.103196
12056,5.415112,10.360278
12057,6.4995446,8.651072
12058,6.0958877,12.778065
12059,5.541221,10.298488
12060,5.6696043,10.511825
12061,5.7640676,12.398529
12062,7.365498,11.045052
12063,7.1214485,9.525236
12064,7.5658917,8.644949
12065,7.2917233,10.636077
12066,5.3280487,9.508006
12067,5.4867024,7.35313
12068,7.6797466,7.6759567
12069,7.510249,9.318393
12070,7.274648,9.772265
12071,7.865373,8.688797
12072,7.2070355,8.367125
12073,7.7541,9.255779
12074,6.8387585,8.003998
12075,7.8430524,12.407719
12076,8.373955,11.1577835
12077,7.548277,8.553883
12078,6.403628,8.778553
12079,6.416062,7.9181895
12080,6.529435,6.301344
12081,7.0034304,6.879585
12082,7.1323633,8.798944
12083,5.764575,10.7535305
12084,6.5097513,9.248228
12085,7.1093173,4.837025
12086,6.1984043,6.203418
12087,7.3007536,12.962127
12088,6.545998,10.721708
12089,7.046591,7.842269
12090,7.055398,11.265645
12091,5.3749514,11.475191
12092,6.285978,9.689821
12093,4.184583,11.296197
12094,6.8282714,10.994477
12095,7.1283493,8.179098
12096,6.7263,13.836607
12097,6.418087,12.820335
12098,7.8307657,8.315436
12099,8.550113,11.992284
12100,6.440004,7.22653
12101,7.475408,11.167586
12102,6.5268807,8.7728405
12103,5.332249,4.757747
12104,6.187609,3.4412324
12105,6.422722,9.281613
12106,8.103621,11.593741
12107,7.119131,8.479092
12108,7.062686,11.686895
12109,8.138405,9.9177685
12110,6.630592,10.56052
12111,6.7025084,12.529015
12112,7.2867193,10.797556
12113,8.671312,14.590634
12114,6.542883,15.527316
12115,7.122025,10.939274
12116,7.4654937,10.602377
12117,6.6170907,10.219534
12118,7.4261203,10.98018
12119,7.899397,8.288204
12120,5.6867867,6.678632
12121,7.9006705,12.33936
12122,7.4207873,8.720918
12123,7.7171316,7.789319
12124,5.601873,8.819481
12125,6.928086,10.477243
12126,5.8967357,11.350206
12127,7.6104712,9.679583
12128,6.4281774,9.030965
12129,5.420821,7.385853
12130,8.218018,9.720129
12131,5.2538795,12.258304
12132,7.2360835,6.935127
12133,6.6355457,8.963753
12134,7.0876026,12.495358
12135,6.11075,10.807456
12136,7.255659,10.792029
12137,7.2216716,9.733659
12138,5.378758,8.998465
12139,5.821527,10.871264
12140,6.788159,10.309654
12141,7.1954956,11.517273
12142,6.661627,8.770758
12143,7.0808887,10.253974
12144,7.248884,10.0701885
12145,7.1914005,10.480512
12146,6.289197,10.17927
12147,7.606396,10.5671015
12148,6.898739,9.611081
12149,5.42904,7.880866
12150,7.9982467,12.194103
12151,8.026901,14.18743
12152,8.367707,11.884963
12153,6.7210097,11.302918
12154,8.889874,12.732069
12155,8.488523,10.135248
12156,8.973804,10.862312
12157,7.116925,10.531604
12158,7.647596,13.833462
12159,7.4103055,9.434642
12160,6.3003383,11.647038
12161,6.6666937,10.519342
12162,7.376961,9.742861
12163,7.9689636,12.217967
12164,6.8004713,9.86188
12165,5.92321,12.137206
12166,7.488111,10.818007
12167,5.749155,8.046296
12168,7.055915,9.071306
12169,6.2775817,8.027427
12170,6.005972,9.36738
12171,6.6782613,7.1957703
12172,5.527988,7.508655
12173,6.0581307,9.042513
12174,6.7721014,9.718437
12175,5.2111373,9.479633
12176,6.146143,8.749386
12177,6.631815,10.284026
12178,5.7329817,8.005389
12179,5.493063,8.412904
12180,5.41678,8.20714
12181,6.543106,9.055241
12182,8.310436,10.257429
12183,7.1515756,6.580586
12184,7.346675,7.8603854
12185,5.122893,9.11175
12186,7.2170806,5.229729
12187,6.415807,9.550514
12188,6.7286725,7.824897
12189,7.642999,8.590548
12190,5.032232,4.7105265
12191,7.15071,6.0679297
12192,6.6337457,7.9040003
12193,6.2308283,5.7634845
12194,4.8293085,9.382385
12195,5.5911665,11.145925
12196,6.374284,12.565626
12197,7.8118043,9.693863
12198,4.703513,7.56109
12199,6.866595,8.770873
12200,7.460327,12.523715
12201,6.739715,13.386095
12202,7.5789814,10.395446
12203,6.211997,12.695655
12204,4.9255066,8.885324
12205,6.980025,9.518512
12206,6.911972,7.6745806
12207,7.168668,12.403077
12208,5.94136,8.370785
12209,6.801184,9.827076
12210,6.689587,12.649782
12211,7.35397,6.5345626
12212,5.8508677,8.804463
12213,7.5316353,10.56481
12214,5.583357,10.943029
12215,7.9352174,11.599203
12216,5.6673355,9.984876
12217,6.50555,12.756204
12218,4.498128,13.03644
12219,5.1949205,11.652833
12220,6.3823037,10.536967
12221,4.9421496,9.229458
12222,3.9606876,11.566283
12223,6.041403,9.616683
12224,6.3980985,12.312972
12225,5.3943005,9.823882
12226,5.2335677,12.615275
12227,5.4526005,11.027794
12228,5.5712676,10.605167
12229,5.891985,12.754367
12230,6.062485,13.855298
12231,6.364837,13.86955
12232,5.220974,12.783609
12233,4.082563,6.7405605
12234,3.5225403,15.186551
12235,4.994486,9.777401
12236,4.9504676,11.873813
12237,4.678124,11.233753
12238,4.827889,14.31986
12239,7.2892637,12.744548
12240,6.3200693,12.609823
12241,8.234661,10.526772
12242,7.0384197,11.759661
12243,4.8375845,8.817586
12244,5.4565682,12.154417
12245,5.154563,13.654486
12246,7.3018427,9.467528
12247,6.753522,11.325874
12248,4.377565,9.748578
12249,5.2941756,13.879908
12250,5.12943,13.854176
12251,4.917882,7.7225122
12252,6.8564587,12.667307
12253,6.7362843,11.520056
12254,5.6124053,11.172244
12255,3.632575,11.65426
12256,5.0213923,10.9313345
12257,5.083599,11.722569
12258,5.7991166,13.831625
12259,5.7644224,9.900874
12260,6.8921123,10.68598
12261,7.5761495,9.441428
12262,6.42915,10.44626
12263,6.759272,11.377232
12264,6.94249,10.982356
12265,6.491512,12.130837
12266,6.5194507,10.181742
12267,5.9442573,10.102685
12268,5.41331,11.473523
12269,5.9404926,8.756403
12270,5.4352093,7.6528
12271,5.971338,8.893252
12272,6.8756933,7.562924
12273,7.834661,10.874999
12274,7.331635,10.232928
12275,8.461191,14.462823
12276,6.3821993,9.164125
12277,6.987384,11.28295
12278,7.6983023,9.071488
12279,6.107258,14.787253
12280,5.7651777,8.802703
12281,7.3953004,12.931219
12282,7.8428564,13.5750885
12283,8.129579,14.453529
12284,6.527764,13.44481
12285,8.023408,13.143718
12286,7.4057775,12.890925
12287,6.0584536,11.09044
12288,7.252966,14.872529
12289,6.9598,12.442416
12290,5.8992853,9.912735
12291,7.557167,9.444087
12292,6.7747345,12.907852
12293,5.693296,13.775273
12294,5.8845143,15.684087
12295,5.6796083,13.805151
12296,5.1188407,15.9023905
12297,5.9105515,13.812823
12298,5.151658,15.108166
12299,4.9144807,11.8447
12300,6.2136064,14.799821
12301,6.704814,14.388833
12302,6.371236,15.298729
12303,9.119068,13.01118
12304,8.168238,13.376942
12305,6.207536,12.462981
12306,5.4411807,10.3197565
12307,5.8566394,11.663835
12308,5.301249,9.763209
12309,6.0602355,9.202506
12310,6.9094076,9.812978
12311,4.9889293,9.521808
12312,6.0001035,15.030865
12313,6.238111,9.619544
12314,5.134965,16.137684
12315,6.6908135,12.415368
12316,6.316415,11.441166
12317,7.2552347,12.46295
12318,4.05566,10.563725
12319,6.6065607,11.511142
12320,5.663209,14.752639
12321,6.4314833,12.818227
12322,6.089971,12.86422
12323,8.530814,12.289326
12324,7.33955,12.582595
12325,7.4472094,11.8297205
12326,6.7718353,11.80427
12327,5.28957,12.337568
12328,7.1882005,9.097583
12329,6.238513,13.196494
12330,6.466277,9.928138
12331,5.1444855,10.880014
12332,5.3971233,14.864353
12333,5.2360344,11.425912
12334,5.042604,10.423489
12335,6.0218916,7.6504216
12336,4.6493936,8.454236
12337,6.3398333,9.394004
12338,5.455483,9.525652
12339,4.851422,9.986348
12340,6.408257,7.505374
12341,3.7562337,8.243306
12342,5.28172,9.530035
12343,5.1809006,7.4841948
12344,4.7116756,9.359724
12345,6.1350083,9.690668
12346,5.216179,10.82291
12347,5.3966293,7.326095
12348,4.4915495,10.13674
12349,5.245619,10.153811
12350,4.3578787,12.115403
12351,4.373281,12.995844
12352,3.9048283,10.3860235
12353,3.483148,12.824254
12354,4.712468,9.260029
12355,2.306285,13.625873
12356,4.40421,12.091113
12357,6.6951847,13.858081
12358,4.8401837,14.824389
12359,4.7861347,10.913292
12360,5.235374,8.431573
12361,5.344003,12.610396
12362,6.866717,15.43937
12363,6.7802005,14.100004
12364,6.208107,12.627604
12365,5.768995,14.42269
12366,4.97926,14.004925
12367,5.87282,18.018274
12368,6.355497,17.289387
12369,6.466518,11.723084
12370,6.0775185,14.608241
12371,5.410552,12.662563
12372,6.6497498,9.891117
12373,5.1438336,10.200277
12374,4.4940963,11.508713
12375,5.392935,13.237198
12376,6.161298,12.36408
12377,5.176821,15.267364
12378,5.323137,11.744534
12379,4.327513,16.51223
12380,5.943181,15.628593
12381,6.96701,16.115637
12382,3.8768659,15.438162
12383,4.253783,10.273263
12384,5.823103,13.947383
12385,5.3634872,12.633176
12386,4.0640073,10.95379
12387,5.085399,10.408053
12388,6.1263075,11.684851
12389,4.024338,12.286271
12390,5.458484,14.964437
12391,3.2722516,16.429384
12392,6.1687536,15.8176985
12393,5.115753,12.215269
12394,5.3896723,12.5809965
12395,9.254873,6.899843
12396,7.174199,12.547513
12397,5.17463,9.406478
12398,6.3800387,6.4740386
12399,6.0158324,10.048383
12400,7.0788765,9.797375
12401,5.1318474,13.079361
12402,5.720966,17.68876
12403,6.0176353,15.654581
12404,7.040466,17.12305
12405,4.210588,13.335368
12406,5.993453,13.995915
12407,7.6452184,16.822803
12408,5.596092,14.98379
12409,5.0776787,15.397499
12410,8.294872,12.021893
12411,6.6607776,13.435299
12412,6.7755203,14.598577
12413,6.3527036,13.374733
12414,6.031257,11.573251
12415,6.1566615,10.631514
12416,4.6753144,11.676372
12417,4.5573235,12.61598
12418,5.3335214,12.272511
12419,1.8958737,9.204123
12420,4.9605465,13.158556
12421,6.0788183,14.396459
12422,5.491628,13.19884
12423,7.351751,10.277728
12424,4.662701,6.4211197
12425,7.2856956,12.842532
12426,6.4271727,10.603623
12427,4.616815,13.594691
12428,6.3321652,11.903511
12429,7.091633,15.209345
12430,6.848808,12.339763
12431,6.2817497,11.882239
12432,6.1112022,13.693807
12433,7.5470395,13.887774
12434,6.4919863,11.573178
12435,5.4294443,10.122554
12436,8.4927225,12.526652
12437,6.1196265,12.878228
12438,7.534069,10.205382
12439,6.4076095,15.869579
12440,5.893949,13.444156
12441,7.7915287,12.467337
12442,7.4020147,12.043429
12443,6.4363594,9.267251
12444,4.977127,13.675931
12445,6.1187468,10.85193
12446,5.7040567,6.855836
12447,5.463915,9.187502
12448,7.540774,8.891716
12449,6.5469785,10.671955
12450,5.0668774,17.056282
12451,5.719686,11.775523
12452,5.4147935,14.20779
12453,5.773083,13.763535
12454,6.766655,15.9399
12455,8.179567,15.77415
12456,5.87653,13.483556
12457,6.169393,12.775751
12458,5.5164137,15.805826
12459,6.14486,14.053373
12460,4.6649704,15.406809
12461,6.1658797,16.5641
12462,7.9926157,17.196337
12463,6.988278,15.794858
12464,5.836764,17.64008
12465,8.614319,12.071512
12466,5.1176114,10.487485
12467,6.8828006,9.383887
12468,7.5089164,9.724056
12469,7.302467,12.585441
12470,6.592536,11.403842
12471,5.5347137,11.840938
12472,5.8293242,7.1493144
12473,6.135608,7.5022016
12474,5.6446385,9.611674
12475,7.439882,8.312459
12476,5.8568616,9.494305
12477,7.8274093,14.494552
12478,6.2582455,13.218515
12479,7.66134,10.331024
12480,7.281827,11.1159935
12481,7.5885525,10.106794
12482,7.965865,13.667559
12483,5.75323,13.922885
12484,5.883572,14.176196
12485,5.993239,13.974171
12486,7.4362354,9.188946
12487,6.741377,12.212231
12488,6.8895817,10.755967
12489,6.6933465,8.5491495
12490,7.6106386,13.098767
12491,5.3561625,8.65615
12492,5.1934586,13.181716
12493,7.418869,10.995318
12494,6.2373705,14.372329
12495,7.466428,11.486072
12496,5.517357,14.17197
12497,5.2508736,14.067541
12498,5.8286943,7.86672
12499,5.9892187,13.831494
12500,5.260868,13.788854
12501,8.516076,11.080582
12502,6.8089094,14.023918
12503,5.191183,11.908119
12504,4.7117186,14.693065
12505,5.5845914,11.301302
12506,6.130576,11.333041
12507,6.435301,11.704598
12508,5.4596925,6.7232814
12509,6.3485117,12.167637
12510,5.374917,9.544962
12511,5.009922,13.527185
12512,5.57593,11.364154
12513,7.0911164,14.530702
12514,6.816414,13.147745
12515,7.5479474,13.574724
12516,6.257416,12.221008
12517,5.128923,13.308833
12518,5.9295177,13.667073
12519,6.6757083,12.560095
12520,7.662661,13.733896
12521,6.5859704,16.620329
12522,4.8239036,12.643819
12523,6.0479536,10.955072
12524,6.840094,10.509112
12525,6.4088078,13.2351
12526,7.454692,12.188173
12527,5.891932,11.662891
12528,7.000285,12.946591
12529,7.239683,12.396567
12530,7.0049615,11.346765
12531,6.9327683,14.70998
12532,7.366309,14.505605
12533,6.5571837,15.472722
12534,5.7809687,11.939279
12535,6.261816,15.666234
12536,6.1941676,12.6328125
12537,7.5549345,12.404039
12538,5.3061056,13.552904
12539,7.6864347,11.113024
12540,5.667047,12.71973
12541,6.0406084,14.659542
12542,6.9892054,9.407842
12543,6.0388684,13.144828
12544,6.0378146,8.76558
12545,5.622582,11.47407
12546,6.3474374,9.532345
12547,7.071454,6.9290047
12548,5.1069126,12.685645
12549,4.449236,9.80527
12550,6.989201,7.9476175
12551,6.3325014,10.565584
12552,6.03824,12.496065
12553,7.4768324,9.210296
12554,4.624015,11.128227
12555,6.2429857,14.060976
12556,6.2216487,11.784394
12557,4.924813,7.9373393
12558,5.2076283,5.474021
12559,6.112516,10.078975
12560,6.9112587,7.917453
12561,7.139337,8.806552
12562,6.962914,6.6918597
12563,6.382562,7.495345
12564,5.8458805,9.079414
12565,5.2675133,8.357882
12566,4.8268266,9.81059
12567,8.509006,13.236884
12568,6.064467,11.680846
12569,5.5987954,15.048145
12570,6.5555725,12.161117
12571,6.6355157,13.124548
12572,7.166662,13.445184
12573,6.99768,13.897838
12574,5.468715,11.170945
12575,7.4743376,9.897884
12576,6.060321,10.033839
12577,6.2691565,10.808807
12578,5.3066177,10.247777
12579,6.7532887,12.949478
12580,5.842018,10.303875
12581,7.0266175,10.739462
12582,6.6852417,10.869215
12583,7.4516125,11.030118
12584,7.9802623,11.738192
12585,5.817832,12.974989
12586,7.5627637,11.192983
12587,6.9081225,11.866467
12588,7.2497296,13.116134
12589,8.061822,10.186069
12590,5.8972163,13.215679
12591,6.540852,9.822643
12592,5.5654655,12.067032
12593,6.1741123,13.492438
12594,6.9100804,17.62005
12595,4.4912634,15.346671
12596,5.155519,13.04944
12597,5.431784,14.277892
12598,6.3915954,13.983964
12599,4.539594,14.034845
12600,6.6818147,9.201242
12601,6.814349,11.730453
12602,4.32171,10.22999
12603,4.596415,10.499596
12604,5.6079497,10.761802
12605,6.695267,17.057112
12606,4.72244,11.743583
12607,4.6968145,12.371267
12608,4.3478594,12.343683
12609,4.34016,10.760763
12610,4.5139294,11.241435
12611,5.9396157,13.48716
12612,4.4018207,10.156213
12613,4.834348,12.921487
12614,4.643732,11.346612
12615,5.2249665,10.931469
12616,5.005929,10.066964
12617,4.237347,10.5760355
12618,4.85448,8.454887
12619,3.9869268,10.113728
12620,7.547175,10.42657
12621,6.182284,8.351444
12622,6.9256086,12.862016
12623,6.636653,9.964352
12624,7.4573975,11.055276
12625,6.021948,8.125798
12626,4.9471188,6.1321206
12627,6.1151013,11.15514
12628,7.449237,11.902809
12629,7.447459,9.276334
12630,6.9548755,6.374802
12631,7.013877,8.848503
12632,7.597365,10.564078
12633,6.8062596,11.421089
12634,4.9028664,8.595026
12635,7.189768,12.466603
12636,6.6634946,14.900665
12637,5.664703,10.383148
12638,6.3764234,12.377713
12639,5.853477,13.3063965
12640,5.4423018,14.947128
12641,5.719433,10.926881
12642,6.1883335,13.6699295
12643,5.947622,12.678463
12644,7.3205185,9.300987
12645,7.97342,13.122864
12646,7.158388,11.039407
12647,7.3816843,11.013916
12648,6.326487,13.113539
12649,6.8240304,14.661564
12650,6.484248,12.319382
12651,6.750534,14.486022
12652,6.685404,10.839748
12653,7.7128673,13.799755
12654,7.6576076,18.355247
12655,7.2465634,12.3989935
12656,8.253794,15.241833
12657,6.5610948,11.53365
12658,7.3421073,12.900598
12659,6.851128,14.367886
12660,4.9889674,12.320858
12661,6.632985,12.165703
12662,7.880134,16.718025
12663,4.6156545,13.036931
12664,5.499186,15.329744
12665,6.1303215,14.660637
12666,7.9895983,11.715327
12667,6.4947534,10.625938
12668,6.1438394,15.161869
12669,7.094072,15.252681
12670,5.8989525,15.5911455
12671,5.7537584,16.257963
12672,4.5022078,12.981133
12673,3.7496626,14.676881
12674,3.6203992,17.32176
12675,3.8853383,10.407995
12676,6.0004067,15.824801
12677,6.5459924,16.064941
12678,6.3660784,14.716946
12679,7.935006,14.007769
12680,7.460274,10.668543
12681,6.815963,9.829963
12682,4.6866956,14.1557255
12683,6.5949078,16.324259
12684,5.283821,15.450938
12685,5.3384705,13.617629
12686,5.8088365,15.253612
12687,5.8324394,14.962287
12688,6.6260223,11.503183
12689,7.426879,13.659344
12690,5.962708,17.942892
12691,5.4266934,13.554061
12692,4.7138615,13.507014
12693,4.8776746,13.289566
12694,6.63313,12.19427
12695,6.958081,12.944746
12696,4.4486756,14.833308
12697,6.426538,12.21636
12698,6.446897,8.980304
12699,6.915022,11.927124
12700,5.8005166,11.646672
12701,4.5488453,13.850877
12702,7.1351943,10.530854
12703,6.1928825,10.250358
12704,4.616565,12.625416
12705,5.118623,13.294844
12706,5.2963223,13.637931
12707,4.439446,13.437966
12708,4.6572495,13.879853
12709,5.751745,12.277199
12710,6.855719,10.03573
12711,6.7477393,12.836982
12712,6.67564,13.834176
12713,6.53589,11.497974
12714,5.528616,8.486631
12715,5.9394913,11.028097
12716,6.3938046,13.72729
12717,5.38987,12.424837
12718,7.2280455,12.560647
12719,6.1797647,13.921346
12720,6.754342,12.01701
12721,7.1817427,15.157596
12722,5.9714537,14.035711
12723,5.900308,12.210363
12724,5.683954,12.654739
12725,5.5016885,11.286433
12726,5.4423003,9.51392
12727,4.819228,9.477325
12728,5.3431387,9.496298
12729,4.9696198,11.770579
12730,5.5547748,13.062067
12731,5.7117605,9.632101
12732,8.027582,13.621783
12733,6.1485257,14.660873
12734,5.0417833,12.305255
12735,7.507277,10.7632885
12736,5.2647953,10.455448
12737,4.9419203,13.791685
12738,4.9459677,10.527652
12739,6.9813404,10.017718
12740,4.4099655,11.846859
12741,3.9009373,13.339371
12742,4.882661,14.005365
12743,5.5456724,11.747272
12744,4.727179,13.660983
12745,5.2135344,16.066015
12746,5.705062,15.489352
12747,6.114819,12.833387
12748,5.848176,11.219457
12749,6.1280923,14.299747
12750,4.899635,15.28359
12751,5.1041026,13.460569
12752,7.0467834,16.334793
12753,5.6481876,11.809066
12754,3.7460215,12.425497
12755,4.0376244,14.6084795
12756,5.1643825,14.439029
12757,6.6999803,15.317562
12758,4.9278026,14.209138
12759,6.3865905,9.4586115
12760,6.2925544,13.188795
12761,5.4300914,13.068623
12762,5.9443526,14.301203
12763,5.4074993,12.808691
12764,6.1458616,12.256977
12765,5.042953,12.624795
12766,6.160373,11.642682
12767,6.712428,11.93864
12768,4.9628816,13.046168
12769,6.7406297,12.261467
12770,5.746342,12.853356
12771,5.088471,11.416746
12772,5.16902,10.109985
12773,6.747689,8.999724
12774,6.100802,7.765562
12775,4.880333,15.194912
12776,7.8556747,15.517833
12777,6.1071377,14.529098
12778,6.1732273,9.057712
12779,6.1752863,10.434723
12780,4.02887,7.2285476
12781,5.4702716,14.256082
12782,5.2775974,13.838509
12783,4.533524,14.486506
12784,5.0566354,11.116047
12785,4.8080053,12.975939
12786,5.6099925,13.440173
12787,4.7346115,10.855188
12788,4.99461,11.385941
12789,4.7324615,11.702216
12790,4.8389993,7.9188046
12791,5.516458,11.568346
12792,6.344386,8.931107
12793,6.0174823,11.032025
12794,4.4386353,12.171597
12795,6.465207,10.510418
12796,6.9120474,9.747986
12797,6.327074,12.427252
12798,8.271154,7.649652
12799,5.346624,10.726915
12800,6.662697,8.157727
12801,5.603658,10.443555
12802,5.748375,9.592813
12803,5.052785,13.494652
12804,7.6974063,11.004908
12805,4.9043865,13.225274
12806,5.356072,9.974398
12807,5.756864,10.20206
12808,6.041776,12.675786
12809,6.702323,12.5669985
12810,6.9483867,12.14434
12811,4.644771,11.102311
12812,5.7503347,15.875115
12813,5.006022,9.711376
12814,5.7306876,10.136669
12815,5.1456127,7.9935946
12816,5.695648,9.149022
12817,4.953,8.390722
12818,5.770539,9.964193
12819,4.9489393,8.565029
12820,5.9569635,8.467649
12821,4.350113,6.992834
12822,5.1351995,8.148485
12823,2.8607764,9.599103
12824,6.760928,9.612941
12825,6.081977,10.905542
12826,6.297355,10.555993
12827,6.145199,10.814538
12828,5.691056,9.420077
12829,4.0996017,7.319745
12830,4.1686435,12.788736
12831,7.549576,15.544739
12832,6.8129582,9.44294
12833,6.9633083,8.095613
12834,5.753049,10.352632
12835,6.0548224,7.546028
12836,6.2278433,7.3813105
12837,5.002363,8.655602
12838,5.435248,8.633312
12839,6.5530787,10.705775
12840,4.5464993,8.696515
12841,6.889963,8.878232
12842,5.951889,9.313813
12843,4.553398,10.2978115
12844,6.038735,10.348563
12845,4.6271586,11.773988
12846,4.0988574,12.127798
12847,5.803692,12.76906
12848,5.8670754,5.34305
12849,6.854346,10.055599
12850,3.8343084,7.8563204
12851,7.631341,13.073875
12852,6.8784456,11.172618
12853,6.8412633,9.233099
12854,7.107924,11.245169
12855,5.87366,7.57094
12856,5.728203,8.355496
12857,6.7298155,10.645979
12858,6.940946,11.236363
12859,6.2626653,12.281851
12860,6.2234178,10.566704
12861,7.810834,7.148499
12862,6.8903522,10.258972
12863,8.416017,5.5526404
12864,6.9041524,7.797978
12865,7.0997677,5.531762
12866,6.005833,9.260213
12867,6.748463,8.503923
12868,5.8150425,6.541464
12869,7.605064,6.339809
12870,5.750862,6.226961
12871,5.565915,5.9160633
12872,7.469262,11.81052
12873,6.5928035,13.198367
12874,8.128666,10.700159
12875,6.2218943,9.894382
12876,5.639689,12.060912
12877,5.070439,14.805373
12878,6.4572926,13.420468
12879,7.244904,13.057579
12880,7.7874746,14.523174
12881,7.1885467,12.0469675
12882,6.903596,14.122653
12883,6.142462,8.832148
12884,5.1036067,9.23835
12885,6.868141,7.3921194
12886,7.550914,7.894946
12887,6.282551,8.29546
12888,6.1551967,3.9653037
12889,7.8592157,11.712801
12890,7.6040707,8.5813875
12891,6.3287816,8.256473
12892,6.382103,6.925903
12893,5.377801,6.76468
12894,6.1764264,4.598356
12895,7.1378603,9.610663
12896,5.8233533,7.832216
12897,5.0396476,8.855016
12898,6.9054804,7.0340543
12899,5.537414,7.352426
12900,5.81254,10.758475
12901,5.6454268,12.523803
12902,5.5962396,11.500835
12903,4.8012347,11.414967
12904,6.450212,10.179441
12905,6.0598946,7.1469536
12906,3.6721113,7.4639945
12907,7.776878,14.597235
12908,5.1898932,9.715978
12909,5.8459234,5.5534897
12910,6.2177477,10.084323
12911,5.0079594,9.57146
12912,6.481653,9.970146
12913,6.1156087,11.229018
12914,7.161928,10.29476
12915,5.6157827,7.9836707
12916,7.812806,8.847115
12917,7.479938,8.689702
12918,5.3253884,10.979382
12919,5.979979,10.246592
12920,5.72882,7.509111
12921,8.722404,8.891672
12922,5.7473445,5.0857086
12923,7.333047,10.708177
12924,6.643938,3.6429942
12925,5.8850183,9.430831
12926,7.1084833,7.8622694
12927,6.287826,10.327707
12928,6.1740146,6.4189224
12929,7.2111444,7.440794
12930,6.213548,11.498884
12931,6.472843,8.614055
12932,6.920881,12.383055
12933,7.465286,9.000591
12934,6.2317286,8.657106
12935,6.174205,10.523402
12936,7.707644,9.40046
12937,7.7842817,7.6417465
12938,5.4982095,8.947821
12939,6.614865,8.999803
12940,6.5344925,9.253695
12941,6.157035,10.372321
12942,6.4455113,10.354749
12943,7.418848,9.930278
12944,6.314052,11.04199
12945,8.425168,9.726476
12946,7.487643,12.658222
12947,9.272093,10.043023
12948,8.704183,11.662727
12949,6.1461716,10.208777
12950,7.7609468,11.487488
12951,7.0444937,10.595783
12952,5.1887536,11.63333
12953,5.5154343,12.054745
12954,6.2284636,10.501905
12955,6.1963525,10.11406
12956,6.8456206,11.394874
12957,6.4802184,11.869958
12958,7.159644,10.034452
12959,5.5963316,12.978082
12960,3.3724685,10.6371355
12961,5.3280206,8.96121
12962,4.685635,12.948134
12963,6.617117,10.4191065
12964,5.839106,13.805787
12965,5.9887505,15.043186
12966,6.569361,16.034227
12967,5.670539,16.11394
12968,6.0659103,12.339437
12969,4.2545137,9.077855
12970,4.299972,11.760587
12971,5.740985,14.745528
12972,5.446929,16.822496
12973,6.004521,12.496625
12974,6.97967,10.657294
12975,6.273734,10.966491
12976,5.2850375,11.523515
12977,5.3037386,13.202673
12978,4.7389717,14.439681
12979,6.0554013,14.551239
12980,5.808125,14.638728
12981,4.9584455,9.84153
12982,6.682581,12.621094
12983,5.514291,13.559757
12984,5.630774,15.212773
12985,6.3123894,11.14103
12986,5.8333707,14.234173
12987,8.380124,10.81791
12988,7.263561,13.4930315
12989,6.615789,10.830737
12990,7.1468277,10.647133
12991,4.6459846,13.754508
12992,4.6784196,11.794443
12993,5.6533904,12.934516
12994,5.861255,12.626102
12995,6.125219,15.339016
12996,6.444494,15.079836
12997,7.0318465,13.4962015
12998,6.9154024,10.645447
12999,6.800736,12.776573
