Frame,PC1,PC2
0,2.9831648,-10.351168
1,4.223316,-5.225545
2,4.214923,-7.6254535
3,4.854383,-9.826651
4,5.509248,-7.8012853
5,6.2388616,-8.427864
6,4.2297263,-9.131009
7,4.411288,-6.847175
8,3.112092,-6.1102896
9,4.687485,-2.6555188
10,4.903545,-2.0058806
11,5.2770905,-3.9269297
12,5.5767827,-3.3894448
13,4.794508,-5.894297
14,4.5591984,-4.6414175
15,5.474391,-4.4991326
16,4.9576473,-6.044315
17,6.273069,-7.887999
18,5.3753595,-6.247413
19,5.288085,-6.990522
20,5.2036133,-5.501326
21,5.089929,-6.167583
22,4.6932716,-3.103436
23,3.791967,-3.9626248
24,6.8407564,-4.323146
25,5.21978,-2.011665
26,5.217188,-3.6410499
27,3.3664122,-5.036227
28,4.1492505,-6.4898543
29,4.5187387,-4.4347396
30,3.5419145,-4.459433
31,3.429979,-5.3083043
32,3.2145329,-5.85677
33,4.051305,-4.268955
34,5.295339,-5.0791945
35,3.8729718,-3.474714
36,3.523316,-4.31914
37,3.786429,-3.5244021
38,3.741687,-5.041496
39,4.887375,-6.46414
40,3.4558606,-5.04401
41,3.179231,-5.768716
42,4.978883,-6.920237
43,3.8301148,-6.7126713
44,3.7284253,-8.450711
45,4.7104487,-7.839854
46,4.257697,-7.1302485
47,3.5532422,-4.4873214
48,5.849867,-6.2228246
49,4.02288,-7.238053
50,2.9061353,-5.103943
51,4.23692,-7.225478
52,4.0032077,-5.837805
53,4.948593,-6.841872
54,4.7273374,-5.6395473
55,4.745103,-6.3069987
56,4.5125365,-4.9640293
57,5.7177143,-6.6618686
58,4.256907,-4.601243
59,4.306582,-4.970259
60,3.5766246,-4.600991
61,5.622053,-6.3533354
62,4.685463,-4.755093
63,3.7808607,-5.5118446
64,3.9319558,-7.956672
65,3.9499924,-3.351742
66,4.878356,-7.663397
67,3.5404146,-3.9510684
68,4.5957274,-6.245335
69,4.086913,-7.2222643
70,4.0237093,-5.281757
71,4.5836577,-5.457823
72,4.6006417,-6.727437
73,2.6520536,-6.01105
74,3.342042,-5.1472826
75,4.3207836,-9.474024
76,1.7831079,-8.423527
77,3.5695877,-5.774378
78,2.5606549,-7.6059294
79,1.0514514,-5.7310586
80,2.39461,-7.9030685
81,1.4567773,-8.0558605
82,3.7724133,-7.5302315
83,3.5314174,-7.529552
84,4.007577,-9.9743395
85,3.2476761,-7.898223
86,5.390905,-6.3750906
87,5.4960284,-8.971317
88,5.2850027,-7.370549
89,4.3795223,-9.523221
90,6.523075,-5.9100924
91,5.8717756,-7.855684
92,5.6181016,-8.28943
93,3.7644145,-6.2359524
94,4.5742993,-4.460076
95,4.959002,-6.0151896
96,3.719349,-4.7535934
97,4.823085,-4.034807
98,3.9038587,-3.909881
99,3.0930939,-5.750771
100,4.679573,-7.273089
101,4.5511556,-3.6706738
102,4.0559072,-4.1248126
103,5.7325397,-4.4270506
104,5.2741027,-9.561301
105,4.198478,-9.187034
106,4.8385787,-7.4784536
107,4.9825616,-10.585801
108,4.593829,-6.6535954
109,4.3445406,-5.442892
110,4.538698,-4.2922134
111,4.2535124,-7.0125494
112,7.826965,-6.196317
113,4.6654553,-5.082104
114,4.088837,-5.50373
115,4.008831,-7.7632346
116,4.3532434,-8.434647
117,6.1640067,-6.020154
118,3.6764514,-5.634134
119,5.5759964,-5.9713387
120,5.5583057,-9.364796
121,3.8726294,-6.769858
122,3.854919,-8.370711
123,6.113395,-6.505274
124,5.0173073,-8.117187
125,5.7308397,-6.105715
126,5.541811,-6.3413553
127,5.2200694,-7.7289705
128,4.42097,-5.76297
129,4.944796,-11.945245
130,5.902839,-9.413427
131,5.7250543,-7.352939
132,5.298407,-5.929592
133,5.089839,-7.2668004
134,3.9646544,-8.292196
135,5.3933225,-10.581492
136,4.710493,-8.415463
137,5.3797874,-9.7256
138,5.008834,-8.929246
139,3.5098903,-7.596407
140,4.424292,-7.7166095
141,5.1323133,-7.3540964
142,4.369588,-8.507133
143,3.2052891,-7.459504
144,2.5855567,-9.366645
145,4.868598,-8.269641
146,5.086973,-10.121781
147,4.262228,-9.006455
148,2.8785927,-8.098616
149,5.126731,-7.9509873
150,4.0439143,-5.3635817
151,3.4045165,-5.0037994
152,4.0729294,-5.4019046
153,4.567941,-5.2492456
154,4.524805,-9.62402
155,4.228335,-6.2961254
156,5.96491,-8.097336
157,5.3315897,-9.41444
158,5.9496207,-11.240159
159,5.3060365,-9.275165
160,4.9153824,-7.964251
161,5.22377,-8.054347
162,5.1345797,-9.104423
163,4.880419,-10.88972
164,4.079163,-7.0138607
165,3.3811636,-8.129549
166,3.9247203,-7.694841
167,5.376359,-8.947507
168,3.7559261,-8.285643
169,3.5997894,-10.287478
170,4.7070055,-12.011186
171,2.8962395,-7.6458483
172,3.5549057,-8.6588
173,3.893713,-6.8443723
174,4.958415,-9.5965605
175,4.4420295,-8.116801
176,5.5217013,-12.076732
177,3.2572336,-9.526957
178,4.5003123,-7.8468227
179,3.098478,-8.442267
180,3.9459412,-9.175056
181,6.3393283,-8.888046
182,3.5296855,-7.125074
183,3.1296015,-9.934509
184,4.217876,-10.417032
185,4.397395,-8.834901
186,2.9631805,-4.4812493
187,4.4117846,-9.05036
188,3.3318913,-6.9557667
189,3.376057,-7.646337
190,1.6709828,-7.875267
191,4.3304853,-6.3259397
192,3.5489166,-7.977874
193,4.7256937,-10.62118
194,3.7730677,-7.6415215
195,3.9274518,-11.705733
196,4.5257926,-10.951352
197,5.091712,-9.075505
198,4.486967,-6.6184635
199,2.8176355,-9.382508
200,3.413496,-6.628422
201,1.2113492,-9.348113
202,1.2358074,-4.8614616
203,2.8063557,-7.930018
204,4.9015775,-7.9042773
205,4.8601794,-6.5206566
206,5.1737237,-8.339816
207,6.169661,-10.753053
208,4.0776606,-8.822686
209,5.460441,-11.386939
210,4.7170343,-5.3538895
211,2.0233927,-6.0598955
212,3.7194011,-8.440109
213,4.9532847,-7.5473776
214,4.5962477,-8.454409
215,4.0339565,-8.767545
216,3.870129,-9.16056
217,3.3618722,-6.412033
218,4.39867,-8.576047
219,3.4582396,-8.0281105
220,3.6375873,-8.166562
221,3.8175285,-8.984574
222,3.444398,-9.46757
223,3.778087,-6.4548297
224,5.387621,-7.0396457
225,3.6977618,-6.6030674
226,5.289646,-9.633102
227,4.062215,-5.6264153
228,5.0289273,-5.4863815
229,4.4821625,-5.9257717
230,4.0432687,-7.5980153
231,3.831333,-7.147079
232,5.1378403,-7.8320546
233,3.9962037,-4.444244
234,5.0305514,-7.5778556
235,5.454506,-6.1915674
236,4.966963,-5.499895
237,6.4393263,-5.9441857
238,3.7378533,-8.34781
239,5.046078,-8.591095
240,4.3741612,-7.8214464
241,3.2203145,-7.40303
242,3.263013,-8.238981
243,5.5601125,-7.607348
244,5.5314837,-10.697308
245,5.2374682,-7.188055
246,5.941278,-7.502278
247,5.5268393,-6.6341085
248,5.1440954,-9.112458
249,4.1727934,-8.699831
250,4.719018,-9.443446
251,3.2764814,-11.272808
252,6.0887823,-11.309576
253,5.1753597,-11.315224
254,5.464135,-8.564505
255,3.8614428,-9.883746
256,5.7958,-8.410095
257,7.6048346,-10.090929
258,5.9186406,-7.745782
259,5.1344295,-8.702349
260,7.560729,-8.87277
261,6.2813787,-11.930561
262,6.2704906,-7.9679937
263,7.3759985,-8.377847
264,6.4577427,-8.508923
265,6.625496,-7.0350776
266,6.2331023,-4.960714
267,4.5895467,-2.6815064
268,5.3570995,-7.690907
269,7.7423525,-1.220068
270,7.087293,-6.88049
271,6.25399,-7.775785
272,7.5185294,-4.998963
273,7.680596,-5.8352127
274,6.362835,-5.4170027
275,8.809552,-7.014444
276,4.9791346,-5.926429
277,7.6136394,-5.211469
278,5.7914386,-4.630116
279,8.34321,-7.8263144
280,6.3579926,-4.1955714
281,6.091345,-8.299785
282,4.9829698,-6.176022
283,7.601206,-6.66386
284,4.564261,-4.313757
285,5.370993,-3.7517123
286,3.140465,-7.5383854
287,7.051388,-4.6878905
288,7.1855536,-5.124516
289,5.5859537,-6.5592394
290,5.73023,-8.739425
291,6.1009774,-7.0522184
292,5.5333037,-6.98522
293,5.843197,-6.2575927
294,6.2060585,-5.0767326
295,6.527314,-5.3221207
296,7.616665,-5.750357
297,7.5767045,-6.015466
298,6.0580177,-8.061706
299,5.6656146,-6.765554
300,5.107449,-5.323325
301,6.1793933,-5.7362404
302,5.5783653,-6.102149
303,6.7849874,-6.6874375
304,5.072465,-6.319777
305,6.864172,-6.3833585
306,8.273,-6.061044
307,7.468465,-3.9122932
308,5.798913,-5.6318984
309,7.7215185,-5.1427097
310,7.7300906,-7.724022
311,5.044472,-5.492161
312,5.1019087,-8.166483
313,6.363658,-9.167957
314,7.7940283,-11.793612
315,7.239654,-8.861227
316,7.7782154,-7.6247416
317,7.102238,-8.6187725
318,6.954344,-7.133552
319,5.9469233,-4.1394787
320,6.433956,-1.8127104
321,5.600447,-5.319199
322,6.512497,-8.295728
323,5.55331,-6.5235567
324,5.7327266,-6.7658477
325,7.474864,-3.8801448
326,6.5140586,-6.4123588
327,7.1354933,-8.04766
328,7.579576,-8.609498
329,6.962166,-6.262696
330,6.5897317,-8.211546
331,7.953901,-7.881571
332,5.2437377,-9.968293
333,5.472528,-6.7015705
334,7.6820226,-8.775225
335,5.2470875,-7.5820312
336,5.622825,-8.490088
337,6.283614,-7.191886
338,7.581304,-7.2697716
339,6.680917,-8.990917
340,6.217203,-8.629691
341,5.3839946,-8.699867
342,7.5528154,-8.636228
343,6.5576715,-9.315697
344,4.2889004,-7.9569974
345,4.91009,-8.156543
346,7.9284678,-9.460411
347,5.1546335,-6.42661
348,6.4986496,-7.943335
349,6.9436474,-5.831949
350,7.1420507,-6.570329
351,6.593123,-7.256295
352,6.635711,-7.1134825
353,6.410899,-5.982441
354,5.4317546,-7.40623
355,6.0348268,-4.9157057
356,6.835619,-6.1982827
357,7.469321,-4.8201914
358,6.0634785,-5.7359705
359,7.5291553,-6.2640543
360,6.36386,-5.910435
361,5.9249983,-7.0843883
362,5.3321314,-5.727065
363,6.700664,-6.0515122
364,6.47685,-8.947608
365,5.9860263,-7.4557323
366,8.352211,-6.986391
367,6.135132,-3.9842734
368,6.3991647,-7.4873056
369,6.599845,-7.911458
370,6.668354,-5.9210477
371,5.0560675,-4.2487044
372,5.889838,-6.36123
373,7.663979,-8.505794
374,7.760841,-5.764354
375,6.3951445,-7.185498
376,7.226755,-7.5964217
377,8.104189,-5.6905856
378,7.60759,-4.040501
379,8.4272585,-7.519395
380,7.7410946,-5.815475
381,6.9082637,-6.8623548
382,7.397826,-4.038042
383,8.016498,-7.625177
384,7.3967137,-8.011138
385,8.506955,-8.9856825
386,7.229658,-6.5836115
387,6.528124,-8.148526
388,7.2929134,-7.2374573
389,6.860033,-7.6529417
390,6.7824736,-8.996568
391,6.5132113,-9.4066105
392,9.708262,-6.21258
393,7.3402557,-7.9384522
394,8.5066805,-6.240526
395,6.6802583,-5.416103
396,8.3744135,-6.204092
397,8.745218,-7.936821
398,9.935885,-8.082776
399,7.423247,-7.3407607
400,7.4518223,-6.706389
401,6.550422,-6.349168
402,7.207777,-4.608933
403,8.170913,-2.8127246
404,6.4925733,-6.2273836
405,6.781946,-2.2984884
406,5.755251,-3.448157
407,6.7959976,-5.3828835
408,3.80104,-5.2521057
409,5.2685356,-4.7248487
410,6.714809,-5.7922454
411,7.3558283,-5.6124153
412,8.932209,-6.012704
413,5.831106,-4.671754
414,7.181181,-7.003185
415,6.945535,-7.5116405
416,6.250486,-5.427909
417,8.692219,-5.3354993
418,8.082142,-7.540401
419,7.311248,-5.3315554
420,5.0405226,-4.7828665
421,5.4512362,-1.926371
422,7.5082836,-7.031288
423,5.9779058,-5.8726654
424,4.7759004,-3.8564725
425,7.2050376,-5.403383
426,4.4680347,-4.5831814
427,6.653981,-3.6777074
428,4.6244345,-3.0540528
429,7.1289353,-4.4820275
430,5.8299537,-4.516334
431,5.911075,-0.9465987
432,6.6806335,-2.5223725
433,7.052163,-4.521079
434,6.2301936,-4.303839
435,4.5907435,-5.4687877
436,5.622265,-4.1637325
437,5.8117127,-4.4944654
438,4.8335614,-3.9655757
439,5.539561,-6.37807
440,6.6568003,-4.812092
441,6.2915916,-6.371169
442,7.21756,-5.967643
443,4.5581894,-5.903077
444,7.0393667,-6.109618
445,7.126461,-8.468495
446,7.1652107,-7.200511
447,6.78494,-6.967443
448,4.5882564,-9.422409
449,5.6469436,-8.865439
450,6.6408606,-7.72212
451,5.5019584,-4.8486457
452,5.4628825,-8.269304
453,7.355562,-8.800301
454,6.1046224,-8.470408
455,7.754864,-9.495192
456,4.8529987,-6.335876
457,8.41841,-6.3718295
458,6.897001,-3.1808472
459,8.814669,-9.101723
460,6.064295,-5.14624
461,6.058952,-8.100066
462,6.1566176,-5.8035784
463,6.4873443,-5.19469
464,6.58299,-2.2001228
465,6.1194506,-3.5554526
466,7.701747,-3.7415514
467,6.3222823,-5.8250346
468,5.4622884,-3.878588
469,6.4087105,-1.8438001
470,5.9495482,-4.2711763
471,6.8724985,-4.6582055
472,5.1226463,-3.7363045
473,6.517415,-4.270601
474,4.0329957,-3.3590758
475,6.535718,-1.7039651
476,6.2112303,-0.035465606
477,5.6119814,-5.045265
478,6.52693,-5.2587485
479,4.9020796,-2.530378
480,4.5963173,-6.32102
481,3.2530599,-4.4547634
482,7.166417,-4.316019
483,5.9501085,-4.0975857
484,5.815015,-4.278959
485,4.352321,-0.38490644
486,2.1011152,-0.12085875
487,4.912864,-3.4241006
488,5.0878277,-2.54462
489,4.154135,-1.0334636
490,4.6951227,-4.904577
491,6.538961,-3.5775099
492,5.786308,-3.0847332
493,4.8487067,-2.8920028
494,5.2884517,-3.8607655
495,6.0485606,-4.7293315
496,9.212942,-10.392064
497,3.3062649,-6.9188995
498,4.8709836,-7.959226
499,4.729578,-2.5224116
500,4.4462504,-5.659895
501,6.744235,-4.97847
502,6.5285344,2.6850789
503,7.8539877,-2.7061207
504,7.2719774,0.5452937
505,9.380808,-2.4075737
506,9.311424,-4.7226267
507,8.00612,-2.1515937
508,7.415718,-1.1224544
509,6.3342915,-0.9062406
510,7.5615172,1.4632652
511,7.266082,-0.7920067
512,7.2591615,-1.6521122
513,6.920729,-0.67337936
514,7.35015,3.455073
515,8.29632,1.3618132
516,8.401209,0.8131728
517,7.3361874,1.9043897
518,6.9996314,2.2574866
519,8.892156,5.70884
520,6.72661,-0.9504782
521,6.8351097,-3.002061
522,7.452731,-1.7307916
523,8.900803,4.76695
524,9.929064,1.8579353
525,5.239223,3.3357334
526,7.3843904,4.839028
527,7.0816703,1.1778518
528,7.0038567,3.3779964
529,7.4001565,2.0738504
530,5.8201056,2.535803
531,6.227963,-0.37506372
532,7.3560247,3.307326
533,5.697893,-0.6592068
534,5.621598,0.6942292
535,6.829293,2.1256518
536,7.835051,0.10829009
537,8.454979,3.6491938
538,7.624726,3.2664328
539,5.3550196,1.8861951
540,7.4537334,5.292307
541,9.793111,4.071953
542,9.537348,3.3508654
543,6.8629284,4.078971
544,6.1995397,5.144101
545,5.275242,3.2318978
546,5.3951745,3.7623684
547,7.220752,4.076709
548,5.7796464,6.107481
549,7.645265,3.1592352
550,6.3330603,4.070121
551,6.7194324,1.8561422
552,8.780614,2.6598668
553,6.8551474,2.5910912
554,6.555825,1.1897999
555,7.4029946,1.8515729
556,9.026593,1.6020148
557,3.8805323,3.7107143
558,6.0023775,4.525293
559,6.9487224,3.1548262
560,6.2230835,4.7587643
561,6.9959645,1.8829995
562,8.075597,5.2316523
563,7.1496305,4.958885
564,6.829344,3.8569562
565,6.3763394,0.04884495
566,5.860951,4.8088164
567,5.643937,1.6581761
568,8.180417,1.2679675
569,7.042421,1.9395077
570,5.584393,-0.53767574
571,6.140461,0.8291309
572,5.8265843,2.5220063
573,6.847201,-0.2784051
574,6.13516,0.7412197
575,6.9565625,-3.196478
576,7.5204134,0.3064882
577,5.5250416,0.8524057
578,6.0765233,0.34097245
579,5.7710614,0.7001962
580,4.200752,2.575
581,7.102503,2.8512774
582,6.2029715,2.6209311
583,7.2159085,0.7868835
584,6.6568246,2.1284919
585,5.5264406,2.9969845
586,6.586543,4.6735187
587,6.8175454,4.3338623
588,5.134436,3.8681846
589,6.506168,4.0217695
590,6.505656,2.6659484
591,4.1142573,5.078812
592,5.1085067,5.0961657
593,4.762631,7.4902277
594,5.9554243,3.4995098
595,5.864675,5.931924
596,6.5609436,5.54534
597,7.2896233,3.6165605
598,6.5081763,5.054967
599,6.261198,6.287627
600,8.094902,6.923031
601,6.9210973,5.1006613
602,6.890216,6.9559603
603,6.7534504,3.095029
604,6.5573463,3.3245394
605,7.019109,2.7215729
606,7.6743593,1.021409
607,8.159854,1.3218175
608,7.70806,6.22305
609,6.8471828,6.164715
610,7.9237294,5.206815
611,7.8446608,3.6072373
612,7.3360744,-0.09021102
613,8.637306,3.384231
614,8.375732,1.9913062
615,9.516005,0.82737625
616,7.3024435,2.3273618
617,7.686742,-2.1366112
618,7.6273084,0.17251785
619,6.7223196,0.87922233
620,7.404425,2.9409342
621,8.859431,2.0501666
622,7.755868,0.52486634
623,8.483269,4.3428345
624,8.879007,2.9174197
625,6.3332596,2.629029
626,7.535108,4.973063
627,8.743446,4.4869995
628,6.247266,4.2671356
629,8.291019,5.0680294
630,9.09991,-0.016060788
631,8.982075,-2.366746
632,8.584548,-4.806816
633,7.9759164,-5.9809446
634,7.2826567,-5.649393
635,7.9926105,-3.1734974
636,5.9918466,-4.4372106
637,6.151334,-4.971993
638,6.4822526,-2.843835
639,8.358119,-6.8132195
640,7.436295,-4.5157604
641,7.8079343,-5.7178736
642,7.2940445,-4.035471
643,7.4232492,-3.897881
644,8.431004,-2.239893
645,7.393639,-4.5075192
646,8.633328,-2.0889518
647,9.435678,-3.5142655
648,5.6674757,-4.307316
649,7.9922953,0.075806335
650,8.165325,1.8485253
651,7.3545866,-0.23746783
652,6.8536563,4.2767205
653,8.519987,2.6345553
654,8.806164,5.1047297
655,7.1935244,-0.47705212
656,8.033544,1.5300578
657,7.272644,1.6451378
658,8.456902,0.24751322
659,8.015257,0.49601194
660,8.703849,-1.4788524
661,8.22683,-4.948613
662,7.430684,-5.1376143
663,6.8714185,-2.852623
664,7.7287345,-5.8847823
665,7.618171,-3.4857178
666,7.314241,-3.12085
667,7.0211787,-1.995162
668,5.1438074,-6.7723026
669,6.7978187,-2.802796
670,4.2914577,-7.403532
671,3.7605486,-6.5991497
672,6.7600155,-5.506579
673,6.8378377,-6.8108025
674,6.892742,-9.944314
675,6.406134,-5.482183
676,6.614759,-3.0921745
677,7.6546655,-3.7412605
678,7.871166,-1.9115914
679,7.7930183,-4.65821
680,8.466057,-2.2542455
681,7.400357,-4.570563
682,5.5821576,-3.7989697
683,7.0584326,-2.5816543
684,5.6293836,-5.0283856
685,8.224583,-3.3429964
686,7.456957,-4.0076876
687,6.239363,-1.3650398
688,7.561502,-5.9613137
689,8.185874,-6.826384
690,7.08109,-6.3883224
691,7.816242,-5.3308477
692,7.6768827,-2.4583569
693,7.273705,-2.3158185
694,6.583514,-1.1439774
695,5.5345707,-1.1102489
696,8.150811,-3.9316034
697,7.366333,-5.590027
698,8.546974,-3.9471436
699,8.149313,-2.7441483
700,4.5425653,-4.781317
701,8.865916,-3.3214996
702,7.907405,-7.0345507
703,6.218177,-10.372955
704,6.825531,-7.9092116
705,7.6986403,-10.849341
706,6.923342,-8.450258
707,9.226373,-9.111937
708,7.2804723,-9.410904
709,5.57182,-5.2596726
710,7.0971565,-8.8054905
711,6.44163,-11.8676405
712,7.120497,-9.971243
713,5.9813604,-8.611268
714,7.6055655,-10.132543
715,7.754482,-11.467943
716,7.4443474,-12.854148
717,6.9591174,-13.516439
718,6.0302467,-14.8989935
719,7.0093994,-11.233097
720,6.3100905,-13.760608
721,7.00702,-17.266861
722,6.467957,-10.9607935
723,8.4454,-10.722257
724,6.736531,-11.063622
725,6.8389206,-14.193996
726,6.168122,-12.137926
727,7.007239,-14.043523
728,6.297931,-11.302144
729,7.2749343,-12.754089
730,6.7495766,-11.696801
731,7.1856017,-10.025221
732,7.5303893,-8.043753
733,7.3600273,-11.099536
734,6.5323453,-11.006415
735,5.9764285,-8.390139
736,6.769071,-11.031495
737,5.412927,-11.315772
738,6.0249977,-8.028643
739,6.7821,-10.178455
740,5.1536107,-9.371355
741,9.122671,-13.088102
742,6.3112655,-7.377668
743,5.7973714,-8.398869
744,5.5174503,-8.213125
745,5.7820635,-9.894404
746,7.319483,-7.973898
747,7.033635,-10.212797
748,7.7776327,-11.3486805
749,6.7007895,-8.968372
750,6.179488,-6.880215
751,7.638541,-10.470945
752,7.8889055,-9.962698
753,8.060467,-7.757747
754,7.1626663,-8.749056
755,7.3142915,-10.700257
756,5.7512465,-6.345797
757,7.446759,-7.4828205
758,7.984228,-7.7776794
759,7.9628353,-4.9580193
760,5.351577,-6.8303514
761,7.3556194,-7.1829042
762,6.1939363,-7.700153
763,6.244679,-6.3706455
764,5.318478,-7.972049
765,6.349453,-7.472064
766,6.537348,-6.071372
767,9.657309,-10.105307
768,6.3744683,-9.096512
769,7.313454,-8.669368
770,9.093774,-8.751797
771,8.891592,-9.170011
772,6.698484,-6.1014733
773,8.838252,-6.4854608
774,7.092201,-7.089329
775,8.105638,-8.824815
776,6.3573575,-6.496218
777,8.144057,-1.4795833
778,6.185339,-2.9604468
779,6.304407,-6.3974533
780,7.087985,-4.355744
781,6.520694,-3.7540483
782,8.223844,-4.141222
783,6.9508286,-7.0268874
784,8.36435,-3.8143108
785,6.0925775,-4.660751
786,6.306091,-5.7439375
787,7.4304886,-4.992306
788,6.3276186,-4.038571
789,5.7927823,-6.561267
790,5.8410106,-2.374874
791,5.1478953,-5.2025733
792,6.779503,-5.8730254
793,6.8572006,-5.456866
794,4.823065,-3.187075
795,5.3866606,-3.814811
796,4.866282,-6.9369497
797,7.5211263,-6.9627776
798,5.393275,-6.142455
799,6.3506308,-8.168229
800,5.953249,-6.830774
801,6.021097,-6.633882
802,6.359362,-5.265765
803,6.9485097,-5.701741
804,7.2362943,-6.728672
805,7.8727875,-7.704852
806,6.53856,-8.369142
807,6.2298346,-8.873104
808,5.206487,-8.617619
809,5.853742,-11.041931
810,5.9781914,-8.467599
811,5.9273677,-8.976147
812,6.5532336,-8.579212
813,9.239562,-5.5295863
814,8.716249,-3.4974463
815,7.797887,-5.1444654
816,9.7537,-6.205922
817,8.043575,-7.833419
818,9.02866,-7.1111193
819,6.375781,-6.4630523
820,6.6598554,-6.1578865
821,6.3897085,-6.3466954
822,7.6736336,-5.9393616
823,9.720967,-5.526955
824,7.536334,-6.5299416
825,6.6875486,-5.8014946
826,7.843958,-8.107574
827,6.738985,-7.640537
828,8.153393,-7.603449
829,7.9277387,-7.1041665
830,7.2593875,-8.314683
831,8.189284,-5.2990885
832,7.685556,-6.4458213
833,6.411918,-8.513506
834,7.3419333,-5.9311624
835,4.862009,-8.243181
836,7.372348,-8.823521
837,8.054309,-9.775575
838,7.58354,-6.7318683
839,9.678977,-7.734226
840,7.183734,-7.0323915
841,5.424752,-9.51017
842,6.629387,-7.4841185
843,6.597828,-8.306446
844,5.5283084,-5.779851
845,7.8919797,-12.624625
846,8.151201,-11.412161
847,6.3464932,-8.761634
848,6.883993,-10.149249
849,7.09145,-10.768859
850,7.717194,-9.263873
851,7.9118276,-9.04761
852,4.8556247,-10.502924
853,6.5676126,-9.729631
854,5.3751116,-12.466594
855,6.617626,-9.721512
856,6.8176713,-11.621184
857,6.964949,-11.265893
858,6.9933724,-10.818133
859,6.188141,-11.897169
860,8.025085,-10.038037
861,7.6065135,-13.39344
862,6.94605,-10.790135
863,4.7601438,-11.475233
864,7.263075,-12.4719
865,6.7485924,-11.042769
866,6.562247,-10.264494
867,6.228143,-11.958062
868,6.378611,-12.299665
869,7.649009,-10.4536705
870,6.7743273,-10.040532
871,5.464793,-11.050036
872,5.222146,-10.892285
873,6.0156293,-10.687657
874,6.7949586,-9.559798
875,7.3214784,-9.877643
876,7.450601,-11.615238
877,6.964985,-12.790756
878,6.4999547,-14.151328
879,8.483754,-13.691397
880,5.7452183,-14.710345
881,5.4542117,-9.619463
882,7.076966,-10.172419
883,7.6387067,-14.300933
884,8.068949,-11.084872
885,8.102562,-10.254016
886,6.75798,-10.753994
887,7.46525,-12.125231
888,6.5141773,-9.353762
889,6.688702,-8.980908
890,9.283645,-15.86897
891,7.7192736,-12.468336
892,7.664076,-10.203229
893,8.9931755,-11.555015
894,9.346511,-11.602577
895,9.24817,-11.731297
896,8.23347,-11.471904
897,9.353782,-12.053183
898,8.155373,-12.764605
899,8.443633,-11.169301
900,9.035002,-10.539881
901,5.758618,-11.064188
902,8.611553,-10.740225
903,8.067208,-8.030425
904,8.520797,-10.651344
905,7.2991357,-9.07756
906,6.335473,-8.211912
907,8.300898,-9.764271
908,7.600652,-12.478083
909,7.516647,-12.85387
910,8.914129,-15.434208
911,8.016398,-15.090331
912,8.5470085,-16.43774
913,6.96782,-14.489829
914,7.9680223,-12.543661
915,8.185189,-13.419587
916,8.9724,-14.026937
917,7.4042544,-13.4028225
918,8.134824,-13.287066
919,6.962449,-12.23106
920,8.621553,-11.592485
921,9.360379,-12.7068815
922,7.894994,-11.25018
923,9.2517395,-11.92857
924,7.015861,-10.714302
925,6.937009,-13.076335
926,7.4923105,-13.117585
927,7.36875,-10.914732
928,6.0352144,-10.472141
929,9.028932,-10.359831
930,8.884772,-12.775206
931,7.8034663,-10.14573
932,7.2816353,-9.640948
933,7.242743,-9.607441
934,7.4474983,-8.472551
935,9.060958,-12.901327
936,8.238469,-11.741424
937,6.6115556,-13.163546
938,5.134928,-12.2652645
939,7.6688256,-14.500099
940,7.4373217,-8.76891
941,7.759923,-11.459089
942,6.752113,-11.118217
943,8.182277,-11.017858
944,9.18712,-10.714109
945,6.8541007,-12.006491
946,6.9920473,-11.018426
947,7.730735,-12.268745
948,6.90687,-11.99679
949,8.417955,-12.032301
950,7.8121824,-12.680593
951,6.2781444,-12.571773
952,6.0318365,-12.061667
953,5.3055835,-10.727554
954,6.3635736,-10.282439
955,8.191512,-12.718962
956,7.419511,-10.715253
957,6.320578,-13.201136
958,5.8377132,-10.931379
959,5.1763234,-12.90796
960,8.396741,-8.4161215
961,5.927401,-10.83572
962,5.968453,-9.257761
963,6.1536236,-7.700966
964,8.628013,-8.080096
965,7.0038486,-8.14071
966,7.3444176,-9.653562
967,7.0469313,-9.857342
968,8.151602,-8.84613
969,7.0577593,-9.140347
970,6.503244,-11.224125
971,7.0348415,-9.108702
972,6.90401,-9.420446
973,7.411305,-10.965784
974,6.9953566,-11.942455
975,7.012518,-12.36441
976,6.917265,-16.352648
977,6.1414185,-11.5697
978,7.683155,-11.823341
979,7.267379,-12.034102
980,6.8982253,-8.967132
981,5.91309,-8.481552
982,5.9470577,-8.310023
983,7.1612115,-10.850982
984,6.9124446,-10.071976
985,6.1565633,-11.190549
986,6.808532,-9.816331
987,5.2113442,-7.89951
988,5.215206,-7.442106
989,8.861918,-10.528721
990,5.746636,-9.006354
991,6.5272145,-4.9594054
992,6.7660904,-8.357368
993,6.6135306,-6.389677
994,5.321939,-4.1562963
995,6.811797,-6.9999046
996,6.1006675,-10.420129
997,4.934894,-11.006631
998,6.38151,-12.143911
999,5.9248347,-13.450274
1000,5.9745784,-10.058613
1001,5.9689517,-11.441022
1002,5.604954,-9.594981
1003,7.971255,-13.191323
1004,7.0574245,-13.110056
1005,6.9817266,-11.240294
1006,7.451615,-11.401621
1007,7.1902323,-14.48935
1008,7.2504854,-13.732589
1009,6.0128374,-12.928095
1010,6.4615893,-13.647085
1011,6.67995,-12.017611
1012,7.6775203,-13.569498
1013,8.685667,-12.613116
1014,8.064672,-12.227846
1015,5.640005,-12.469199
1016,7.3880916,-13.645872
1017,6.54418,-10.621356
1018,6.2917457,-13.580552
1019,4.915658,-12.080119
1020,7.529829,-12.60692
1021,7.3409133,-12.658308
1022,8.010823,-12.542172
1023,7.4372606,-14.202968
1024,7.105557,-11.82635
1025,6.8699164,-11.825246
1026,7.2701774,-10.111775
1027,8.542363,-14.583059
1028,8.442619,-14.8572645
1029,7.7079544,-14.673045
1030,7.8024354,-15.243366
1031,7.7121506,-17.092443
1032,6.983371,-17.373709
1033,9.349917,-12.284806
1034,8.130673,-11.8344755
1035,7.407154,-13.033149
1036,8.517029,-13.454458
1037,7.9903913,-14.694435
1038,6.424195,-15.3676195
1039,7.6403575,-15.112762
1040,6.5541363,-12.433063
1041,6.597285,-15.442919
1042,7.1886725,-13.421372
1043,6.0845575,-13.315794
1044,6.424688,-12.250116
1045,5.3970056,-14.597309
1046,6.332896,-14.62815
1047,5.1007724,-12.072434
1048,7.0397587,-14.785284
1049,6.2246346,-13.07997
1050,8.08427,-11.324791
1051,7.371731,-11.012883
1052,8.391395,-9.634343
1053,9.54952,-8.998342
1054,7.8948984,-10.415947
1055,8.661308,-10.892375
1056,8.761797,-12.2866
1057,7.2613273,-11.667474
1058,7.6191792,-10.147328
1059,6.1267014,-9.526079
1060,8.853387,-9.546663
1061,6.2379,-11.431069
1062,5.0727406,-11.321828
1063,5.022849,-11.000335
1064,6.2023115,-10.918735
1065,7.086829,-9.703092
1066,7.3498197,-11.380506
1067,7.351976,-12.28799
1068,8.468285,-12.631144
1069,6.540524,-12.440925
1070,4.6141343,-11.840708
1071,6.925398,-10.713304
1072,5.973868,-12.959365
1073,5.466126,-13.195567
1074,4.9393053,-9.887763
1075,6.2452016,-13.647725
1076,7.770414,-11.398131
1077,6.7081623,-11.904366
1078,6.128747,-12.485011
1079,6.032155,-13.295263
1080,6.0256705,-14.051855
1081,4.8654113,-13.645917
1082,8.161875,-13.171394
1083,9.30019,-13.91703
1084,9.463374,-12.756087
1085,9.02536,-11.744897
1086,8.338326,-11.995136
1087,8.081504,-11.746132
1088,8.252487,-13.26061
1089,9.238904,-12.85612
1090,7.145207,-7.3288984
1091,8.557663,-11.431866
1092,6.4457564,-12.831776
1093,7.6126914,-12.429389
1094,5.350779,-10.384052
1095,6.931363,-11.586512
1096,4.698917,-8.676026
1097,6.6611867,-11.413214
1098,5.774869,-12.047783
1099,7.0965705,-13.786479
1100,7.241024,-13.068067
1101,6.906987,-14.53368
1102,5.436838,-13.677706
1103,6.4235225,-13.833065
1104,8.695756,-14.965388
1105,8.135889,-14.467821
1106,7.421185,-8.7792425
1107,7.2185345,-11.13966
1108,5.75421,-9.236365
1109,8.234039,-9.221568
1110,8.879739,-10.776242
1111,9.538547,-11.958701
1112,8.832683,-11.488436
1113,7.2762146,-14.363291
1114,9.690388,-11.738494
1115,9.086779,-14.464847
1116,7.7445674,-14.255593
1117,8.509641,-15.992629
1118,4.4676785,-13.173429
1119,7.254812,-15.250998
1120,6.356176,-9.609012
1121,7.9449453,-11.058436
1122,6.995865,-7.8386025
1123,8.853429,-13.783143
1124,6.80788,-11.549207
1125,7.1649094,-12.481818
1126,7.6732364,-10.122959
1127,7.809087,-8.714792
1128,7.793912,-9.196241
1129,7.186861,-9.140707
1130,8.067152,-10.315384
1131,6.4889607,-13.318667
1132,7.1293383,-9.797511
1133,6.5342326,-11.629404
1134,6.328803,-14.186365
1135,7.7472124,-14.063653
1136,6.336168,-14.639538
1137,6.939211,-14.8063545
1138,8.798947,-13.206806
1139,7.541043,-13.84296
1140,9.116951,-12.804058
1141,5.011889,-10.835492
1142,7.2220373,-14.715914
1143,7.386533,-16.156996
1144,6.121184,-11.0180645
1145,7.793224,-12.045332
1146,6.9308887,-11.611081
1147,6.6445823,-12.123777
1148,6.7939696,-8.051552
1149,6.2805266,-6.304106
1150,7.5041246,-8.64623
1151,5.351888,-9.874812
1152,4.6881046,-12.396177
1153,6.752326,-14.64551
1154,6.1135097,-13.03965
1155,5.3887486,-10.372146
1156,5.7372985,-12.812873
1157,5.6324406,-12.204305
1158,6.460142,-11.090585
1159,3.7179751,-10.671446
1160,5.8240314,-11.444877
1161,5.6494384,-13.385935
1162,7.3698454,-11.790053
1163,7.8920717,-15.241084
1164,6.517715,-11.623658
1165,6.4065647,-12.510944
1166,5.334457,-11.8636675
1167,6.385749,-16.798704
1168,4.2101817,-13.568535
1169,7.3599887,-12.198499
1170,5.694185,-10.137204
1171,7.2379923,-10.25124
1172,6.8524284,-11.987618
1173,8.627068,-14.24054
1174,6.246653,-12.96529
1175,5.7479367,-12.82531
1176,6.98394,-12.874181
1177,6.6261153,-11.452403
1178,6.52784,-12.424843
1179,6.0781274,-13.444837
1180,5.2501326,-12.340332
1181,6.200611,-14.895532
1182,3.5083997,-12.494708
1183,2.9766662,-13.659324
1184,5.3322067,-12.834051
1185,4.2377043,-13.644566
1186,4.3652153,-12.342745
1187,5.58527,-11.126997
1188,5.8077183,-14.403956
1189,5.5445952,-12.923043
1190,6.1254973,-11.221931
1191,6.2690706,-12.167849
1192,8.48812,-15.316907
1193,8.375831,-13.402249
1194,7.272911,-14.653273
1195,7.093064,-12.02316
1196,6.5248613,-8.269359
1197,8.584688,-13.853003
1198,8.149038,-15.230612
1199,5.940221,-11.595185
1200,7.755146,-13.014908
1201,6.5736756,-14.054091
1202,6.577958,-12.608802
1203,6.7094865,-11.169838
1204,5.0117507,-12.087217
1205,5.0939336,-9.064003
1206,8.090261,-12.280188
1207,8.609977,-13.216388
1208,7.2051725,-13.312619
1209,6.776823,-12.189903
1210,9.57354,-12.950795
1211,8.166355,-16.036316
1212,8.415987,-12.1311
1213,8.403205,-13.916602
1214,7.950058,-12.859104
1215,8.6972685,-10.579906
1216,7.466281,-15.788289
1217,8.857853,-14.968318
1218,8.712081,-12.674218
1219,8.410013,-14.127183
1220,10.914367,-11.967247
1221,9.648177,-9.264081
1222,9.269116,-9.229232
1223,8.752829,-9.292164
1224,8.805422,-12.006545
1225,10.732462,-10.730128
1226,9.268428,-9.659716
1227,8.817757,-12.3943615
1228,8.974487,-9.543114
1229,7.6281104,-13.327667
1230,8.015059,-15.762207
1231,10.3562355,-13.270323
1232,8.190037,-11.209518
1233,9.298189,-13.051417
1234,7.459213,-14.822916
1235,7.369909,-13.307113
1236,7.7640405,-13.223819
1237,8.674184,-12.577559
1238,9.012261,-13.071965
1239,8.71926,-13.668684
1240,6.868531,-10.734004
1241,8.5524645,-11.1712475
1242,8.824117,-10.380459
1243,9.392341,-11.16103
1244,8.002165,-13.690955
1245,8.458987,-11.907361
1246,9.144436,-11.673077
1247,8.573595,-11.586021
1248,8.513549,-12.335518
1249,10.0712185,-14.10322
1250,8.842329,-15.250929
1251,7.0017185,-14.710201
1252,7.3630795,-12.586068
1253,8.266371,-12.144735
1254,9.083223,-15.084553
1255,8.058694,-13.940152
1256,8.180943,-12.748025
1257,7.93676,-15.035798
1258,7.247195,-16.042545
1259,7.370984,-14.937842
1260,7.7226825,-15.0807705
1261,6.899424,-13.53814
1262,6.075971,-12.382052
1263,5.693302,-13.356214
1264,5.460028,-14.761589
1265,7.6580653,-15.680314
1266,4.6571913,-15.348666
1267,6.623647,-14.271746
1268,5.809224,-15.641485
1269,6.8905663,-15.172297
1270,8.564415,-13.492723
1271,6.658859,-15.598782
1272,7.43464,-12.859954
1273,6.4705586,-12.524685
1274,6.370004,-12.494527
1275,6.6649475,-14.567469
1276,7.3460813,-12.845311
1277,5.4271283,-15.317969
1278,5.143409,-14.828671
1279,3.6962552,-11.493214
1280,5.01833,-14.523652
1281,6.057757,-14.7198
1282,8.292142,-12.919516
1283,6.51226,-12.314149
1284,7.954061,-12.020398
1285,4.9198484,-14.985994
1286,4.7410355,-12.775063
1287,5.4782987,-16.38205
1288,5.2410197,-14.16779
1289,4.261985,-15.328054
1290,5.9269533,-14.236807
1291,6.267904,-16.047197
1292,6.354476,-12.78093
1293,5.674426,-16.20158
1294,5.5674953,-12.2263775
1295,5.6434937,-11.7561655
1296,5.8163447,-14.056059
1297,6.0713196,-11.59789
1298,7.0980844,-14.210521
1299,5.5684214,-12.225121
1300,8.025184,-15.552683
1301,8.283403,-13.856215
1302,9.222916,-13.555376
1303,8.359903,-16.92458
1304,8.41653,-14.547195
1305,9.027167,-12.591198
1306,5.5267925,-11.811791
1307,6.2404103,-12.867243
1308,6.461436,-12.76841
1309,6.5285654,-11.09908
1310,6.8115616,-11.930094
1311,5.6798973,-13.375552
1312,5.9553356,-12.626661
1313,8.182168,-14.922049
1314,8.496365,-10.448514
1315,7.851747,-8.718475
1316,6.7412744,-11.530426
1317,8.315458,-10.572732
1318,7.8121123,-7.7692847
1319,8.300386,-15.070396
1320,7.040043,-11.602074
1321,11.667232,-10.233469
1322,7.1778603,-10.1538105
1323,8.63089,-12.005579
1324,6.273842,-11.758174
1325,7.318172,-13.094674
1326,7.4574423,-12.139626
1327,8.290658,-13.6012125
1328,6.8691683,-13.782689
1329,7.8686824,-13.510996
1330,7.5062213,-14.726918
1331,7.2161555,-11.889065
1332,5.6176715,-11.080939
1333,6.184467,-10.315425
1334,7.150542,-11.773325
1335,7.296949,-13.127164
1336,8.366499,-11.979174
1337,6.9098563,-13.95833
1338,7.574341,-12.676556
1339,7.2135434,-13.076986
1340,6.3752747,-12.514096
1341,8.034534,-13.312127
1342,5.7168026,-7.638576
1343,6.2124877,-10.175062
1344,7.13824,-10.33637
1345,7.0096154,-13.65969
1346,5.8610005,-13.669186
1347,6.556683,-13.610931
1348,6.5258794,-13.297916
1349,5.487302,-14.446506
1350,7.4082313,-12.813272
1351,7.6195846,-11.782808
1352,7.236962,-9.490426
1353,5.3079762,-11.072644
1354,5.481082,-13.581519
1355,4.8772087,-11.430446
1356,5.5813885,-8.031086
1357,5.5113754,-10.64049
1358,7.0827885,-10.629884
1359,6.01819,-8.153212
1360,6.9225464,-9.3406925
1361,8.233847,-8.990383
1362,6.5468135,-10.886699
1363,7.064584,-13.203975
1364,6.5501337,-12.308086
1365,8.18483,-10.622738
1366,5.742898,-10.800343
1367,5.9689674,-6.4058995
1368,5.95191,-11.989981
1369,6.2123537,-12.050618
1370,5.315914,-14.361554
1371,7.2424254,-10.042581
1372,6.7607627,-9.837586
1373,7.554288,-10.860248
1374,7.274605,-8.960767
1375,5.28218,-8.770401
1376,6.1598587,-11.240664
1377,6.821319,-10.18089
1378,5.877226,-11.18857
1379,6.591647,-8.745028
1380,6.4436812,-10.074435
1381,3.0513453,-11.015408
1382,6.821275,-11.62044
1383,7.5628333,-12.657374
1384,6.981889,-12.397608
1385,6.017882,-11.581655
1386,5.805333,-9.710992
1387,6.330118,-9.278644
1388,5.125006,-7.5544987
1389,4.99581,-10.095229
1390,5.178747,-8.974937
1391,6.9191666,-9.520469
1392,6.892403,-12.477591
1393,5.229173,-8.161402
1394,7.1353064,-13.422384
1395,6.493953,-16.326403
1396,7.5737085,-13.393778
1397,7.3295226,-14.700209
1398,8.158936,-14.076455
1399,6.84876,-13.738185
1400,7.3523035,-11.895621
1401,6.6846204,-13.495174
1402,9.100497,-14.4478035
1403,6.254924,-13.559803
1404,7.9293556,-11.201217
1405,6.4916124,-10.327002
1406,6.9372954,-11.36303
1407,7.5966225,-11.75657
1408,7.6226015,-10.487281
1409,5.256978,-12.151131
1410,6.1951375,-11.068462
1411,7.3315973,-9.023195
1412,6.2709465,-10.532601
1413,5.9753575,-11.388344
1414,7.7034016,-11.74779
1415,6.23732,-12.5024
1416,7.0468955,-12.604814
1417,6.4950767,-11.369212
1418,6.850323,-11.905807
1419,7.1617427,-12.099179
1420,6.5138106,-12.545512
1421,5.834196,-13.33242
1422,5.024153,-12.6122265
1423,5.757954,-13.311035
1424,7.4080176,-12.964959
1425,7.161195,-13.683392
1426,10.182104,-10.518358
1427,7.5203724,-11.772605
1428,7.4450097,-12.093445
1429,7.276917,-10.445622
1430,8.848174,-11.281613
1431,7.2547965,-13.132457
1432,7.0804005,-13.11898
1433,6.188102,-14.064187
1434,5.527748,-12.703506
1435,5.042628,-10.862592
1436,6.2979507,-8.879736
1437,6.9273257,-11.393788
1438,4.759255,-10.051037
1439,4.815984,-10.372335
1440,6.6535425,-10.940311
1441,6.0754156,-6.599691
1442,4.5633492,-9.549806
1443,4.886584,-9.274074
1444,7.5245466,-11.417336
1445,6.5628977,-5.839496
1446,7.441379,-4.768296
1447,6.6390605,-10.128498
1448,8.018461,-8.25376
1449,7.4954705,-8.396989
1450,6.5413184,-8.024169
1451,6.6399765,-11.290123
1452,7.5304785,-11.496844
1453,6.5741982,-9.549832
1454,5.7049775,-11.625385
1455,7.1926775,-9.667855
1456,5.4622955,-8.134259
1457,6.7554727,-9.853981
1458,5.8999777,-8.211218
1459,6.2207456,-6.766682
1460,5.855118,-9.383781
1461,6.7604694,-8.67687
1462,6.4560843,-10.170878
1463,6.687558,-7.7605453
1464,5.482178,-8.2518215
1465,7.283436,-6.4143023
1466,5.1146355,-7.0759935
1467,5.3677197,-6.676881
1468,5.6412797,-5.6476173
1469,6.7656302,-9.283721
1470,7.218588,-9.801195
1471,4.962646,-8.326175
1472,4.815974,-7.797913
1473,4.1602387,-7.8474483
1474,3.8158026,-11.586679
1475,6.3530197,-9.843398
1476,4.896707,-14.715772
1477,4.504035,-11.825339
1478,3.896513,-11.555559
1479,6.3919888,-13.844915
1480,4.542514,-11.751098
1481,4.652425,-14.240454
1482,3.2741535,-13.66802
1483,3.9632337,-11.322815
1484,3.8639705,-11.409883
1485,6.2560816,-10.775534
1486,5.1521993,-10.287086
1487,5.5743904,-11.580333
1488,3.7870798,-11.100325
1489,4.954163,-10.008313
1490,6.742078,-8.833491
1491,7.027529,-9.862762
1492,5.6616015,-11.643369
1493,5.7129836,-10.4059305
1494,5.094518,-9.135394
1495,7.08201,-12.639284
1496,5.996494,-10.986307
1497,6.1511827,-9.634405
1498,5.5200853,-7.951932
1499,5.9295025,-9.685002
1500,4.901991,-8.516402
1501,4.999619,-8.567046
1502,4.566797,-7.985393
1503,4.40511,-7.289052
1504,6.5338078,-6.75413
1505,7.0482435,-6.6774178
1506,4.307404,-8.860304
1507,5.0963044,-8.151352
1508,6.801077,-9.888612
1509,4.7444606,-8.6460705
1510,5.5242157,-12.790334
1511,4.8034215,-10.447063
1512,5.1147265,-10.995658
1513,5.5840774,-6.836963
1514,6.2570043,-8.219646
1515,6.2934103,-7.382377
1516,6.3780265,-8.662461
1517,6.6218743,-9.586159
1518,6.0849295,-10.909996
1519,5.238629,-9.025246
1520,5.3604126,-10.804103
1521,6.0543613,-11.819111
1522,5.8195133,-9.096541
1523,4.1965065,-10.830284
1524,3.6701324,-8.922602
1525,4.8165245,-9.575114
1526,5.5609503,-9.912622
1527,5.261792,-11.857548
1528,5.117731,-8.711944
1529,6.7050624,-10.260598
1530,5.910607,-10.344284
1531,5.6923614,-9.068555
1532,5.2079964,-11.175261
1533,6.666399,-12.177355
1534,6.661804,-10.339249
1535,5.1771207,-10.799527
1536,5.7017756,-11.588059
1537,7.4302077,-8.962872
1538,5.1984253,-12.671327
1539,4.8160214,-12.763522
1540,6.4047112,-10.25033
1541,5.393104,-10.688175
1542,6.5140514,-13.92376
1543,5.563848,-14.798359
1544,6.1839004,-14.777833
1545,7.6134677,-11.726587
1546,8.1784525,-11.944578
1547,6.7270103,-16.732422
1548,5.3496304,-13.70753
1549,6.9354005,-13.585768
1550,5.113041,-11.845155
1551,5.495236,-12.740607
1552,5.763718,-12.4481945
1553,6.0500846,-14.166037
1554,6.5379367,-15.120241
1555,6.041071,-14.184366
1556,7.737281,-13.667126
1557,6.232705,-13.276474
1558,6.842289,-11.579183
1559,7.20748,-11.536617
1560,7.389247,-9.492827
1561,8.13948,-10.464498
1562,8.331154,-12.823359
1563,7.2710376,-9.740289
1564,6.543192,-10.607824
1565,7.9426394,-10.374076
1566,7.154497,-12.275911
1567,6.1243057,-7.5953045
1568,7.0517893,-13.722408
1569,6.624354,-11.765266
1570,6.7165036,-11.637959
1571,8.840978,-12.294139
1572,6.35255,-11.402476
1573,8.277056,-10.714719
1574,7.3835382,-8.826927
1575,8.924837,-10.790128
1576,4.526641,-10.875828
1577,5.600577,-10.784986
1578,5.6076584,-11.123086
1579,5.6775346,-11.67183
1580,7.403081,-12.157281
1581,6.405655,-11.988112
1582,5.1553755,-6.7846317
1583,7.0203805,-11.246552
1584,6.105161,-10.303817
1585,3.9034288,-12.018663
1586,6.312402,-10.754162
1587,4.2962236,-9.998553
1588,6.2645736,-12.230649
1589,5.831786,-12.851398
1590,4.2632504,-7.644881
1591,4.59534,-8.602456
1592,5.041925,-7.9263887
1593,3.8451738,-14.498012
1594,6.531585,-15.573094
1595,6.00332,-16.633087
1596,5.4935117,-12.341979
1597,6.1531897,-12.906942
1598,6.8557596,-13.082278
1599,6.566215,-11.473336
1600,6.582357,-10.8778925
1601,6.402318,-11.007275
1602,6.504525,-11.876049
1603,6.63521,-8.501833
1604,7.217065,-11.026072
1605,6.8281403,-11.725273
1606,5.687973,-10.412002
1607,5.498332,-10.55713
1608,6.9892797,-9.326776
1609,4.901153,-9.782445
1610,6.1634283,-11.537
1611,6.315431,-8.074656
1612,5.0782294,-9.16753
1613,6.0861826,-9.973204
1614,6.11803,-9.55857
1615,6.6737432,-8.853823
1616,6.810815,-8.238126
1617,7.195565,-9.411531
1618,7.9692864,-7.5970902
1619,7.879902,-9.443445
1620,6.0236635,-12.213853
1621,7.4224105,-7.9619517
1622,6.0515733,-9.46558
1623,6.9275985,-11.336777
1624,5.7555895,-9.609255
1625,8.290715,-7.4932637
1626,6.1634264,-9.422185
1627,6.6291194,-13.467778
1628,8.591358,-11.512101
1629,8.496113,-13.287816
1630,5.7609763,-14.564773
1631,7.9215083,-11.178579
1632,5.279168,-9.9255295
1633,5.4488063,-10.985564
1634,5.490716,-10.439348
1635,4.9201145,-10.256987
1636,5.590789,-11.419912
1637,6.520422,-12.361517
1638,6.1075006,-6.6915917
1639,8.133096,-9.40036
1640,5.1410546,-8.855324
1641,3.381225,-11.035515
1642,6.9012413,-8.507894
1643,6.500106,-12.926798
1644,5.10794,-12.0254345
1645,3.699606,-11.973906
1646,3.8193855,-9.001609
1647,2.3868196,-6.465484
1648,3.507326,-8.535285
1649,3.544117,-10.681379
1650,3.87664,-8.295949
1651,5.0000696,-10.105026
1652,3.3125901,-5.667334
1653,4.6680393,-10.045025
1654,4.4365163,-8.560291
1655,5.845764,-11.658668
1656,4.9161925,-12.221751
1657,4.6247535,-11.21064
1658,3.6364927,-10.747955
1659,4.80019,-9.360526
1660,3.5296593,-6.1696963
1661,5.113662,-9.875249
1662,3.8937507,-8.952452
1663,5.66022,-9.820414
1664,4.73762,-10.15829
1665,3.3575675,-10.484761
1666,3.4109876,-12.634786
1667,3.8613935,-10.930893
1668,3.782195,-11.104857
1669,4.9385066,-8.372533
1670,4.6061425,-13.044568
1671,4.858408,-9.953978
1672,4.687966,-10.939323
1673,4.3836813,-9.513573
1674,5.490878,-8.037245
1675,5.1401544,-5.2525544
1676,4.64752,-6.005597
1677,4.652023,-4.885538
1678,6.1833835,-4.0988984
1679,5.0913234,-4.655781
1680,5.1158714,-6.6580114
1681,5.6891565,-6.1883197
1682,5.654618,-7.422244
1683,5.2153025,-7.0448456
1684,4.659124,-7.799536
1685,6.2656574,-5.9953294
1686,5.3482456,-6.096602
1687,4.964005,-8.971548
1688,4.2867703,-7.513999
1689,3.9533834,-9.946945
1690,6.285054,-9.723968
1691,6.698676,-6.594544
1692,5.4206257,-6.708896
1693,7.1005645,-7.1376934
1694,4.5841675,-8.431916
1695,6.329156,-5.1567945
1696,5.9570093,-6.142882
1697,5.8267713,-6.990417
1698,4.3774867,-6.622586
1699,6.3521385,-9.029015
1700,5.72885,-4.476429
1701,4.1832147,-6.6489935
1702,6.1666794,-11.366123
1703,4.9076285,-7.24483
1704,6.031173,-7.2532363
1705,4.705418,-4.4328423
1706,5.101464,-7.9864993
1707,4.342583,-6.80007
1708,4.7796373,-5.6824327
1709,4.3450265,-8.139766
1710,4.230099,-9.856907
1711,4.540625,-6.9313617
1712,5.3477817,-6.057715
1713,5.732127,-8.349838
1714,5.07368,-6.906051
1715,4.501456,-7.541362
1716,4.4394574,-6.5554404
1717,4.0293646,-7.329561
1718,4.902661,-7.5979185
1719,4.8867946,-7.5774274
1720,4.5327787,-6.540356
1721,5.0677924,-6.1914215
1722,4.2817655,-7.2034183
1723,5.6402507,-9.557851
1724,6.510752,-8.687941
1725,4.8539987,-7.3207393
1726,5.5221786,-6.929895
1727,5.546827,-7.3387628
1728,5.1378946,-10.68202
1729,5.605451,-9.095617
1730,6.7346354,-8.603801
1731,5.788462,-7.591566
1732,5.681309,-8.213625
1733,3.3272645,-8.062893
1734,4.797305,-5.625295
1735,4.6373863,-7.054297
1736,5.2288737,-3.5292563
1737,4.0398383,-8.073989
1738,4.7717943,-5.542637
1739,4.2762265,-6.8293076
1740,4.3219805,-10.33555
1741,5.6966734,-10.481355
1742,6.9196763,-8.719214
1743,6.6434712,-6.700009
1744,3.2082038,-7.2389946
1745,6.146296,-9.587437
1746,4.512476,-6.660985
1747,6.4110785,-2.3885946
1748,5.3939295,-3.7452054
1749,6.03559,-6.6788845
1750,5.4308248,-1.8674629
1751,4.299497,-3.326364
1752,6.247877,-2.0506573
1753,4.514932,-4.3894415
1754,7.3133893,-3.9136786
1755,5.686668,-5.4139504
1756,6.7267413,-4.1037035
1757,7.0342975,-4.9261327
1758,4.86547,-9.16097
1759,4.2585816,-1.2210286
1760,6.200023,-0.5616313
1761,6.198604,-0.6787692
1762,6.077462,-2.5928674
1763,8.073103,-4.940014
1764,7.238525,-3.553322
1765,8.160894,-4.4445386
1766,7.9937634,0.73934
1767,7.9463167,-1.9129764
1768,8.533922,-1.4658197
1769,6.4243236,-0.36173615
1770,8.15081,-1.1478884
1771,6.743016,2.60707
1772,6.7357125,0.9276938
1773,6.2500663,-0.122290485
1774,5.642115,5.698848
1775,6.7190247,5.388892
1776,6.1219187,6.22043
1777,5.594196,1.3599608
1778,6.0004854,5.401149
1779,7.1492157,5.1653333
1780,6.7331,6.5134974
1781,6.5223584,2.3004935
1782,5.954688,2.5548513
1783,5.5563364,3.8230548
1784,7.199621,7.1815524
1785,5.6514006,2.2421412
1786,5.5689745,1.2841294
1787,5.706931,-0.12147155
1788,4.295857,-3.8581643
1789,8.499622,1.0796151
1790,6.7218146,-0.72574055
1791,8.341684,-2.478489
1792,6.6088963,1.2305517
1793,6.8463173,1.7403886
1794,6.2296352,1.3906565
1795,7.3366556,1.756132
1796,6.5951343,3.1147716
1797,6.8114877,3.1743293
1798,7.3314433,-1.9335076
1799,7.6088295,2.446685
1800,6.3006763,2.1142228
1801,7.446712,2.2713559
1802,5.58512,0.36689174
1803,7.562546,5.6629305
1804,7.4233027,1.6336962
1805,5.9219146,2.5086837
1806,5.93893,4.751601
1807,6.0506883,2.6221187
1808,6.4072504,3.8811312
1809,6.718114,1.1257752
1810,6.311043,1.6201783
1811,6.0980053,4.1408906
1812,7.3977566,1.2038381
1813,6.0554905,4.0109334
1814,4.5554085,3.3796892
1815,5.387683,3.493512
1816,6.6224546,0.76678884
1817,4.2425714,0.7734197
1818,5.4496865,1.321817
1819,7.191224,0.83149964
1820,6.968386,1.3879871
1821,7.2000036,0.24076608
1822,7.6483407,0.46260256
1823,9.160849,-2.3558
1824,8.857719,-0.8136119
1825,6.714315,-1.2453992
1826,6.409361,-1.2475904
1827,6.5211673,-1.0835989
1828,7.999094,-3.1442
1829,6.004891,-0.9372166
1830,6.930929,-0.87485564
1831,7.4831963,2.5942214
1832,7.683892,1.749006
1833,7.624265,0.95950025
1834,8.232333,0.36928943
1835,8.077524,-1.8324307
1836,8.882244,-4.2341175
1837,9.358766,-1.858341
1838,7.214403,-2.0196853
1839,7.2998667,2.9476726
1840,8.794134,2.5479379
1841,7.4314146,4.6708364
1842,8.320209,0.7414983
1843,7.1786942,-0.7649599
1844,11.314927,-1.0601623
1845,8.318435,-0.09185998
1846,8.279958,-0.10853044
1847,8.204973,-1.3194468
1848,5.987168,1.8963236
1849,7.4211397,2.3120155
1850,7.776891,2.2228382
1851,8.381322,0.007871224
1852,8.013014,3.5051155
1853,9.092256,3.1436865
1854,7.1573606,-0.79351455
1855,7.6670403,0.6443364
1856,7.2024016,6.0021257
1857,7.8974185,4.750952
1858,7.9758244,5.5250015
1859,7.6539245,6.0836787
1860,7.323695,3.0785596
1861,7.881574,4.889455
1862,8.740454,4.966081
1863,9.555561,3.0157986
1864,8.47796,-0.68626916
1865,8.446204,-1.8957304
1866,7.0540247,-0.6047719
1867,6.7646713,1.0560085
1868,7.252598,0.37894425
1869,8.437612,-2.3133996
1870,6.2296195,2.4781787
1871,6.158832,4.118136
1872,7.588005,3.8448853
1873,6.6836677,1.477645
1874,9.067683,0.41441765
1875,7.808263,3.0659027
1876,7.1746426,0.17796
1877,7.2786827,0.56012195
1878,8.272049,1.4382848
1879,7.9061766,-0.94617486
1880,8.676807,-0.60204
1881,9.5003195,0.080809236
1882,6.4491324,-0.5059461
1883,7.214345,0.30814245
1884,8.026713,0.34930977
1885,7.414026,-0.47602
1886,7.654415,-0.47604918
1887,7.4940524,1.1091468
1888,8.111943,3.8691163
1889,7.995699,0.4148151
1890,8.141938,-0.29835838
1891,8.86618,0.79803354
1892,8.113723,1.0997198
1893,8.0857725,0.81917536
1894,7.9757285,1.916761
1895,7.205851,0.0071021537
1896,6.7563653,1.2292876
1897,8.651169,1.8302042
1898,6.961957,3.549134
1899,8.713273,0.15688145
1900,7.465896,-1.5316656
1901,7.5295506,3.2745705
1902,8.482269,1.286284
1903,9.277344,4.2192073
1904,8.078016,5.649149
1905,8.4587345,4.038924
1906,7.1391006,1.0038459
1907,8.484421,1.7551224
1908,7.556921,3.9892097
1909,8.484214,3.947143
1910,7.15439,6.6536007
1911,7.57024,3.320776
1912,7.8051863,-0.3536327
1913,6.783373,3.5067618
1914,8.862335,1.6684273
1915,8.247316,0.89662004
1916,8.214068,-0.057572227
1917,8.134319,2.4935849
1918,7.987887,0.44749913
1919,8.092208,-0.35886863
1920,7.5223336,-3.3962543
1921,10.028336,-0.23199317
1922,8.785099,-3.2103527
1923,8.452132,1.9254469
1924,8.52282,2.6924744
1925,8.889342,2.0669818
1926,8.495211,3.1781964
1927,9.6199665,4.434291
1928,8.679825,1.3395342
1929,8.397014,1.0873878
1930,8.439258,1.5468868
1931,7.6917596,-0.67761314
1932,8.926837,1.5589871
1933,9.418234,1.6276075
1934,8.626569,1.7826216
1935,7.7722654,2.3887596
1936,7.2905507,0.77094716
1937,7.5622067,-2.5057154
1938,9.364017,-3.3806903
1939,7.5105114,-1.8651279
1940,8.948578,-3.909225
1941,7.010563,-3.714755
1942,9.375236,-4.053937
1943,8.710123,-5.557016
1944,7.9743505,-4.8997684
1945,7.4815316,-2.150935
1946,6.944292,0.91120106
1947,8.497583,-2.174471
1948,7.620342,0.8472076
1949,7.2503486,0.3132681
1950,10.22936,-3.99303
1951,8.521423,1.1119931
1952,9.404378,2.741951
1953,8.013365,0.28893661
1954,7.5365825,1.6903781
1955,6.4089236,1.5005502
1956,9.567082,-3.0341322
1957,9.703303,0.79241663
1958,8.516714,-3.1563764
1959,9.282715,-0.4843066
1960,8.545264,3.4880943
1961,8.878138,3.1687732
1962,8.927451,4.242161
1963,10.194116,3.8798304
1964,8.470927,0.3098095
1965,7.9804087,2.5005546
1966,7.7909327,4.076874
1967,8.4328165,3.4488728
1968,7.321463,3.6499095
1969,7.7464757,1.4242471
1970,7.580002,-1.0613946
1971,9.331159,-0.14761043
1972,8.487331,-0.8435309
1973,7.7979913,-1.6888579
1974,6.6781507,-1.7950413
1975,8.79758,0.25683224
1976,8.568715,1.4323572
1977,8.791946,0.80414486
1978,8.130203,-1.5151558
1979,8.650728,0.16966194
1980,7.0336795,-1.0031087
1981,7.56987,-2.15881
1982,10.200332,-1.41192
1983,7.5333233,0.6604366
1984,7.6141443,1.5096887
1985,7.0919147,-0.6054201
1986,6.7701535,0.0388406
1987,7.440596,-0.85638064
1988,6.527458,3.2418034
1989,7.581918,2.7665555
1990,6.7941933,-2.2535884
1991,6.8273926,1.4733262
1992,7.627749,1.1565917
1993,7.006244,-3.3269613
1994,8.408171,-1.4764911
1995,8.599059,3.3170717
1996,7.802233,2.385792
1997,6.601466,1.2308953
1998,7.4604993,2.180728
1999,7.895052,0.4224563
2000,8.472431,-1.9529791
2001,7.339748,-6.169146
2002,9.471515,-1.8355112
2003,6.3186955,-4.208084
2004,6.967284,-2.0103903
2005,7.1301265,-0.7221878
2006,7.0171866,1.3545332
2007,8.593756,0.38900524
2008,8.535342,3.1881797
2009,8.851031,3.8847742
2010,8.746213,2.837965
2011,7.718229,-1.797543
2012,8.082754,-0.56364024
2013,9.013711,0.14888304
2014,7.461699,0.6549091
2015,6.902125,-2.1811612
2016,8.870335,2.100813
2017,7.7936163,0.81705886
2018,8.749917,-0.6728166
2019,7.8462706,-2.222311
2020,7.1770935,-1.0701861
2021,7.7618966,-2.1728842
2022,6.0203986,-0.903144
2023,7.9304786,1.6690036
2024,7.5193605,-2.3827586
2025,7.8204017,-0.5038315
2026,8.321167,-2.180189
2027,5.928326,-1.3738734
2028,8.11745,-1.8295723
2029,8.143471,2.1601558
2030,8.199237,-1.0992799
2031,8.280618,0.60469013
2032,9.1545105,3.7280953
2033,8.57992,1.548557
2034,6.8545103,2.3335242
2035,8.426724,2.1125224
2036,9.1875105,0.75228465
2037,7.54021,1.2345523
2038,6.7329006,3.325421
2039,8.541551,-2.210537
2040,8.438271,-1.1874049
2041,8.697524,1.4632533
2042,10.596477,-1.0838386
2043,8.25621,-2.673549
2044,7.951978,2.8296242
2045,7.3273783,1.0907576
2046,7.1685553,1.3650123
2047,7.493486,1.0444753
2048,7.8954735,-0.7452146
2049,8.796775,0.089563966
2050,7.097345,2.297284
2051,5.3074274,0.85775733
2052,6.362603,4.7751575
2053,7.7005453,0.06452545
2054,7.8565426,0.25460973
2055,8.100179,0.06026301
2056,9.385473,-0.37715444
2057,8.577178,-3.1328354
2058,7.950428,-0.37362742
2059,6.9395037,0.5675771
2060,7.914775,-1.1095383
2061,6.8697715,2.6431084
2062,7.313508,-1.0421534
2063,6.428281,0.26827177
2064,7.431448,2.8584313
2065,7.4406304,4.9612894
2066,8.533818,1.9263645
2067,8.252893,0.11288831
2068,9.479839,1.4553279
2069,6.812712,-0.4670653
2070,5.975986,1.9828377
2071,7.391097,-2.7604296
2072,8.028026,-1.6670947
2073,6.5769553,0.51238006
2074,7.9358225,6.8937373
2075,5.6504335,7.059903
2076,6.485842,2.248864
2077,6.368626,2.8249366
2078,5.8824906,1.0825673
2079,7.4434347,1.8785963
2080,7.7772546,-1.2257507
2081,8.113376,-1.0748051
2082,6.997264,-0.30090246
2083,7.2492075,1.2901602
2084,7.7213798,-2.136218
2085,7.365177,-0.8528114
2086,5.1917195,-0.104159206
2087,7.3865523,1.6748574
2088,8.268904,1.7404102
2089,7.0617948,0.7616307
2090,6.521805,1.4779283
2091,6.4856796,1.443433
2092,6.99878,1.3162686
2093,7.1354933,-0.14799495
2094,7.0930433,1.1627332
2095,6.2733684,3.9907346
2096,6.5122857,1.9176314
2097,6.885758,0.6380056
2098,7.401096,4.679064
2099,6.501522,0.5873762
2100,7.112567,3.3836937
2101,7.992611,3.3298843
2102,7.554297,4.282916
2103,8.358729,6.7995734
2104,5.830229,3.6562304
2105,7.739225,1.8058481
2106,8.279099,-0.9595517
2107,7.7150955,0.110102564
2108,6.7177324,1.8843418
2109,8.030823,5.4096603
2110,6.6911874,3.2601147
2111,7.202462,1.4497219
2112,6.493577,0.30260366
2113,5.847913,0.7779778
2114,7.116514,2.3003705
2115,6.272257,6.2008862
2116,7.6399918,5.616955
2117,7.114759,2.6462457
2118,5.504574,4.352445
2119,6.158059,4.160819
2120,7.726292,2.0002859
2121,8.232346,1.7864653
2122,7.6730113,2.7451131
2123,6.4545937,-0.36326826
2124,6.5093975,2.0660481
2125,5.6218367,2.8870306
2126,6.2787127,-0.40330324
2127,6.7665963,2.122283
2128,5.841432,0.8653689
2129,7.313078,0.9308473
2130,6.785629,3.8344226
2131,5.313228,3.1139824
2132,7.10546,3.6729808
2133,6.2257633,1.5779381
2134,6.0041,0.24769063
2135,5.205133,6.1958184
2136,7.6880093,3.024714
2137,7.3038917,4.574057
2138,6.746277,2.0716915
2139,7.246625,1.4392455
2140,7.766498,3.7761393
2141,6.5568943,3.0783064
2142,8.583454,2.607498
2143,8.47915,2.3618455
2144,6.3777747,5.3904157
2145,8.126022,2.8018625
2146,8.456155,0.94418424
2147,7.1621013,0.53258246
2148,6.7120657,1.0409734
2149,6.3228817,1.320837
2150,6.8231826,3.1069336
2151,6.380384,1.2673899
2152,5.794455,1.2317165
2153,6.690702,1.1923026
2154,8.285364,2.4161036
2155,8.648899,0.80461067
2156,8.793065,-0.2860845
2157,7.536872,0.6629059
2158,7.8396106,1.4992405
2159,7.165982,3.0648282
2160,8.243727,0.64901936
2161,6.2435727,-7.0393114
2162,7.578197,-2.4487264
2163,8.525641,-1.5360131
2164,7.130651,1.4518241
2165,6.9318695,0.9577864
2166,6.713245,1.7250266
2167,7.574679,2.4765751
2168,7.5704966,4.0765862
2169,5.6200933,0.7490754
2170,6.9613767,-0.9723655
2171,7.1638455,-0.9794013
2172,6.426522,-1.6876245
2173,6.665974,0.39951897
2174,5.027662,-0.20933713
2175,6.171847,-1.2757285
2176,5.564362,-0.79650694
2177,6.5288677,-2.298255
2178,6.8091617,-2.1193395
2179,6.1020985,0.44885468
2180,5.79512,-1.4432305
2181,5.024616,-1.0535275
2182,5.566853,0.406671
2183,6.9930663,-1.5384592
2184,5.4783664,0.13356118
2185,6.8405356,-0.4797662
2186,6.7486825,2.7439058
2187,7.4751115,0.86364037
2188,5.340599,0.12367305
2189,5.658982,0.15492024
2190,6.301446,-5.9382434
2191,5.8894215,-1.6146153
2192,6.784189,-1.8128678
2193,5.7518244,-2.3202012
2194,6.67202,-0.8390248
2195,5.3820076,-7.7934732
2196,8.458254,-4.3459616
2197,8.1558075,-3.4626105
2198,7.6495833,-1.3215135
2199,6.751839,-2.0769608
2200,6.9093213,-2.3957622
2201,7.0690436,-1.0568827
2202,7.9221478,-0.85426736
2203,8.650225,-2.4734733
2204,6.5198483,-1.2502102
2205,8.189674,-0.52873385
2206,7.5861115,-1.8480625
2207,7.6225066,-1.8191208
2208,7.2138867,-2.075057
2209,6.971986,-0.77787787
2210,6.8114767,0.8958351
2211,7.881317,-1.7689683
2212,6.105834,-1.0487252
2213,7.405837,-0.5243153
2214,7.5646534,-4.974034
2215,6.4103284,-6.39087
2216,5.5796294,-4.9877305
2217,5.9684787,-7.1514716
2218,5.4610286,-2.8896742
2219,5.946402,-3.94524
2220,6.4235578,1.5150672
2221,6.355,-2.6704214
2222,5.738196,-1.2954683
2223,6.952679,-1.2133025
2224,6.2754374,0.4985019
2225,5.7494674,-2.0286436
2226,7.3542686,-0.3543085
2227,7.796049,-1.0359607
2228,5.880028,-4.2751064
2229,5.0478272,1.309323
2230,4.3738284,-0.81303906
2231,7.210281,-0.14405493
2232,5.5066843,2.0687454
2233,7.4303923,-1.6839497
2234,7.108022,-3.2019858
2235,5.357811,-2.9511094
2236,6.093185,-1.623446
2237,7.180446,-1.1739513
2238,6.483259,0.83254814
2239,5.602985,-4.0530353
2240,8.500713,-0.99121684
2241,8.999362,-4.218914
2242,7.0659604,-4.831265
2243,7.525634,-2.7135487
2244,7.5936146,-3.3991647
2245,5.797033,0.10605386
2246,6.2265635,-1.7861233
2247,6.5008187,-0.22530562
2248,3.6933548,3.5248795
2249,6.075206,-4.0989165
2250,7.1766405,-2.965961
2251,6.6935644,0.56546265
2252,7.5217047,-0.47333068
2253,6.430528,-1.4098499
2254,6.9118137,-1.0431968
2255,6.30296,-0.14957105
2256,7.858559,-0.81212234
2257,8.29168,3.5467873
2258,7.156117,0.37990654
2259,8.831096,-0.4299972
2260,7.779882,2.0245953
2261,8.97839,-0.4740464
2262,9.269406,-1.8904761
2263,8.222023,-3.0701172
2264,8.733779,-1.6453413
2265,7.993397,-2.0709887
2266,8.025921,-0.9129615
2267,7.8469434,-1.171287
2268,7.635298,1.7712749
2269,8.11288,-0.736627
2270,7.0892916,0.23203032
2271,7.758278,-0.17143555
2272,6.3315535,-2.833557
2273,6.4547377,-0.80739504
2274,6.6642103,-3.4465044
2275,7.4358535,-0.73561877
2276,8.7755165,0.5377229
2277,8.083144,-0.17838863
2278,6.2007194,3.587485
2279,8.279622,0.852903
2280,6.809535,1.9370254
2281,7.590681,-1.4951545
2282,7.067787,-0.88253313
2283,8.205752,-0.7844368
2284,8.778491,1.7672282
2285,8.175722,2.2434447
2286,7.425865,2.1213188
2287,6.9286113,1.3195554
2288,8.67785,-0.3441404
2289,8.5294895,-2.3145998
2290,8.338277,-1.1082757
2291,6.8621774,-4.993561
2292,7.0177407,-4.9965906
2293,7.9880056,-3.5332518
2294,6.7166953,-2.8487825
2295,8.82674,-5.357283
2296,6.31995,-7.889861
2297,6.9427505,-2.3859646
2298,6.9446435,-4.956994
2299,7.892205,-1.3185138
2300,6.884906,-4.9190307
2301,6.536428,0.9009372
2302,7.5722623,-0.5295806
2303,8.27329,-2.2668881
2304,7.721129,1.2455715
2305,7.4207163,-0.36414704
2306,8.076012,1.4754916
2307,7.931713,0.43936273
2308,7.319325,-5.339073
2309,7.023677,-2.9236383
2310,6.611964,-1.067154
2311,7.8007636,-1.7410331
2312,8.271581,-0.918754
2313,6.8501534,-1.5643189
2314,6.158332,-0.84118867
2315,7.1471295,-3.9223933
2316,6.61968,0.4903646
2317,7.1151347,-0.74597
2318,7.684952,-0.107821286
2319,4.4472327,-0.20173812
2320,6.6891007,-1.7646126
2321,6.307712,-2.2035203
2322,4.428843,-3.3057883
2323,6.797051,-0.8028632
2324,7.120353,0.63640386
2325,7.4673953,-1.145033
2326,8.816204,-3.1313543
2327,6.920717,-2.1185882
2328,6.5333047,-2.3192468
2329,9.0296335,-2.9957213
2330,8.538033,-0.24876116
2331,9.102575,-1.8947799
2332,7.02579,-2.0053952
2333,8.840637,-3.507694
2334,6.8667254,-4.7101707
2335,7.3350897,-4.9769254
2336,8.404485,-6.6539936
2337,6.4620557,-4.2653365
2338,7.2425575,-4.870916
2339,7.9770803,-7.4625306
2340,7.1206203,-4.519196
2341,6.759083,-7.0934663
2342,6.945986,-1.181186
2343,7.208223,-3.1927392
2344,6.850053,-6.9491687
2345,6.989403,-6.1245284
2346,6.2860146,-2.4654355
2347,8.70346,-2.941133
2348,7.220565,-4.9074464
2349,7.344718,-0.6463565
2350,6.576058,-2.623578
2351,6.1975884,-4.4358325
2352,7.0133486,-2.5854068
2353,7.2187414,-2.080429
2354,7.769534,-2.2485726
2355,5.4744153,-0.9507306
2356,7.0792994,0.5081798
2357,7.991158,-1.5297726
2358,8.62876,-0.41857004
2359,6.993418,-0.44337493
2360,8.273931,-2.3120408
2361,6.8039484,-5.7306056
2362,8.24246,-3.483407
2363,7.9715962,-2.5710113
2364,8.380007,-2.2320516
2365,7.2905917,-5.7449803
2366,8.816642,-6.528044
2367,6.8734136,-7.9497294
2368,7.4373374,-7.39107
2369,8.244319,-6.0767574
2370,6.9937162,-6.557057
2371,6.709012,-5.984988
2372,7.047612,-5.3323097
2373,7.6255918,-6.549168
2374,7.62215,-6.122155
2375,6.2116203,-6.8074565
2376,7.8399324,-6.362247
2377,7.7090697,-8.674389
2378,7.457891,-7.5585246
2379,5.639545,-5.552503
2380,5.737757,-4.977051
2381,5.268635,-4.9315596
2382,5.4105554,-5.116431
2383,6.2366834,-6.9688706
2384,8.018711,-9.819001
2385,7.726873,-8.27724
2386,7.092834,-8.643872
2387,6.434841,-8.370423
2388,5.496864,-6.332383
2389,6.8043585,-5.0502596
2390,7.5983505,-4.8808618
2391,6.333576,-2.8791018
2392,6.4502745,-5.7709255
2393,5.0793114,-4.506435
2394,6.7563357,-4.2678356
2395,5.7754493,-6.170135
2396,6.5464525,-8.363552
2397,4.677882,-5.18756
2398,4.6506457,-2.8544183
2399,4.5414076,-5.062095
2400,5.028467,-5.295003
2401,5.4231477,-3.1075835
2402,7.0679393,-8.645638
2403,6.683986,-5.856368
2404,6.4502726,-7.648392
2405,6.814659,-9.683575
2406,6.1828966,-8.601584
2407,8.231962,-6.879511
2408,6.8075333,-5.692952
2409,6.1182184,-7.924043
2410,5.3146386,-6.0769625
2411,7.5854697,-7.3571935
2412,7.6584835,-7.246979
2413,7.9245296,-5.3000703
2414,4.7946906,-4.6226034
2415,8.14363,-6.132883
2416,5.245447,-3.538107
2417,6.62426,-2.3565834
2418,6.23304,-6.3254247
2419,5.2796035,-4.8634973
2420,7.959296,-2.7991006
2421,6.93951,-7.320046
2422,7.232882,-3.426283
2423,7.7226152,-7.1345797
2424,8.063337,-3.8526816
2425,7.1958113,-4.548998
2426,8.8089285,-2.7427669
2427,7.263902,-4.7570624
2428,7.4769363,-1.3786805
2429,6.741634,-5.3802547
2430,6.3277693,-4.255781
2431,8.590769,-2.322138
2432,5.130515,-3.1981962
2433,3.0413241,-4.793106
2434,0.6040149,-4.4307985
2435,3.0077653,-4.5032578
2436,3.3413272,-4.5936756
2437,3.7623105,-5.7008805
2438,3.9602573,-4.1561728
2439,4.6918135,-4.8575683
2440,5.071775,-4.938723
2441,5.7957644,-6.3499026
2442,4.6592407,-5.8990345
2443,6.6396475,-2.420071
2444,6.9556537,-4.45467
2445,7.4580503,-3.1150172
2446,6.728043,-4.597289
2447,6.9962544,-4.9403095
2448,6.6110344,-4.4577427
2449,6.255956,-4.2097006
2450,5.777021,-4.896014
2451,6.2699113,-3.5231001
2452,5.1630697,-4.9702034
2453,6.943883,-1.2424166
2454,5.832106,-2.5865366
2455,5.0732784,-4.669558
2456,6.5686684,-8.652399
2457,5.0223255,-6.6162524
2458,5.8232164,-6.395587
2459,5.206562,-7.3968153
2460,2.8968816,-8.940375
2461,5.2413282,-7.796707
2462,3.6845014,-7.3641586
2463,5.3921294,-5.149173
2464,6.2149286,-7.523086
2465,6.4342155,-5.890477
2466,5.5937943,-4.571426
2467,4.848964,-4.7337785
2468,5.55064,-7.1104226
2469,5.4628925,-4.610858
2470,3.233441,-7.369797
2471,4.2382107,-7.0179234
2472,4.9073586,-5.0362053
2473,5.718164,-9.288986
2474,4.8122826,-9.140119
2475,4.2914405,-5.0363836
2476,5.2746544,-8.898494
2477,6.152026,-8.734241
2478,8.353482,-10.701339
2479,6.437779,-5.978841
2480,5.213024,-7.5779366
2481,7.388372,-5.6182003
2482,7.975716,-4.52116
2483,5.550539,-3.9466221
2484,7.9812465,-7.3795004
2485,7.7172627,-7.981509
2486,6.8501897,-7.9726524
2487,6.364492,-4.459302
2488,5.961682,-6.612134
2489,6.240661,-3.5521567
2490,8.034662,-5.048182
2491,7.06377,-3.1024773
2492,5.572239,-2.4728334
2493,7.3456445,0.13730028
2494,7.2575994,1.6992902
2495,8.453559,2.818673
2496,7.440651,1.9183321
2497,8.013319,4.036551
2498,5.5059595,2.7532794
2499,6.502958,1.0929291
2500,6.9793553,0.46676645
2501,6.003566,1.4565883
2502,6.51883,1.0544952
2503,7.937452,1.6791047
2504,7.862644,0.96999407
2505,5.774672,-0.9795883
2506,6.5154295,0.31475827
2507,7.5766244,1.7265583
2508,7.2779346,-0.4196996
2509,6.5907636,0.4422787
2510,5.5583396,1.5874029
2511,6.2343698,0.9911496
2512,6.0139666,-0.28396183
2513,7.530189,3.6254318
2514,4.9931197,1.0665935
2515,6.4182076,0.4067681
2516,6.7077746,2.5773935
2517,5.8009267,-0.106799826
2518,5.1439652,3.2328923
2519,7.8181806,-1.2194114
2520,5.493436,-2.3657951
2521,6.4327197,-2.245652
2522,5.073217,-5.030223
2523,6.935319,-3.9130075
2524,7.845594,-3.884486
2525,5.038652,-6.6957064
2526,6.1453633,0.7139127
2527,7.2395034,-2.0984044
2528,7.303338,-3.6234424
2529,7.064503,-3.3788378
2530,7.147721,-7.0769105
2531,8.252629,-2.687021
2532,8.9685335,-4.387644
2533,8.158261,-2.73568
2534,7.4382014,-2.911573
2535,7.735712,-3.1343503
2536,8.373641,-3.7362874
2537,7.2555733,-5.1680474
2538,8.736115,-3.2539608
2539,6.713274,-5.258939
2540,6.2104025,-5.118649
2541,7.2436643,-2.9066176
2542,7.7988276,-4.175937
2543,6.050951,-5.3465962
2544,5.768383,-5.9194818
2545,6.2114687,-5.267192
2546,7.4338613,-4.694801
2547,6.771565,-4.422921
2548,6.7928905,-5.7810516
2549,6.5351853,-5.4080234
2550,7.3899765,-6.8721085
2551,7.3830104,-6.965389
2552,7.9057846,-8.061561
2553,6.2382455,-5.604997
2554,6.5368195,-5.407692
2555,7.0029016,-5.83089
2556,6.4992065,-7.1648874
2557,6.859077,-2.541254
2558,5.662261,-4.228494
2559,5.840185,-2.9877353
2560,7.0977087,-7.3080916
2561,6.8851237,-7.9835443
2562,7.003283,-2.9952984
2563,5.8466687,-6.260835
2564,4.934069,-6.906183
2565,4.4725804,-7.98332
2566,4.622965,-9.237517
2567,6.183957,-4.701884
2568,5.241407,-7.307133
2569,7.707139,-6.7287216
2570,5.808503,-4.2528477
2571,7.1683574,-5.737906
2572,6.419753,-4.018969
2573,6.088906,-0.7892569
2574,7.2271867,-3.57741
2575,6.1652813,-3.4202406
2576,7.5821776,-2.482645
2577,5.300361,-5.3436117
2578,7.406537,-4.1007547
2579,5.3574243,-6.73217
2580,5.6894774,-5.2022877
2581,6.5009117,-4.0233088
2582,6.0004406,-3.1961656
2583,7.146948,-8.213257
2584,5.0983295,-4.914854
2585,5.4432464,-3.9056184
2586,8.484376,-2.1012409
2587,7.4484982,-3.5748138
2588,8.131797,-3.7277975
2589,9.224239,-6.6745334
2590,7.6840634,-3.9609108
2591,7.5359516,-3.6263905
2592,8.471036,-1.4438981
2593,7.963122,-5.0274277
2594,6.3505955,-6.332495
2595,6.7011814,-5.6849904
2596,8.167204,-2.2003622
2597,7.617463,-4.8825965
2598,7.37677,-1.810535
2599,7.0216074,-3.3278272
2600,7.8557334,-3.2894638
2601,7.7622437,-5.746669
2602,6.531637,0.31800702
2603,7.2241726,0.055446677
2604,7.9219193,-1.2619337
2605,7.367248,-2.751778
2606,6.3339043,1.5018665
2607,5.5745173,-2.3403573
2608,6.6336145,-1.143073
2609,6.159774,1.9535804
2610,5.5866594,-1.8699634
2611,4.7379394,-4.454062
2612,5.961231,-9.121051
2613,5.6696606,-3.9731188
2614,4.9442086,-5.479939
2615,5.4983807,-2.980561
2616,5.622781,-6.450498
2617,6.5010033,-4.238831
2618,5.382155,-2.9678524
2619,6.2429996,-0.07992357
2620,7.0266013,-3.7913935
2621,6.048026,-5.3867846
2622,7.6989846,-7.7191358
2623,7.5484633,-9.212131
2624,7.100552,-5.7425113
2625,6.069551,-9.870977
2626,6.816262,-7.5275803
2627,6.8687086,-4.5591106
2628,6.764604,-5.5942497
2629,7.457769,-3.086911
2630,6.4426455,-5.1240582
2631,7.1689544,-6.583053
2632,6.342713,-2.8137088
2633,6.761063,-3.6686945
2634,8.526521,-2.5639162
2635,9.3207,-3.4930673
2636,6.9935536,-1.7992038
2637,6.1270304,-2.3596745
2638,5.7575064,-3.2064943
2639,8.993093,-3.8362038
2640,8.511696,-2.4485183
2641,7.250256,-3.2851443
2642,5.480026,-3.4708965
2643,5.595843,-5.9907675
2644,7.775804,-2.2055886
2645,8.006289,-3.113603
2646,6.86627,-5.8073554
2647,8.330763,-5.1743627
2648,8.496247,-2.455101
2649,7.4507604,-2.2753255
2650,6.6322484,-3.1143634
2651,7.2765603,-1.9028834
2652,8.435346,-3.247656
2653,9.255315,-6.2510147
2654,7.7314544,-4.7222376
2655,6.490374,-3.0974855
2656,6.3936524,-1.9926554
2657,6.8501735,-2.574089
2658,6.6750913,-7.1982875
2659,7.4521313,-7.354787
2660,6.4946527,-5.428328
2661,8.181878,-3.7068994
2662,6.8548646,-1.2488855
2663,6.7369094,-3.2063587
2664,7.993662,-1.1140887
2665,7.6645036,-2.7184627
2666,8.226632,0.22501063
2667,7.9402995,-2.045126
2668,6.4640517,-2.7162476
2669,7.923091,0.99437296
2670,5.8423686,-1.638195
2671,5.885142,0.459987
2672,6.8187804,-0.8534198
2673,8.9279585,-0.35775524
2674,6.1335964,-1.6048439
2675,5.6978,-0.6921461
2676,6.930851,1.4745474
2677,8.597743,2.2107942
2678,6.305007,-0.74157685
2679,8.084773,0.8276717
2680,6.0229287,-2.7666106
2681,6.0010924,-1.3794178
2682,5.052925,0.5462586
2683,5.1656003,-3.1385057
2684,5.9941387,-1.5807073
2685,5.810743,-0.961753
2686,8.737329,-5.4435763
2687,7.3153124,0.23371191
2688,6.684786,-1.3378983
2689,5.64998,-1.3540441
2690,5.4690804,-0.097248584
2691,7.538902,-1.4153867
2692,6.006255,0.8664494
2693,7.406506,1.6765096
2694,5.107415,-0.6315876
2695,4.5428658,3.1614146
2696,4.491686,0.56272674
2697,4.725063,-2.1145823
2698,6.6064606,1.3104376
2699,5.115703,0.255059
2700,5.0224214,-0.66009647
2701,5.7192645,1.4395895
2702,6.8057256,-2.4208732
2703,6.131185,-0.2515258
2704,5.6179743,-3.2768278
2705,7.0922294,-0.38237152
2706,6.4145207,0.44428134
2707,5.2923393,0.01948013
2708,6.515857,-1.7539587
2709,6.7683463,-0.8900275
2710,6.858873,1.0921932
2711,6.802016,1.4036462
2712,7.5372567,2.2703307
2713,6.3380804,1.7070404
2714,7.904474,2.1759498
2715,6.137452,1.7693148
2716,5.713841,1.9845566
2717,6.699233,4.977095
2718,5.933947,-0.74475855
2719,5.1703205,0.8485945
2720,6.9961514,1.2802118
2721,6.693461,0.20849352
2722,6.699567,3.9803364
2723,6.0736804,4.8499165
2724,7.1970205,1.3674158
2725,7.1698666,1.4546275
2726,5.005725,-0.2765564
2727,6.035415,0.46261284
2728,5.910044,1.1245099
2729,6.7544827,-0.61081225
2730,5.126173,0.2653076
2731,6.4516497,-3.9372838
2732,6.3999953,1.3654051
2733,7.288459,-0.62129384
2734,6.583886,0.99110174
2735,7.1384106,-2.56986
2736,5.856271,2.3387797
2737,5.7230525,2.867559
2738,6.1536493,2.5617273
2739,7.620738,-1.0814292
2740,5.7591577,-0.44905916
2741,7.368511,-0.71794933
2742,5.912725,0.159003
2743,4.531855,0.13289757
2744,5.5917387,1.1693512
2745,6.925768,-2.2136066
2746,4.9331684,-3.6014388
2747,7.390165,-0.4169474
2748,8.452086,0.73906
2749,6.566165,-0.19799212
2750,7.498028,-3.8756516
2751,7.7970476,-4.524012
2752,8.308408,-5.2348375
2753,7.661499,-2.4190133
2754,6.6289864,-7.5873632
2755,7.173438,-10.177636
2756,6.966132,-9.230023
2757,6.935386,-12.259536
2758,5.6361184,-10.638873
2759,6.1360583,-11.5440445
2760,5.729963,-7.7980704
2761,6.571146,-8.549169
2762,6.380209,-8.256733
2763,7.3174767,-9.798263
2764,6.229746,-4.042083
2765,7.048536,-7.824343
2766,7.6530766,-9.543668
2767,7.495242,-10.63614
2768,6.910265,-10.627636
2769,7.888464,-11.981148
2770,6.5535297,-10.691553
2771,7.1193924,-10.657648
2772,7.9819937,-10.885915
2773,7.831999,-7.448435
2774,8.850509,-10.862932
2775,8.365822,-10.900729
2776,8.756983,-11.888657
2777,9.406412,-13.164884
2778,7.7036467,-10.19716
2779,7.532919,-9.959035
2780,6.9583044,-8.818922
2781,8.330057,-7.886367
2782,8.68019,-13.275147
2783,6.8533497,-8.921005
2784,6.869415,-9.699594
2785,7.791088,-10.804937
2786,6.5651393,-10.955401
2787,7.7104807,-11.206347
2788,8.96359,-12.74211
2789,7.240772,-14.875496
2790,7.3744044,-11.095269
2791,7.0979786,-10.384204
2792,6.42306,-9.44418
2793,6.9646,-8.285191
2794,6.6242237,-8.663657
2795,6.990109,-8.919795
2796,6.7405133,-9.787026
2797,6.9103923,-10.623326
2798,6.583106,-8.686393
2799,6.335222,-7.544773
2800,8.422285,-7.730846
2801,6.187689,-7.900515
2802,7.8373284,-8.633057
2803,5.1305394,-8.357518
2804,5.3746715,-7.5543857
2805,6.431922,-5.1739655
2806,5.9627213,-4.942579
2807,6.057383,-4.713819
2808,5.790012,-6.4101377
2809,6.3676567,-7.5252743
2810,7.4002066,-10.521696
2811,8.090713,-7.194192
2812,5.7603784,-6.522572
2813,6.666375,-5.481407
2814,6.1069374,-10.29832
2815,7.200334,-6.991018
2816,6.2717285,-7.431018
2817,6.0344095,-6.5296826
2818,6.3300586,-10.947623
2819,7.0052867,-10.173775
2820,6.967885,-9.700283
2821,7.4670835,-5.075211
2822,6.201503,-8.012065
2823,6.3490195,-9.322006
2824,5.892457,-8.353559
2825,5.8020544,-8.46719
2826,6.820601,-9.298116
2827,6.855653,-6.4669285
2828,7.0931306,-9.919798
2829,7.296735,-9.388909
2830,6.2178755,-10.543709
2831,6.7288933,-7.3601856
2832,6.142543,-7.351545
2833,5.1877055,-2.8067555
2834,5.6391473,-5.5393834
2835,6.9916606,-8.312975
2836,5.6910005,-8.527183
2837,4.8323665,-8.087055
2838,5.953144,-8.054923
2839,6.608804,-7.46688
2840,5.5660257,-7.292422
2841,6.542462,-7.7405815
2842,4.533753,-6.2595234
2843,5.2421784,-7.5494785
2844,4.728329,-9.047201
2845,3.6882176,-12.270969
2846,5.3551674,-8.4250965
2847,5.4541683,-9.311478
2848,5.1301737,-11.66357
2849,4.9686112,-11.609286
2850,7.444418,-11.216924
2851,5.990906,-11.172963
2852,5.1508203,-8.345525
2853,4.4582477,-9.374871
2854,3.7995355,-6.3961897
2855,5.4673967,-6.8869295
2856,5.2632685,-8.224015
2857,6.605508,-10.380582
2858,5.3902116,-10.199606
2859,3.9738736,-11.457628
2860,5.1381226,-11.024263
2861,5.6453686,-9.903275
2862,4.5491796,-10.240179
2863,4.786777,-9.572447
2864,5.033766,-11.78698
2865,5.399557,-9.749469
2866,6.1448717,-7.8467603
2867,6.459069,-8.674458
2868,4.1445656,-10.709513
2869,4.6681385,-11.069432
2870,5.8530602,-11.636451
2871,5.88319,-10.867544
2872,5.8717723,-10.505112
2873,6.0865726,-8.964812
2874,5.245455,-9.38307
2875,6.527364,-9.648779
2876,6.3932514,-7.115339
2877,3.4276755,-8.518211
2878,5.218276,-11.743537
2879,6.022683,-10.401006
2880,6.409044,-8.139712
2881,5.270824,-12.044875
2882,6.0138535,-9.983065
2883,4.6768084,-8.7638
2884,5.549185,-10.541385
2885,5.0904665,-9.929586
2886,5.7250047,-6.181336
2887,5.219246,-8.294923
2888,5.3623753,-10.900593
2889,4.125427,-8.639446
2890,4.8542686,-10.006194
2891,4.5629535,-10.624245
2892,6.249208,-12.049472
2893,5.4485292,-10.673299
2894,5.949242,-11.066423
2895,5.453616,-8.820818
2896,6.960122,-10.737112
2897,6.279374,-8.294655
2898,6.12329,-12.775791
2899,5.3159585,-11.720357
2900,5.5124273,-10.111392
2901,5.932035,-9.559404
2902,5.4931684,-7.683523
2903,5.6679525,-7.7162843
2904,3.8630733,-9.509189
2905,6.3647275,-8.255134
2906,6.4394546,-5.9221416
2907,6.5423393,-9.942731
2908,5.5317373,-7.1079593
2909,6.1159925,-7.699303
2910,8.280214,-10.46486
2911,5.8665533,-11.503128
2912,5.724631,-9.646535
2913,5.84629,-12.2504015
2914,5.494045,-11.760373
2915,4.18484,-11.237289
2916,5.201528,-10.353263
2917,5.9721584,-11.872408
2918,4.107614,-11.78299
2919,5.4139714,-14.351505
2920,4.727906,-11.258178
2921,5.437147,-12.314157
2922,4.759577,-10.93858
2923,6.6121907,-11.644893
2924,5.7861543,-11.964722
2925,6.255961,-8.936886
2926,5.6882353,-9.524144
2927,5.9113393,-10.00615
2928,5.8916497,-10.613919
2929,5.762825,-10.49276
2930,5.928421,-8.467154
2931,6.1696377,-10.247605
2932,4.315199,-9.826119
2933,5.0583477,-13.759337
2934,6.773213,-13.167758
2935,4.256779,-15.273361
2936,3.9506023,-13.699649
2937,4.604147,-12.527136
2938,4.708914,-17.575903
2939,6.6699705,-13.2823715
2940,6.621909,-13.088666
2941,3.8209977,-12.292902
2942,3.233727,-11.957893
2943,3.362667,-16.669662
2944,5.069996,-11.867179
2945,4.915773,-13.169092
2946,4.357093,-10.45886
2947,4.8439655,-11.343813
2948,3.7343245,-6.245524
2949,3.916756,-8.647639
2950,5.5166774,-12.255369
2951,5.0284653,-9.970352
2952,5.3068604,-9.991789
2953,4.9438004,-11.625011
2954,3.7744572,-13.117583
2955,3.0219436,-12.579691
2956,1.9022964,-13.559838
2957,4.2988534,-13.949151
2958,5.4636164,-13.617145
2959,5.6830993,-14.195364
2960,6.2611675,-12.742497
2961,4.6722426,-11.112813
2962,4.7361813,-7.3208504
2963,5.462425,-7.7029786
2964,2.45557,-8.417742
2965,2.2152588,-11.103372
2966,4.34656,-9.020322
2967,5.1973867,-7.920133
2968,3.8190346,-9.108622
2969,5.0522413,-10.218595
2970,4.0185847,-7.9582386
2971,4.7020173,-7.2207203
2972,5.3159103,-9.761974
2973,4.624407,-8.189882
2974,2.7955377,-5.68534
2975,3.9515216,-10.0334215
2976,5.17878,-9.094378
2977,3.6429887,-8.766293
2978,4.870839,-11.846364
2979,3.947817,-11.929664
2980,5.180634,-11.421677
2981,3.556083,-11.487331
2982,5.2552543,-7.6325336
2983,4.7901945,-9.958698
2984,6.2238703,-7.8319407
2985,3.6398594,-9.440558
2986,4.337476,-11.798308
2987,4.102935,-9.551215
2988,4.2981253,-9.837295
2989,3.8610754,-9.830011
2990,2.978445,-12.47243
2991,3.6189759,-10.270035
2992,2.7613466,-10.661406
2993,4.384785,-10.653611
2994,3.2586045,-11.769167
2995,3.3029196,-12.998322
2996,3.648518,-12.395164
2997,5.015956,-10.998365
2998,3.6693442,-10.252122
2999,3.739114,-11.71406
3000,3.9824815,-10.41795
3001,4.190459,-9.152819
3002,3.0918927,-9.807278
3003,3.0750668,-11.705791
3004,5.0949836,-10.352126
3005,3.8593318,-9.75051
3006,3.6027656,-9.939113
3007,2.6385224,-12.617997
3008,4.5279117,-8.141618
3009,3.2688456,-10.4117565
3010,3.9291286,-9.508906
3011,4.7490053,-7.917775
3012,3.223081,-9.313209
3013,3.8154297,-8.667332
3014,3.9040358,-10.689856
3015,3.6567953,-10.452131
3016,4.9494753,-10.035126
3017,4.3875093,-9.459222
3018,3.5947835,-7.814992
3019,1.876866,-10.858687
3020,3.9081697,-8.761556
3021,3.4803884,-9.983688
3022,3.3960724,-12.184089
3023,4.7612257,-12.462855
3024,3.8229604,-11.323745
3025,5.0362372,-11.626216
3026,3.705227,-12.771958
3027,4.609733,-12.0259285
3028,5.139049,-13.973214
3029,2.850156,-10.199115
3030,4.245781,-13.965863
3031,4.275027,-11.620324
3032,4.2938676,-10.232072
3033,2.6271632,-9.7441025
3034,5.8785205,-10.933508
3035,6.546048,-12.314985
3036,5.26578,-11.771164
3037,3.450222,-12.99363
3038,4.485848,-10.496073
3039,4.4566183,-10.147181
3040,4.837069,-11.653412
3041,3.663142,-12.84294
3042,4.273201,-11.884336
3043,4.887085,-11.926125
3044,5.160504,-14.392319
3045,3.159187,-12.018216
3046,3.5260072,-11.481475
3047,3.5621874,-10.872342
3048,1.5729148,-13.428068
3049,3.3261063,-13.011849
3050,3.6314003,-12.85552
3051,4.24057,-13.002894
3052,5.1253657,-12.481336
3053,6.098479,-10.326652
3054,4.800669,-11.361619
3055,5.1643777,-12.671166
3056,5.526608,-11.763658
3057,6.0612564,-14.188663
3058,6.068816,-13.822483
3059,7.56476,-11.468502
3060,5.1562295,-11.118521
3061,5.458431,-12.63764
3062,3.847893,-10.505062
3063,6.0916767,-12.408581
3064,5.1459165,-11.533378
3065,5.4713497,-13.192549
3066,6.221332,-10.977914
3067,4.574182,-8.698946
3068,5.206642,-10.660686
3069,4.8065577,-11.953047
3070,6.2997766,-12.004791
3071,6.0637035,-8.721476
3072,5.0740476,-11.436998
3073,3.8368354,-9.736384
3074,3.7662523,-10.187703
3075,4.9039793,-10.344245
3076,4.835898,-12.421633
3077,3.4443533,-9.983851
3078,4.3125296,-10.490608
3079,6.1185226,-12.508395
3080,5.8697753,-12.581772
3081,4.314794,-12.710846
3082,5.617718,-11.941864
3083,5.1571574,-13.220644
3084,4.6559663,-14.697023
3085,2.2890413,-12.06992
3086,4.1685624,-11.9772415
3087,4.3700533,-14.362623
3088,3.6126091,-12.229696
3089,4.664696,-12.320722
3090,5.3496757,-11.995478
3091,3.174878,-10.252711
3092,3.5990524,-11.877029
3093,4.448639,-11.447156
3094,4.3857894,-9.691471
3095,3.4747946,-8.584995
3096,6.7252316,-8.481621
3097,4.137366,-8.893419
3098,3.9877322,-9.7308855
3099,6.5899434,-6.8939376
3100,4.350211,-6.7110753
3101,5.072472,-10.005355
3102,5.1187825,-9.070877
3103,3.5536025,-13.359195
3104,2.2129924,-10.567079
3105,2.668504,-9.311173
3106,4.3356843,-9.926848
3107,3.615463,-8.7527075
3108,5.424854,-11.584743
3109,3.5239744,-11.105534
3110,3.5563364,-12.403285
3111,5.723463,-13.218647
3112,4.51787,-10.719519
3113,4.41212,-9.79302
3114,3.583425,-6.8342934
3115,3.4284265,-11.730369
3116,3.5076241,-9.975542
3117,4.6362686,-9.764286
3118,4.535707,-12.961972
3119,3.2573915,-9.542851
3120,4.9711623,-9.566603
3121,5.0804777,-11.547938
3122,4.955978,-7.8850436
3123,5.060987,-10.019797
3124,4.6048303,-9.94915
3125,4.775667,-8.041265
3126,4.8066635,-8.587233
3127,5.1391926,-10.310627
3128,4.227205,-8.889897
3129,4.1607075,-11.324001
3130,2.651498,-11.138827
3131,3.320313,-11.823344
3132,4.9928675,-12.915382
3133,4.8223224,-12.534643
3134,4.855844,-12.794806
3135,4.2115946,-8.700169
3136,4.6590657,-8.071031
3137,4.869716,-11.497532
3138,5.0671024,-9.681174
3139,4.6843476,-8.34389
3140,4.538751,-9.170495
3141,5.379892,-12.237371
3142,2.8307743,-11.088455
3143,2.5429504,-12.199132
3144,4.39461,-11.934962
3145,5.2249694,-11.027867
3146,5.3243427,-11.930521
3147,5.4657836,-11.681461
3148,4.793341,-12.123849
3149,5.7839527,-13.750174
3150,6.080656,-10.556617
3151,4.9495497,-13.756893
3152,6.269497,-14.57572
3153,4.098741,-12.264156
3154,5.3464756,-12.8286085
3155,4.862714,-12.617999
3156,4.3064632,-11.530521
3157,4.153433,-11.197019
3158,5.366867,-10.541448
3159,4.9754996,-13.593195
3160,6.733926,-14.376706
3161,5.150193,-14.264358
3162,6.7868567,-15.511779
3163,5.985371,-12.035158
3164,5.004094,-10.253657
3165,6.3598995,-9.119657
3166,6.64862,-9.776005
3167,6.2101717,-10.876876
3168,7.170909,-10.797048
3169,6.0859146,-6.839445
3170,6.45977,-10.868735
3171,4.455216,-10.622787
3172,4.4977293,-7.9180226
3173,5.5103273,-10.002511
3174,6.7948203,-11.105788
3175,5.144872,-8.568987
3176,6.454368,-8.537744
3177,4.1722236,-6.6432257
3178,5.327899,-8.041659
3179,5.1154876,-9.835613
3180,3.7820966,-10.630189
3181,5.6887994,-7.4787745
3182,5.5410895,-7.667118
3183,4.114029,-8.458965
3184,7.2942734,-7.8179674
3185,5.1024966,-9.612641
3186,5.757156,-9.791766
3187,5.7225485,-9.519999
3188,4.886955,-7.107997
3189,4.416066,-7.266904
3190,4.9624968,-7.7517133
3191,4.5747395,-8.011951
3192,4.5155883,-5.39254
3193,2.8771863,-7.197044
3194,4.9299498,-7.9648495
3195,5.539665,-8.995551
3196,7.186287,-7.8868914
3197,4.2621007,-9.553573
3198,5.111529,-7.64028
3199,3.7319307,-9.497435
3200,4.5101514,-10.723445
3201,4.2914395,-10.029398
3202,5.900994,-12.70094
3203,4.028739,-13.1760645
3204,6.1538377,-13.416411
3205,6.622281,-14.384842
3206,5.6829658,-12.940365
3207,5.9747763,-15.7736845
3208,6.1785264,-13.623207
3209,6.0900016,-12.792986
3210,4.9327555,-11.508472
3211,4.1644397,-10.798929
3212,5.684485,-11.386993
3213,6.510738,-10.193957
3214,6.2805085,-9.961678
3215,4.4546475,-10.97551
3216,4.931829,-11.422578
3217,4.6059685,-10.490672
3218,6.1340575,-11.566332
3219,5.329368,-11.218261
3220,4.8895593,-12.4607315
3221,4.827697,-12.010928
3222,5.1096854,-11.590654
3223,5.2998977,-10.656276
3224,4.154943,-7.9184093
3225,6.5937266,-14.284345
3226,6.235503,-12.135857
3227,5.7558017,-11.952981
3228,5.8232517,-10.747958
3229,4.024462,-12.996731
3230,4.0864573,-13.067592
3231,5.247584,-12.401492
3232,4.750954,-13.194186
3233,6.9515314,-13.206317
3234,5.066755,-12.061508
3235,4.8037677,-13.392211
3236,6.31679,-11.961878
3237,5.1243653,-10.883168
3238,5.270511,-9.180699
3239,6.061416,-13.256721
3240,6.672743,-13.148177
3241,6.737434,-12.643025
3242,5.4150205,-12.947091
3243,4.1638327,-13.772024
3244,5.164248,-11.246391
3245,6.442215,-10.664757
3246,3.3683648,-12.57673
3247,6.246989,-11.449016
3248,5.980035,-12.644102
3249,6.3161106,-10.918219
3250,3.7273993,-11.787145
3251,5.5952735,-13.840954
3252,4.4960837,-13.6982975
3253,5.2103,-11.099695
3254,5.924734,-10.029541
3255,4.32819,-10.75238
3256,6.027272,-12.4850855
3257,6.170397,-8.073219
3258,5.504297,-9.0323515
3259,4.2992134,-11.070199
3260,4.1652555,-11.94456
3261,5.1939325,-12.680939
3262,6.1694255,-12.874747
3263,5.890547,-9.6572275
3264,3.6202078,-10.658513
3265,3.706516,-7.7649546
3266,6.3951936,-12.647859
3267,4.2082,-9.387602
3268,4.065718,-10.611889
3269,4.3703723,-9.772926
3270,6.99269,-10.080123
3271,6.461471,-9.121691
3272,5.702696,-11.688463
3273,6.270516,-11.964403
3274,6.666213,-10.333049
3275,4.5094924,-12.121688
3276,4.335912,-12.574989
3277,4.303385,-12.040368
3278,6.0069985,-12.12184
3279,5.533781,-12.110585
3280,5.599688,-12.852376
3281,5.452203,-12.267482
3282,4.752938,-13.977522
3283,5.1396966,-13.261078
3284,4.180245,-11.980316
3285,5.806028,-12.216091
3286,6.332843,-11.58544
3287,5.3765936,-13.2495575
3288,5.8846755,-12.180732
3289,6.1751413,-12.310414
3290,4.4154034,-12.640343
3291,4.8334017,-10.977844
3292,3.078785,-9.31394
3293,4.580508,-11.937399
3294,4.8142858,-13.130472
3295,4.9372735,-15.013952
3296,4.583243,-13.126174
3297,5.8292456,-14.66188
3298,4.465879,-12.72208
3299,6.9497023,-13.231879
3300,6.584837,-10.898859
3301,6.1508713,-10.408438
3302,7.4787416,-12.349933
3303,5.7554727,-10.882296
3304,4.843664,-13.8893175
3305,4.0498853,-11.885502
3306,5.2208557,-13.676155
3307,5.8834105,-14.475726
3308,5.5294657,-11.335847
3309,6.2429056,-12.905736
3310,6.035725,-14.0735
3311,4.826081,-11.517378
3312,6.2296586,-11.45006
3313,7.1561894,-14.291226
3314,6.847395,-10.093776
3315,5.027411,-8.009153
3316,5.64915,-10.011008
3317,6.18714,-11.674971
3318,5.560861,-10.572933
3319,5.8123603,-13.849453
3320,5.100058,-12.741138
3321,4.4664435,-14.675876
3322,6.9538283,-14.771283
3323,4.935303,-11.723709
3324,7.255166,-12.393148
3325,7.2382,-14.16545
3326,6.0819387,-14.834829
3327,5.3881407,-14.806172
3328,4.998631,-14.3691025
3329,5.3846774,-14.453247
3330,6.038605,-12.813104
3331,5.0875874,-12.412883
3332,5.78941,-11.717537
3333,3.6929414,-12.519315
3334,5.587935,-11.44201
3335,5.1212025,-14.33773
3336,3.4595726,-13.705073
3337,5.9055963,-16.007565
3338,5.8220186,-14.586447
3339,4.70389,-9.805626
3340,4.93184,-12.816206
3341,4.6449666,-11.953101
3342,5.0468755,-13.335778
3343,5.370996,-12.586164
3344,6.2826424,-10.049552
3345,6.7556286,-14.507908
3346,6.6643033,-11.310739
3347,6.088813,-14.239943
3348,5.5570436,-13.361233
3349,5.579303,-13.372583
3350,5.379213,-12.840436
3351,4.3963466,-15.2450075
3352,5.698428,-14.215642
3353,6.7789135,-15.413197
3354,4.1858187,-13.006732
3355,6.5550203,-14.45656
3356,5.923738,-11.625647
3357,6.247213,-11.496611
3358,6.7034297,-17.02978
3359,6.6685133,-11.871049
3360,4.361439,-12.10973
3361,5.1253753,-12.771395
3362,5.604257,-14.952334
3363,6.1013913,-12.666202
3364,5.5125766,-13.185839
3365,6.835634,-13.504545
3366,3.2310462,-11.625033
3367,5.0186577,-15.640146
3368,3.9356902,-10.778123
3369,5.8213344,-10.692046
3370,6.0437126,-9.675141
3371,5.613376,-11.483242
3372,5.11419,-12.837106
3373,6.3533196,-13.18416
3374,5.8711004,-11.275012
3375,6.2671356,-9.600453
3376,5.5871534,-14.8919935
3377,3.9853232,-14.049408
3378,3.2241056,-10.936097
3379,3.9625432,-13.659616
3380,6.458122,-14.074162
3381,5.9625707,-16.090742
3382,6.4930134,-18.757627
3383,5.9574146,-16.166075
3384,5.639448,-15.4704685
3385,4.0731707,-13.809932
3386,5.5140743,-16.333055
3387,5.755687,-13.468649
3388,5.625174,-14.8256235
3389,5.469143,-12.826946
3390,5.9855714,-10.334413
3391,3.842964,-9.126145
3392,3.6383362,-6.7592998
3393,4.8272834,-7.335547
3394,6.3711877,-9.294444
3395,5.549399,-8.01932
3396,5.253564,-5.1150217
3397,5.7209096,-6.1384454
3398,7.097317,-8.097817
3399,6.358732,-12.471329
3400,6.7274036,-15.118101
3401,4.0145802,-15.42498
3402,5.242572,-13.570792
3403,5.833814,-12.622675
3404,7.6159315,-12.762752
3405,6.4879656,-14.053445
3406,5.5436225,-18.015396
3407,5.9438767,-12.545314
3408,6.4222665,-13.16924
3409,7.10624,-10.418087
3410,7.617413,-9.763365
3411,4.915302,-11.466418
3412,6.3832645,-11.094879
3413,5.79392,-11.649384
3414,6.0242896,-12.102839
3415,7.4137025,-12.246028
3416,5.679188,-11.427423
3417,6.2062917,-11.308526
3418,5.4782133,-12.080891
3419,7.355758,-7.6778827
3420,3.3867588,-10.802577
3421,4.7754245,-13.161201
3422,3.9778306,-13.22908
3423,5.2585063,-13.380464
3424,5.295866,-12.55288
3425,3.6759427,-13.66551
3426,5.848408,-13.837931
3427,5.9060946,-12.256088
3428,5.4256825,-13.024397
3429,5.1260333,-11.080083
3430,5.1431527,-12.97993
3431,4.508535,-13.157024
3432,5.319361,-12.702417
3433,5.3558135,-9.121953
3434,5.6903462,-9.399459
3435,4.9040394,-9.059054
3436,7.533479,-9.292186
3437,6.3156414,-7.8679476
3438,6.460842,-10.179113
3439,7.364751,-10.812307
3440,6.131422,-11.848792
3441,7.607407,-12.470581
3442,5.739194,-10.098024
3443,5.620616,-9.556602
3444,6.6166167,-10.322838
3445,5.3598995,-12.097212
3446,5.208108,-12.007362
3447,4.0556307,-10.668272
3448,4.40105,-12.982267
3449,6.6350346,-12.046074
3450,5.739631,-8.074735
3451,4.5097456,-11.145946
3452,5.3707986,-6.467004
3453,5.1744146,-12.561937
3454,5.7174983,-11.012426
3455,5.524599,-9.626284
3456,4.8439584,-10.835718
3457,5.2452683,-11.971862
3458,4.9331317,-11.439387
3459,4.738396,-12.237424
3460,4.290758,-7.6333046
3461,5.2667046,-10.409923
3462,5.1154203,-10.764823
3463,5.747424,-9.359007
3464,4.2580924,-7.789274
3465,4.2099123,-7.942272
3466,5.277981,-10.597275
3467,5.813897,-9.55675
3468,5.309906,-9.144863
3469,4.5484905,-7.8585095
3470,4.919668,-10.354509
3471,5.7703204,-10.451004
3472,6.2483473,-9.481061
3473,5.059616,-7.5708604
3474,5.3226895,-10.089851
3475,5.127156,-6.5455575
3476,5.987641,-12.427808
3477,5.9125643,-9.182449
3478,5.3556337,-10.483084
3479,4.4834146,-9.155606
3480,6.237491,-10.811431
3481,3.6893604,-10.126183
3482,4.5802016,-9.771429
3483,7.284378,-13.598621
3484,5.7464557,-12.419238
3485,4.535026,-8.389115
3486,5.5041876,-8.171273
3487,4.359193,-7.258693
3488,5.50936,-13.105182
3489,5.330517,-12.838668
3490,6.4743223,-12.333144
3491,5.81326,-7.8371253
3492,7.124699,-10.0333605
3493,4.9718885,-10.753926
3494,5.7275033,-10.702415
3495,4.9652214,-12.882636
3496,5.133787,-13.207031
3497,4.3419847,-9.096353
3498,5.803691,-10.8626375
3499,5.7722025,-13.567656
3500,6.3258853,-10.076595
3501,5.1936564,-10.864598
3502,5.216676,-9.890418
3503,5.284674,-10.787389
3504,5.9589143,-8.454348
3505,7.2378283,-11.976512
3506,6.3474984,-11.708556
3507,5.5540466,-7.3778753
3508,4.9686837,-10.860201
3509,3.9805038,-9.742037
3510,5.0037746,-8.544036
3511,4.559335,-8.608149
3512,5.4755464,-11.364138
3513,4.814517,-10.875817
3514,5.8216743,-9.359055
3515,5.003701,-10.368411
3516,4.895951,-8.119628
3517,4.573431,-6.3902907
3518,5.336032,-6.337274
3519,4.4380875,-10.645871
3520,5.1335487,-7.442994
3521,4.83068,-5.427833
3522,4.086902,-7.441086
3523,6.60331,-7.208678
3524,5.863017,-9.632083
3525,6.0489564,-8.1189785
3526,5.7429843,-8.670651
3527,5.872698,-9.920862
3528,5.174566,-11.527792
3529,6.1760926,-10.940509
3530,5.874681,-10.040214
3531,4.0259843,-10.818856
3532,5.731868,-9.906589
3533,5.905636,-9.289858
3534,6.085563,-9.179187
3535,4.618322,-11.250181
3536,3.5979083,-12.350094
3537,5.0677524,-13.211388
3538,5.191081,-11.39126
3539,4.2197237,-11.247157
3540,4.877586,-8.049321
3541,4.817432,-8.806575
3542,5.6065793,-9.77636
3543,6.0497265,-8.347091
3544,3.3639753,-7.8610134
3545,5.3506002,-10.718713
3546,4.827766,-10.73641
3547,3.936922,-7.4044576
3548,3.9165645,-7.7068925
3549,4.645282,-8.031265
3550,5.029295,-6.566099
3551,4.426769,-9.675923
3552,5.270702,-8.35007
3553,3.266221,-6.826725
3554,4.590278,-10.768305
3555,4.4452963,-9.487284
3556,6.184045,-8.630732
3557,4.114323,-8.731686
3558,5.655131,-8.550628
3559,5.3936887,-11.545175
3560,6.087878,-8.732198
3561,4.321402,-9.378716
3562,6.2716746,-11.544878
3563,5.3169665,-8.208572
3564,4.472052,-11.649014
3565,5.467018,-6.225883
3566,4.8900166,-13.371798
3567,3.449232,-9.702148
3568,4.0290446,-10.364213
3569,4.796681,-13.319835
3570,5.7843885,-11.897697
3571,6.508897,-10.322453
3572,4.7787614,-8.245856
3573,5.1928773,-9.069633
3574,4.540134,-9.219454
3575,5.290821,-9.374809
3576,5.666277,-10.511831
3577,4.325492,-7.712546
3578,5.366602,-7.5710874
3579,5.1906633,-8.312702
3580,5.4543614,-10.03655
3581,5.109902,-9.869167
3582,4.5165763,-9.165377
3583,4.3155546,-7.338794
3584,4.616314,-11.160126
3585,5.4097714,-10.957496
3586,4.199619,-9.425904
3587,5.460828,-9.047094
3588,5.631966,-10.369306
3589,4.7467237,-10.368133
3590,4.2025237,-5.574869
3591,6.0893636,-6.434809
3592,6.1173506,-8.8152485
3593,6.8289394,-12.043695
3594,5.010962,-10.36317
3595,3.535944,-10.588654
3596,4.3072295,-11.757421
3597,5.5528965,-15.058068
3598,5.7905135,-11.215599
3599,4.5513425,-11.2514
3600,4.74514,-11.729827
3601,5.429679,-11.891905
3602,5.095541,-8.641538
3603,4.0780497,-9.714498
3604,4.1808424,-10.576763
3605,5.4889092,-11.080008
3606,2.7889311,-10.751825
3607,3.5824194,-12.994153
3608,4.659621,-10.133549
3609,5.158364,-9.5686245
3610,5.941542,-9.577993
3611,5.202413,-10.574862
3612,4.4753056,-9.34161
3613,6.7757983,-11.260057
3614,4.6246448,-9.61582
3615,5.25883,-9.133878
3616,3.9909434,-10.726737
3617,4.704244,-8.619852
3618,5.7730436,-10.129387
3619,5.198603,-9.858783
3620,4.107921,-11.609881
3621,6.9037375,-10.381855
3622,4.136487,-10.020373
3623,3.649718,-9.878487
3624,4.9547343,-9.778771
3625,4.929973,-6.9975905
3626,5.6136184,-8.57385
3627,5.2375064,-8.618125
3628,5.3436217,-8.07849
3629,3.0260868,-6.40293
3630,6.7423005,-7.434044
3631,5.367788,-10.549052
3632,4.6893454,-9.885831
3633,6.4213037,-6.6340237
3634,6.906921,-7.357125
3635,6.694496,-9.617135
3636,4.1723,-10.303611
3637,5.374174,-9.199427
3638,5.0728164,-8.587416
3639,4.307987,-5.76251
3640,5.0709143,-5.4782243
3641,6.200191,-5.806614
3642,5.369766,-7.9800596
3643,5.436057,-3.9572656
3644,4.514633,-5.6791406
3645,4.061733,-2.0342753
3646,5.66069,-3.0731041
3647,4.682853,-4.719144
3648,5.346631,-3.8640387
3649,5.614926,-3.5238574
3650,5.263721,-3.607585
3651,4.525935,-5.619118
3652,4.957894,-3.3918016
3653,5.0583963,-5.5944633
3654,4.7181396,-7.420707
3655,4.610253,-7.8132915
3656,5.277719,-4.99745
3657,5.4894886,-4.533226
3658,4.8411016,-5.2355027
3659,5.78436,-8.005615
3660,6.4223685,-7.2061214
3661,5.4645166,-5.5517197
3662,5.5372076,-7.0848265
3663,5.876103,-8.343452
3664,4.0541105,-7.221262
3665,4.1321144,-6.7204127
3666,5.4855356,-7.567133
3667,7.537459,-5.29064
3668,7.1651697,-7.5365
3669,5.7812977,-6.680193
3670,6.4828873,-1.2261242
3671,5.2054696,-4.2118034
3672,4.8671956,-3.155936
3673,5.8411384,-4.501838
3674,4.633828,-1.650712
3675,3.6974113,-3.2626371
3676,4.478102,-1.3989699
3677,3.1951938,-2.5104187
3678,5.352502,-4.344397
3679,4.8176227,-3.3904335
3680,4.3149076,-4.4198194
3681,4.8368464,-4.125982
3682,6.070585,-2.9366949
3683,5.0790887,-5.9320455
3684,5.3036313,-7.324396
3685,3.6749573,-6.3433185
3686,4.3638597,-5.06214
3687,4.2108583,-3.7408967
3688,4.29043,-7.0183334
3689,4.7324514,-8.047183
3690,4.774626,-5.4572954
3691,4.8209596,-6.3533797
3692,3.9235337,-6.3893533
3693,4.112766,-10.380609
3694,5.3515773,-7.7060347
3695,4.7303147,-10.992165
3696,5.282593,-7.766307
3697,4.906405,-7.224802
3698,5.191913,-5.492694
3699,4.5794253,-8.863292
3700,5.062932,-5.89263
3701,4.753943,-6.1146874
3702,5.4896436,-8.489466
3703,4.698672,-8.185801
3704,5.3629837,-6.3568335
3705,4.7492323,-6.2247953
3706,5.0134425,-4.4126143
3707,5.304867,-3.7401628
3708,5.9245043,-7.1069446
3709,7.24559,-4.8107266
3710,5.481863,-8.903773
3711,6.0439267,-4.4705963
3712,5.826672,-6.3044877
3713,4.851503,-6.616266
3714,6.5279007,-3.7567663
3715,5.6516547,-6.319389
3716,3.641509,-6.8928347
3717,3.6630285,-7.364547
3718,3.454919,-4.206016
3719,3.727571,-6.82012
3720,3.6094418,-6.7907605
3721,5.1511374,-9.415597
3722,4.5107203,-6.3538837
3723,5.1252165,-6.0037146
3724,4.1648235,-5.9532056
3725,5.0516195,-7.012802
3726,2.303357,-5.5937
3727,3.0368433,-7.900219
3728,3.0931675,-4.7983274
3729,6.4349346,-5.7771764
3730,4.4835653,-7.0129595
3731,4.790302,-7.3701344
3732,5.9784336,-12.299253
3733,4.7121563,-6.325733
3734,6.486398,-8.066257
3735,4.027282,-7.1022363
3736,5.229735,-1.7422338
3737,4.966915,-4.8165107
3738,5.860455,-4.0136557
3739,4.9117484,-8.075269
3740,6.454301,-6.7242136
3741,5.940485,-6.665918
3742,5.109274,-8.039636
3743,3.366792,-5.845567
3744,4.92756,-7.2943306
3745,3.4458632,-8.785863
3746,4.1592712,-6.463104
3747,5.145641,-5.6885757
3748,4.8236465,-7.105827
3749,4.7953353,-5.552184
3750,4.83771,-5.4493995
3751,4.6814933,-4.0076423
3752,3.8831918,-6.8171105
3753,3.2361624,-5.8107653
3754,2.7151349,-6.595982
3755,3.1546392,-7.47668
3756,3.6671748,-5.3347898
3757,4.0997906,-6.947026
3758,3.1693013,-9.4397335
3759,2.3895605,-11.501368
3760,3.4134269,-9.695151
3761,4.651159,-7.001899
3762,4.0280056,-6.8043575
3763,4.653094,-6.5486217
3764,0.47753304,-7.8414974
3765,2.7280853,-6.160681
3766,2.4531884,-12.56252
3767,3.5237033,-11.426466
3768,3.7149577,-10.957321
3769,4.120729,-7.408118
3770,3.697427,-9.667055
3771,4.0078917,-12.163229
3772,5.4436345,-14.808472
3773,4.1183453,-11.461375
3774,5.485315,-11.629446
3775,4.988519,-10.832048
3776,6.4778557,-6.0377655
3777,5.452678,-6.542833
3778,4.2394276,-8.451871
3779,5.633777,-6.8805966
3780,5.530334,-7.86422
3781,4.6379204,-7.787656
3782,4.4571376,-11.145025
3783,2.992953,-15.170921
3784,2.8667917,-11.333147
3785,4.370015,-13.521322
3786,2.1822588,-11.339311
3787,2.8662117,-14.186021
3788,5.1422296,-15.833672
3789,3.5000896,-12.254365
3790,4.3738766,-13.174696
3791,4.185298,-13.823091
3792,5.352692,-10.2206335
3793,4.202663,-8.643322
3794,3.8113878,-9.433657
3795,3.355076,-9.325962
3796,5.6088676,-8.07082
3797,3.9982197,-7.7786155
3798,5.610563,-10.883629
3799,5.129143,-7.8494654
3800,6.454841,-6.0726705
3801,3.9821215,-6.1429453
3802,4.3601832,-6.370719
3803,3.1575887,-4.5704284
3804,4.8639717,-5.616542
3805,6.095927,-6.37737
3806,5.5854945,-6.8072677
3807,4.9982104,-3.9911249
3808,4.718635,-3.9388263
3809,3.8520157,-5.826425
3810,4.54028,-5.8844333
3811,3.0589235,-6.8698225
3812,3.9660382,-7.6843343
3813,5.8992515,-7.5394964
3814,3.0998287,-9.300787
3815,4.655364,-8.811854
3816,4.059321,-6.742171
3817,5.623487,-7.3882833
3818,5.5955253,-2.1069376
3819,6.4427004,-4.1311727
3820,3.7897756,-2.4742117
3821,4.638833,-4.568677
3822,5.805483,-4.827867
3823,7.0337977,-6.80042
3824,4.3382034,-6.853448
3825,5.109579,-6.0314407
3826,6.7643585,-4.8997808
3827,5.3129005,-4.753564
3828,3.302181,-3.6624734
3829,5.5526853,-7.687438
3830,4.988888,-8.414175
3831,5.9311104,-8.714086
3832,6.333972,-9.258415
3833,5.4709754,-8.488698
3834,6.789718,-8.560679
3835,7.127192,-9.425428
3836,5.476088,-13.35369
3837,6.8438864,-10.54003
3838,5.723229,-10.747269
3839,6.694544,-10.973191
3840,6.03949,-6.7379994
3841,6.810523,-9.971899
3842,5.3471456,-12.797936
3843,6.883988,-10.256797
3844,4.6401577,-9.874837
3845,5.0794992,-8.897286
3846,6.4551773,-9.217882
3847,8.447982,-11.0304
3848,7.453949,-8.451556
3849,5.685019,-11.761443
3850,5.068239,-11.547849
3851,5.4025016,-9.275072
3852,4.8156376,-10.381753
3853,7.4135513,-5.1391683
3854,3.4793766,-6.420742
3855,4.2643085,-5.9853997
3856,5.8566217,-7.4048123
3857,5.148942,-10.729767
3858,4.221479,-10.872826
3859,4.7592916,-7.959084
3860,3.9949658,-8.473924
3861,4.2499866,-8.552182
3862,6.1708784,-7.054953
3863,6.651353,-6.528885
3864,7.4501543,-7.006352
3865,8.237317,-6.9905343
3866,7.9088364,-10.391489
3867,5.5258074,-11.090034
3868,5.577394,-10.635841
3869,7.7715554,-14.797855
3870,5.829485,-13.701278
3871,5.4466295,-14.720075
3872,5.0600863,-12.457183
3873,6.1562138,-12.983595
3874,4.9048944,-12.779214
3875,4.9268923,-13.355212
3876,5.956344,-11.60195
3877,6.704474,-11.792248
3878,6.237908,-7.4059515
3879,5.439928,-8.48975
3880,6.3296824,-8.188946
3881,6.370324,-6.8238916
3882,5.7214365,-7.515525
3883,3.2960484,-8.456449
3884,6.431816,-10.649241
3885,6.7535663,-9.011147
3886,5.771132,-12.718247
3887,7.2025447,-11.834419
3888,5.4271665,-12.865333
3889,6.703097,-9.49687
3890,5.1089053,-9.399074
3891,6.7427273,-7.583009
3892,5.1794047,-10.52609
3893,6.6197186,-10.656563
3894,6.402449,-8.776677
3895,4.715004,-7.1147437
3896,5.892006,-6.054592
3897,5.049806,-10.251359
3898,6.3184967,-11.90459
3899,4.7765875,-10.620075
3900,2.9815469,-6.8531046
3901,4.3101397,-10.19501
3902,5.5592055,-8.814546
3903,2.3509853,-5.4085264
3904,4.3196397,-5.1021156
3905,5.0834994,-7.225913
3906,4.2890325,-6.8747644
3907,4.7585287,-6.612552
3908,4.214426,-5.0473313
3909,5.3660054,-6.461125
3910,6.9938416,-5.5543895
3911,3.9697332,-4.031868
3912,4.63065,-4.7074637
3913,5.0938296,-5.368335
3914,4.8028502,-8.05121
3915,5.17101,-7.5758433
3916,5.0466766,-8.648182
3917,4.1843295,-6.809486
3918,5.9403768,-6.9973526
3919,6.218165,-4.7477484
3920,4.4760666,-7.1860266
3921,2.491898,-5.505023
3922,3.5972078,-7.2200174
3923,3.1596096,-4.1622124
3924,4.7410517,-6.732456
3925,4.256853,-4.419334
3926,3.4431007,-4.875127
3927,2.275633,-6.1803856
3928,4.623142,-4.540632
3929,4.8722253,-4.5382953
3930,4.5938096,-4.765186
3931,4.0677986,-4.8085403
3932,4.300422,-3.9668646
3933,5.2953987,-4.676103
3934,3.3218756,-3.8837602
3935,2.92383,-5.9587927
3936,3.923743,-6.7983484
3937,3.6450784,-6.0682983
3938,3.598285,-6.3727245
3939,5.5742807,-7.800219
3940,3.356286,-6.334826
3941,5.32211,-8.335538
3942,4.6251097,-6.721523
3943,4.3809586,-7.7564015
3944,4.8062525,-6.739627
3945,5.3983035,-4.96939
3946,6.914545,-8.041125
3947,5.0683885,-3.971182
3948,5.7525887,-6.90039
3949,4.5395327,-1.5649382
3950,5.040472,-4.2164445
3951,5.156019,-8.236129
3952,5.638688,-6.1645403
3953,5.4593754,-6.6264877
3954,4.6233935,-9.247658
3955,5.9206686,-9.163917
3956,5.6638913,-7.764943
3957,5.559261,-9.430163
3958,3.8382354,-7.4891534
3959,6.0036426,-7.617733
3960,6.0159607,-8.827223
3961,5.7770767,-5.7231035
3962,5.513924,-5.9432836
3963,3.9848506,-7.029741
3964,5.4302554,-5.4537134
3965,6.312461,-6.871103
3966,6.17037,-4.078922
3967,6.3926377,-3.9773266
3968,5.4659204,-7.188683
3969,5.008909,-6.057852
3970,6.868577,-6.0907106
3971,5.21601,-5.923029
3972,6.2930727,-6.283907
3973,7.3037343,-5.576876
3974,4.954404,-7.4054193
3975,5.1919165,-7.9888067
3976,5.9092064,-11.847879
3977,6.2390227,-8.51788
3978,6.109481,-5.7193103
3979,6.814627,-9.468437
3980,4.531935,-7.93528
3981,6.5437355,-4.6756206
3982,6.5952888,-5.615087
3983,6.35788,-5.352682
3984,7.297395,-8.288485
3985,6.658105,-5.5892954
3986,7.98747,-8.448571
3987,5.554049,-7.6074877
3988,5.8374906,-10.4664755
3989,6.029226,-9.888515
3990,6.1667595,-7.7152452
3991,6.0792885,-8.200178
3992,5.210458,-5.321951
3993,6.423182,-6.506381
3994,6.2460318,-5.1779637
3995,6.273497,-1.7032496
3996,4.8699594,-5.0936065
3997,5.8374896,-2.8751557
3998,6.0426435,-5.478849
3999,5.1553917,-5.130099
4000,7.3272715,-3.6144214
4001,6.8736396,-3.4010103
4002,7.131325,-3.4354973
4003,5.506954,-3.8390453
4004,4.464237,-2.0323262
4005,4.33733,-1.9229069
4006,4.1317573,-5.287726
4007,5.6083136,-5.9955015
4008,4.9250693,-4.068335
4009,4.7184978,-5.3478613
4010,3.8208761,-5.0006213
4011,3.9888718,-2.0546384
4012,6.158233,-5.7465696
4013,4.292712,-3.9525023
4014,4.318559,-5.248999
4015,5.8207946,-6.9629416
4016,5.920234,-10.157112
4017,4.682451,-8.510594
4018,3.7044034,-8.923633
4019,3.388293,-8.60168
4020,5.551904,-8.022224
4021,5.393191,-7.5475025
4022,5.969975,-8.793733
4023,5.7120805,-11.126733
4024,7.0447235,-12.123838
4025,6.493994,-13.371784
4026,6.5456314,-14.728338
4027,4.4646726,-9.610165
4028,5.5781617,-9.472706
4029,5.8650327,-8.725289
4030,5.781846,-11.352683
4031,3.7248356,-9.770657
4032,5.764793,-8.597053
4033,4.207063,-11.655
4034,3.9610565,-12.083244
4035,4.8692245,-10.674285
4036,6.892552,-11.776303
4037,4.747372,-11.253661
4038,5.898547,-8.336258
4039,5.6249123,-10.725849
4040,4.3508,-11.36545
4041,5.585104,-8.948612
4042,6.2205887,-11.433803
4043,5.0574083,-8.529445
4044,6.560462,-11.247804
4045,5.373913,-9.155994
4046,4.5752635,-6.585043
4047,3.0781074,-9.701176
4048,3.0473244,-6.7307606
4049,2.1436975,-5.6125107
4050,4.387627,-5.0904274
4051,3.4494176,-6.463445
4052,1.6048595,-7.603504
4053,4.118092,-6.589535
4054,4.795239,-7.0744543
4055,1.8560364,-7.3657403
4056,5.2653213,-7.7752695
4057,4.2257185,-3.6545339
4058,4.502313,-6.8576837
4059,5.2576942,-6.641636
4060,4.144455,-8.792933
4061,6.1959686,-9.307433
4062,4.8985467,-10.108551
4063,5.0177903,-11.526466
4064,5.289485,-14.226633
4065,6.547251,-13.3282
4066,6.1306844,-12.93973
4067,6.176502,-11.843862
4068,6.2691865,-11.960096
4069,4.7256384,-11.913671
4070,6.3877835,-10.830406
4071,6.1968517,-11.109716
4072,7.1614013,-11.191343
4073,6.091938,-9.583096
4074,7.403342,-11.58929
4075,6.2053432,-10.206546
4076,4.173405,-8.925754
4077,5.550182,-7.712622
4078,4.6461887,-8.086856
4079,5.9030633,-12.303868
4080,4.7126017,-9.078626
4081,4.7908263,-9.028711
4082,5.979359,-8.716798
4083,5.683514,-8.815411
4084,5.2587667,-7.67511
4085,6.626197,-7.470345
4086,6.045395,-7.016083
4087,4.800732,-10.669796
4088,3.633735,-7.577185
4089,4.662649,-9.460696
4090,5.623767,-10.803079
4091,6.3962674,-10.112201
4092,5.6044683,-9.729721
4093,4.4923196,-9.623141
4094,7.3285728,-6.7630854
4095,6.726843,-7.173847
4096,7.1067123,-10.111106
4097,4.713093,-9.343215
4098,8.330471,-11.2753
4099,7.0097337,-10.81174
4100,7.2197857,-7.5071855
4101,6.0574737,-8.941337
4102,7.6353593,-11.225015
4103,7.1053476,-12.300723
4104,6.901823,-15.164617
4105,5.774946,-12.18038
4106,7.1159554,-12.416059
4107,6.6612544,-8.856616
4108,7.126579,-11.776715
4109,5.0409145,-9.318148
4110,5.457836,-10.307241
4111,5.924829,-10.316289
4112,6.686398,-10.422786
4113,6.045493,-11.431156
4114,6.321431,-10.833814
4115,7.011015,-12.127664
4116,6.126162,-10.902594
4117,5.2469044,-11.489435
4118,5.3328876,-8.125876
4119,4.9984145,-10.902395
4120,6.585451,-11.10887
4121,4.983948,-11.22151
4122,5.7494354,-13.099903
4123,5.4506283,-13.724482
4124,6.0115433,-14.360224
4125,5.653289,-13.076809
4126,7.1350336,-13.63903
4127,5.5492435,-12.673844
4128,6.965344,-12.191478
4129,6.897128,-12.803131
4130,5.750188,-13.378341
4131,6.8890343,-11.482831
4132,5.982802,-11.95876
4133,5.6879196,-12.165732
4134,5.6559134,-12.626142
4135,5.0784893,-14.303064
4136,5.546118,-12.919167
4137,5.791884,-11.390775
4138,6.2067842,-13.989293
4139,4.8978515,-14.169515
4140,4.9817176,-15.256034
4141,4.5877657,-12.045225
4142,6.873179,-13.270771
4143,5.6144876,-16.342855
4144,7.3574862,-15.855973
4145,5.3773403,-14.657265
4146,4.4725842,-11.980298
4147,6.9201136,-11.840441
4148,6.3632884,-15.011464
4149,4.336053,-11.115256
4150,5.218886,-10.686533
4151,5.1424427,-8.880669
4152,5.62911,-13.429121
4153,5.2973146,-8.98155
4154,5.2625465,-15.288244
4155,5.1036706,-13.254406
4156,5.214251,-13.223899
4157,6.8756995,-13.60761
4158,4.9853597,-11.773242
4159,4.5401926,-13.642092
4160,5.2125106,-11.139225
4161,4.6517844,-12.540293
4162,6.54989,-10.093811
4163,6.5445457,-7.468342
4164,6.294224,-6.8779483
4165,7.157193,-10.068256
4166,6.1885853,-10.665143
4167,6.7883515,-8.181123
4168,5.541781,-7.0068684
4169,5.6692,-6.9974113
4170,5.6914062,-7.404393
4171,7.3096824,-7.160426
4172,6.337586,-8.844657
4173,5.805728,-9.977698
4174,7.4708867,-10.038363
4175,6.3560534,-8.561668
4176,4.379415,-6.4155188
4177,5.804644,-5.575002
4178,5.569128,-7.870193
4179,6.3193107,-6.5950327
4180,5.2000365,-6.7272787
4181,3.8549285,-3.4136937
4182,4.090154,-7.007115
4183,5.32597,-5.9757514
4184,6.3557506,-5.4806867
4185,6.052809,-6.95533
4186,4.9597244,-3.9201045
4187,4.842693,-2.570356
4188,6.3806167,-3.836058
4189,4.9758487,-4.100227
4190,5.90996,-5.2555943
4191,5.6364336,-3.9583488
4192,4.8631816,-4.460429
4193,6.8151155,-4.2885766
4194,5.6397195,-7.607846
4195,7.957849,-5.997493
4196,4.5088744,-5.0941195
4197,6.679491,-6.426695
4198,4.4541893,-6.9796596
4199,6.079337,-8.771875
4200,6.1798415,-6.7736154
4201,6.7847676,-8.338549
4202,7.2146244,-3.9700541
4203,4.821945,-5.533228
4204,6.1864386,-6.165267
4205,5.796346,-4.820305
4206,5.461218,-6.9505005
4207,6.7136364,-8.940104
4208,6.1348777,-5.152472
4209,4.5814695,-7.5136137
4210,5.870983,-6.462906
4211,6.790054,-4.8320107
4212,7.959195,-6.5724983
4213,5.907919,-8.4541025
4214,5.279522,-5.029737
4215,4.7895393,-8.448698
4216,6.4263163,-7.6061034
4217,4.053229,-8.592178
4218,5.0608163,-8.870011
4219,5.610169,-10.419855
4220,7.4600706,-10.45359
4221,7.334824,-11.165844
4222,7.533999,-10.702222
4223,6.8431115,-7.567234
4224,4.8582687,-7.7688174
4225,7.9016037,-9.000519
4226,5.4275093,-5.8421383
4227,4.858969,-6.3115005
4228,4.9478116,-8.130846
4229,6.3347554,-9.38604
4230,5.3938823,-9.160958
4231,6.1882977,-8.490263
4232,7.0993643,-9.031458
4233,5.777001,-9.325779
4234,5.6928735,-8.425219
4235,5.67553,-7.9460955
4236,6.697503,-6.703595
4237,6.238006,-8.444783
4238,7.9730835,-6.816124
4239,7.3456197,-6.600001
4240,8.106371,-5.8916593
4241,5.8016806,-5.2865906
4242,7.224896,-3.7196803
4243,6.677734,-6.378751
4244,6.9627786,-6.7533307
4245,6.864074,-5.6960444
4246,5.820878,-6.3124676
4247,4.9420185,-7.8482146
4248,5.611059,-4.706452
4249,8.053155,-9.49954
4250,6.4282284,-6.863176
4251,7.658374,-4.6185703
4252,5.82715,-4.8421845
4253,6.5721664,-7.8114176
4254,5.2094917,-5.365712
4255,4.7612705,-7.548073
4256,6.112621,-8.745332
4257,6.140152,-10.693039
4258,5.788639,-8.377766
4259,7.3021855,-10.051557
4260,4.8105197,-8.82787
4261,7.3391743,-10.083175
4262,6.587511,-8.027811
4263,6.846751,-7.7271204
4264,5.955958,-8.206872
4265,8.198441,-7.721901
4266,5.9013505,-8.769415
4267,6.927706,-5.8456836
4268,6.975689,-6.556754
4269,6.8125453,-5.814594
4270,7.0826716,-8.306928
4271,6.7523766,-9.054218
4272,5.9486403,-10.172236
4273,6.6459384,-8.736166
4274,6.704637,-9.246689
4275,4.762224,-5.444422
4276,7.529885,-5.9565516
4277,6.9633923,-9.306092
4278,6.669598,-7.038119
4279,5.9771395,-6.943351
4280,7.609643,-7.20691
4281,5.6805673,-6.1168275
4282,7.573255,-4.100133
4283,6.810048,-4.893287
4284,7.1629267,-4.880489
4285,6.7012706,-4.88057
4286,7.098132,-3.326057
4287,6.2268734,-1.9142305
4288,8.25832,-1.9816631
4289,6.5060797,-0.559395
4290,8.445848,0.8770683
4291,7.0446444,0.43276078
4292,7.6999764,-2.9753609
4293,7.5676894,-1.9400799
4294,7.5724993,-2.9666643
4295,8.594502,-2.9346907
4296,8.346783,-3.7379
4297,9.157724,-3.741478
4298,8.563807,-4.077376
4299,6.4536605,-5.516668
4300,7.8636565,-3.2632196
4301,9.02662,-3.606242
4302,8.809164,-5.094654
4303,9.420796,-3.1850376
4304,8.755694,-3.4081562
4305,8.035951,-3.3631103
4306,7.852851,-3.4978957
4307,8.573587,-1.8452746
4308,8.698945,-3.09611
4309,8.955662,-3.1381023
4310,7.941185,-2.0080688
4311,8.415083,-2.9253893
4312,7.2915325,-2.0429752
4313,5.101722,-2.976457
4314,6.1949477,-3.6275303
4315,6.3322387,-7.259731
4316,8.77288,-4.9745216
4317,5.645367,-2.8917093
4318,5.8863387,-3.7607312
4319,9.3870945,-4.341255
4320,7.003977,-0.95238894
4321,7.052672,-1.6154517
4322,6.04126,-3.7014327
4323,7.5324755,-4.586861
4324,6.937569,-2.8873765
4325,6.3511424,-0.7909041
4326,7.897881,-5.352711
4327,7.430893,-5.174376
4328,5.5541244,-6.8768806
4329,5.319922,-2.7498794
4330,5.024403,-1.9830878
4331,6.813926,-2.6960206
4332,6.589009,-2.8980267
4333,5.583024,-2.172819
4334,5.8131,-0.75326884
4335,6.519902,-3.01885
4336,4.493218,-2.497146
4337,4.9815807,-3.9998271
4338,7.0033402,-2.0902865
4339,5.0848074,-2.7687387
4340,5.05574,-2.1901622
4341,7.2778454,-4.8943553
4342,6.2873216,-5.087307
4343,6.426439,-2.9638655
4344,4.3058524,-3.8977323
4345,6.174453,-4.228252
4346,6.2362504,-3.4485795
4347,6.6123943,-4.8489213
4348,6.307309,1.4519901
4349,5.820413,-2.263847
4350,5.244023,2.3349125
4351,6.6297836,-0.37996405
4352,7.364301,-1.2302605
4353,5.526244,-0.066382654
4354,6.4129133,0.7006363
4355,5.3488326,1.6038254
4356,6.122499,-3.3847144
4357,6.114268,-1.0785192
4358,6.9798207,-1.3098248
4359,5.312239,-0.47893527
4360,6.510046,-0.5730223
4361,6.305356,0.7331858
4362,5.4644156,1.592623
4363,5.927186,0.023780765
4364,6.8789377,0.9402147
4365,5.1620626,2.6661975
4366,4.5037785,-1.7479951
4367,6.1168833,-3.0387244
4368,5.3681617,-3.308479
4369,5.3995667,-3.093619
4370,5.7463455,-1.1126379
4371,5.6880317,-0.023667367
4372,3.755233,0.31410527
4373,6.890075,-2.7042472
4374,5.354316,-2.6289842
4375,5.505876,-3.0978186
4376,5.7751784,-3.9111814
4377,3.4340062,-2.7476718
4378,3.6983857,-5.0293236
4379,5.6190386,-2.5294368
4380,5.06767,-7.367822
4381,5.0736613,-3.4689674
4382,5.5155735,-3.2058682
4383,4.3429112,-5.318587
4384,6.873841,-3.4645839
4385,6.5786314,-4.83916
4386,4.4549527,-4.6833076
4387,4.895827,-2.5773973
4388,6.3898478,-1.8846021
4389,6.0539536,-4.4744043
4390,3.7351613,-3.4262705
4391,3.142186,-1.4289048
4392,5.6900086,-1.8403544
4393,5.1082582,1.064752
4394,4.645759,-0.29876885
4395,6.97088,-4.229035
4396,4.4906845,-3.40918
4397,4.943995,-4.4723887
4398,7.0730042,-4.950059
4399,6.557753,-2.691307
4400,5.507231,-0.86222667
4401,6.286735,-3.7643359
4402,6.4853435,-0.46549597
4403,7.1003456,-5.9987493
4404,5.512464,-4.19132
4405,4.220445,-0.7240898
4406,6.580366,-1.5086894
4407,4.572036,-2.3168738
4408,4.270444,-5.2197337
4409,6.0454564,-1.3021533
4410,5.1105623,-0.7758919
4411,5.3620243,-5.8437853
4412,5.041995,-1.5094216
4413,4.855924,-3.111017
4414,6.6756954,-0.5488395
4415,6.773433,-2.587512
4416,5.3576746,-3.1592584
4417,5.3203077,-3.064729
4418,5.401726,-2.6742227
4419,5.9384346,-0.7419431
4420,7.1529307,-1.7135886
4421,4.180718,-0.86439854
4422,7.063427,0.7325873
4423,5.346816,-2.2592788
4424,4.567748,-1.9161885
4425,5.3359394,-1.1223168
4426,5.2767606,-0.3950753
4427,4.925473,-0.04564917
4428,4.157234,-1.0741068
4429,5.1891975,-3.2744124
4430,4.913904,-1.7202542
4431,3.8596332,-3.262351
4432,5.374126,-1.9856114
4433,4.240732,-1.7197131
4434,7.0274553,-5.505651
4435,6.4655657,-3.4722848
4436,6.2627096,-1.9322001
4437,5.478295,-2.4341035
4438,7.3005514,-2.9775083
4439,6.5874734,-2.3206465
4440,7.7830358,-3.4095135
4441,7.974543,-4.198554
4442,6.2234373,-5.214683
4443,8.735481,-6.8207154
4444,9.400849,-3.2980924
4445,6.746306,-2.298918
4446,7.311792,-5.188168
4447,8.874806,-4.146787
4448,9.038267,-2.8523383
4449,7.189114,-3.3500552
4450,8.338308,-4.239519
4451,8.256911,-4.159113
4452,6.4104204,-1.895785
4453,6.95457,-6.7572775
4454,7.4644785,-3.1555445
4455,7.9237432,-3.1329775
4456,6.003376,-0.8060482
4457,7.585654,-4.6343145
4458,7.5517764,0.9344698
4459,8.42206,1.6675954
4460,6.470928,-1.5566629
4461,7.2148776,-3.2878695
4462,8.327942,1.3181925
4463,6.9999013,-2.2662287
4464,7.6748085,-3.7352948
4465,6.536207,-3.2888088
4466,7.7803917,-5.326123
4467,5.5902085,-4.0663614
4468,7.0855265,-3.3405533
4469,9.229929,-2.5813358
4470,6.709532,-2.1454654
4471,8.014289,-2.4744143
4472,6.513924,-3.5658984
4473,6.2450705,-5.660524
4474,6.113692,-2.2871222
4475,7.509194,-0.638496
4476,6.25087,-1.2375324
4477,7.919131,-0.74554944
4478,6.9472427,-0.23349977
4479,8.7157345,-0.72060126
4480,9.224443,-1.4146999
4481,7.4548526,-0.5573412
4482,6.9599996,-2.8089178
4483,6.9654565,-3.4442542
4484,8.087908,-1.7928445
4485,7.2655087,-0.6219835
4486,6.8112397,-0.87593144
4487,7.800866,-0.34423476
4488,8.966321,-0.7284582
4489,7.56086,-0.34945068
4490,7.4340925,1.5832194
4491,8.541499,2.8285258
4492,8.371495,-1.7636786
4493,8.927094,0.06290256
4494,8.934295,-1.3857924
4495,8.513586,0.64219916
4496,8.319547,1.9529519
4497,7.5214267,2.1030724
4498,8.578821,-1.2476006
4499,8.103792,0.07007564
4500,8.24027,1.3528597
4501,8.801084,-1.0679626
4502,9.370389,-0.6433522
4503,6.600706,-1.2955754
4504,7.986086,0.16437997
4505,7.8373413,2.3296251
4506,7.918567,0.4268197
4507,8.288826,0.61971515
4508,9.032116,1.4543941
4509,7.9995375,0.09217681
4510,8.118821,0.7880709
4511,7.149553,0.84666085
4512,8.187751,-0.23363435
4513,8.325922,-0.051908948
4514,7.866387,-0.28080335
4515,7.834071,-0.13120161
4516,8.3285265,-1.8821331
4517,8.080712,-2.5806224
4518,6.818816,-0.8391133
4519,7.9225,-2.192127
4520,7.336029,-1.6054237
4521,7.226518,-0.074308366
4522,7.8799453,-0.15984435
4523,7.383238,-1.0351632
4524,8.964106,-2.6157959
4525,10.146271,-0.50075406
4526,7.670917,-0.8158619
4527,7.678247,-1.0453465
4528,7.699687,-0.5701028
4529,5.957774,-0.7059342
4530,6.8500853,0.5562194
4531,6.889275,-3.0563376
4532,6.3246183,1.8243338
4533,9.040115,2.3647053
4534,7.826187,-0.32917973
4535,8.055859,-0.19620278
4536,6.5071583,-4.448844
4537,7.346515,-1.006678
4538,8.200171,-1.3716158
4539,7.6415744,0.9367296
4540,5.6877303,-2.092654
4541,7.597626,-0.2525648
4542,8.346033,1.8985748
4543,9.553008,-0.9183723
4544,7.60562,-1.466332
4545,6.742783,-2.2657924
4546,7.022183,2.355939
4547,8.036829,-0.70700264
4548,5.2215047,-2.6184788
4549,8.30578,-2.268143
4550,7.3428125,-1.0079341
4551,7.9851174,-3.183465
4552,9.044829,-3.0341697
4553,8.295524,0.5635254
4554,7.5443316,-1.0977318
4555,8.761848,-0.925324
4556,7.2797723,-3.0569322
4557,8.930675,-1.2889321
4558,8.885902,-2.8188045
4559,9.471887,-3.4686763
4560,7.2377906,-2.0488682
4561,6.8689485,-1.9781133
4562,8.277868,0.48726538
4563,9.290789,-0.9589033
4564,9.846124,-3.6497645
4565,9.18001,-1.7556045
4566,10.002914,-2.5839725
4567,8.674262,0.52980906
4568,7.64639,1.4334005
4569,8.763333,2.1211176
4570,7.452416,-1.5509409
4571,6.178954,-3.8259826
4572,6.9281726,-5.022302
4573,8.93974,-2.7927585
4574,7.8837543,-2.6690273
4575,7.1322546,2.021861
4576,8.560383,1.3437402
4577,7.7402625,-1.5757838
4578,9.434962,0.77706796
4579,9.239021,-0.8105974
4580,10.136364,-0.19822544
4581,8.216538,2.1556866
4582,6.544258,-0.6062521
4583,7.9662514,0.47701493
4584,7.594223,1.3702967
4585,8.205422,1.942699
4586,7.2406573,-0.14554319
4587,8.000237,3.3059325
4588,5.860844,3.0907385
4589,7.2172856,-0.45590279
4590,9.815173,1.9095384
4591,9.305205,2.1161988
4592,9.1173935,3.4882324
4593,9.493463,3.0662951
4594,7.3511686,1.1835325
4595,8.276906,-0.3153358
4596,9.017827,2.3347597
4597,8.714658,4.7363205
4598,8.297342,2.3237624
4599,7.497307,5.116305
4600,7.3982735,0.19380866
4601,8.387414,3.9023921
4602,8.258698,-2.3365035
4603,7.754254,0.060594887
4604,7.9457493,-1.9800059
4605,8.99925,-0.50788075
4606,9.102568,-1.1774918
4607,9.658594,0.35114148
4608,9.373866,1.2203395
4609,6.6479187,0.38146892
4610,7.8042274,-0.14814559
4611,7.8152246,2.1721876
4612,7.689758,-1.8099734
4613,7.838631,-1.0599985
4614,8.036536,0.7713144
4615,8.710073,0.5551692
4616,7.429447,0.6116941
4617,7.7097545,2.088237
4618,7.99608,4.058438
4619,8.677518,2.0419824
4620,7.1001425,3.1035275
4621,8.384498,2.4785147
4622,6.8331156,2.5268753
4623,5.2992435,5.578542
4624,5.448521,5.65271
4625,6.6561666,4.1112704
4626,7.2150493,4.556779
4627,7.3335447,3.6712468
4628,7.0256033,4.792317
4629,6.601557,6.1098366
4630,8.128847,4.2666125
4631,7.468481,4.087917
4632,6.699885,5.1285143
4633,6.7211776,4.1676846
4634,7.227757,4.362528
4635,6.446944,4.398921
4636,7.270474,2.8032548
4637,6.2538204,2.6627462
4638,7.8481765,2.8930209
4639,5.0736594,4.0282693
4640,7.6398034,5.4388742
4641,6.5367737,2.1649206
4642,6.2060246,2.2396395
4643,8.257817,1.7932063
4644,7.3724914,3.4811761
4645,7.2501197,4.8084817
4646,6.5579324,2.4806335
4647,6.621773,2.2678297
4648,3.8431396,0.55894274
4649,4.8678923,1.5475159
4650,5.6088624,2.7517147
4651,4.1619577,1.5858508
4652,6.7789655,1.2069249
4653,5.4288507,3.0814123
4654,5.971933,0.25366136
4655,4.8735967,0.7636474
4656,6.6852274,1.813727
4657,5.7440424,2.3086584
4658,5.373308,2.8596506
4659,6.1147537,0.6852602
4660,6.3080907,-2.1723387
4661,5.432677,0.7065621
4662,5.88295,1.0606406
4663,4.9760714,-2.7673702
4664,5.4949145,-1.69145
4665,3.6747403,-2.5506525
4666,5.5407524,-0.7192788
4667,6.5407686,2.4164376
4668,5.599653,-3.597804
4669,6.7121468,-2.2715487
4670,6.69822,-3.9618404
4671,7.1213503,-5.6829743
4672,5.515691,-6.3190265
4673,7.137465,-3.499969
4674,5.2881236,-1.0620623
4675,4.7279105,-0.35701147
4676,7.841186,-2.8909533
4677,6.0297294,-5.6996884
4678,3.3149815,-0.6320015
4679,7.299731,-1.1048054
4680,5.5150657,-3.7165508
4681,5.4379663,-3.9531763
4682,4.3836365,-2.322488
4683,6.8429885,-4.588809
4684,4.9622355,-1.5582538
4685,4.0374823,-3.7636626
4686,4.5902743,-0.2443164
4687,3.1803393,-2.3571582
4688,5.4155107,-2.0478797
4689,5.5751143,-4.1522045
4690,4.3742533,-7.689858
4691,5.6124625,-7.558102
4692,5.605106,-2.6817117
4693,2.7493951,-6.7807074
4694,5.686288,-4.177256
4695,3.5610402,-2.5016463
4696,4.597301,-6.859737
4697,5.5118794,-3.970047
4698,3.7786734,-4.3191433
4699,3.5954432,-2.7451599
4700,5.2279077,-0.7225755
4701,5.265268,-4.1380277
4702,2.6748278,-2.5596972
4703,2.8598404,-4.0738206
4704,4.269891,-5.338689
4705,3.707393,-4.571151
4706,5.169791,-3.9948444
4707,4.5664964,-2.9344022
4708,7.5514665,-7.164505
4709,3.5525026,-4.6991835
4710,6.1690083,-6.4353933
4711,5.367606,-7.5786676
4712,3.8109975,-7.349039
4713,6.6361823,-8.210249
4714,5.0710015,-7.533792
4715,4.366624,-5.9025054
4716,4.4857025,-3.22716
4717,6.182758,-4.2479944
4718,4.797214,-6.2869277
4719,4.0396643,-8.477426
4720,2.9275627,-4.1926527
4721,3.0743093,-4.5346975
4722,5.0478325,-10.548785
4723,5.609419,-7.436329
4724,5.8725085,-6.422146
4725,5.5595202,-9.215402
4726,6.9204946,-7.1347833
4727,3.142882,-8.505589
4728,3.3006039,-8.678913
4729,4.58823,-8.487581
4730,3.466763,-6.671481
4731,5.123929,-7.739952
4732,3.8174443,-7.267493
4733,5.0325694,-6.4009104
4734,5.6191306,-6.761619
4735,4.510575,-5.841264
4736,4.704198,-8.014686
4737,5.231678,-8.902307
4738,5.721666,-6.7098174
4739,3.5212412,-6.4347644
4740,7.6029987,-4.72006
4741,5.3584285,-5.629626
4742,4.192945,-4.022782
4743,5.4256344,-5.1360617
4744,6.188874,-5.892828
4745,7.1978416,-9.655045
4746,7.6945143,-6.1092997
4747,4.9630947,-8.124213
4748,7.3397245,-4.4409294
4749,6.5900416,-4.7932286
4750,5.936197,-4.429903
4751,5.2012596,-2.1425335
4752,4.7776237,-5.0989995
4753,5.3007073,-3.9190428
4754,6.523879,-3.0728884
4755,3.9065115,-5.80845
4756,8.076097,-5.9749665
4757,5.2493086,-4.6513047
4758,5.1511045,-3.348983
4759,4.6340647,-3.6354258
4760,4.863372,2.3747582
4761,4.652103,-0.68384
4762,3.5814857,-4.247431
4763,2.3450103,-3.9235282
4764,4.6500554,-0.18037876
4765,3.1685784,-2.7329156
4766,3.92328,-4.7794094
4767,5.2283397,0.013267854
4768,6.8291965,0.28494796
4769,4.9476905,-0.48523584
4770,5.1262064,-1.7904409
4771,5.710172,-2.1275306
4772,4.281364,-2.2859275
4773,4.5686064,-2.0926058
4774,4.291447,-1.4470466
4775,3.529396,-1.0914702
4776,3.3809428,-1.076199
4777,3.6326606,-3.3336058
4778,1.2233121,-1.182753
4779,5.459256,-2.787599
4780,4.3794847,-3.51314
4781,3.7525547,-2.95001
4782,3.8742428,-3.6973436
4783,5.89172,-2.5511212
4784,2.7848053,-3.3353837
4785,3.8262424,-2.2800994
4786,5.161715,-4.612099
4787,4.0199795,-1.2971513
4788,4.340999,-4.085309
4789,4.792386,-3.4110947
4790,4.5235653,-3.333046
4791,4.161476,-1.1641804
4792,5.1140347,-3.4970474
4793,3.3875575,-1.2001188
4794,2.0561316,-3.5220833
4795,3.7756166,-3.9380572
4796,4.3641624,-6.1165767
4797,4.63788,-6.3107085
4798,3.7392693,-4.830024
4799,4.289759,-6.0227075
4800,2.4324272,-4.005654
4801,1.950827,-5.79113
4802,2.053592,-3.8014922
4803,1.8444715,-5.787036
4804,4.529719,-5.4830217
4805,2.8795052,-4.117845
4806,2.7895644,-0.71730703
4807,3.713779,-5.015935
4808,3.487749,-6.594873
4809,3.4352968,-6.4202075
4810,4.4867344,-4.865166
4811,4.292552,-7.8484273
4812,2.663538,-6.028239
4813,3.7291548,-7.770333
4814,2.0640192,-7.7649946
4815,4.721108,-6.1491175
4816,4.1340184,-4.7098775
4817,3.5603113,-3.034303
4818,3.2041457,-3.6622462
4819,4.99878,-5.7139773
4820,3.2510428,-8.30656
4821,3.2017612,-5.4661016
4822,3.3068712,-4.96006
4823,1.6284457,-5.2690134
4824,2.2109146,-3.3956335
4825,3.34461,-3.9354074
4826,1.6761445,-4.922111
4827,3.5349,-4.8959556
4828,3.206621,-4.9288945
4829,3.0744007,-3.742713
4830,3.740315,-7.7684703
4831,2.4843323,-6.8768644
4832,4.4389305,-3.3135343
4833,4.1265874,-2.6559002
4834,6.206914,-3.6564827
4835,3.2922096,-7.266576
4836,3.6064782,-6.7793446
4837,3.5130513,-5.759651
4838,4.5573363,-7.514008
4839,2.2252953,-7.169394
4840,3.1370068,-8.187451
4841,2.9682753,-10.8024435
4842,2.4347823,-8.981713
4843,4.1586504,-6.643579
4844,2.7503622,-8.165516
4845,1.8444299,-7.011796
4846,2.86486,-3.8312182
4847,4.140879,-4.6663237
4848,2.4081862,-6.992363
4849,1.8353689,-8.32465
4850,2.8284013,-7.222173
4851,1.514246,-5.784639
4852,3.6040146,-7.7637596
4853,3.5410383,-7.2036157
4854,3.7598987,-5.7457786
4855,3.6317132,-6.0851383
4856,3.1180315,-4.438754
4857,3.4161735,-9.192779
4858,2.5585577,-7.2659383
4859,4.1729894,-4.633881
4860,4.824536,-6.7032957
4861,3.9885163,-4.7614236
4862,3.6528394,-5.400275
4863,4.076703,-3.1549182
4864,3.9062877,-3.927216
4865,5.2367005,-4.542232
4866,3.0636973,-7.5921435
4867,4.5832653,-4.856596
4868,4.6998305,-7.5136185
4869,3.8682065,-6.0120754
4870,3.7148464,-3.5857058
4871,2.8966935,-2.8606167
4872,3.397182,-1.2691418
4873,3.055052,-1.6836853
4874,3.242693,-5.662684
4875,4.682835,-6.971831
4876,3.6361322,-4.942439
4877,4.807747,-5.135108
4878,2.975688,-3.65473
4879,3.1669877,-7.1529446
4880,3.2119682,-5.8685274
4881,1.4604018,-6.464141
4882,3.025735,-6.595605
4883,3.2806869,-8.71317
4884,2.6492414,-9.934958
4885,3.692474,-7.415319
4886,2.8843799,-5.912405
4887,4.0751033,-9.448396
4888,3.110359,-4.9931736
4889,2.3038118,-5.2276673
4890,3.1839693,-6.810581
4891,4.545381,-4.8826094
4892,2.3194528,-4.57537
4893,3.9814143,-4.4450555
4894,3.8212388,-5.1145425
4895,5.0943136,-4.1455493
4896,5.128003,-4.277307
4897,3.6890786,-5.323761
4898,3.4760692,-5.8951855
4899,2.94823,-4.1652064
4900,4.1971207,-2.271595
4901,3.562513,-4.079843
4902,3.8685691,-9.002288
4903,3.2174723,-8.07641
4904,5.023321,-8.513532
4905,4.431021,-6.6756153
4906,3.8692756,-6.304463
4907,1.9541429,-5.6821237
4908,4.8002434,-9.274073
4909,4.630891,-9.778933
4910,3.2582088,-8.121632
4911,4.735771,-8.657201
4912,3.7669954,-6.727893
4913,3.9106417,-9.81218
4914,3.9758258,-7.362428
4915,3.6299453,-7.93599
4916,4.7474837,-11.761128
4917,4.827775,-10.855632
4918,4.9232287,-6.161501
4919,6.2707415,-7.189949
4920,2.8039522,-12.718875
4921,2.674188,-13.319629
4922,5.4334216,-9.999456
4923,4.41489,-8.171794
4924,3.9588885,-7.2311687
4925,3.7453372,-12.432169
4926,5.3552175,-8.696394
4927,4.2218814,-9.715976
4928,4.180438,-8.40248
4929,5.352104,-9.096195
4930,4.5931554,-10.321143
4931,4.3566647,-10.631937
4932,5.0289516,-9.20454
4933,4.1289296,-13.213211
4934,4.070418,-11.134514
4935,4.867964,-9.586094
4936,2.6008475,-13.262072
4937,2.8812993,-13.660011
4938,3.3868077,-6.4526734
4939,3.9994066,-12.853141
4940,3.7803183,-11.980837
4941,4.8296037,-4.9242663
4942,4.365686,-8.510013
4943,4.862749,-6.389823
4944,6.1362805,-5.686052
4945,3.522937,-6.7008862
4946,3.699192,-8.405943
4947,5.2746263,-7.7313333
4948,3.863326,-11.0958805
4949,3.5612826,-6.3050265
4950,4.975205,-5.940114
4951,6.2124414,-6.594945
4952,4.4788346,-5.655812
4953,4.2131267,-6.8834815
4954,5.450396,-2.932128
4955,6.7955003,-6.9302926
4956,6.8053193,-5.419583
4957,5.6291285,-6.7465234
4958,4.7020664,-6.1905518
4959,7.23959,-9.311002
4960,4.216947,-7.7512765
4961,4.8873925,-5.0347543
4962,4.290944,-10.272546
4963,2.665849,-14.174252
4964,3.3636067,-9.42961
4965,4.507762,-5.7075086
4966,6.6742735,-6.3542013
4967,6.7456007,-8.808717
4968,4.584908,-11.543783
4969,4.9718113,-9.381508
4970,3.9909368,-11.414442
4971,5.489584,-9.957626
4972,4.05931,-11.776342
4973,6.0929704,-8.059993
4974,6.383605,-5.451693
4975,4.756168,-3.2996578
4976,4.558948,-6.7446165
4977,4.1401906,-4.1149397
4978,3.1750445,-8.330551
4979,4.3553543,-9.355447
4980,2.992307,-5.582844
4981,3.1516047,-9.416168
4982,4.518807,-3.950372
4983,3.4713023,-5.0973086
4984,3.3508317,-4.9118547
4985,4.2601814,-8.715408
4986,3.421504,-5.97955
4987,3.5065212,-10.828456
4988,4.3846283,-7.462225
4989,4.3396587,-8.387326
4990,3.6807632,-9.872102
4991,3.5906518,-8.746279
4992,3.0003004,-5.470281
4993,2.2947874,-6.857629
4994,0.8514173,-5.965767
4995,2.9341242,-5.873119
4996,1.6345305,-5.3263035
4997,4.3084197,-3.214695
4998,3.0848691,-4.554224
4999,2.160154,-6.6200233
5000,1.0255191,-7.123092
5001,3.1132293,-2.4539926
5002,2.7586124,-5.915908
5003,2.986674,-5.1995015
5004,2.1007926,-7.596887
5005,3.182132,-9.637341
5006,2.0480745,-6.2242427
5007,3.1775043,-9.385106
5008,3.7846737,-6.86351
5009,3.6197436,-10.712567
5010,3.658631,-7.7167377
5011,4.9713917,-8.898616
5012,4.1272707,-5.9379945
5013,4.3051543,-8.603094
5014,3.909668,-6.6473384
5015,4.8829155,-8.772082
5016,3.3342674,-5.622261
5017,3.219818,-9.116728
5018,3.801394,-7.1768456
5019,4.0321956,-6.803133
5020,4.5122333,-9.47127
5021,2.5825315,-11.321199
5022,1.8605908,-10.303185
5023,3.047575,-5.4671683
5024,3.766469,-7.299717
5025,3.8046994,-8.015884
5026,1.7994126,-10.057232
5027,3.675652,-10.51313
5028,4.2568054,-10.339907
5029,1.6987572,-10.591455
5030,2.1423855,-9.710374
5031,5.4795637,-10.958777
5032,6.317768,-10.391806
5033,4.0728664,-11.052242
5034,4.0494866,-10.87651
5035,3.5038142,-8.161924
5036,2.947408,-7.203426
5037,2.636032,-7.8943
5038,3.4409847,-4.439398
5039,2.7487562,-8.11719
5040,3.1769018,-8.353321
5041,2.11168,-3.9881608
5042,1.8437312,-5.8392377
5043,0.7448439,-9.016784
5044,1.4677769,-9.333009
5045,4.548744,-5.495989
5046,1.8599187,-4.6103654
5047,3.73681,-4.9721017
5048,2.6500688,-6.3920455
5049,2.7524748,-3.907837
5050,2.2466357,-4.4212217
5051,0.027430184,-4.1202273
5052,1.2730367,-4.571347
5053,1.3315637,-4.3918014
5054,1.8714285,-7.165723
5055,1.2579892,-7.5374937
5056,2.633781,-9.170392
5057,1.6042417,-6.810191
5058,0.92202586,-6.67468
5059,3.824896,-6.081829
5060,3.279847,-4.414005
5061,1.5570765,-7.5788107
5062,2.8800845,-4.5429554
5063,3.9046538,-7.299353
5064,2.3080215,-10.46064
5065,2.1453114,-7.7635016
5066,5.6025467,-8.96413
5067,3.7096741,-6.457954
5068,3.9139414,-4.4901247
5069,3.50153,-7.9109898
5070,3.1305344,-5.329789
5071,1.3917503,-8.836142
5072,1.9263785,-8.42505
5073,0.13858388,-11.331558
5074,3.0856092,-8.165853
5075,3.6478186,-9.538439
5076,2.4412687,-11.956143
5077,4.0024695,-12.707973
5078,2.6080992,-10.953023
5079,4.7388883,-10.442747
5080,1.8657972,-10.763437
5081,2.8106363,-4.381854
5082,3.3660886,-7.48324
5083,3.8298254,-9.959411
5084,0.9701232,-10.124256
5085,1.867721,-7.0171824
5086,3.4121456,-9.056284
5087,3.3510864,-7.1095557
5088,4.029518,-7.5632896
5089,4.59518,-7.428268
5090,3.3502498,-5.334672
5091,3.8745859,-2.6529658
5092,5.79156,-5.6117363
5093,3.2928793,-3.4727023
5094,3.4996176,-4.5939493
5095,4.405892,-5.686256
5096,3.199666,-3.606122
5097,5.5713825,-5.388724
5098,1.8656939,-2.475877
5099,4.7667637,-2.6366796
5100,5.326037,-2.318761
5101,4.194096,-2.175738
5102,3.8271458,-4.2670417
5103,4.2557755,-4.0930347
5104,1.3595152,-4.342279
5105,1.0953482,-5.5536156
5106,1.5959644,-4.759125
5107,1.6250701,-6.992807
5108,2.0095594,-9.067937
5109,3.4181163,-2.4111793
5110,3.8241134,-4.7732043
5111,4.6950397,-4.448534
5112,4.2117248,-5.2199225
5113,3.8080714,-1.3457578
5114,2.8981287,-1.9754277
5115,3.0733006,-1.1765543
5116,3.881267,-4.3510323
5117,5.1160793,-1.4080118
5118,5.902846,-3.3698187
5119,3.5016198,-1.9033633
5120,3.3729913,-2.863284
5121,5.7364597,-1.7685263
5122,5.6574545,-2.7638988
5123,3.8502374,-1.9176762
5124,4.5288696,-2.4443526
5125,2.870694,-5.1121454
5126,5.144882,-2.503877
5127,4.308537,-1.9156855
5128,2.6717257,-4.293576
5129,6.526212,-9.070411
5130,2.3347738,-6.5906816
5131,3.2362921,-10.125283
5132,4.2907743,-9.168191
5133,5.831977,-8.358753
5134,2.4344025,-9.139523
5135,4.1237273,-7.345174
5136,3.439124,-3.4237509
5137,1.5219396,-9.769034
5138,2.5552053,-8.360592
5139,4.111292,-11.465736
5140,4.5464015,-12.464506
5141,2.991913,-9.319608
5142,3.980161,-9.612969
5143,2.7293456,-13.111923
5144,2.8671393,-10.372261
5145,3.6428134,-10.650605
5146,3.2574213,-13.813214
5147,2.2829018,-10.211269
5148,3.2492251,-7.4210353
5149,2.434683,-9.427506
5150,4.1986556,-6.6860147
5151,4.73583,-9.849049
5152,3.8775547,-9.999032
5153,3.4886143,-10.16888
5154,3.8681526,-10.457926
5155,2.9563649,-11.140761
5156,1.8867948,-7.731465
5157,3.0596452,-8.671227
5158,3.000076,-9.610307
5159,4.1894937,-9.976641
5160,3.4541926,-8.322278
5161,4.053109,-9.530992
5162,2.210412,-9.304517
5163,2.3756952,-10.834245
5164,4.555876,-8.942577
5165,3.3477802,-12.494487
5166,4.6113405,-9.811713
5167,4.179597,-8.672142
5168,5.1841516,-11.976322
5169,4.7528844,-12.213065
5170,4.653328,-9.701557
5171,2.7529254,-7.178997
5172,3.6823,-7.530167
5173,3.6399117,-10.858208
5174,4.649254,-11.270956
5175,3.273685,-8.106778
5176,3.2117844,-8.210506
5177,4.142156,-12.016661
5178,3.9010644,-13.88719
5179,2.7315285,-10.78044
5180,4.45458,-12.821859
5181,3.1870818,-12.420122
5182,3.6754184,-10.737084
5183,4.5339417,-12.3819685
5184,4.5304646,-8.205336
5185,3.5203016,-8.43993
5186,5.36482,-7.428741
5187,4.5191298,-10.256207
5188,5.394188,-7.449931
5189,3.5180306,-7.390977
5190,4.3573437,-8.465131
5191,2.1293645,-7.09742
5192,5.212604,-10.268431
5193,4.536323,-10.415937
5194,4.842968,-9.926964
5195,5.129919,-9.848757
5196,4.7722797,-7.64779
5197,3.4528704,-11.309053
5198,5.04517,-9.891976
5199,5.2516847,-1.9979781
5200,5.0015526,-5.669846
5201,2.276497,-4.542742
5202,3.642022,-7.559562
5203,2.3225555,-9.128165
5204,4.590443,-6.118781
5205,4.2401752,-9.200457
5206,6.7173805,-5.913543
5207,5.020291,-8.119288
5208,5.216355,-12.667069
5209,5.161283,-12.0647955
5210,4.774056,-11.567641
5211,4.4152617,-10.795546
5212,4.0452595,-14.229697
5213,6.6684394,-11.837785
5214,6.641745,-10.172978
5215,7.091731,-12.136128
5216,5.1312723,-10.773588
5217,6.496005,-10.019129
5218,3.5832348,-10.608583
5219,4.920213,-12.614653
5220,5.3976054,-9.685858
5221,3.8819017,-10.422088
5222,4.244889,-10.937586
5223,5.8257966,-11.3784
5224,5.1678686,-7.8916435
5225,4.47424,-8.265354
5226,6.149148,-12.080331
5227,5.9288487,-9.09258
5228,6.1697474,-13.545457
5229,6.0979815,-15.026332
5230,6.278826,-13.262469
5231,5.536982,-11.772248
5232,5.8983045,-14.0960455
5233,5.482336,-13.764251
5234,8.066778,-11.606899
5235,7.12896,-15.364556
5236,5.6172295,-16.173317
5237,4.6947813,-12.308735
5238,5.6403337,-14.287708
5239,5.259315,-13.72444
5240,4.975247,-12.542471
5241,5.6355953,-13.93258
5242,5.826947,-15.527019
5243,6.0707664,-14.40819
5244,4.466483,-14.655486
5245,3.495055,-14.05767
5246,5.8784504,-15.238965
5247,4.7992463,-15.682977
5248,5.36454,-14.498072
5249,5.227523,-11.154096
5250,6.1428747,-13.020982
5251,6.024179,-14.540439
5252,4.8403873,-12.074146
5253,4.823412,-12.766032
5254,6.915996,-15.097249
5255,4.9991865,-14.998767
5256,4.7260284,-14.034581
5257,4.4633384,-12.475001
5258,3.7655454,-14.8717785
5259,3.0650976,-10.729595
5260,4.575097,-14.257253
5261,3.2842336,-13.195119
5262,3.4309719,-10.309886
5263,3.4002247,-12.696051
5264,4.956906,-11.0399
5265,3.997308,-14.349681
5266,1.5538521,-14.864879
5267,2.2833848,-15.109347
5268,3.3608558,-12.407914
5269,3.9458044,-10.499982
5270,4.247358,-12.267498
5271,4.496525,-14.076946
5272,4.8204217,-13.516573
5273,5.3863354,-14.885368
5274,5.6941514,-13.0647955
5275,5.747699,-16.277864
5276,4.3806324,-15.535867
5277,4.3383746,-14.600546
5278,3.3485017,-15.390038
5279,5.52743,-16.738817
5280,5.5897794,-16.21731
5281,4.333132,-17.841053
5282,7.3189445,-18.758886
5283,7.499328,-18.33411
5284,5.5992765,-16.312578
5285,4.972738,-15.598629
5286,3.27603,-14.736546
5287,5.166364,-15.413716
5288,4.0105076,-14.203102
5289,4.492945,-16.49466
5290,5.1883016,-15.127978
5291,4.878124,-16.901627
5292,5.28162,-22.138947
5293,4.053632,-17.566267
5294,4.7652283,-19.21716
5295,4.7136106,-20.864912
5296,4.3044157,-19.353472
5297,4.448641,-20.195442
5298,3.893729,-19.401997
5299,6.120919,-18.912842
5300,3.7203574,-18.21243
5301,2.4180403,-16.339415
5302,3.591883,-15.072169
5303,5.048679,-16.045864
5304,4.779007,-16.479069
5305,4.4165444,-18.911562
5306,3.3292491,-17.208559
5307,6.0872316,-19.269554
5308,5.333995,-19.093203
5309,6.0364513,-18.048712
5310,5.9651737,-17.972061
5311,3.5924573,-16.680107
5312,4.7851295,-16.040413
5313,5.1095424,-18.349117
5314,4.0820684,-18.852718
5315,2.8952196,-17.56994
5316,4.6825237,-19.7914
5317,4.0219197,-22.691257
5318,4.6100984,-17.663359
5319,2.8059893,-16.47279
5320,4.674001,-19.60401
5321,4.7109375,-13.486865
5322,5.3608074,-18.562403
5323,5.3079805,-18.086412
5324,6.489739,-15.405897
5325,5.1759553,-17.977322
5326,7.0105667,-17.886263
5327,6.220564,-18.382755
5328,5.487372,-16.870798
5329,5.6964836,-16.61591
5330,5.15216,-15.194268
5331,5.097073,-17.584974
5332,6.005827,-15.7521515
5333,5.9987006,-14.969084
5334,5.02044,-17.977818
5335,5.657148,-18.01907
5336,5.492468,-15.349691
5337,4.2008986,-13.702148
5338,5.2548943,-14.639809
5339,5.4022884,-16.698599
5340,5.270477,-16.729092
5341,5.432514,-16.995903
5342,4.5313845,-15.118476
5343,6.338692,-17.447407
5344,6.4818363,-17.980612
5345,6.607025,-18.0594
5346,4.6782775,-16.717367
5347,6.0621967,-16.846504
5348,5.6100736,-17.51702
5349,7.4414687,-17.08958
5350,6.7303267,-17.79153
5351,6.0079813,-21.760397
5352,4.760593,-16.151947
5353,5.111898,-17.518166
5354,4.360308,-19.729778
5355,4.164925,-18.098587
5356,4.133641,-16.920275
5357,4.681335,-16.79914
5358,3.9149604,-18.532333
5359,4.741081,-20.22041
5360,5.160968,-16.650328
5361,4.408483,-16.224604
5362,5.1138415,-19.738092
5363,5.736675,-18.026148
5364,4.453182,-16.887766
5365,6.257527,-16.994684
5366,4.4514112,-15.774644
5367,5.4970183,-17.333773
5368,5.653308,-19.905272
5369,5.934938,-15.454327
5370,7.1284857,-18.166687
5371,6.2890406,-16.84748
5372,6.8941994,-15.441821
5373,7.058157,-15.618279
5374,4.117514,-15.951547
5375,4.521375,-16.717796
5376,6.543332,-20.269653
5377,4.8096147,-21.572105
5378,3.818934,-17.716202
5379,4.622744,-15.748067
5380,3.8396394,-17.724985
5381,4.6320133,-14.633957
5382,3.3097408,-15.318253
5383,4.923788,-16.089321
5384,7.3939114,-19.39929
5385,5.5056314,-14.943899
5386,5.6396546,-17.36067
5387,5.8610415,-18.289661
5388,5.0414953,-15.628871
5389,6.3365684,-15.9428215
5390,4.5492864,-15.118143
5391,5.115038,-17.478437
5392,5.251656,-15.681871
5393,5.7227454,-15.9977255
5394,4.366201,-15.382369
5395,4.911697,-15.4622555
5396,5.3834624,-14.160989
5397,6.57146,-15.2564125
5398,7.902427,-17.392015
5399,6.4769306,-15.830144
5400,6.1441793,-15.880312
5401,4.8031178,-15.624233
5402,6.314217,-15.189894
5403,6.0568404,-16.535334
5404,5.9238815,-16.175951
5405,6.1669064,-19.434843
5406,4.8569193,-19.211119
5407,5.6745257,-16.983421
5408,6.5971494,-18.11618
5409,7.0344405,-16.922077
5410,6.687264,-16.975687
5411,5.131646,-16.485418
5412,6.3206215,-18.85913
5413,5.5000954,-19.72274
5414,5.918762,-17.409546
5415,4.6639466,-16.79943
5416,7.0220437,-19.215624
5417,6.8218536,-17.842287
5418,5.832969,-18.06895
5419,5.9919467,-17.253338
5420,5.9392524,-16.221376
5421,5.7888646,-19.519705
5422,7.727145,-18.285006
5423,7.2359877,-15.806626
5424,5.9996567,-18.824244
5425,5.6134048,-19.693573
5426,5.9576073,-19.064968
5427,6.946017,-19.89835
5428,5.997503,-17.55323
5429,6.419441,-18.93399
5430,6.1977615,-17.172733
5431,4.96628,-18.445192
5432,5.550506,-21.944912
5433,6.260362,-16.147331
5434,5.933439,-18.599653
5435,6.0986385,-20.57329
5436,3.8520825,-15.887993
5437,6.334871,-19.699993
5438,5.6057835,-16.517712
5439,5.881647,-19.820566
5440,7.058888,-19.741728
5441,6.9401374,-16.073069
5442,5.7169127,-18.98246
5443,5.9289236,-17.146639
5444,5.7841034,-14.26161
5445,5.6255355,-13.895579
5446,7.478439,-15.665346
5447,6.3157086,-17.240171
5448,7.1063285,-17.408388
5449,6.4562774,-17.56884
5450,6.26952,-17.451685
5451,6.4152284,-19.027489
5452,5.435248,-19.109156
5453,6.7775207,-19.252247
5454,5.198044,-21.233673
5455,6.003799,-18.05762
5456,6.0688076,-18.205502
5457,5.134414,-17.71929
5458,7.8330116,-15.139233
5459,5.2055655,-17.76601
5460,7.0249634,-17.983192
5461,4.451963,-15.28511
5462,5.3281837,-14.700251
5463,5.3952994,-17.020363
5464,3.8137481,-16.82157
5465,4.809716,-17.55269
5466,5.265894,-15.290187
5467,6.661044,-15.399333
5468,5.4772844,-13.735495
5469,6.6466827,-12.849686
5470,6.8359895,-12.814951
5471,5.3603024,-14.588407
5472,5.5111933,-16.821533
5473,7.654112,-20.001484
5474,5.459744,-21.084112
5475,5.8542614,-19.413904
5476,5.53599,-15.911529
5477,6.894125,-19.552427
5478,7.405361,-16.127459
5479,4.651076,-16.344189
5480,5.974305,-17.357986
5481,5.702288,-16.834612
5482,6.115294,-17.440905
5483,4.7162237,-15.619156
5484,6.058205,-18.56454
5485,5.3982916,-22.609379
5486,6.02578,-17.900906
5487,5.804821,-19.08075
5488,7.115382,-19.556078
5489,4.878403,-18.530664
5490,7.0279493,-20.23542
5491,6.640215,-19.940683
5492,5.229082,-17.969055
5493,5.709422,-16.764605
5494,6.7873087,-20.7422
5495,5.7337103,-17.034697
5496,5.1424093,-17.938314
5497,6.62434,-17.28061
5498,5.116279,-16.602165
5499,5.250785,-17.26545
5500,6.6385317,-17.343128
5501,5.856762,-18.195852
5502,5.7279425,-21.882797
5503,4.0972443,-19.062862
5504,6.7515388,-21.396526
5505,4.8193316,-16.220455
5506,6.1972704,-16.76576
5507,5.4439373,-17.91195
5508,4.9521623,-17.791883
5509,3.8804,-17.276188
5510,4.791951,-20.222557
5511,4.683533,-20.063927
5512,3.7782943,-17.688095
5513,4.187494,-18.900776
5514,3.9910834,-20.118385
5515,4.0677943,-18.871164
5516,4.8759656,-20.660969
5517,5.8523345,-19.153118
5518,6.5320253,-18.77837
5519,5.6639585,-17.907162
5520,5.479141,-19.316208
5521,6.0881886,-17.713305
5522,4.458616,-20.23378
5523,5.7573905,-20.138025
5524,5.630396,-15.762263
5525,7.9805765,-20.303783
5526,5.827261,-17.503784
5527,6.4424076,-18.590284
5528,5.5120463,-16.541079
5529,4.9683466,-15.650553
5530,6.0312057,-16.320774
5531,5.82548,-15.128309
5532,5.6865005,-15.943904
5533,4.5463357,-17.589445
5534,5.1462903,-18.038734
5535,3.3382542,-17.874691
5536,3.8560128,-16.586704
5537,5.0027714,-18.8811
5538,4.8304687,-17.264467
5539,4.9593997,-18.024527
5540,4.7145844,-19.259026
5541,5.419483,-19.833122
5542,4.192858,-17.418592
5543,4.76001,-19.776152
5544,4.9943075,-20.78854
5545,6.460851,-20.3679
5546,5.6350718,-17.21505
5547,4.3752337,-19.178204
5548,4.9411306,-17.821148
5549,6.5254807,-18.487894
5550,5.8410816,-16.70979
5551,4.772372,-19.237993
5552,6.162759,-21.572315
5553,3.5236444,-17.530807
5554,3.1574972,-17.189354
5555,4.0127645,-14.922299
5556,4.9307446,-19.033146
5557,6.28002,-19.211246
5558,5.383336,-17.865355
5559,5.012593,-18.816784
5560,5.562088,-18.510239
5561,5.744069,-19.651278
5562,5.0108104,-18.539833
5563,4.6770086,-19.921244
5564,5.3134313,-17.94054
5565,4.9964547,-19.67996
5566,4.9917574,-17.946697
5567,4.4170327,-16.998981
5568,6.651509,-14.912505
5569,5.4863143,-15.302103
5570,5.7790747,-16.80013
5571,5.6517115,-16.910164
5572,6.9744163,-18.60645
5573,7.776374,-18.042349
5574,5.7866597,-18.560762
5575,6.022033,-18.449896
5576,4.4325075,-17.130821
5577,4.690429,-16.58309
5578,4.06078,-16.52763
5579,6.1516743,-17.438395
5580,5.3437266,-15.762209
5581,4.85786,-19.615698
5582,3.749451,-18.677696
5583,2.3120918,-16.907272
5584,5.322787,-18.468485
5585,5.0763783,-19.157799
5586,4.0155582,-19.403269
5587,4.215897,-15.729031
5588,3.9851372,-16.116018
5589,3.3039348,-17.089542
5590,4.5922346,-17.75388
5591,4.100994,-17.175968
5592,5.9318876,-15.952062
5593,4.5336504,-15.430567
5594,4.04675,-16.008965
5595,5.9942503,-17.000902
5596,6.9706683,-15.964284
5597,6.549118,-16.084219
5598,4.3958473,-13.9506645
5599,6.2575235,-17.694126
5600,5.0315013,-18.681183
5601,2.8532043,-14.597563
5602,3.7110865,-13.082047
5603,4.9772263,-14.659339
5604,5.6670346,-15.921947
5605,5.611759,-16.783693
5606,5.560254,-16.195227
5607,4.966071,-13.753387
5608,3.9596791,-13.314906
5609,5.550758,-12.607126
5610,4.9005404,-13.37339
5611,4.1239576,-12.425108
5612,3.550703,-15.771102
5613,3.680593,-15.539447
5614,3.8156884,-16.173119
5615,4.859174,-20.793888
5616,4.845627,-17.280674
5617,3.2629828,-17.230202
5618,4.1485863,-16.531904
5619,4.822811,-15.380348
5620,4.204345,-16.669537
5621,3.3023622,-15.272962
5622,4.4548573,-16.061253
5623,6.3009443,-13.492468
5624,5.944439,-14.173435
5625,5.6193757,-16.834135
5626,2.591381,-18.099611
5627,3.70909,-14.65934
5628,5.8856483,-16.85439
5629,4.9624047,-14.397304
5630,4.2323318,-10.512323
5631,3.8933814,-12.259608
5632,3.7823465,-11.820292
5633,4.5712657,-13.142491
5634,4.331705,-11.609983
5635,5.39837,-13.144336
5636,4.5935097,-11.207129
5637,4.9601364,-10.320256
5638,4.718476,-15.591484
5639,4.105739,-14.767816
5640,4.260695,-16.46622
5641,4.5823083,-18.229305
5642,6.6752925,-17.407972
5643,4.1522985,-18.500332
5644,4.5886765,-16.689594
5645,4.1652613,-17.092232
5646,4.315623,-16.512093
5647,4.3778234,-16.373104
5648,4.1482277,-15.8922825
5649,4.1305203,-15.315572
5650,5.543385,-17.154457
5651,5.3845243,-14.4138775
5652,5.7618294,-11.063077
5653,4.3549,-11.251787
5654,7.251744,-13.6154375
5655,5.206917,-15.383681
5656,4.843786,-14.122301
5657,3.6200194,-14.281757
5658,5.315874,-13.737361
5659,3.073035,-12.5548935
5660,4.7300406,-14.933922
5661,3.3681612,-12.062466
5662,5.1143007,-12.14715
5663,3.0108256,-14.664582
5664,2.003711,-14.064589
5665,3.3254654,-14.049518
5666,4.264848,-15.308332
5667,4.6551514,-15.091794
5668,3.6303973,-15.983222
5669,3.5940173,-17.079319
5670,4.7693734,-17.44998
5671,4.0469728,-15.465782
5672,4.3587,-14.455336
5673,3.4812617,-16.25885
5674,4.864358,-16.319965
5675,4.870769,-14.909423
5676,3.4651718,-13.562424
5677,5.1843286,-15.652227
5678,5.044532,-16.418121
5679,5.7200475,-17.846872
5680,4.445961,-15.85486
5681,4.7653174,-14.82744
5682,3.6427464,-16.146614
5683,4.621714,-16.505825
5684,3.0091577,-17.129618
5685,2.6276896,-14.433932
5686,3.7857263,-15.46071
5687,2.2359452,-14.974594
5688,4.466248,-16.222887
5689,4.183452,-16.324804
5690,4.437388,-14.939882
5691,4.225978,-8.875619
5692,4.2232428,-13.505591
5693,5.1840396,-12.853744
5694,3.543963,-13.85569
5695,4.361365,-13.650954
5696,5.050761,-11.51102
5697,5.0812044,-15.075264
5698,6.563934,-15.46172
5699,4.298701,-11.29613
5700,4.439795,-17.007013
5701,4.5777206,-14.056692
5702,4.478647,-14.955715
5703,4.6329966,-15.71829
5704,3.8569255,-14.729212
5705,4.3556886,-17.568583
5706,4.05174,-14.561636
5707,4.9193473,-14.5511
5708,4.0809984,-13.889613
5709,4.547369,-15.029605
5710,3.8888938,-14.311117
5711,4.7263813,-11.13538
5712,4.446619,-14.775045
5713,5.411424,-16.256756
5714,4.043125,-15.599109
5715,3.6399174,-14.011158
5716,3.141282,-14.489812
5717,3.92673,-15.99901
5718,4.690267,-16.533966
5719,4.301436,-13.366015
5720,3.930762,-17.062809
5721,2.9843233,-13.124926
5722,2.9043987,-12.481691
5723,4.1496215,-9.281181
5724,4.3154182,-11.321692
5725,5.3810625,-12.743341
5726,3.8424191,-14.320592
5727,2.1062481,-14.8427515
5728,4.4126134,-13.821549
5729,5.156582,-15.584387
5730,3.7606592,-16.442875
5731,4.7294164,-14.873238
5732,3.1577966,-14.116303
5733,4.860233,-14.164
5734,5.349343,-15.297617
5735,6.737505,-16.023533
5736,5.566288,-14.164847
5737,6.729435,-14.695311
5738,6.110435,-16.383553
5739,5.5108695,-14.42344
5740,3.7979653,-13.936092
5741,4.6711073,-15.722889
5742,4.7211056,-11.773117
5743,4.51402,-13.710759
5744,5.87813,-10.87964
5745,6.203812,-14.263627
5746,6.5425816,-16.54409
5747,6.0662293,-13.937531
5748,6.6089272,-16.58556
5749,4.805324,-13.133197
5750,5.1425447,-14.894732
5751,5.7849436,-15.783911
5752,5.520619,-12.492531
5753,4.9031277,-16.156786
5754,4.922295,-18.486954
5755,5.932801,-15.788542
5756,5.117826,-15.427784
5757,5.783947,-16.971992
5758,3.7987025,-14.162263
5759,6.2249985,-15.708507
5760,6.3693,-16.629345
5761,6.271761,-19.690144
5762,5.215924,-15.401805
5763,4.4959245,-18.533852
5764,3.4777288,-17.269262
5765,5.006315,-16.08893
5766,4.8644776,-19.356606
5767,5.725793,-16.53265
5768,5.431045,-16.297163
5769,5.232578,-17.53799
5770,4.6012883,-15.015727
5771,4.3385363,-17.88692
5772,5.8817005,-17.670216
5773,4.9731994,-19.126331
5774,6.2454267,-20.1799
5775,4.229321,-21.352247
5776,5.9819436,-20.847437
5777,5.3292804,-14.65008
5778,5.2154474,-18.055593
5779,5.7883554,-18.752295
5780,6.7487364,-20.744495
5781,6.343196,-17.429821
5782,5.3833632,-17.674973
5783,6.1660733,-15.174476
5784,5.741834,-15.757695
5785,5.293257,-17.95128
5786,5.371431,-14.94675
5787,5.142995,-14.348386
5788,6.8018293,-19.217203
5789,6.168414,-17.09868
5790,5.208928,-17.674286
5791,6.466643,-16.72156
5792,5.5924487,-18.662537
5793,7.423775,-17.078865
5794,5.5122886,-16.130814
5795,5.7932115,-16.793499
5796,5.941579,-19.699366
5797,5.623632,-22.70189
5798,6.12441,-18.413956
5799,5.0978045,-18.23577
5800,4.772943,-18.113787
5801,3.9537294,-19.028585
5802,4.7348905,-19.43635
5803,5.004691,-17.11651
5804,6.083483,-17.924517
5805,5.9557543,-19.386627
5806,4.3221064,-17.025223
5807,4.7435827,-19.457317
5808,5.6569934,-18.330433
5809,5.4659414,-18.08967
5810,6.536945,-18.41819
5811,4.3559465,-18.862545
5812,5.5695796,-18.173328
5813,6.2824774,-17.738047
5814,3.7565818,-18.437786
5815,6.3863363,-16.513391
5816,6.7701054,-15.832152
5817,4.7232394,-17.748142
5818,5.5382524,-17.99903
5819,6.2695003,-18.288391
5820,5.344654,-15.2180605
5821,4.9232235,-18.042017
5822,5.189947,-18.437473
5823,5.8054767,-18.91532
5824,5.9760113,-17.212461
5825,6.2008476,-17.812092
5826,4.5833554,-16.963623
5827,5.091357,-17.749626
5828,5.2280855,-17.209267
5829,5.389705,-16.9344
5830,6.628929,-19.271149
5831,4.531053,-15.816985
5832,5.8035665,-17.099981
5833,6.061388,-19.164057
5834,3.421368,-16.266462
5835,6.0752983,-18.155401
5836,5.8958497,-17.899055
5837,6.3777957,-18.581358
5838,7.475767,-19.949959
5839,7.221393,-14.871951
5840,5.9807434,-15.032975
5841,6.0308027,-17.20652
5842,6.191409,-19.757887
5843,5.954025,-21.953442
5844,4.840365,-17.89253
5845,3.5291913,-18.815914
5846,4.6232023,-18.649311
5847,3.4721856,-19.672512
5848,4.7630234,-21.219252
5849,6.0803843,-18.939367
5850,5.588243,-20.286572
5851,5.2861266,-19.328655
5852,5.9068995,-16.06044
5853,6.4723754,-19.236057
5854,6.1328197,-17.373096
5855,4.906249,-18.276962
5856,6.6639094,-19.840834
5857,6.5172296,-20.109634
5858,7.1382294,-19.854034
5859,6.4319925,-20.483038
5860,7.4159636,-19.242151
5861,6.3498797,-17.045221
5862,6.8728848,-17.537306
5863,5.7936907,-15.857774
5864,8.36882,-19.164927
5865,6.9953303,-22.732075
5866,6.6391172,-18.477581
5867,7.0303574,-20.038322
5868,5.4143977,-17.422737
5869,5.630468,-19.679863
5870,6.737865,-20.173416
5871,6.4920435,-21.529936
5872,5.8909144,-17.546988
5873,4.5717244,-20.68389
5874,5.1739683,-18.274742
5875,5.6038074,-18.831266
5876,5.2970037,-17.013016
5877,3.8290343,-17.607258
5878,5.0927243,-17.98041
5879,5.605378,-19.01127
5880,4.498244,-17.037788
5881,4.163035,-20.19068
5882,4.0969357,-20.413034
5883,5.8612633,-21.827036
5884,6.3102207,-18.183554
5885,5.3577642,-16.255232
5886,5.2233863,-13.595728
5887,3.680951,-15.323077
5888,3.881425,-16.386007
5889,3.6219862,-18.659397
5890,4.278512,-16.12667
5891,5.228417,-16.512697
5892,4.6532435,-16.183441
5893,4.440168,-14.545057
5894,3.1953454,-18.58517
5895,4.226133,-16.621311
5896,4.024771,-16.12497
5897,2.9450893,-15.656855
5898,4.772381,-18.081932
5899,2.9108503,-19.001242
5900,3.690012,-17.623247
5901,4.7189755,-17.91478
5902,3.992346,-17.460197
5903,4.0639896,-19.253092
5904,6.1681404,-18.28511
5905,4.5537434,-17.780415
5906,4.535846,-19.316248
5907,5.9206786,-20.474993
5908,4.317162,-18.64594
5909,3.6780481,-16.2896
5910,3.439573,-20.006514
5911,4.172073,-19.337831
5912,6.137805,-21.305292
5913,4.343914,-22.744308
5914,4.937606,-24.209234
5915,7.720084,-21.336552
5916,6.41795,-21.343895
5917,7.4119797,-21.463984
5918,7.360382,-20.6394
5919,7.146005,-20.53098
5920,6.4583707,-19.692663
5921,5.252054,-15.301061
5922,6.1523676,-17.94015
5923,6.257753,-19.554338
5924,5.9037433,-18.170296
5925,7.144913,-17.545528
5926,6.1229887,-16.671095
5927,7.168847,-16.651644
5928,6.561964,-15.930733
5929,7.1821265,-15.215864
5930,6.248686,-17.53107
5931,8.138817,-18.397102
5932,6.89158,-17.476107
5933,6.064903,-17.542398
5934,7.333717,-19.692669
5935,5.013921,-18.577887
5936,6.3827486,-19.859808
5937,5.236586,-17.954903
5938,6.5728364,-20.970022
5939,5.255012,-20.105122
5940,4.568819,-19.814907
5941,5.019226,-18.279978
5942,6.8192835,-16.199398
5943,6.1629906,-17.852482
5944,6.5843487,-15.165521
5945,4.71022,-14.236417
5946,5.8963966,-14.74027
5947,5.3072424,-18.380972
5948,6.36871,-16.794868
5949,5.678121,-14.809313
5950,6.8897276,-16.148653
5951,3.2214336,-16.63212
5952,4.2255545,-19.302456
5953,3.814693,-17.883966
5954,4.4325814,-17.48057
5955,4.777098,-18.685158
5956,6.5811496,-17.445763
5957,4.674398,-19.287796
5958,5.2175384,-18.732117
5959,4.475375,-21.26447
5960,6.1342993,-20.628256
5961,5.8590665,-22.455965
5962,4.697567,-21.294682
5963,4.6499014,-19.694744
5964,2.7844062,-22.536114
5965,3.672034,-20.050953
5966,2.2012172,-20.466318
5967,3.4479876,-21.222786
5968,4.0428066,-23.05495
5969,5.375654,-24.659563
5970,5.591089,-21.340912
5971,6.335212,-24.10886
5972,6.4589887,-22.455563
5973,4.2489734,-22.930986
5974,5.2290916,-22.22547
5975,3.4547768,-20.599033
5976,4.658403,-21.672382
5977,5.537657,-20.45526
5978,7.860863,-22.774076
5979,6.804538,-20.772364
5980,6.427329,-20.761782
5981,6.427424,-21.781815
5982,6.5665874,-19.71522
5983,6.139526,-20.039022
5984,7.43636,-18.679281
5985,1.5663551,-16.601614
5986,5.991117,-18.557579
5987,4.8095083,-18.106657
5988,4.5040574,-19.552511
5989,5.853573,-22.369919
5990,6.62327,-21.630543
5991,6.9018507,-21.105637
5992,5.46486,-18.229757
5993,7.070068,-20.086575
5994,4.3653045,-20.363695
5995,4.865625,-20.31807
5996,6.3809333,-18.609386
5997,5.285045,-18.1789
5998,6.2492313,-18.642033
5999,7.2194695,-20.929596
6000,3.7840314,-19.184336
6001,5.6793313,-20.652409
6002,6.266329,-19.017405
6003,6.5477705,-19.66013
6004,5.9697394,-20.538994
6005,5.391245,-18.918524
6006,6.321805,-18.221535
6007,4.954974,-20.9805
6008,7.2781534,-21.77144
6009,6.2485843,-21.586401
6010,4.6465077,-21.672094
6011,4.3017397,-21.547413
6012,6.1668816,-21.936966
6013,5.7043347,-18.558903
6014,5.786209,-22.725569
6015,5.558532,-17.401638
6016,5.478407,-16.931446
6017,7.348158,-19.994616
6018,7.343316,-19.681292
6019,7.2200365,-19.71076
6020,5.3721485,-16.278046
6021,7.7284503,-17.90398
6022,8.624933,-16.954016
6023,6.3451014,-16.622229
6024,6.9985476,-13.942231
6025,4.846457,-15.155038
6026,6.9833465,-18.254217
6027,6.8088045,-17.429773
6028,6.769282,-17.242634
6029,5.433991,-16.171833
6030,5.7804537,-17.028788
6031,6.821572,-14.982682
6032,7.024664,-14.33552
6033,5.794124,-17.726202
6034,5.047226,-18.258894
6035,5.085245,-17.213919
6036,2.8838959,-17.03392
6037,3.6778631,-16.457527
6038,4.582811,-14.249142
6039,4.9708905,-15.820839
6040,2.8359392,-17.951445
6041,4.532127,-15.499951
6042,3.1566956,-17.251627
6043,5.761119,-17.317284
6044,4.521663,-14.935448
6045,6.4917574,-18.919777
6046,5.3082976,-20.734814
6047,4.664829,-16.986
6048,7.2068043,-19.44079
6049,6.545939,-19.924595
6050,4.126571,-19.598206
6051,5.5508213,-18.217094
6052,5.143494,-18.983656
6053,4.9394507,-17.058733
6054,6.0622478,-20.273975
6055,4.828134,-19.536339
6056,5.133655,-19.549366
6057,6.4422464,-16.89667
6058,7.662834,-18.69562
6059,6.5772057,-20.872204
6060,5.823432,-15.377092
6061,5.665208,-17.052969
6062,5.9422517,-17.339705
6063,6.435444,-18.242632
6064,6.2673573,-17.75631
6065,6.0656943,-20.312359
6066,6.3890533,-18.86393
6067,3.171803,-18.11075
6068,4.6064134,-21.088547
6069,4.2771807,-19.570824
6070,2.8586175,-16.393435
6071,4.27265,-14.950771
6072,7.383767,-19.922577
6073,5.7247295,-18.935741
6074,6.9487634,-19.075354
6075,4.4312205,-18.9451
6076,3.7942438,-20.506798
6077,4.1644416,-20.032606
6078,3.6103709,-20.302792
6079,5.189985,-18.702715
6080,2.759389,-20.760296
6081,4.8721895,-22.229925
6082,5.107464,-19.114109
6083,3.929821,-22.29459
6084,4.6718307,-20.28586
6085,5.4862747,-15.0299425
6086,3.5666804,-20.290417
6087,3.796441,-19.909956
6088,3.9266672,-18.820972
6089,4.649486,-20.930004
6090,3.5849817,-17.456085
6091,3.885664,-20.927633
6092,3.2144918,-17.28162
6093,4.4613724,-19.44007
6094,2.927677,-19.144035
6095,4.1093135,-22.099148
6096,5.274079,-20.252586
6097,3.600656,-19.241571
6098,5.532753,-22.484829
6099,3.9234374,-20.399073
6100,6.099047,-21.69495
6101,5.0020194,-19.483295
6102,4.5147624,-22.34273
6103,4.2551255,-18.34006
6104,6.3072553,-19.32835
6105,5.5525413,-21.155313
6106,5.1550527,-17.216688
6107,5.3532104,-19.580322
6108,6.3105845,-21.842203
6109,5.450167,-18.820923
6110,5.1290274,-21.076181
6111,5.998817,-21.829422
6112,6.1658297,-20.043425
6113,5.5111914,-21.32987
6114,5.7663684,-21.158499
6115,4.6732526,-18.530844
6116,5.5805907,-18.153645
6117,4.8017693,-14.148193
6118,6.0922523,-20.51604
6119,6.189867,-19.225687
6120,5.422916,-20.704773
6121,4.7327986,-18.018843
6122,4.5608425,-20.618773
6123,5.4130883,-20.24405
6124,4.871113,-19.22714
6125,3.8962426,-18.390537
6126,5.135508,-17.359926
6127,5.5293956,-16.36179
6128,4.210101,-14.872549
6129,2.3972952,-15.150928
6130,4.6399913,-14.234943
6131,4.6281753,-18.32186
6132,2.5186007,-17.515123
6133,4.7965074,-18.65124
6134,3.0491939,-19.661215
6135,4.7931347,-19.793497
6136,6.0700045,-19.640106
6137,4.4958687,-19.510284
6138,6.5367484,-19.82676
6139,4.240461,-18.141724
6140,6.6214733,-18.282305
6141,5.985677,-17.763998
6142,6.0693355,-18.416437
6143,5.862914,-16.63713
6144,5.664569,-16.970963
6145,3.6271179,-15.436516
6146,4.163344,-15.932522
6147,5.8580594,-18.69878
6148,3.7869148,-14.585652
6149,7.0930223,-18.745346
6150,7.0174003,-17.312698
6151,4.538919,-16.703842
6152,5.178978,-16.48888
6153,5.425043,-18.584047
6154,4.658534,-16.932474
6155,8.208971,-19.189722
6156,5.8456516,-18.776417
6157,4.7666864,-18.58165
6158,4.6554585,-15.6075325
6159,6.5682335,-18.604706
6160,7.4050817,-15.790139
6161,6.524375,-16.890932
6162,6.4374456,-16.621157
6163,5.6076293,-17.600317
6164,6.2265925,-13.6218815
6165,5.8581896,-17.614717
6166,6.340958,-17.08121
6167,5.765237,-16.50164
6168,6.403771,-16.120062
6169,6.1090603,-18.384914
6170,7.8511744,-18.557669
6171,4.6617064,-17.345243
6172,4.925922,-18.131714
6173,6.2549596,-18.566542
6174,7.8131137,-17.111156
6175,6.761365,-16.778723
6176,7.131123,-16.135025
6177,6.1662483,-17.51131
6178,6.5906205,-17.132187
6179,5.003349,-17.440851
6180,5.183787,-18.731436
6181,6.2636237,-18.54852
6182,4.602206,-17.95057
6183,5.1213098,-21.017857
6184,6.206495,-18.014538
6185,4.2709017,-18.206688
6186,6.247696,-18.463406
6187,5.9965253,-16.726208
6188,6.2594304,-20.207287
6189,6.212625,-18.57151
6190,7.6054735,-18.411657
6191,5.420689,-18.381834
6192,5.3755903,-15.615624
6193,6.7440605,-15.075525
6194,5.021269,-12.598527
6195,5.255773,-14.2144
6196,6.156647,-18.027363
6197,5.1181526,-17.022242
6198,4.8411436,-13.231932
6199,7.1679015,-17.251839
6200,7.1425285,-19.01549
6201,6.355928,-17.47124
6202,6.398956,-15.626683
6203,5.490363,-13.734396
6204,5.7152185,-14.168958
6205,6.192113,-16.541643
6206,5.8536296,-16.696587
6207,4.820669,-20.120298
6208,5.5801926,-18.699894
6209,5.8004665,-17.341425
6210,5.796914,-18.689949
6211,5.63004,-16.775064
6212,4.755631,-19.639624
6213,5.202581,-16.372913
6214,5.987536,-18.454294
6215,5.5521574,-16.987385
6216,5.341615,-18.289232
6217,5.96519,-15.696036
6218,5.6156063,-15.929868
6219,5.607824,-14.515681
6220,5.5292363,-16.74529
6221,5.9763575,-15.041009
6222,6.963435,-16.98188
6223,6.2382555,-16.753292
6224,5.709337,-16.44297
6225,7.4325542,-15.267893
6226,5.8900986,-17.749144
6227,2.7615547,-15.289168
6228,7.3804917,-17.762356
6229,6.5499926,-18.004307
6230,4.7322345,-15.592439
6231,3.925679,-17.383188
6232,3.787423,-19.110708
6233,3.3141577,-19.661919
6234,4.943624,-18.35146
6235,3.3504798,-13.230422
6236,3.951322,-14.94081
6237,3.7086422,-13.220941
6238,4.942538,-15.80212
6239,3.9559479,-13.809707
6240,2.771249,-14.528174
6241,0.52456856,-14.27855
6242,3.860459,-19.361965
6243,2.002108,-17.808464
6244,1.5678357,-19.998446
6245,0.99557805,-20.22884
6246,2.3494458,-16.820065
6247,2.9339554,-15.10205
6248,4.619329,-17.73447
6249,5.2570853,-19.609673
6250,6.2423773,-19.04579
6251,5.3558817,-19.523962
6252,4.358548,-19.627504
6253,4.4567647,-17.314554
6254,3.9450696,-20.84389
6255,4.4652853,-16.486055
6256,4.4141893,-19.22991
6257,4.956891,-21.019478
6258,5.9245653,-21.698862
6259,5.0911303,-20.034452
6260,3.9073915,-18.38204
6261,5.0984535,-20.830442
6262,5.2942395,-19.17797
6263,4.50034,-19.835283
6264,3.8214073,-18.623064
6265,5.59222,-19.79148
6266,4.3158584,-16.556126
6267,2.3382866,-16.815351
6268,3.0502443,-18.028845
6269,3.0369577,-18.307053
6270,4.265274,-16.239555
6271,4.5971284,-15.951434
6272,5.596818,-17.451294
6273,6.01091,-15.22472
6274,5.4236875,-19.050781
6275,3.3589318,-17.671612
6276,4.607085,-18.983158
6277,4.5864267,-18.425266
6278,4.597359,-17.151367
6279,5.1760445,-17.185205
6280,5.6207304,-16.278032
6281,4.4550595,-19.456423
6282,4.6049204,-15.61466
6283,4.627988,-17.927334
6284,5.4769907,-18.938385
6285,3.8960092,-19.036434
6286,3.3856883,-19.612883
6287,4.820515,-17.201866
6288,5.2512746,-19.361544
6289,4.861478,-22.376417
6290,5.5254035,-18.752626
6291,5.627698,-18.309586
6292,4.7612247,-15.172879
6293,5.8331475,-18.547125
6294,5.766,-18.104624
6295,5.6014276,-18.38843
6296,5.143246,-20.45107
6297,3.8181186,-15.22377
6298,4.385129,-17.773787
6299,3.6273184,-19.357035
6300,2.8691776,-18.6875
6301,2.0388317,-18.590904
6302,4.428909,-18.637
6303,4.3768997,-20.463507
6304,3.963905,-20.00079
6305,4.954159,-15.042598
6306,4.8710737,-19.077232
6307,3.652194,-18.714035
6308,3.4814138,-19.454006
6309,3.488702,-20.005753
6310,6.415172,-19.488062
6311,5.091511,-19.713774
6312,5.236491,-20.450083
6313,3.3484423,-17.76954
6314,5.3775005,-14.546693
6315,4.318514,-15.863233
6316,3.3488495,-17.621805
6317,0.75394535,-17.387817
6318,3.268206,-15.510145
6319,2.1532755,-16.710367
6320,4.7809114,-19.0541
6321,3.6691003,-17.933565
6322,2.2770314,-16.952538
6323,3.3297834,-17.390448
6324,2.9034793,-18.711569
6325,3.7013183,-18.615816
6326,4.757312,-19.914818
6327,4.0238223,-21.999268
6328,3.958895,-21.957216
6329,5.0765996,-20.91669
6330,4.40922,-18.777063
6331,5.0167613,-18.552986
6332,3.2917075,-17.109217
6333,2.9714096,-17.36476
6334,4.339175,-20.07089
6335,2.9018788,-17.737005
6336,2.781477,-18.09667
6337,3.2574592,-19.205454
6338,3.5875921,-17.756433
6339,3.4219024,-19.674025
6340,3.632344,-18.033222
6341,4.81276,-19.091959
6342,3.1461742,-20.354856
6343,3.4318018,-19.740707
6344,2.681715,-17.761808
6345,3.045706,-21.49258
6346,2.647138,-20.238197
6347,3.8598392,-18.71071
6348,3.628133,-20.548834
6349,3.691534,-19.650959
6350,5.656596,-19.42351
6351,5.35622,-17.994722
6352,4.1720886,-20.052801
6353,3.5038753,-17.235975
6354,3.6856227,-19.92587
6355,4.6186695,-22.37635
6356,1.6236854,-19.239407
6357,4.7802496,-16.409437
6358,3.6470385,-18.085173
6359,4.718589,-18.570295
6360,3.983407,-19.28741
6361,3.96992,-18.459133
6362,4.5188074,-16.329958
6363,5.576809,-20.527925
6364,3.620456,-19.349072
6365,4.225079,-15.555462
6366,3.7352865,-17.912354
6367,5.42599,-19.293818
6368,3.1980345,-18.24477
6369,1.5412571,-19.261297
6370,4.4397635,-18.255207
6371,4.336512,-16.608534
6372,4.8900867,-19.139364
6373,5.039117,-16.425915
6374,3.7838662,-18.716818
6375,3.7532446,-19.318684
6376,3.5783129,-19.19904
6377,4.3716655,-18.146513
6378,4.080956,-18.170757
6379,5.4010625,-16.784622
6380,5.160943,-18.845865
6381,6.165071,-19.328556
6382,2.6930037,-17.098488
6383,3.6280165,-14.6853
6384,4.8729153,-13.640497
6385,4.3919673,-13.412068
6386,5.5104704,-18.080336
6387,5.4332066,-15.262347
6388,6.794835,-16.118126
6389,6.20551,-15.738719
6390,4.8112636,-15.540693
6391,4.359572,-16.360771
6392,5.016609,-19.505768
6393,3.8008993,-14.658954
6394,4.1226387,-18.350891
6395,4.5623784,-15.5484085
6396,4.625437,-17.747892
6397,6.7874713,-16.519037
6398,3.314547,-16.797277
6399,6.5456653,-17.814796
6400,3.7167263,-19.908302
6401,3.6072586,-15.824299
6402,3.4827023,-16.868076
6403,5.8081627,-18.168148
6404,4.739316,-16.362215
6405,5.962887,-18.354794
6406,4.087108,-16.157745
6407,5.075427,-18.893402
6408,3.4697177,-17.433756
6409,4.70231,-18.57865
6410,4.494369,-16.515703
6411,4.8566785,-17.420898
6412,4.470575,-15.223204
6413,6.923235,-17.441679
6414,3.7930233,-14.727006
6415,2.968942,-15.279703
6416,2.115278,-18.793661
6417,3.7812414,-15.674178
6418,5.861323,-17.462805
6419,4.760281,-15.463285
6420,4.327111,-16.399714
6421,5.2623343,-16.942533
6422,5.3806877,-20.356894
6423,3.5796442,-18.656626
6424,6.193559,-18.527891
6425,4.5173016,-17.12705
6426,4.1506443,-15.356705
6427,4.8960395,-18.548992
6428,2.6285837,-15.839477
6429,7.113845,-17.391718
6430,4.01824,-18.40238
6431,4.8289056,-15.122394
6432,5.4416814,-20.70584
6433,3.1133287,-18.579311
6434,3.6632795,-17.20573
6435,4.968105,-17.287909
6436,3.4851465,-15.208581
6437,4.3793325,-16.597345
6438,5.668863,-14.003303
6439,5.8973813,-14.389799
6440,4.678997,-15.746205
6441,5.9575458,-15.021609
6442,6.5323462,-17.119553
6443,4.678416,-17.642256
6444,5.8333735,-19.181095
6445,6.5294714,-17.889757
6446,5.0957346,-19.081696
6447,7.3153863,-17.76967
6448,6.306652,-17.898182
6449,5.1034255,-19.682457
6450,4.8946934,-16.138987
6451,5.724682,-19.033857
6452,5.5208683,-15.292596
6453,5.5804887,-16.441608
6454,6.5193677,-13.999962
6455,4.640728,-16.315334
6456,5.4328556,-15.354673
6457,6.376178,-15.106557
6458,5.5076785,-13.838847
6459,5.8457327,-16.308048
6460,6.2380915,-13.564399
6461,3.5375419,-11.796389
6462,4.281262,-14.487876
6463,4.704832,-16.58681
6464,5.09251,-15.218002
6465,4.3915997,-13.359711
6466,2.3182023,-14.372407
6467,4.841473,-16.387901
6468,3.9446855,-15.470443
6469,3.5673635,-16.578485
6470,5.1452928,-16.295929
6471,6.1547685,-17.158804
6472,7.5494533,-18.217989
6473,4.424543,-15.100869
6474,7.257871,-18.574223
6475,4.3725853,-16.10804
6476,3.8021605,-16.924269
6477,5.1142387,-17.043842
6478,4.3631387,-19.694996
6479,4.010274,-16.568893
6480,5.5261536,-17.054913
6481,4.6546297,-18.638754
6482,5.565661,-21.122583
6483,5.259764,-17.290392
6484,4.1864552,-15.81529
6485,6.9237375,-20.02308
6486,6.088413,-14.6131935
6487,3.1173747,-17.487457
6488,4.4719467,-16.156471
6489,2.602721,-14.861826
6490,3.5479698,-14.533439
6491,2.853951,-13.556543
6492,3.44867,-12.67419
6493,3.3008733,-14.644615
6494,2.2532306,-12.8825865
6495,4.1737237,-14.168586
6496,3.138085,-13.708568
6497,4.4352293,-17.167393
6498,4.1959023,-14.27135
6499,5.072226,-16.316181
6500,2.0706863,-11.812241
6501,4.1445346,-17.478096
6502,2.6434155,-17.304365
6503,3.5619073,-16.96794
6504,3.2971897,-15.816276
6505,1.9429505,-18.061684
6506,3.3543713,-16.067703
6507,4.2931166,-17.132397
6508,3.606801,-15.388308
6509,4.1099977,-16.657625
6510,2.1996193,-15.573809
6511,2.997277,-21.573563
6512,4.98558,-17.03622
6513,4.769942,-15.3177595
6514,6.0064793,-14.86321
6515,4.20055,-15.62638
6516,3.7508037,-16.702387
6517,4.93438,-15.652328
6518,6.2712193,-19.235666
6519,4.136666,-18.866926
6520,5.5822735,-18.67012
6521,4.7103763,-17.246954
6522,4.9214196,-18.146341
6523,3.125726,-16.120884
6524,5.6251645,-17.811352
6525,6.630398,-16.487589
6526,3.9956684,-16.887068
6527,0.65709126,-16.304598
6528,4.3440495,-19.259474
6529,3.9699728,-15.14717
6530,3.6836452,-16.702566
6531,1.3386137,-13.516606
6532,4.8460617,-16.915194
6533,5.3299546,-16.77183
6534,5.9107237,-15.515949
6535,4.441916,-15.664276
6536,3.1794193,-15.249454
6537,3.2367516,-16.029278
6538,2.9178066,-16.24298
6539,3.6657012,-18.351679
6540,4.54829,-18.53527
6541,5.073359,-18.34198
6542,3.1025736,-20.758461
6543,4.663747,-16.565237
6544,3.8372386,-18.067871
6545,3.7132826,-20.029171
6546,3.1932833,-16.567007
6547,2.1234674,-18.417294
6548,3.2094676,-18.76932
6549,2.8086064,-18.735718
6550,4.2158213,-19.699135
6551,1.824691,-17.622683
6552,2.7383122,-17.22392
6553,3.0183878,-17.885014
6554,2.4619195,-18.568512
6555,3.5840385,-18.374767
6556,2.8219771,-20.3504
6557,2.4898727,-18.005548
6558,3.5443327,-19.244967
6559,3.4555416,-18.598951
6560,3.410062,-17.124382
6561,2.6212513,-18.485468
6562,2.2780383,-17.278938
6563,3.7168076,-15.911606
6564,5.3178425,-20.652092
6565,1.1965213,-17.893316
6566,1.8999871,-18.592287
6567,3.1393874,-18.592129
6568,2.9537556,-16.586868
6569,3.9947522,-17.381084
6570,4.8691826,-16.487823
6571,3.2249205,-16.788269
6572,5.2707834,-18.647766
6573,3.4108868,-15.034929
6574,5.017508,-16.73645
6575,2.625255,-18.967003
6576,3.9829159,-19.022453
6577,5.060792,-17.088757
6578,4.0826426,-19.26571
6579,3.809036,-16.80392
6580,5.2241898,-21.084936
6581,5.5754766,-18.677807
6582,3.821715,-19.314016
6583,3.7294075,-18.40843
6584,6.6327133,-19.973858
6585,2.9400628,-17.570837
6586,2.7708845,-17.601324
6587,2.5613894,-18.033842
6588,4.183152,-17.689201
6589,4.3942404,-15.5376625
6590,5.1205072,-17.695004
6591,4.233984,-19.739742
6592,4.921705,-17.711298
6593,5.3008633,-19.106596
6594,4.5822725,-18.71377
6595,5.5820184,-19.418015
6596,4.125917,-19.01805
6597,2.8133988,-20.448732
6598,3.493875,-19.55183
6599,2.9183946,-17.946363
6600,2.3026094,-20.01887
6601,2.9485989,-17.97637
6602,1.823998,-17.757385
6603,2.394721,-18.610924
6604,3.5363626,-15.04611
6605,2.5351076,-17.393394
6606,3.895294,-19.262589
6607,3.1893237,-19.827374
6608,3.2084162,-16.976282
6609,4.461819,-17.904491
6610,4.4431677,-18.04207
6611,3.3062854,-15.730147
6612,3.8697147,-18.818054
6613,4.8360176,-17.753338
6614,4.0419946,-16.42832
6615,3.3267505,-15.535786
6616,3.9321551,-17.185575
6617,4.5470133,-14.627969
6618,4.540847,-16.485838
6619,3.6452422,-16.754295
6620,3.9055753,-17.166311
6621,2.8411918,-16.75308
6622,4.4700594,-16.240509
6623,4.640092,-13.854113
6624,3.229848,-17.227783
6625,4.7091823,-17.22461
6626,3.6532981,-15.902681
6627,6.009226,-16.385761
6628,3.9402535,-14.943307
6629,6.0775228,-12.142866
6630,2.8531802,-13.690811
6631,3.778676,-15.680766
6632,4.66309,-17.25849
6633,5.8960752,-14.381817
6634,3.7055023,-16.264797
6635,4.673469,-15.705465
6636,3.2776835,-15.650992
6637,4.971727,-14.482678
6638,4.670548,-15.819114
6639,6.2456846,-16.549131
6640,4.890936,-17.783731
6641,4.527941,-16.956158
6642,6.1973095,-17.47548
6643,6.371121,-15.86339
6644,3.594735,-16.319536
6645,5.2644553,-17.098099
6646,6.2834554,-16.818113
6647,4.1362205,-16.79498
6648,4.8521123,-17.471449
6649,4.496174,-14.567192
6650,5.0073004,-16.261127
6651,5.432294,-15.284514
6652,4.2061696,-13.460538
6653,4.6278677,-13.723889
6654,4.7951536,-14.739667
6655,5.103879,-13.317079
6656,5.0435166,-19.270008
6657,3.970271,-17.269411
6658,3.6184866,-15.699406
6659,3.5207448,-17.878693
6660,4.3537874,-16.032213
6661,3.3732831,-14.230294
6662,3.1315084,-15.444399
6663,1.8066766,-16.444708
6664,3.6303196,-14.495349
6665,3.3633115,-16.849363
6666,4.088793,-14.585216
6667,5.1508303,-16.177065
6668,5.365582,-14.636623
6669,5.4003034,-14.176832
6670,3.6693587,-13.404452
6671,5.5759006,-14.494157
6672,5.451371,-14.392989
6673,4.639317,-17.892422
6674,2.6862864,-14.36552
6675,4.502322,-13.896295
6676,4.4546604,-15.001983
6677,5.4941278,-16.782825
6678,5.9713583,-20.853893
6679,3.0471709,-20.446487
6680,4.0145802,-16.312225
6681,5.063768,-19.17351
6682,4.4595575,-17.920837
6683,5.6377263,-17.257483
6684,5.3996415,-19.535748
6685,4.080055,-15.204035
6686,5.636464,-12.744772
6687,4.867973,-17.034245
6688,4.7290187,-16.131634
6689,4.5609393,-13.825843
6690,5.5699844,-18.460526
6691,5.242382,-19.179304
6692,5.9958754,-17.473911
6693,5.712586,-16.062254
6694,3.207471,-19.386065
6695,5.6514435,-19.736095
6696,2.6780667,-17.259357
6697,4.001873,-16.440899
6698,2.8864634,-16.340006
6699,4.048982,-18.40731
6700,4.4024386,-17.992468
6701,4.142514,-18.545101
6702,5.3084598,-20.081884
6703,4.7980394,-18.851013
6704,4.4529014,-18.21688
6705,4.6395984,-16.975807
6706,4.624474,-14.477281
6707,4.210011,-15.497127
6708,3.5415776,-17.658388
6709,4.2430744,-15.956532
6710,7.6340775,-13.850754
6711,6.2087297,-14.191858
6712,4.3322854,-13.429921
6713,6.8016777,-13.713896
6714,4.8990507,-12.260881
6715,6.2164073,-14.024589
6716,4.3440366,-12.60145
6717,5.921994,-15.11288
6718,4.583298,-13.486433
6719,6.3382297,-13.979514
6720,5.2665725,-14.73539
6721,5.9353967,-15.971592
6722,8.141794,-13.856738
6723,5.2893224,-14.867536
6724,3.5408742,-14.007537
6725,4.4849916,-14.2758875
6726,3.2392063,-15.139375
6727,3.9770024,-10.041243
6728,4.46001,-13.074716
6729,2.986093,-12.876047
6730,5.8858657,-11.537569
6731,4.438082,-13.041517
6732,4.670976,-11.283165
6733,3.501386,-13.469444
6734,4.1634445,-15.611609
6735,5.038836,-12.535044
6736,4.443153,-13.836922
6737,4.3811936,-14.617511
6738,5.779677,-15.623431
6739,3.550102,-15.603028
6740,6.1384954,-15.12736
6741,5.3213797,-12.735945
6742,4.972534,-15.08829
6743,5.159613,-16.14122
6744,5.4998813,-11.64332
6745,3.6893923,-15.151581
6746,5.6123724,-16.42941
6747,5.2929926,-18.173988
6748,5.1418476,-15.889786
6749,5.2131515,-10.557817
6750,3.4096534,-11.838409
6751,4.568086,-12.232337
6752,5.5019455,-12.032187
6753,3.2216983,-14.690042
6754,6.2476196,-12.758681
6755,6.0398965,-13.587361
6756,4.3200417,-12.236474
6757,5.200524,-13.153973
6758,5.977882,-14.156986
6759,3.9074428,-14.191943
6760,5.0592995,-12.2169
6761,4.4248476,-13.103387
6762,5.287808,-14.139882
6763,5.091138,-12.257829
6764,4.339467,-13.467443
6765,5.533683,-14.296018
6766,4.4595156,-12.467376
6767,5.4905777,-10.961571
6768,2.8273077,-13.024259
6769,5.153399,-10.337637
6770,4.039246,-11.254014
6771,4.2625837,-13.185609
6772,5.8190246,-9.266232
6773,4.9977717,-13.544198
6774,3.9459147,-11.26131
6775,2.4410179,-13.253934
6776,3.561327,-13.976753
6777,6.581577,-14.236412
6778,5.3385396,-14.500464
6779,5.290052,-16.148903
6780,6.0575128,-17.321531
6781,6.0467353,-14.331987
6782,5.753337,-14.101728
6783,5.660306,-14.563075
6784,5.462623,-14.165655
6785,6.308342,-16.41138
6786,6.066116,-15.033797
6787,4.5216956,-15.116374
6788,7.760009,-15.630194
6789,5.0235877,-13.278103
6790,6.1163387,-14.712862
6791,4.242363,-13.408712
6792,4.4045053,-15.669804
6793,6.235555,-17.935173
6794,5.4675617,-13.848238
6795,5.819727,-13.236325
6796,2.5923972,-16.860495
6797,5.7927027,-14.389078
6798,5.297024,-17.734125
6799,5.7893534,-13.821989
6800,5.0109973,-14.3415985
6801,6.114931,-13.469904
6802,4.5005183,-13.527458
6803,3.83167,-14.491386
6804,2.516024,-13.359529
6805,4.972461,-14.5877285
6806,7.203516,-15.170987
6807,5.0881157,-14.204665
6808,5.707282,-13.299388
6809,4.1899476,-15.088263
6810,3.9923742,-12.304933
6811,5.4591312,-14.223663
6812,5.479163,-16.818443
6813,5.388101,-14.98322
6814,4.496812,-15.358747
6815,4.598026,-15.483172
6816,5.183234,-13.861408
6817,4.689232,-18.545795
6818,3.5825973,-16.284243
6819,4.093833,-16.14528
6820,4.1231556,-13.671802
6821,5.221967,-16.765253
6822,4.9989347,-12.634785
6823,4.9832335,-15.440617
6824,6.991516,-17.645336
6825,5.705363,-15.087154
6826,6.69561,-15.375591
6827,5.569137,-14.432859
6828,5.11099,-14.583817
6829,4.78808,-15.179849
6830,2.2009277,-15.240174
6831,1.808689,-14.608892
6832,3.1197925,-14.011575
6833,2.9694955,-11.383166
6834,3.4241335,-15.321526
6835,4.4584174,-14.835705
6836,3.8760164,-15.240241
6837,4.679646,-13.622612
6838,3.682698,-15.230805
6839,4.4189124,-13.592162
6840,3.6641085,-14.275273
6841,4.3666525,-14.029809
6842,4.861546,-11.428962
6843,6.2829037,-15.142617
6844,5.8060403,-13.828809
6845,7.1114407,-15.60074
6846,5.139216,-14.872775
6847,5.1685386,-15.083673
6848,4.2550607,-14.145137
6849,3.8788133,-13.695472
6850,3.8351586,-12.833866
6851,4.1396103,-13.813801
6852,3.3729818,-14.648091
6853,5.4963717,-11.912278
6854,4.8734894,-13.969685
6855,5.420392,-13.468108
6856,3.150854,-10.403894
6857,3.2579381,-14.607
6858,4.6083856,-15.265898
6859,4.420813,-14.110964
6860,6.5934777,-14.852076
6861,3.8936558,-14.490369
6862,3.9515126,-13.976949
6863,4.8952894,-11.300315
6864,4.760212,-16.27994
6865,4.804613,-14.044676
6866,4.8052197,-15.114702
6867,5.547476,-12.183034
6868,4.0059004,-14.527089
6869,5.373351,-16.855616
6870,4.652911,-14.81638
6871,4.7616506,-13.573178
6872,5.7006807,-16.23275
6873,4.265467,-13.948575
6874,6.4127226,-13.189344
6875,4.966467,-14.938786
6876,5.060802,-13.767801
6877,4.608759,-15.72619
6878,5.0443077,-12.686969
6879,3.937766,-12.035697
6880,4.3423953,-14.498215
6881,5.0644493,-11.562687
6882,3.836143,-14.077303
6883,3.754088,-15.911597
6884,4.573045,-18.017576
6885,5.963925,-12.437927
6886,5.9613414,-14.758163
6887,4.0938997,-12.318441
6888,6.293021,-13.667277
6889,2.5096025,-12.232029
6890,4.9384046,-13.057519
6891,5.152731,-17.089418
6892,3.5612247,-14.60926
6893,5.4626136,-15.182033
6894,4.4670277,-14.8011
6895,5.3876233,-14.52826
6896,3.0820086,-17.193113
6897,3.827576,-13.392364
6898,5.662273,-15.316979
6899,7.0879273,-11.503633
6900,7.0048943,-11.950487
6901,6.6609077,-13.711975
6902,5.3432994,-13.521939
6903,6.9818974,-13.65202
6904,5.724026,-13.99009
6905,6.2418313,-11.091567
6906,6.2773232,-14.330878
6907,5.836118,-13.0698185
6908,5.3981504,-11.128267
6909,4.492912,-10.027337
6910,5.608116,-9.61884
6911,7.067102,-9.694857
6912,5.7290072,-12.502222
6913,4.481907,-12.563948
6914,5.651269,-11.539077
6915,6.4974446,-10.289668
6916,6.6493993,-11.263216
6917,4.7061534,-11.748225
6918,5.212941,-10.2459545
6919,4.933898,-11.739771
6920,7.191813,-12.513861
6921,5.7265964,-11.646721
6922,5.8482156,-9.584486
6923,5.375253,-11.189813
6924,5.700679,-12.707622
6925,5.788275,-13.095402
6926,5.61914,-12.763371
6927,5.0689893,-11.30479
6928,5.3336396,-12.084751
6929,6.1197066,-11.397626
6930,5.0761313,-11.273721
6931,4.6675196,-12.991916
6932,3.924083,-12.888094
6933,4.964496,-13.029785
6934,4.7992644,-12.475268
6935,7.0076404,-14.458494
6936,4.847351,-10.624546
6937,6.3014803,-15.33687
6938,6.024336,-12.216329
6939,5.354095,-11.051388
6940,5.219523,-9.990713
6941,5.4523263,-11.581575
6942,5.1325135,-14.281676
6943,5.431351,-13.597167
6944,4.690928,-14.56444
6945,5.248596,-13.771568
6946,5.8646955,-12.380958
6947,5.2973385,-15.633883
6948,3.4763446,-11.7967615
6949,5.747001,-11.6788
6950,5.5644245,-12.595454
6951,6.404873,-13.107846
6952,5.1873555,-14.50312
6953,7.369295,-12.397356
6954,5.9466662,-13.034472
6955,5.171935,-13.334153
6956,6.1433563,-12.571007
6957,5.8899255,-10.272904
6958,5.846351,-13.402108
6959,4.51417,-12.712076
6960,6.0923543,-14.072644
6961,7.192974,-13.517087
6962,5.8916993,-13.1803255
6963,4.010962,-14.180108
6964,4.362397,-13.172024
6965,6.804795,-12.034004
6966,4.7371097,-13.538359
6967,4.386178,-10.331925
6968,5.572461,-10.6462965
6969,6.3418384,-14.87942
6970,6.192344,-12.675256
6971,4.0912848,-11.821202
6972,5.156044,-12.5756
6973,5.2213535,-15.932293
6974,6.157379,-13.862035
6975,5.6440563,-13.801081
6976,5.743422,-10.637956
6977,3.6137161,-11.618652
6978,3.0984461,-13.725347
6979,4.809626,-15.173429
6980,6.051512,-10.465473
6981,4.8514943,-11.721652
6982,5.468752,-13.0360565
6983,5.4510474,-13.100197
6984,5.80409,-11.391432
6985,5.1147738,-14.435908
6986,5.538976,-13.456489
6987,5.7973485,-15.69129
6988,6.166027,-14.653011
6989,5.94795,-12.963176
6990,7.1731524,-14.569879
6991,5.362567,-14.589727
6992,3.541237,-11.624142
6993,6.446019,-16.783718
6994,6.956959,-14.778082
6995,5.6476774,-12.997112
6996,6.0127726,-14.941144
6997,4.947874,-13.135645
6998,4.9344835,-13.843053
6999,6.6675,-12.082943
7000,6.0237947,-14.129617
7001,6.821125,-16.809153
7002,7.1863713,-16.621546
7003,6.636504,-16.308035
7004,5.152253,-16.896372
7005,6.5129967,-14.686463
7006,6.9666114,-16.554943
7007,6.471606,-15.30075
7008,5.3827515,-12.579694
7009,6.123202,-12.681928
7010,6.5398736,-12.112302
7011,6.0103054,-12.98587
7012,5.9190416,-12.628414
7013,4.9442377,-15.157799
7014,4.4635005,-12.439881
7015,5.3338366,-13.283508
7016,4.4651766,-15.145555
7017,5.188025,-13.945117
7018,5.423678,-14.164128
7019,6.098192,-14.425363
7020,5.2958016,-15.61461
7021,3.3551834,-15.344811
7022,5.826338,-15.81634
7023,6.214766,-14.806597
7024,4.633655,-15.57397
7025,5.890703,-14.792909
7026,5.064014,-11.996131
7027,5.367974,-14.908215
7028,4.641198,-14.227309
7029,3.578929,-15.630655
7030,3.6711996,-12.561705
7031,5.353154,-13.028158
7032,3.8201804,-14.972418
7033,5.4814544,-15.325578
7034,5.870489,-15.83317
7035,4.4010615,-14.078396
7036,4.9182487,-14.346377
7037,4.7344904,-13.680522
7038,3.6457176,-15.025365
7039,5.5540576,-14.499951
7040,5.6613455,-12.993033
7041,4.4926295,-15.976941
7042,4.7372723,-14.233959
7043,5.1537642,-12.7636595
7044,4.6053843,-12.768641
7045,5.8674936,-11.400774
7046,4.4417133,-11.170169
7047,5.379174,-10.9402275
7048,7.0440006,-12.360191
7049,5.0966434,-12.979426
7050,4.8244696,-11.5442
7051,3.9895618,-12.012905
7052,4.457681,-13.794055
7053,6.613354,-10.956084
7054,5.1073647,-9.498654
7055,4.2088313,-9.138307
7056,3.9159515,-10.063043
7057,4.1867204,-10.35197
7058,4.055182,-12.862853
7059,4.3885145,-12.499442
7060,2.0307217,-14.9003315
7061,4.8144503,-10.601013
7062,4.193734,-15.099535
7063,4.7968016,-16.069181
7064,4.4520407,-15.036796
7065,6.072391,-12.073515
7066,5.719471,-12.046056
7067,4.698988,-16.043547
7068,4.9314804,-16.961931
7069,7.413242,-15.93321
7070,5.3917546,-14.102537
7071,6.8892713,-16.026367
7072,5.762991,-16.589802
7073,5.966304,-14.487205
7074,4.8740273,-17.33631
7075,6.800736,-16.81356
7076,4.9039598,-16.574392
7077,1.5728333,-13.415946
7078,3.5253735,-15.002718
7079,2.4777074,-12.210179
7080,2.6539593,-15.082103
7081,3.5748098,-14.562118
7082,2.347724,-12.4734745
7083,3.2318802,-14.738728
7084,4.4954634,-14.017264
7085,4.152854,-16.172293
7086,1.859404,-13.43642
7087,5.033302,-13.973575
7088,6.8918114,-17.378292
7089,3.7470863,-12.278852
7090,2.1709733,-13.053178
7091,1.8354661,-13.588272
7092,2.313404,-11.238011
7093,4.2454205,-14.264281
7094,3.169612,-12.626625
7095,1.3889222,-13.775098
7096,3.561444,-13.900043
7097,2.025587,-12.462839
7098,4.013831,-14.6284685
7099,1.6255506,-12.47797
7100,3.9858553,-15.660239
7101,3.4882526,-13.985969
7102,4.654841,-16.597418
7103,2.7578032,-10.645236
7104,5.8196297,-16.83291
7105,3.836704,-9.989433
7106,4.038693,-15.274689
7107,4.5478096,-15.892101
7108,4.0121713,-10.331219
7109,3.683893,-15.221325
7110,4.8091445,-13.793995
7111,5.649709,-13.1402025
7112,7.9294577,-14.122136
7113,7.247815,-16.382334
7114,5.4907823,-14.274182
7115,4.855601,-15.353579
7116,7.4376316,-15.801965
7117,8.639735,-17.393795
7118,4.8379135,-17.259567
7119,5.6924195,-16.552513
7120,6.6114373,-16.204216
7121,7.0311623,-17.287191
7122,6.454935,-14.986253
7123,5.514615,-16.452246
7124,8.25843,-16.355085
7125,6.0776134,-14.268256
7126,5.9573455,-15.856561
7127,5.96091,-11.487695
7128,6.0851903,-12.639534
7129,7.527155,-13.840257
7130,6.9104548,-17.860521
7131,7.23507,-15.6856785
7132,4.369558,-16.044712
7133,6.675987,-18.009727
7134,6.3137255,-13.870133
7135,8.0076275,-17.317532
7136,6.2793007,-14.277898
7137,6.8376827,-15.078606
7138,4.4885073,-11.465294
7139,5.156079,-14.82503
7140,1.784384,-16.054295
7141,3.243422,-13.544996
7142,5.067371,-13.233826
7143,4.114423,-13.318732
7144,6.6159024,-13.166278
7145,4.8433137,-15.431733
7146,5.797835,-13.76838
7147,5.968065,-14.18406
7148,5.9012985,-12.705688
7149,5.9036613,-9.958682
7150,4.4566917,-14.407289
7151,5.6950097,-14.977797
7152,4.6358843,-14.270589
7153,3.7364278,-15.610967
7154,4.5525775,-16.721655
7155,4.1051393,-15.388446
7156,4.00064,-16.201345
7157,4.4203115,-15.375457
7158,3.7570198,-13.56219
7159,5.824517,-15.976023
7160,5.82096,-15.120003
7161,4.2462063,-16.217876
7162,5.087882,-12.570824
7163,6.6012216,-16.375425
7164,5.46534,-14.635424
7165,5.909138,-14.258224
7166,4.9397883,-16.571856
7167,8.184027,-18.273516
7168,5.389395,-16.904121
7169,4.5582776,-18.108042
7170,4.4998903,-17.308626
7171,4.9990053,-18.140821
7172,4.5606914,-15.8716545
7173,5.250762,-17.635084
7174,7.195829,-18.999245
7175,4.6981406,-16.695963
7176,4.249859,-14.875911
7177,5.648813,-14.42478
7178,3.5975482,-13.964502
7179,5.281448,-17.363739
7180,3.910191,-14.390901
7181,2.50672,-13.433748
7182,3.5161247,-16.327152
7183,3.3622959,-12.768623
7184,5.8737106,-14.995164
7185,4.147766,-15.829635
7186,2.673929,-18.0008
7187,3.7280383,-17.11415
7188,5.3732886,-17.760653
7189,4.612579,-17.999018
7190,4.163492,-16.77989
7191,5.517894,-17.175724
7192,7.828257,-19.733644
7193,5.0820346,-15.640178
7194,4.837987,-15.993086
7195,5.3141527,-17.056593
7196,5.7654967,-16.590843
7197,6.083903,-19.202574
7198,6.005477,-17.607988
7199,5.606051,-17.926577
7200,4.790429,-18.575932
7201,6.5779657,-17.761566
7202,4.243641,-18.446907
7203,5.0371633,-16.2748
7204,5.0859523,-18.857355
7205,4.7396035,-17.112215
7206,6.014214,-16.995468
7207,4.298465,-16.922237
7208,6.124492,-14.455786
7209,5.8758397,-17.509722
7210,4.4564943,-15.213694
7211,5.924175,-16.7857
7212,5.388338,-16.927029
7213,4.6204243,-16.325912
7214,6.9672513,-20.097822
7215,5.784809,-17.43714
7216,4.4262595,-17.08931
7217,6.1786375,-20.224667
7218,5.219084,-18.39037
7219,5.3074055,-19.13511
7220,5.6024537,-18.90028
7221,6.632482,-14.971843
7222,5.3781986,-16.19614
7223,4.5992684,-17.528687
7224,3.7882485,-16.141228
7225,4.591694,-14.084371
7226,5.671754,-13.148224
7227,5.485648,-15.666023
7228,4.5462775,-15.370953
7229,4.6861978,-15.028158
7230,5.610748,-15.469884
7231,6.1001306,-15.047668
7232,6.610969,-13.641956
7233,4.2626147,-13.280913
7234,5.370652,-11.774032
7235,5.537727,-14.375106
7236,5.3066087,-13.340845
7237,4.4574285,-12.089569
7238,4.07462,-11.283043
7239,4.1427493,-14.2056
7240,5.8411627,-12.096684
7241,2.6555216,-13.993524
7242,2.8738327,-14.10038
7243,2.666014,-16.459589
7244,4.375396,-11.565535
7245,3.5835776,-14.771347
7246,5.098979,-13.805643
7247,5.085216,-12.8761635
7248,6.3428054,-11.23478
7249,4.114242,-14.692388
7250,4.0358686,-14.241181
7251,5.6700144,-14.100435
7252,4.3586583,-14.297019
7253,4.6518145,-10.270618
7254,5.795959,-14.062961
7255,4.367238,-13.258822
7256,6.550616,-11.522894
7257,5.737687,-8.884772
7258,7.55173,-10.838546
7259,4.27702,-15.600783
7260,4.4975023,-11.526744
7261,1.784779,-14.977831
7262,2.4990723,-12.340963
7263,2.2204795,-16.175674
7264,4.827294,-14.31963
7265,2.1322038,-12.38654
7266,3.065387,-15.095238
7267,4.225426,-12.359647
7268,4.6862755,-12.087795
7269,3.95176,-11.196366
7270,2.5244741,-12.259943
7271,3.472009,-11.727334
7272,5.136015,-12.785182
7273,3.4186268,-12.738049
7274,5.092394,-7.9878716
7275,3.766567,-11.642086
7276,3.750782,-12.44636
7277,6.5463476,-12.595993
7278,4.9213533,-14.038952
7279,4.4274163,-11.658015
7280,5.9388146,-16.16585
7281,5.081778,-15.777255
7282,5.2548013,-14.721554
7283,6.536174,-15.086301
7284,6.344888,-16.137144
7285,5.1054683,-15.053372
7286,6.0971713,-18.190388
7287,5.4019566,-17.658876
7288,6.0012484,-18.487865
7289,8.141008,-17.59254
7290,7.09206,-15.024405
7291,5.845487,-15.524944
7292,5.7855363,-16.450233
7293,5.985542,-15.089981
7294,6.5459414,-16.60045
7295,5.529968,-16.506025
7296,2.6427126,-14.739037
7297,5.7561,-20.280525
7298,7.358457,-19.417133
7299,5.440749,-15.445426
7300,7.1986766,-18.76838
7301,6.0068116,-15.084507
7302,7.354616,-15.876642
7303,7.818017,-14.66903
7304,7.1377535,-16.490915
7305,5.5762553,-18.16082
7306,5.312748,-13.195702
7307,8.629377,-11.292382
7308,6.582373,-14.242419
7309,5.1881723,-14.387544
7310,4.93557,-14.282775
7311,5.4144306,-9.777743
7312,4.8419304,-15.858837
7313,4.276324,-14.981406
7314,3.4147155,-15.457677
7315,5.6299424,-14.674842
7316,4.7246604,-13.410993
7317,7.257422,-15.121741
7318,4.9252353,-16.636938
7319,6.643333,-16.32059
7320,5.225261,-17.144997
7321,5.6909337,-18.204584
7322,4.956325,-18.485708
7323,6.2671976,-18.599405
7324,4.70059,-15.856704
7325,6.611851,-17.18685
7326,6.564427,-16.971622
7327,4.82229,-13.144511
7328,4.7706537,-13.689149
7329,5.5164165,-13.7574835
7330,4.7637486,-13.97674
7331,5.4817486,-13.878265
7332,6.2420382,-11.83287
7333,7.3039465,-14.065168
7334,4.870266,-14.653771
7335,4.490844,-16.797375
7336,6.6098437,-16.269749
7337,4.184624,-15.070386
7338,4.90145,-11.495228
7339,5.4552255,-14.2805605
7340,6.6758466,-14.226924
7341,5.7446804,-15.175068
7342,7.0229344,-14.373902
7343,6.4192524,-13.266388
7344,6.5179353,-12.883786
7345,5.91272,-13.912042
7346,3.9950879,-14.6529455
7347,5.1162806,-14.410125
7348,6.6862874,-14.152779
7349,4.3355494,-9.880791
7350,4.8035183,-11.3447485
7351,5.2493052,-9.722046
7352,6.389307,-13.472091
7353,7.3411117,-11.256018
7354,4.8602,-11.735707
7355,3.9036345,-12.941055
7356,4.8327723,-11.814404
7357,7.268539,-13.6725855
7358,8.19801,-13.599117
7359,6.7390814,-14.874764
7360,6.3304687,-12.862755
7361,7.887544,-15.023368
7362,6.689987,-17.271505
7363,4.9599724,-13.075854
7364,6.260967,-13.615576
7365,4.4729466,-13.436555
7366,5.529256,-13.212373
7367,6.0744157,-13.142573
7368,7.3685236,-12.016441
7369,8.503899,-14.681792
7370,8.27068,-11.176952
7371,4.2446012,-14.2614765
7372,5.3521132,-13.927706
7373,5.767028,-14.245125
7374,4.489637,-12.404788
7375,6.6690507,-14.405945
7376,6.1738005,-7.913017
7377,6.492366,-10.279241
7378,5.652676,-11.439948
7379,5.9561195,-14.040348
7380,5.525683,-18.504303
7381,5.4254527,-18.200686
7382,4.6916895,-16.15742
7383,5.2914457,-14.912195
7384,5.11131,-15.054064
7385,7.2068524,-16.533129
7386,4.35787,-17.53886
7387,4.67587,-15.415994
7388,4.3467684,-14.957087
7389,5.0194917,-13.150806
7390,4.012312,-14.5154085
7391,4.4114923,-13.665288
7392,3.896124,-14.113506
7393,4.979581,-13.285787
7394,4.34937,-14.472514
7395,8.551725,-16.078333
7396,5.824141,-17.27534
7397,4.8325357,-17.219269
7398,6.500393,-15.635711
7399,3.7659194,-10.739096
7400,3.9489233,-11.94525
7401,4.591365,-13.246805
7402,4.519562,-15.013068
7403,5.064615,-13.366163
7404,6.2791977,-14.848874
7405,6.530901,-13.288338
7406,6.349878,-12.927832
7407,7.1379323,-13.292377
7408,4.9278855,-13.987961
7409,4.7815495,-16.823284
7410,4.8303633,-14.099395
7411,4.978334,-14.282802
7412,5.136501,-11.874133
7413,5.329278,-15.126091
7414,3.0064921,-13.221131
7415,5.1234345,-12.621456
7416,4.8281727,-13.357278
7417,5.0789375,-12.5834255
7418,5.779754,-13.141435
7419,4.052931,-13.426113
7420,4.7038507,-16.406849
7421,5.8004737,-15.092377
7422,4.161451,-12.0922165
7423,2.8577116,-12.210277
7424,4.913005,-15.661167
7425,5.928225,-15.388663
7426,4.351569,-17.474377
7427,2.9968107,-14.0207205
7428,4.312274,-13.05148
7429,5.123571,-14.885822
7430,6.7218394,-12.287613
7431,6.181623,-12.963651
7432,6.379153,-14.093882
7433,3.233356,-11.965979
7434,3.6434562,-12.24667
7435,4.1366625,-10.745217
7436,4.0409694,-9.82144
7437,4.7101445,-10.720086
7438,5.1977196,-11.921766
7439,4.483141,-13.266729
7440,4.950981,-14.491937
7441,4.5762973,-14.304903
7442,3.7286654,-13.353205
7443,3.4010248,-14.127169
7444,4.2972007,-12.406301
7445,4.767221,-12.695158
7446,3.2096524,-14.518372
7447,5.0566792,-14.443306
7448,3.39248,-12.586
7449,2.6013153,-12.3045635
7450,4.670512,-12.376013
7451,5.515047,-14.918801
7452,4.4685626,-13.132147
7453,5.4891634,-16.673986
7454,4.8113246,-12.280437
7455,5.591657,-14.738535
7456,4.809769,-13.692603
7457,5.807092,-14.367377
7458,2.8260596,-14.622845
7459,5.228942,-16.647278
7460,4.315797,-14.078101
7461,5.8079267,-12.627281
7462,5.720422,-10.322442
7463,3.8752522,-8.668704
7464,2.4299688,-12.367611
7465,3.7926009,-11.320202
7466,4.1200085,-12.041852
7467,4.7512903,-11.879113
7468,4.228256,-12.97133
7469,4.2182484,-11.854208
7470,4.452203,-12.036204
7471,5.703971,-13.219441
7472,5.2064095,-12.591268
7473,3.4689765,-13.280845
7474,5.655706,-13.907867
7475,5.354829,-13.747382
7476,5.4191,-11.704435
7477,4.894769,-15.591101
7478,4.5625095,-17.462818
7479,5.533766,-14.01199
7480,2.7994783,-14.676833
7481,3.3484693,-16.108908
7482,3.5548944,-15.54167
7483,4.226111,-16.167738
7484,5.3838043,-17.265196
7485,5.593138,-13.418472
7486,3.0892334,-12.303313
7487,5.1502533,-13.508743
7488,6.98863,-13.91062
7489,4.6722283,-15.367217
7490,4.6912436,-14.267812
7491,5.7488265,-16.339703
7492,5.754884,-14.33661
7493,6.44072,-14.173003
7494,4.5884657,-14.1294775
7495,3.3854089,-16.59912
7496,5.64153,-13.1910715
7497,3.7681332,-13.437804
7498,4.6825743,-13.333947
7499,4.323115,-16.869932
7500,4.447821,-11.810688
7501,5.26406,-13.875426
7502,4.3599067,-15.86058
7503,4.1671004,-12.400837
7504,6.73325,-14.764556
7505,4.9307036,-13.510263
7506,7.5089016,-13.402918
7507,5.093248,-13.017193
7508,4.5259404,-13.619048
7509,5.8961043,-11.2891865
7510,5.954339,-13.45827
7511,4.0808535,-13.197742
7512,5.433455,-14.040119
7513,4.8897624,-14.443516
7514,6.3471937,-14.316716
7515,4.2245917,-13.360059
7516,5.565183,-14.415516
7517,5.2910385,-16.591421
7518,5.3686767,-12.921932
7519,4.3505044,-15.985654
7520,5.5244107,-15.499637
7521,5.3786454,-16.770794
7522,4.8836355,-14.0357485
7523,4.800715,-17.63841
7524,4.914696,-18.156567
7525,5.3292074,-17.41425
7526,6.711188,-18.294796
7527,6.136393,-19.046967
7528,5.419578,-19.679625
7529,7.146995,-23.447155
7530,6.0038834,-20.303415
7531,6.9004617,-22.69933
7532,6.8604507,-18.731855
7533,5.734954,-19.56521
7534,7.5338025,-18.333532
7535,7.4675097,-18.613916
7536,6.6433654,-17.658312
7537,5.545201,-18.801418
7538,7.27363,-16.774221
7539,4.6451464,-16.67093
7540,3.9292579,-19.471529
7541,5.019274,-20.143885
7542,4.9432583,-19.046917
7543,5.5702767,-18.609093
7544,5.7814717,-20.722883
7545,3.8460336,-19.204882
7546,4.713663,-19.220528
7547,5.4000335,-20.823572
7548,5.238806,-20.243626
7549,5.469635,-21.20513
7550,4.9022813,-19.149456
7551,5.1596136,-19.19992
7552,6.2362285,-21.497566
7553,5.318047,-20.502485
7554,5.3541217,-20.95298
7555,6.6740913,-22.499254
7556,3.9208727,-20.966467
7557,7.1031857,-20.560888
7558,6.8997707,-20.269081
7559,4.744035,-19.82036
7560,7.64255,-20.784159
7561,4.9167333,-20.775309
7562,2.7270834,-20.417778
7563,4.6542854,-20.39162
7564,5.9237356,-19.84735
7565,6.845174,-20.50164
7566,3.556137,-21.192156
7567,6.8915024,-19.323227
7568,7.041505,-19.17674
7569,5.9271207,-18.91931
7570,5.2468266,-19.186728
7571,4.7708416,-19.014427
7572,5.334361,-16.251448
7573,6.1553903,-16.383043
7574,5.7993135,-16.441927
7575,5.8502197,-17.986593
7576,7.0354433,-19.137142
7577,6.2492948,-19.644337
7578,6.4744115,-20.83182
7579,7.0322027,-19.48597
7580,6.265315,-20.95754
7581,6.0313654,-19.356312
7582,5.916564,-21.478092
7583,3.6041596,-21.636753
7584,5.6563034,-20.336657
7585,6.691472,-20.763262
7586,4.6420155,-20.798811
7587,4.2175884,-18.08953
7588,5.2762322,-17.269695
7589,6.5209074,-17.714684
7590,6.375685,-20.555613
7591,5.5482564,-19.023918
7592,5.795744,-19.198164
7593,4.639434,-18.878942
7594,5.014179,-17.8428
7595,6.350467,-16.806833
7596,5.730679,-16.563776
7597,2.3613133,-14.520863
7598,4.8314724,-16.55799
7599,2.9594235,-16.223297
7600,4.088719,-19.40897
7601,2.5480125,-15.417701
7602,5.3819413,-15.338783
7603,4.2288914,-17.473642
7604,4.655532,-16.42504
7605,6.6985984,-15.914474
7606,5.3052907,-16.64961
7607,4.8015823,-13.91265
7608,5.409927,-17.255905
7609,4.6827817,-16.394966
7610,5.751133,-12.836628
7611,4.0586557,-16.560722
7612,5.700405,-16.752213
7613,6.651976,-16.529232
7614,4.5591593,-18.401247
7615,7.023682,-15.900836
7616,2.8723195,-15.429626
7617,4.8578334,-17.576077
7618,4.5657935,-16.558777
7619,6.215491,-16.172354
7620,5.1518865,-17.990868
7621,4.681168,-20.005741
7622,5.1010585,-19.330288
7623,5.811272,-16.363794
7624,4.8860145,-18.029999
7625,6.6048694,-16.903162
7626,6.3247976,-18.603037
7627,5.8726535,-16.0898
7628,5.610804,-16.327177
7629,6.021459,-16.070848
7630,4.2851987,-20.649511
7631,5.419591,-19.731333
7632,7.9564734,-15.841955
7633,6.2868905,-15.489084
7634,5.263541,-13.958879
7635,5.9866614,-15.275518
7636,5.3152566,-15.661034
7637,6.515914,-15.217272
7638,7.0178027,-19.451933
7639,5.6474147,-16.883644
7640,5.263538,-16.281054
7641,5.7863083,-15.264072
7642,4.204382,-16.36113
7643,3.037958,-15.105208
7644,6.9469075,-17.918283
7645,6.512871,-16.005005
7646,3.7781692,-15.770143
7647,5.539824,-16.958923
7648,4.9790406,-17.24361
7649,4.3946633,-14.23982
7650,5.2147636,-12.407661
7651,5.780773,-14.435826
7652,5.392422,-14.340158
7653,5.874384,-13.690263
7654,4.2560735,-16.77364
7655,4.68428,-15.902181
7656,3.5360613,-14.667352
7657,4.483325,-17.50749
7658,2.0558953,-16.305784
7659,4.2102466,-16.600565
7660,5.8821826,-18.028109
7661,4.9566855,-16.042185
7662,4.3167458,-15.872449
7663,4.482157,-17.029057
7664,5.61179,-16.608135
7665,6.4564886,-17.475258
7666,4.8482428,-17.703527
7667,5.658155,-17.00307
7668,6.5992794,-19.57376
7669,4.916008,-16.490309
7670,5.4436603,-16.176153
7671,5.3808055,-14.751195
7672,5.6850405,-14.75508
7673,4.881732,-15.861549
7674,5.112413,-16.79242
7675,4.19486,-18.426928
7676,4.202687,-17.758833
7677,6.624047,-16.952614
7678,5.208164,-17.382296
7679,6.4998317,-20.37771
7680,5.501826,-16.262205
7681,5.119454,-15.529947
7682,5.710773,-17.743418
7683,5.672158,-15.799194
7684,7.069169,-18.067038
7685,4.423048,-16.80929
7686,6.0944166,-19.646593
7687,4.8088093,-19.732365
7688,6.262417,-15.807192
7689,5.218886,-17.662222
7690,6.070485,-16.174068
7691,4.5685153,-15.326111
7692,5.400336,-16.61345
7693,4.712241,-15.123644
7694,3.4494557,-11.587908
7695,3.3225186,-13.700603
7696,5.1432357,-12.863388
7697,6.1374936,-14.968572
7698,5.1418276,-9.60363
7699,4.144894,-10.794648
7700,3.7055075,-12.565931
7701,5.455461,-13.390957
7702,4.851487,-15.308057
7703,4.0203176,-13.329696
7704,4.4999294,-16.15339
7705,6.748199,-16.603115
7706,6.305173,-14.782117
7707,5.2401886,-17.723442
7708,5.3895807,-14.679485
7709,4.278399,-14.887701
7710,6.526864,-15.063766
7711,5.5991693,-11.883927
7712,6.165579,-15.565902
7713,4.727318,-17.462126
7714,1.7657361,-14.327075
7715,4.571288,-17.40203
7716,5.083056,-19.255636
7717,5.2320952,-14.998329
7718,6.0879827,-13.703326
7719,3.5513985,-16.924236
7720,3.782192,-17.49328
7721,6.6444745,-17.577448
7722,4.353922,-17.082067
7723,3.1709106,-15.023714
7724,5.154843,-16.920977
7725,7.1290803,-17.129978
7726,4.095027,-16.666048
7727,4.9206963,-15.191348
7728,6.3673344,-18.453001
7729,6.3237863,-16.455687
7730,6.535628,-15.187963
7731,2.8674757,-14.40109
7732,6.4954324,-12.704641
7733,4.6584935,-12.893148
7734,3.4396684,-9.424751
7735,6.013437,-9.840033
7736,6.4042006,-13.299455
7737,5.682399,-15.52112
7738,6.8107677,-16.121067
7739,6.560728,-14.408206
7740,5.933556,-14.132583
7741,7.4970756,-15.310557
7742,8.436823,-13.014144
7743,6.664674,-11.884627
7744,4.7748427,-14.513056
7745,5.375084,-13.792305
7746,5.750827,-11.127028
7747,6.4563622,-14.57044
7748,4.585149,-12.42871
7749,7.5482473,-11.901037
7750,7.386807,-14.349397
7751,5.4340663,-13.000752
7752,5.48395,-13.817843
7753,5.1334677,-14.755379
7754,5.321847,-13.257759
7755,4.7495537,-12.964276
7756,6.1738553,-11.300976
7757,6.7470336,-15.433601
7758,5.0068526,-12.380163
7759,5.4300027,-16.129343
7760,5.5674944,-11.139929
7761,7.80732,-13.272159
7762,4.187536,-13.85678
7763,5.7477703,-14.800742
7764,6.8986464,-14.89262
7765,5.6965604,-13.767803
7766,7.0814285,-12.786008
7767,4.959353,-11.7081785
7768,4.5995135,-11.639183
7769,6.238771,-12.594381
7770,4.7551107,-11.16472
7771,5.126249,-11.853405
7772,5.8387394,-15.256927
7773,6.0981026,-10.212531
7774,6.0248957,-11.294895
7775,5.9671297,-10.213205
7776,6.686677,-11.28133
7777,5.243646,-12.442944
7778,4.73283,-12.006519
7779,5.250151,-14.391846
7780,5.530941,-11.196664
7781,6.42882,-12.741169
7782,7.256116,-11.756607
7783,5.167572,-10.246916
7784,6.6191416,-10.684433
7785,7.191212,-10.693051
7786,4.9878187,-10.644051
7787,5.8328857,-11.586482
7788,3.23725,-10.205379
7789,6.134424,-10.996694
7790,7.8200216,-11.981572
7791,4.732357,-12.739284
7792,8.127591,-12.775543
7793,6.6760006,-14.43567
7794,6.7464814,-11.025261
7795,5.6944895,-14.324147
7796,4.4898386,-11.142426
7797,6.5421205,-13.96329
7798,6.1505857,-11.805864
7799,6.488396,-13.359751
7800,6.4956865,-14.679863
7801,6.0302706,-13.200507
7802,4.35984,-10.929461
7803,5.64357,-12.27351
7804,5.055562,-13.367647
7805,4.765492,-11.770825
7806,5.133276,-12.012078
7807,3.798454,-13.731219
7808,4.2310486,-11.951241
7809,5.1862564,-12.181057
7810,4.792174,-13.485452
7811,5.6877527,-14.706373
7812,4.483807,-15.371481
7813,4.007984,-13.136944
7814,4.584095,-11.334703
7815,5.223052,-13.414274
7816,4.617099,-9.847762
7817,6.1710877,-11.952183
7818,3.7925684,-13.675685
7819,6.0595665,-11.507504
7820,5.4922223,-16.631496
7821,6.5351224,-12.429361
7822,5.1408844,-17.913557
7823,4.6160035,-14.3369
7824,6.155612,-15.7026
7825,4.3567486,-15.168264
7826,5.9524117,-17.08255
7827,5.400601,-15.205575
7828,6.2149906,-13.811368
7829,4.413959,-16.233192
7830,4.3707604,-17.186407
7831,5.0064197,-12.546329
7832,4.194167,-14.087203
7833,5.616925,-15.332268
7834,4.5321255,-12.786862
7835,4.103413,-14.09321
7836,4.2793517,-13.64395
7837,6.368255,-12.725012
7838,5.465188,-13.500486
7839,7.3107615,-12.65447
7840,7.136763,-13.0306225
7841,5.7123284,-15.071451
7842,4.4447875,-15.465931
7843,5.896469,-14.619249
7844,5.373194,-15.727873
7845,5.555234,-14.083929
7846,5.853084,-16.406433
7847,5.013142,-15.544588
7848,5.7246323,-13.818305
7849,5.333843,-14.517446
7850,6.4669247,-15.929506
7851,6.446819,-16.107924
7852,5.733929,-18.074476
7853,7.459615,-16.313974
7854,7.6242356,-18.000584
7855,6.3001385,-17.48624
7856,4.5930896,-14.824554
7857,4.710008,-12.371786
7858,5.226054,-14.30178
7859,3.9822397,-13.223217
7860,5.317526,-16.333147
7861,3.9758484,-13.852484
7862,5.0910916,-14.160929
7863,4.7724633,-11.0844965
7864,5.451113,-11.097277
7865,5.723824,-12.041803
7866,7.3684483,-11.465737
7867,5.3921022,-11.697768
7868,5.7265644,-9.525634
7869,6.1356335,-12.382227
7870,6.1474915,-12.203356
7871,3.67618,-9.949292
7872,6.618536,-11.622031
7873,5.681748,-12.797942
7874,4.5917387,-9.909087
7875,4.5521154,-9.888755
7876,6.093422,-9.284288
7877,6.7212787,-9.35999
7878,7.7354927,-7.7125545
7879,6.2116537,-5.639087
7880,5.3207984,-8.162877
7881,4.956536,-7.671369
7882,6.1039386,-12.368411
7883,4.751413,-11.466092
7884,5.0785418,-11.295576
7885,5.741453,-12.623682
7886,4.229949,-13.861473
7887,5.5369077,-11.598167
7888,5.4385104,-14.989524
7889,6.618287,-19.102964
7890,4.5546675,-14.890345
7891,4.7235045,-15.808333
7892,6.6991735,-13.730607
7893,7.234244,-13.43316
7894,5.3708687,-14.815427
7895,5.6398726,-15.4805565
7896,4.748489,-15.808405
7897,5.736938,-15.496634
7898,4.7038846,-13.347272
7899,5.1673784,-14.289768
7900,5.6089363,-14.594163
7901,5.4118295,-14.462758
7902,4.3296485,-16.289097
7903,4.4009266,-14.314789
7904,4.8150935,-16.341145
7905,5.3807836,-14.786065
7906,4.7971144,-12.059529
7907,5.6392417,-12.349556
7908,6.0106936,-14.2852
7909,5.9115157,-16.857044
7910,4.6528106,-15.490827
7911,5.8577137,-12.25814
7912,5.4203544,-9.6688175
7913,4.739555,-14.721244
7914,4.689343,-11.726471
7915,4.8323708,-11.502429
7916,5.393794,-11.075043
7917,5.741468,-10.400068
7918,5.623374,-8.308362
7919,6.085606,-10.325541
7920,5.6571727,-13.360467
7921,5.993674,-12.809526
7922,5.8377767,-13.53748
7923,3.4195306,-10.825444
7924,7.1295652,-15.1172495
7925,5.6056976,-15.298494
7926,6.490213,-14.507941
7927,6.1158967,-18.051249
7928,7.299545,-14.821553
7929,8.327407,-17.87586
7930,6.1310244,-18.449171
7931,6.5112495,-15.546353
7932,5.734547,-15.673754
7933,6.2717423,-13.762578
7934,7.089621,-15.63561
7935,6.834705,-16.402302
7936,6.7380314,-15.013086
7937,6.334114,-18.350416
7938,7.00585,-14.235006
7939,6.3733544,-16.162022
7940,6.4120646,-15.5966625
7941,6.595649,-17.12204
7942,4.4486423,-13.457017
7943,8.241174,-13.803999
7944,6.4076114,-17.449055
7945,5.7973824,-19.134207
7946,5.345249,-16.52954
7947,5.0668297,-14.627033
7948,6.1547947,-14.989469
7949,6.924205,-16.802328
7950,6.659278,-20.202785
7951,5.252392,-17.215351
7952,5.3736567,-15.138262
7953,5.254279,-14.101732
7954,7.0926747,-13.747932
7955,5.6902986,-12.750649
7956,4.3596296,-14.928638
7957,5.7390175,-13.140181
7958,6.1944785,-16.85022
7959,6.4301615,-14.788945
7960,4.49882,-14.425432
7961,3.7568083,-17.030659
7962,6.4015117,-12.525692
7963,5.1981597,-13.653091
7964,7.025672,-14.125603
7965,8.007789,-13.078329
7966,5.6325254,-12.840279
7967,5.591621,-13.981397
7968,4.507062,-14.315755
7969,5.541032,-14.419327
7970,7.436728,-14.552295
7971,6.8069563,-14.871131
7972,6.764879,-13.816957
7973,7.8803635,-13.131438
7974,6.5489383,-14.170249
7975,7.336623,-14.233696
7976,5.288782,-16.443993
7977,6.09872,-13.54167
7978,7.855124,-13.3395195
7979,7.5455856,-11.37022
7980,5.1183987,-13.393816
7981,5.5342355,-13.988117
7982,4.994859,-12.99834
7983,7.332541,-15.399371
7984,4.597791,-11.083271
7985,7.1977863,-13.766596
7986,6.3183017,-11.268056
7987,6.809746,-14.64243
7988,7.9542456,-14.642206
7989,7.4628124,-12.200965
7990,7.594945,-12.059363
7991,5.165972,-14.666886
7992,5.623954,-8.966897
7993,5.400555,-11.316536
7994,4.883045,-12.391346
7995,6.090928,-12.842481
7996,5.2012763,-11.326161
7997,6.6164403,-10.737863
7998,5.792718,-11.396562
7999,5.0252724,-12.202195
8000,5.6250744,-11.009492
8001,5.3183527,-12.200676
8002,2.3628263,-10.936012
8003,5.122681,-11.247264
8004,6.1107783,-15.370227
8005,7.4409523,-16.020618
8006,7.7956624,-16.144575
8007,6.4333477,-14.607543
8008,6.246223,-13.906333
8009,5.339456,-12.186434
8010,7.333218,-17.874289
8011,4.4210386,-13.375008
8012,6.984002,-15.25954
8013,5.084718,-15.963525
8014,7.821048,-17.013483
8015,5.8295507,-12.893095
8016,7.0981183,-12.295069
8017,6.247442,-11.233227
8018,7.578257,-12.761426
8019,7.8622456,-14.438173
8020,6.9514575,-16.754837
8021,7.327039,-13.311223
8022,6.3550572,-13.85752
8023,7.4767547,-12.225362
8024,5.766099,-10.948151
8025,5.808935,-11.075671
8026,5.555769,-14.055221
8027,8.137706,-15.098145
8028,4.482771,-12.475713
8029,3.9314015,-14.386633
8030,5.6246843,-16.442703
8031,6.6460366,-15.073474
8032,6.8113513,-15.063985
8033,5.851351,-16.07238
8034,6.01496,-14.35283
8035,5.5373993,-14.598567
8036,6.1057315,-17.030796
8037,4.9936934,-12.892569
8038,6.1686125,-11.02824
8039,6.8275285,-14.633583
8040,5.341366,-13.18589
8041,4.513252,-13.252148
8042,5.4948907,-10.698316
8043,6.9716024,-11.622463
8044,5.8474116,-11.837458
8045,6.4300184,-11.416132
8046,6.6914883,-12.494934
8047,6.2676206,-10.349439
8048,6.3194675,-10.342188
8049,5.4584,-13.62021
8050,5.08602,-14.023364
8051,6.4039316,-11.034331
8052,6.4712944,-15.45457
8053,4.952123,-13.621775
8054,5.742415,-14.033894
8055,7.1417346,-11.979136
8056,5.819492,-12.227126
8057,7.940385,-14.064408
8058,7.3671093,-13.361381
8059,7.547173,-10.578503
8060,7.0471535,-12.6525
8061,6.661668,-10.52276
8062,6.5800557,-10.456458
8063,5.116633,-10.418077
8064,7.2655196,-9.537095
8065,6.4176035,-11.43914
8066,6.245771,-12.817895
8067,4.754047,-14.023586
8068,7.667856,-13.333809
8069,5.6491466,-14.247402
8070,4.860564,-11.293744
8071,6.6173053,-12.428318
8072,4.9584627,-9.932875
8073,3.453092,-9.639702
8074,6.562556,-11.853184
8075,6.1488557,-7.7265944
8076,5.0129128,-9.779555
8077,6.301018,-10.345541
8078,6.1770754,-11.543926
8079,5.3640494,-10.026451
8080,5.219878,-10.251236
8081,4.8035817,-11.759057
8082,4.5676556,-10.025226
8083,5.294152,-10.383568
8084,5.773927,-11.914826
8085,4.7220454,-10.902927
8086,6.167465,-10.944375
8087,6.3868594,-12.7171
8088,7.0180926,-13.748455
8089,4.181526,-12.274997
8090,4.0351467,-13.723956
8091,6.659712,-14.804332
8092,6.303188,-12.272095
8093,5.849197,-14.474147
8094,5.8467503,-11.548152
8095,5.448392,-11.467384
8096,7.9604435,-11.181321
8097,7.626856,-11.173841
8098,6.1873465,-11.900274
8099,6.10448,-8.504126
8100,4.7816114,-9.199488
8101,3.3879173,-13.633571
8102,5.144297,-9.729236
8103,4.3415484,-10.176858
8104,6.430529,-11.732532
8105,5.0920115,-8.360354
8106,4.9948487,-13.019632
8107,5.925577,-12.526386
8108,6.538166,-11.085658
8109,4.6111336,-12.2508955
8110,4.3423676,-12.916265
8111,5.5016284,-13.913499
8112,5.3667135,-13.930974
8113,3.002633,-12.464149
8114,4.8411484,-12.386979
8115,4.570067,-13.798292
8116,5.4247913,-11.510065
8117,4.6864705,-14.812231
8118,3.4654188,-11.489465
8119,3.3808491,-9.63032
8120,4.084376,-8.968624
8121,2.953818,-14.622862
8122,5.4410186,-14.388327
8123,5.165876,-14.683135
8124,2.324163,-11.569636
8125,2.7180548,-10.52689
8126,4.4867125,-13.241774
8127,5.747,-14.467032
8128,4.6491213,-13.876677
8129,4.55141,-12.520253
8130,6.7339015,-10.702032
8131,2.7380466,-10.770461
8132,5.3455296,-12.263165
8133,3.6527002,-13.154618
8134,5.2254715,-14.864324
8135,4.375904,-15.725948
8136,5.7432704,-11.392089
8137,5.3078914,-13.525727
8138,5.4632287,-12.621708
8139,7.086012,-12.22129
8140,5.1950307,-13.082166
8141,5.29566,-15.818757
8142,4.2349267,-13.593939
8143,5.1922655,-16.58934
8144,5.9134097,-12.297123
8145,5.5568204,-11.507342
8146,4.649138,-10.271293
8147,3.8307984,-12.478288
8148,7.3532023,-15.32779
8149,5.849209,-14.788073
8150,4.6698256,-15.699219
8151,4.2582674,-16.041033
8152,5.4649463,-14.23412
8153,6.353196,-15.311198
8154,3.49741,-14.761649
8155,5.2548213,-13.548985
8156,3.3417826,-14.325321
8157,3.2707918,-15.702166
8158,3.6781,-12.044194
8159,5.9934907,-14.18898
8160,4.812974,-15.0131035
8161,6.519819,-17.482727
8162,5.267458,-13.582666
8163,3.9193795,-10.985522
8164,5.337322,-15.148283
8165,6.458158,-16.207716
8166,5.9776487,-13.51204
8167,7.052269,-14.3450165
8168,5.839423,-14.757046
8169,4.367175,-13.361871
8170,3.7302177,-11.097199
8171,4.83247,-12.345494
8172,7.337907,-12.521301
8173,4.6681724,-14.040015
8174,4.0892315,-14.103513
8175,5.416257,-10.399305
8176,6.4503164,-11.824823
8177,6.46877,-12.568826
8178,5.3432326,-13.754831
8179,2.7243388,-14.770978
8180,3.1074317,-13.066798
8181,4.9331055,-12.498373
8182,3.8097913,-14.916636
8183,4.4201837,-14.036231
8184,3.837577,-13.64145
8185,4.619948,-15.010647
8186,3.4029279,-19.428782
8187,4.205935,-20.241564
8188,5.2036877,-18.692009
8189,4.362885,-17.675602
8190,3.9396985,-19.1576
8191,3.4691248,-17.291927
8192,5.1209693,-15.903758
8193,4.418861,-17.036036
8194,3.7802727,-17.157888
8195,4.259826,-15.078396
8196,3.2729628,-17.80597
8197,4.7012553,-19.833542
8198,5.502047,-15.641357
8199,7.149874,-14.027316
8200,6.5225377,-16.572004
8201,4.1716475,-14.591607
8202,4.036624,-13.864444
8203,6.143204,-15.88247
8204,6.5337462,-16.104195
8205,5.481874,-17.59366
8206,6.6430945,-16.636847
8207,4.5953712,-17.153538
8208,4.624288,-17.394667
8209,5.7133427,-16.361908
8210,4.965625,-13.897458
8211,6.1577754,-14.327726
8212,4.845742,-14.160503
8213,5.018101,-14.147763
8214,7.5581293,-17.813013
8215,6.648449,-16.760437
8216,4.9072027,-16.182142
8217,6.0269637,-16.330465
8218,6.354193,-14.79014
8219,6.742593,-11.988665
8220,7.1271415,-17.30092
8221,6.4956884,-14.628776
8222,6.128868,-16.194252
8223,7.4697676,-12.822162
8224,5.360909,-12.492111
8225,5.2412076,-13.929923
8226,5.071058,-13.848268
8227,6.770274,-15.772162
8228,5.653712,-14.072037
8229,4.7221346,-15.237881
8230,6.022255,-13.250586
8231,6.156926,-15.120962
8232,4.368215,-12.330504
8233,6.783202,-15.269575
8234,4.707989,-15.640375
8235,7.105641,-14.621809
8236,6.2878027,-14.100117
8237,4.2037487,-16.63965
8238,5.011576,-15.05426
8239,3.8855746,-15.329611
8240,4.9799113,-15.018765
8241,4.775278,-15.888588
8242,7.004789,-16.958347
8243,5.311771,-14.224034
8244,5.2507877,-13.864664
8245,5.3395834,-12.180018
8246,6.5150356,-11.257342
8247,5.0813694,-13.890562
8248,5.9688053,-12.858599
8249,5.8259807,-11.064552
8250,7.3130717,-11.352471
8251,6.6362114,-13.767163
8252,6.188952,-14.02402
8253,6.5040584,-12.074473
8254,5.4649773,-12.69137
8255,3.7201571,-13.3713455
8256,4.4461164,-13.139749
8257,4.9882445,-12.412487
8258,5.5603037,-14.726189
8259,3.3983066,-10.426522
8260,3.0156114,-12.338612
8261,5.4654922,-13.437464
8262,4.767605,-12.367639
8263,5.525327,-13.027441
8264,3.7998674,-14.574372
8265,2.8113985,-12.764001
8266,4.2428102,-14.737746
8267,2.7949338,-11.917723
8268,3.9331913,-12.447988
8269,6.6952353,-9.755406
8270,6.962723,-11.861
8271,3.9252148,-12.593769
8272,4.5715,-12.119512
8273,6.408781,-13.647801
8274,5.448268,-12.358555
8275,4.072405,-13.0540695
8276,4.3664136,-12.380246
8277,5.035558,-11.204919
8278,3.5007627,-11.951237
8279,4.2002077,-9.387513
8280,5.7686276,-9.79429
8281,4.1860976,-9.216645
8282,2.8018777,-12.9700165
8283,4.4073887,-11.778108
8284,4.2026806,-14.903922
8285,5.5821686,-13.398858
8286,5.785849,-15.272749
8287,6.0214834,-14.840381
8288,3.8148315,-15.567484
8289,6.9322624,-14.018201
8290,5.7380075,-14.775103
8291,9.414238,-12.639897
8292,6.4997935,-14.03899
8293,4.237207,-14.203355
8294,5.857026,-13.648913
8295,6.3809576,-13.118597
8296,6.782475,-14.313784
8297,6.3146024,-13.750711
8298,4.0515404,-14.37523
8299,5.9356637,-15.445566
8300,5.2434416,-12.046681
8301,5.934297,-12.88338
8302,6.007847,-14.030147
8303,5.62191,-11.731142
8304,5.8307524,-15.276511
8305,3.2948694,-14.509813
8306,4.343142,-15.770315
8307,3.5388484,-13.4989805
8308,5.169677,-15.336008
8309,5.824967,-13.338233
8310,6.261574,-16.00792
8311,4.517832,-14.477915
8312,5.9626923,-18.279285
8313,4.462018,-15.541183
8314,4.993122,-12.381655
8315,2.805866,-14.428851
8316,6.2003098,-12.511921
8317,5.8575206,-13.127937
8318,6.84369,-15.231833
8319,5.322777,-14.996992
8320,6.704685,-14.243644
8321,5.1057835,-14.291527
8322,3.8596892,-15.1897955
8323,6.10533,-14.264737
8324,5.043536,-12.068642
8325,4.724445,-13.905141
8326,4.7906494,-14.8699255
8327,5.8062706,-13.593399
8328,5.116677,-16.327555
8329,6.1300216,-12.31204
8330,6.9145,-14.977679
8331,4.520772,-16.02357
8332,6.7838397,-14.731696
8333,6.31035,-16.874464
8334,5.2818937,-17.01869
8335,2.9404073,-14.474728
8336,5.6251645,-13.089965
8337,4.400384,-15.310962
8338,5.100539,-14.552676
8339,5.076882,-15.353307
8340,7.2725463,-16.390085
8341,3.7063313,-15.94531
8342,3.7444344,-16.16031
8343,4.871899,-13.60911
8344,3.8490312,-17.702515
8345,3.3456588,-17.28126
8346,5.134002,-14.588972
8347,3.745059,-15.094504
8348,4.795409,-17.527384
8349,3.4647522,-15.454261
8350,5.9571075,-14.743284
8351,3.9485486,-12.114571
8352,6.0084047,-15.222971
8353,5.9414124,-13.122491
8354,5.0038543,-11.378836
8355,5.2121344,-12.671121
8356,4.50071,-12.430654
8357,5.1510763,-13.789975
8358,6.3896446,-12.73129
8359,6.3892293,-14.016843
8360,6.229216,-14.632442
8361,7.0449176,-10.141422
8362,5.2031074,-11.872922
8363,6.0743046,-13.155843
8364,5.076134,-15.813148
8365,5.598258,-14.703565
8366,6.469316,-14.342025
8367,4.355123,-15.513373
8368,4.405206,-12.468278
8369,5.55505,-14.940781
8370,6.0714836,-15.412423
8371,5.6390505,-15.753786
8372,6.3998256,-14.52643
8373,4.370754,-13.413829
8374,5.597806,-15.187972
8375,4.867021,-15.814916
8376,5.9942737,-16.204657
8377,4.3291116,-15.980878
8378,4.053661,-16.01248
8379,5.084098,-11.2831545
8380,6.7780085,-12.895339
8381,7.7522464,-14.638448
8382,7.146596,-13.107152
8383,6.792642,-10.456962
8384,5.8565,-13.925482
8385,4.305741,-12.63192
8386,4.7661767,-14.440093
8387,4.4500184,-14.767683
8388,6.3426394,-11.974906
8389,6.1016254,-11.849118
8390,4.354296,-12.399877
8391,5.194251,-11.15297
8392,4.2967505,-14.013408
8393,6.1635075,-13.543727
8394,4.927119,-14.484865
8395,5.0431547,-13.535259
8396,5.209671,-13.710116
8397,8.476619,-13.414137
8398,4.198476,-11.036375
8399,2.9705296,-11.951889
8400,6.665074,-14.460184
8401,4.3525915,-13.560982
8402,7.5692163,-14.893566
8403,5.884956,-14.680255
8404,7.1188717,-15.699973
8405,6.4379916,-15.258482
8406,6.653292,-17.331163
8407,5.6562304,-16.48619
8408,5.497726,-14.427685
8409,5.818338,-14.584831
8410,4.840875,-13.841872
8411,5.3347726,-13.556029
8412,6.080951,-13.417649
8413,6.1224403,-12.486667
8414,6.959274,-10.634555
8415,7.2757187,-13.060769
8416,7.090347,-13.848533
8417,6.196569,-13.614466
8418,6.3495092,-13.213203
8419,3.9539113,-15.704819
8420,2.714003,-12.6598
8421,5.5917993,-14.683563
8422,5.684111,-14.40204
8423,4.9323864,-10.802461
8424,6.6850796,-11.464767
8425,6.9006143,-17.000029
8426,5.921342,-12.612122
8427,5.666163,-15.664111
8428,5.088173,-15.006676
8429,5.877163,-13.103197
8430,1.9326473,-14.7366495
8431,5.17351,-14.523599
8432,6.5801187,-12.814059
8433,5.7129793,-13.010886
8434,4.472534,-15.347276
8435,6.521145,-13.8874855
8436,6.3244452,-13.144477
8437,5.740007,-14.776384
8438,5.40986,-15.127009
8439,5.02947,-16.800745
8440,4.202727,-15.92516
8441,5.6350217,-15.150151
8442,6.5334725,-13.194156
8443,5.950593,-13.248214
8444,6.0273666,-16.245481
8445,6.1826196,-13.220595
8446,6.859581,-15.133243
8447,5.0264997,-14.348334
8448,7.0562916,-14.318534
8449,8.279288,-13.8293495
8450,4.425313,-13.997129
8451,3.9220505,-17.220184
8452,5.006475,-14.359106
8453,5.3684034,-13.551792
8454,5.7804837,-18.120527
8455,7.3643236,-15.513608
8456,5.6703453,-16.493296
8457,6.2875795,-14.780259
8458,6.6047297,-13.067647
8459,4.716906,-16.957094
8460,6.310925,-14.363655
8461,5.901114,-15.301645
8462,6.489934,-14.236304
8463,5.4293966,-15.013356
8464,7.8390684,-16.038141
8465,6.0627747,-16.378897
8466,5.9569683,-18.20284
8467,6.510968,-14.216721
8468,5.6718626,-12.153134
8469,5.255096,-16.6181
8470,4.614765,-16.774239
8471,5.3981767,-15.358123
8472,4.876389,-16.085522
8473,4.4914107,-17.508533
8474,3.7266421,-17.238993
8475,4.665212,-16.157742
8476,6.6942534,-14.001318
8477,6.407951,-13.342752
8478,6.0585146,-12.673488
8479,4.9456673,-15.315934
8480,4.903266,-12.636357
8481,4.487013,-12.929702
8482,4.4895945,-14.552793
8483,5.493055,-12.380219
8484,5.101016,-12.371039
8485,6.721704,-15.606304
8486,6.880756,-13.708503
8487,4.311162,-12.946029
8488,5.2028203,-11.822528
8489,6.610125,-10.608184
8490,5.285673,-12.028475
8491,7.2714834,-10.375262
8492,5.006399,-11.39194
8493,3.8679063,-9.650196
8494,5.510781,-8.852946
8495,6.236581,-12.240147
8496,3.7567775,-10.022972
8497,3.9833753,-11.040353
8498,5.1070504,-10.857277
8499,5.8936205,-12.384921
8500,5.7437944,-11.639649
8501,5.3369484,-8.497813
8502,6.2995048,-8.864552
8503,6.048744,-8.719213
8504,4.2766175,-9.6416445
8505,5.2985067,-9.869466
8506,5.8769174,-12.00637
8507,6.7439704,-10.680981
8508,6.457682,-12.304536
8509,6.0229144,-12.8834505
8510,4.4664626,-11.309662
8511,6.7737594,-11.078378
8512,6.9043202,-9.573931
8513,6.488884,-13.594244
8514,6.004996,-11.427341
8515,5.8659115,-12.093577
8516,6.7617884,-11.982246
8517,5.286091,-13.888885
8518,5.7513943,-12.029229
8519,5.9985695,-12.046286
8520,7.2261815,-15.49722
8521,4.946604,-11.33792
8522,4.185208,-12.543537
8523,4.7720065,-13.394458
8524,5.098412,-14.824585
8525,5.9754467,-16.812872
8526,5.5821743,-14.089925
8527,4.3406153,-14.989667
8528,5.561087,-13.212769
8529,6.130359,-13.608714
8530,4.1248193,-15.042081
8531,3.8546772,-12.544604
8532,5.322551,-16.21006
8533,4.846125,-15.308802
8534,4.5872364,-14.720339
8535,6.163516,-15.048789
8536,4.240936,-14.144663
8537,5.343065,-14.593779
8538,5.127158,-13.869363
8539,5.9308524,-15.267276
8540,4.971743,-14.131521
8541,5.949945,-13.480775
8542,5.2315755,-13.509348
8543,5.2782564,-12.978722
8544,5.1783085,-13.861936
8545,4.4701743,-13.465272
8546,4.395655,-13.365375
8547,3.7733686,-15.852102
8548,5.727263,-14.221832
8549,4.8553386,-10.717096
8550,2.6713095,-12.411299
8551,3.3162775,-13.032468
8552,5.37141,-12.486191
8553,4.5005755,-13.205903
8554,4.9790087,-12.9045725
8555,5.0070467,-9.86485
8556,4.172717,-14.815092
8557,6.64403,-11.021853
8558,6.0236993,-11.493575
8559,5.741913,-13.107422
8560,5.961411,-10.205522
8561,5.548525,-11.333456
8562,7.06969,-9.112907
8563,5.9371157,-10.163093
8564,7.4421043,-11.594639
8565,4.6652017,-11.769189
8566,5.150381,-11.281314
8567,6.5504737,-12.366202
8568,4.6880417,-10.020726
8569,4.0107684,-10.106466
8570,5.6586905,-10.633915
8571,4.8839307,-10.639878
8572,5.5046306,-11.229858
8573,5.4862623,-12.431521
8574,6.1369047,-10.074788
8575,6.1579375,-13.720471
8576,5.422889,-10.074936
8577,4.5115805,-11.061747
8578,6.952538,-10.913069
8579,5.520788,-10.157774
8580,4.8785396,-9.587046
8581,3.766046,-8.170599
8582,5.555596,-10.439825
8583,7.0297008,-9.994137
8584,4.339449,-9.628564
8585,4.925729,-9.703518
8586,3.3377721,-9.672173
8587,5.33512,-13.390782
8588,5.2428427,-9.894609
8589,4.45307,-10.247442
8590,3.7296307,-11.921184
8591,4.604846,-13.381768
8592,4.144222,-10.231995
8593,6.507864,-9.940966
8594,5.9870763,-11.086502
8595,5.490541,-13.899399
8596,6.191121,-11.778238
8597,5.871574,-11.627663
8598,5.2478304,-11.028473
8599,5.0038137,-13.145356
8600,5.2126646,-12.177373
8601,5.0279975,-11.899702
8602,4.4880233,-14.354472
8603,4.9172926,-14.024832
8604,5.2733207,-12.710513
8605,5.465477,-14.508449
8606,5.520508,-11.654221
8607,5.2825217,-13.715492
8608,5.372616,-11.640723
8609,4.9037766,-11.447416
8610,4.963078,-12.477588
8611,4.6854396,-13.007618
8612,7.0078053,-12.898146
8613,5.4551587,-12.876445
8614,4.429253,-13.494593
8615,6.1714892,-11.279704
8616,4.4007516,-11.852135
8617,3.633052,-10.063073
8618,4.403201,-13.314092
8619,4.487765,-13.214175
8620,5.449642,-13.062476
8621,5.4219103,-11.694255
8622,4.9192686,-11.428048
8623,4.8741875,-15.658119
8624,2.8197289,-11.79139
8625,4.550991,-10.442592
8626,4.09781,-11.203713
8627,5.269096,-11.461258
8628,5.0631957,-12.14207
8629,5.345431,-13.409862
8630,3.9951844,-14.453728
8631,3.5528693,-15.42913
8632,4.075834,-14.887276
8633,5.622435,-12.648881
8634,4.7947836,-12.701595
8635,5.183258,-12.5443735
8636,2.9483685,-13.846545
8637,4.005777,-12.065135
8638,5.2066455,-13.803049
8639,4.9278326,-12.807833
8640,6.36184,-13.759274
8641,4.9449825,-15.1031685
8642,5.4159117,-15.3135
8643,7.0988,-13.770331
8644,3.8893015,-16.011822
8645,5.049395,-13.357937
8646,4.5560045,-13.185924
8647,3.965607,-13.470931
8648,4.2428503,-12.212023
8649,4.8274136,-16.29169
8650,3.969329,-12.915939
8651,5.2756524,-12.617783
8652,3.8461812,-13.941097
8653,3.5756452,-11.688598
8654,4.148219,-10.204079
8655,4.4314904,-11.924438
8656,3.5797675,-13.270969
8657,3.927821,-12.133252
8658,4.000357,-13.837872
8659,5.3190084,-15.238705
8660,3.158955,-13.196371
8661,5.4756303,-14.623107
8662,4.6181703,-11.549228
8663,5.944466,-14.500122
8664,6.205096,-12.602838
8665,4.567431,-13.584888
8666,4.341928,-12.191483
8667,2.2589562,-12.457076
8668,2.5658908,-11.905602
8669,3.9316397,-11.568031
8670,4.29239,-15.1923685
8671,5.118506,-13.031334
8672,4.895529,-15.45646
8673,4.213467,-14.49777
8674,5.253004,-12.892129
8675,3.1851485,-11.745174
8676,2.7243145,-13.994208
8677,2.4155369,-14.367284
8678,2.4088302,-14.746787
8679,5.4642596,-13.153804
8680,3.233643,-15.451474
8681,5.3258767,-16.872887
8682,5.3528852,-14.410242
8683,5.603469,-15.560366
8684,6.168839,-15.653635
8685,3.3540711,-15.150571
8686,3.9390652,-11.136312
8687,4.841313,-11.095624
8688,5.192941,-11.430067
8689,4.1963553,-12.666952
8690,4.4764442,-13.798877
8691,3.6901026,-14.247317
8692,6.83935,-11.768369
8693,3.8480282,-13.196689
8694,5.0431933,-13.864154
8695,6.143339,-14.905405
8696,5.940709,-12.190884
8697,3.1842349,-11.627115
8698,3.29431,-12.846724
8699,3.523038,-11.832666
8700,3.4391723,-14.378
8701,3.9384482,-11.325867
8702,3.0723546,-13.104416
8703,4.9974074,-12.243662
8704,5.760726,-11.827407
8705,3.3458297,-12.357736
8706,3.1534398,-12.4395485
8707,1.8163997,-12.207021
8708,2.3617632,-12.740074
8709,3.3335452,-11.003837
8710,3.596052,-12.532231
8711,0.8829983,-11.316079
8712,3.577092,-14.88185
8713,3.1107087,-13.937017
8714,4.528657,-15.115338
8715,4.840211,-14.290844
8716,4.0619683,-13.296998
8717,4.9997005,-15.244546
8718,1.5852697,-11.983563
8719,3.592895,-11.758272
8720,5.7464604,-13.91816
8721,7.587446,-13.434403
8722,4.769987,-14.779727
8723,2.1420991,-14.714061
8724,3.2104707,-13.855163
8725,4.3217354,-14.073516
8726,2.0912936,-14.6561165
8727,2.4832203,-15.886002
8728,4.0947833,-14.557795
8729,3.7511015,-15.304734
8730,4.447571,-13.3102455
8731,4.2036934,-15.537132
8732,3.9993715,-13.00144
8733,6.3577642,-12.960759
8734,4.0309753,-14.878904
8735,5.2510295,-13.553929
8736,4.145386,-14.238202
8737,4.5260844,-12.811995
8738,6.196444,-13.022675
8739,4.6822147,-12.269287
8740,4.289149,-13.403377
8741,5.0916057,-12.570463
8742,4.3046184,-14.791557
8743,3.5049374,-13.267015
8744,4.11314,-11.821865
8745,3.5772736,-12.355837
8746,4.1208677,-13.343398
8747,3.90703,-14.182403
8748,4.4338665,-11.0939
8749,3.4370265,-13.650523
8750,3.860975,-14.370366
8751,3.7296724,-14.205036
8752,2.6727026,-15.652054
8753,3.731865,-13.434389
8754,5.329438,-12.866003
8755,6.064292,-13.88918
8756,4.9725094,-14.231436
8757,4.504043,-11.551994
8758,4.0814233,-13.23082
8759,6.13193,-14.978808
8760,5.2119093,-14.554446
8761,5.61736,-13.800913
8762,6.098676,-12.463494
8763,4.4482875,-11.9252615
8764,5.749794,-14.217629
8765,5.075352,-14.205913
8766,5.897671,-15.228654
8767,4.595414,-13.123722
8768,5.1623893,-15.96086
8769,5.2717853,-16.459513
8770,5.9700193,-15.414363
8771,4.759863,-14.920911
8772,6.2258873,-15.522473
8773,5.604653,-14.958756
8774,3.827609,-15.179232
8775,4.428997,-14.303974
8776,4.8948584,-11.562546
8777,5.4400077,-14.507931
8778,5.408862,-13.481317
8779,4.3506455,-14.552174
8780,5.6416774,-13.425765
8781,6.1974044,-15.8502865
8782,5.0283375,-14.057061
8783,5.237723,-11.885274
8784,5.272598,-13.502873
8785,3.9167914,-14.355677
8786,4.638808,-12.369238
8787,5.7984586,-14.455972
8788,5.433402,-12.365497
8789,4.8722057,-10.442
8790,4.606689,-10.755347
8791,5.61547,-13.623977
8792,4.4615717,-12.847432
8793,5.011186,-12.906977
8794,3.2650537,-13.212488
8795,6.4219,-12.089474
8796,4.9893847,-14.516609
8797,6.3495383,-13.566121
8798,5.1297913,-13.775071
8799,7.0225515,-10.905727
8800,4.8026495,-12.20461
8801,5.9704757,-13.325032
8802,7.1313944,-13.453846
8803,5.7586904,-12.744173
8804,6.074195,-14.209209
8805,5.655234,-13.51739
8806,4.560878,-10.407984
8807,4.0448775,-11.261429
8808,5.1409264,-10.2386875
8809,5.1652284,-9.869972
8810,6.1396317,-14.080939
8811,5.280046,-12.708679
8812,7.4714484,-11.988001
8813,7.57476,-11.352327
8814,4.7747393,-13.40918
8815,7.5003953,-12.463973
8816,5.6815157,-11.734674
8817,4.8277254,-10.830857
8818,5.7883353,-11.604884
8819,6.1025844,-12.724209
8820,6.6928873,-8.633879
8821,6.4672956,-12.320681
8822,5.610034,-11.262204
8823,3.9642463,-12.631076
8824,6.649743,-10.68921
8825,4.4735584,-14.30634
8826,3.353963,-14.152969
8827,5.780307,-12.083735
8828,5.023778,-13.281014
8829,6.1006603,-15.55076
8830,6.494682,-14.169836
8831,5.1844897,-16.065933
8832,4.31945,-13.546587
8833,6.6406684,-13.283583
8834,4.8669844,-13.343972
8835,5.924784,-14.660962
8836,5.25244,-12.1846
8837,5.9144197,-13.474133
8838,5.258712,-10.366492
8839,4.876427,-14.989687
8840,6.7433157,-11.232668
8841,7.171459,-11.204136
8842,7.2881055,-12.884284
8843,7.013346,-12.603746
8844,6.9032965,-12.750466
8845,7.6736846,-10.75208
8846,5.7542505,-11.393472
8847,6.5768023,-12.100234
8848,5.907437,-10.868463
8849,4.9615216,-13.359763
8850,5.3891196,-10.546079
8851,5.4556956,-11.128856
8852,5.654168,-11.633841
8853,5.1945515,-9.303046
8854,5.3087797,-11.378336
8855,7.287289,-11.349088
8856,5.423292,-14.640209
8857,5.499449,-14.894643
8858,5.1715555,-10.835324
8859,5.2909594,-14.050447
8860,6.122925,-12.7124815
8861,4.6527176,-12.5305
8862,4.656621,-12.057285
8863,4.4359493,-10.7454405
8864,5.836812,-11.013264
8865,4.8599067,-8.301174
8866,3.7108352,-11.74196
8867,5.921842,-11.972946
8868,7.1302876,-9.17253
8869,4.6556616,-9.197735
8870,6.8860393,-14.298246
8871,4.896833,-12.116438
8872,5.3944793,-15.68403
8873,3.5268247,-14.910015
8874,5.9061713,-13.894028
8875,6.3395605,-14.750066
8876,5.200112,-15.262005
8877,6.778588,-11.608934
8878,8.112063,-14.100785
8879,6.934585,-16.54906
8880,8.034612,-14.210031
8881,6.484246,-14.545789
8882,4.574319,-15.7439995
8883,4.882153,-13.575289
8884,4.6871996,-8.708196
8885,3.8920197,-15.103233
8886,3.87138,-13.241851
8887,4.057079,-12.264869
8888,4.2295537,-10.791905
8889,4.4942217,-10.587693
8890,6.044381,-11.485253
8891,6.8775897,-14.849506
8892,4.273924,-12.994319
8893,4.4664617,-9.80903
8894,4.915669,-10.358644
8895,5.809207,-9.664706
8896,7.148756,-10.2888975
8897,5.08788,-12.053635
8898,6.1730523,-11.146346
8899,6.3082867,-10.47077
8900,5.564538,-16.123512
8901,6.474536,-15.173858
8902,4.832229,-13.521543
8903,6.2289596,-11.368653
8904,5.2575006,-10.384724
8905,5.679371,-11.630702
8906,5.164079,-12.006232
8907,6.6732826,-11.712536
8908,6.209031,-11.718134
8909,6.863472,-12.390281
8910,6.826428,-10.6867285
8911,4.444459,-10.429102
8912,5.289407,-12.401672
8913,5.6666083,-12.827646
8914,7.48505,-14.025317
8915,4.413639,-11.849592
8916,5.33991,-17.00713
8917,5.2825413,-14.347267
8918,6.8510046,-15.869993
8919,5.8041244,-15.272261
8920,6.6709657,-11.886179
8921,6.1998634,-13.741202
8922,6.4733505,-15.915169
8923,5.820416,-13.981991
8924,6.0114775,-13.897235
8925,4.133871,-13.959343
8926,7.345123,-14.398362
8927,4.7623215,-15.339266
8928,4.273624,-14.2519865
8929,4.7073393,-13.94713
8930,5.813365,-14.239623
8931,5.325524,-13.927793
8932,4.102734,-14.741169
8933,4.967378,-14.384659
8934,5.4157453,-14.465875
8935,5.2483144,-13.101581
8936,6.964282,-14.543151
8937,5.4862804,-12.062312
8938,6.1404667,-11.191127
8939,5.1728554,-11.811893
8940,4.473109,-11.819113
8941,5.400029,-13.4330225
8942,4.963332,-13.521975
8943,4.539224,-13.767677
8944,6.115664,-11.849458
8945,7.1590786,-14.0771
8946,5.865547,-13.871682
8947,4.5730495,-12.044086
8948,3.1338553,-12.7299385
8949,4.370635,-12.73315
8950,5.8809104,-13.527834
8951,5.572542,-13.8799515
8952,5.9352674,-12.326486
8953,6.55545,-13.340702
8954,4.836964,-10.601881
8955,5.1077023,-11.9546585
8956,7.877467,-11.019172
8957,6.26815,-11.026622
8958,5.080246,-13.881162
8959,4.3159847,-13.033245
8960,6.257847,-11.672114
8961,6.2880073,-11.914505
8962,5.0057178,-10.424376
8963,7.310306,-11.724554
8964,5.2022843,-14.935575
8965,5.7727056,-10.652834
8966,5.716766,-8.3495
8967,5.8181915,-9.714724
8968,7.6263556,-11.658021
8969,4.828539,-12.71538
8970,5.4459205,-13.252645
8971,6.8241944,-14.831723
8972,6.4370003,-13.40549
8973,5.741636,-13.018566
8974,6.250855,-11.972424
8975,6.7665157,-13.903468
8976,5.8252244,-14.145219
8977,3.3295705,-12.394695
8978,5.552535,-12.798373
8979,6.992676,-11.4630375
8980,5.143271,-14.561169
8981,5.8610916,-10.991839
8982,6.506907,-12.61625
8983,6.1482406,-11.308236
8984,4.5064116,-13.0922365
8985,4.555884,-8.349432
8986,4.7252192,-12.840998
8987,5.6406097,-12.37564
8988,5.409726,-12.369758
8989,3.2572112,-13.368563
8990,4.8715296,-12.45909
8991,3.7741613,-9.484503
8992,6.6157207,-13.036776
8993,5.1591988,-11.893108
8994,6.390401,-13.066422
8995,3.7312553,-12.394855
8996,5.1591134,-12.078404
8997,5.1528172,-11.641308
8998,4.792921,-12.231645
8999,5.3571973,-14.416135
9000,4.992354,-11.072867
9001,4.5396495,-10.136372
9002,7.1023016,-10.256868
9003,5.308253,-9.596399
9004,6.4072285,-12.753721
9005,4.272037,-10.681075
9006,5.058519,-12.391142
9007,5.7878923,-14.339351
9008,5.73744,-12.357669
9009,5.1690264,-15.720549
9010,6.893304,-13.553482
9011,6.190146,-11.770088
9012,6.934901,-11.876781
9013,7.135453,-13.354677
9014,7.414072,-12.923288
9015,6.1714816,-17.692944
9016,7.3723497,-15.834937
9017,6.175607,-12.105458
9018,8.063577,-13.813042
9019,5.405727,-14.859227
9020,5.3972178,-10.52722
9021,6.6035943,-13.912787
9022,6.6152315,-15.556311
9023,8.40118,-14.982565
9024,5.3215394,-15.440696
9025,6.3257446,-11.430484
9026,6.9520016,-11.69083
9027,6.3340025,-11.381988
9028,6.499111,-15.1244135
9029,6.9832335,-14.088427
9030,5.423577,-13.331791
9031,7.81715,-13.108588
9032,7.0524707,-12.666796
9033,3.92321,-11.725806
9034,4.8195024,-9.421113
9035,6.6792526,-10.137986
9036,6.363063,-11.71617
9037,6.4302044,-15.87728
9038,5.9956717,-16.879602
9039,6.6141353,-13.374257
9040,4.8584814,-15.499063
9041,6.0234914,-13.687874
9042,5.440475,-13.236941
9043,4.48503,-16.005444
9044,5.1304417,-11.70125
9045,5.6572866,-12.435139
9046,6.298598,-11.003803
9047,6.668661,-14.889018
9048,7.245277,-12.592708
9049,7.2963567,-12.288971
9050,6.2698126,-10.978469
9051,5.574229,-11.529511
9052,7.017742,-10.380459
9053,6.6652308,-11.756536
9054,4.479455,-12.117709
9055,5.3639297,-9.790753
9056,4.90476,-10.773284
9057,4.717398,-11.304533
9058,5.899543,-11.805825
9059,5.792431,-11.547751
9060,7.003371,-14.999919
9061,4.276371,-12.89491
9062,7.281035,-11.008783
9063,6.190717,-14.05367
9064,5.213561,-13.9146385
9065,5.144643,-12.247564
9066,6.1117177,-13.174579
9067,4.623776,-10.351461
9068,6.8157587,-11.294214
9069,4.6704874,-11.79591
9070,5.714944,-13.890634
9071,5.526639,-13.694294
9072,7.213155,-12.934277
9073,7.2276235,-13.306161
9074,6.4032755,-13.306143
9075,6.07978,-15.865497
9076,5.203914,-16.571035
9077,5.376808,-13.943776
9078,4.779323,-14.264581
9079,5.1140194,-14.758662
9080,5.5763144,-12.720587
9081,4.879855,-11.611468
9082,5.621295,-15.397653
9083,6.274966,-14.625739
9084,5.4762793,-12.341222
9085,5.0954967,-11.868463
9086,5.577769,-11.329016
9087,3.7935615,-12.352529
9088,5.6443424,-12.339676
9089,5.1925015,-11.12811
9090,4.4420104,-13.236325
9091,5.688057,-10.653922
9092,4.41908,-13.050825
9093,5.29748,-12.125919
9094,4.5856957,-13.127675
9095,6.633282,-13.8789015
9096,3.9684145,-12.795245
9097,5.870895,-13.492106
9098,6.183653,-14.138625
9099,4.8856325,-12.164193
9100,5.077863,-12.781021
9101,6.1283684,-10.683463
9102,7.2558517,-12.16581
9103,5.437522,-12.876858
9104,7.501943,-12.692807
9105,7.8289366,-10.980329
9106,8.189181,-12.605441
9107,5.452221,-13.637257
9108,6.475274,-13.584392
9109,5.5505095,-11.863596
9110,6.9628887,-10.2122755
9111,5.638236,-12.547595
9112,7.3069873,-14.3296795
9113,6.222657,-15.139812
9114,4.6848855,-13.435151
9115,5.2233386,-15.335956
9116,6.939042,-13.740221
9117,5.5028725,-15.198006
9118,4.576152,-13.854555
9119,5.007151,-15.018331
9120,4.8601437,-13.938486
9121,4.945754,-15.949332
9122,3.383982,-16.952805
9123,6.3010125,-16.767038
9124,5.862817,-16.866253
9125,4.9945397,-15.760691
9126,5.0891347,-13.946631
9127,4.6472883,-16.509193
9128,4.678559,-15.680036
9129,5.082501,-14.105597
9130,5.037333,-12.578523
9131,4.54021,-12.375376
9132,4.1069336,-16.150478
9133,5.76423,-15.806274
9134,3.2811522,-14.751188
9135,4.1562767,-13.697857
9136,5.049524,-13.9449215
9137,5.7929397,-16.183262
9138,4.8494744,-14.398464
9139,5.220433,-12.366325
9140,5.017292,-11.343198
9141,3.8002162,-11.314409
9142,3.722562,-13.378814
9143,5.3161244,-15.080221
9144,4.2022276,-13.6386175
9145,4.4746675,-14.879504
9146,4.2750597,-10.623125
9147,6.7083488,-12.531307
9148,4.753048,-14.049361
9149,5.125391,-12.256382
9150,4.8597865,-13.565862
9151,5.651911,-12.156873
9152,6.9856343,-14.355318
9153,5.7614675,-12.012231
9154,4.7604785,-12.025696
9155,6.461628,-13.121292
9156,6.2976604,-14.592482
9157,5.692761,-11.319622
9158,5.8011217,-14.718215
9159,7.2053647,-14.653898
9160,6.613187,-14.808319
9161,5.065933,-14.4643
9162,6.668905,-10.347886
9163,6.8802376,-12.686641
9164,4.2884717,-12.130216
9165,6.498341,-9.493714
9166,5.7071257,-9.200634
9167,6.213429,-10.854189
9168,6.673232,-10.268361
9169,6.156395,-11.678463
9170,5.544578,-9.267508
9171,5.56044,-10.849732
9172,4.172466,-12.251821
9173,5.3556542,-11.557725
9174,4.7864366,-9.035365
9175,6.0872135,-9.416753
9176,5.598988,-12.66951
9177,5.4148,-9.8100605
9178,5.1535974,-8.393993
9179,4.951881,-9.720299
9180,6.5809073,-10.881336
9181,4.517524,-10.35703
9182,6.1298027,-9.109098
9183,6.8876424,-11.84164
9184,5.63838,-8.3974495
9185,6.3455505,-13.783311
9186,5.501097,-13.559881
9187,4.1046886,-9.735955
9188,5.7327833,-11.48853
9189,5.5699053,-9.959782
9190,4.2047033,-11.161423
9191,6.444162,-11.167439
9192,6.1423264,-11.391613
9193,5.922208,-14.253376
9194,6.600978,-12.809458
9195,6.8314223,-11.237771
9196,5.980965,-8.0182495
9197,5.556561,-11.271028
9198,4.727754,-10.160042
9199,5.868708,-11.017516
9200,5.989538,-9.943393
9201,7.181247,-12.332109
9202,6.150597,-12.0500345
9203,5.84572,-13.586816
9204,6.2783494,-12.861303
9205,5.149308,-12.50539
9206,6.5190063,-13.040792
9207,6.863311,-12.979479
9208,6.119592,-11.215788
9209,6.771345,-11.188245
9210,4.082445,-11.520153
9211,6.3586106,-10.729932
9212,7.0607886,-11.634732
9213,5.914168,-12.711363
9214,6.4017406,-12.176971
9215,4.787299,-12.441299
9216,6.1871777,-9.958437
9217,5.555801,-9.800272
9218,6.287542,-11.015738
9219,6.623029,-10.7788925
9220,7.6951237,-12.403341
9221,4.08703,-11.813922
9222,6.4829283,-10.328328
9223,6.111967,-10.586838
9224,5.7336416,-10.421964
9225,8.531037,-9.583745
9226,6.791553,-9.095832
9227,7.952215,-9.713823
9228,6.6982656,-6.4183397
9229,7.868299,-7.9962034
9230,6.46556,-11.751569
9231,7.113667,-9.776358
9232,4.779117,-9.412153
9233,5.28176,-11.625182
9234,6.589165,-9.970564
9235,5.7597375,-12.558953
9236,5.6002097,-9.506833
9237,6.489834,-12.364174
9238,5.5468006,-12.896199
9239,6.551559,-12.951306
9240,5.5266047,-12.141831
9241,4.9827704,-12.36026
9242,5.345502,-10.635134
9243,4.69895,-10.824282
9244,4.7644114,-10.283147
9245,5.6176896,-10.082243
9246,5.615844,-10.6032295
9247,4.493828,-10.400219
9248,3.93058,-11.711781
9249,2.8215766,-12.157614
9250,4.2845383,-12.977542
9251,5.211012,-11.493794
9252,7.472641,-9.56
9253,5.9034467,-9.257271
9254,4.296275,-10.488308
9255,4.5282116,-11.849706
9256,3.9839358,-10.547744
9257,3.9529128,-8.25066
9258,5.160074,-9.9049
9259,4.8259807,-9.124289
9260,4.860888,-11.525763
9261,5.1009054,-9.895657
9262,5.8032374,-12.229356
9263,5.3819714,-11.018448
9264,5.111774,-10.540577
9265,4.991913,-11.374269
9266,3.7433934,-10.832962
9267,4.960428,-11.84109
9268,5.4338126,-10.226093
9269,4.753275,-10.549055
9270,4.758319,-8.779832
9271,6.890371,-9.805344
9272,5.6834145,-11.666631
9273,4.684526,-11.729772
9274,4.329629,-9.133048
9275,3.9423559,-8.302389
9276,5.6472025,-12.407815
9277,5.104246,-10.353689
9278,5.5495434,-7.055914
9279,6.377326,-11.184012
9280,5.008578,-12.549946
9281,5.5380435,-12.849962
9282,6.2353473,-12.847926
9283,5.3175373,-11.699517
9284,5.137441,-12.041975
9285,6.4126163,-12.3933
9286,6.8565893,-8.7551365
9287,6.485514,-9.300631
9288,6.6589203,-11.021342
9289,5.983157,-12.231593
9290,5.555195,-10.949009
9291,4.6914062,-10.188587
9292,4.596885,-10.176357
9293,6.6863003,-9.669251
9294,6.684462,-7.2042055
9295,5.4191394,-9.304019
9296,5.7454004,-11.496062
9297,5.2625184,-8.728833
9298,5.784952,-9.190155
9299,4.4738264,-7.943112
9300,5.5382524,-10.718333
9301,8.016973,-11.45826
9302,6.6237097,-11.846302
9303,6.2260776,-11.352757
9304,5.3364143,-12.93978
9305,3.7812014,-13.960742
9306,5.362422,-13.4772415
9307,6.192627,-11.87604
9308,5.238842,-10.296734
9309,4.51145,-12.86505
9310,4.8469234,-13.940316
9311,4.9926934,-12.792946
9312,4.942038,-11.706627
9313,5.1990843,-12.071148
9314,6.7985725,-12.588048
9315,6.0122175,-13.836284
9316,6.300879,-12.491819
9317,4.0785193,-11.566272
9318,2.451252,-12.068049
9319,5.194646,-11.025016
9320,5.4294934,-12.51595
9321,4.2225676,-13.444831
9322,4.1813154,-12.591344
9323,5.460534,-12.80769
9324,5.2187614,-11.729959
9325,5.9781036,-11.565284
9326,3.8611848,-13.205385
9327,4.812305,-13.672288
9328,5.148491,-12.034421
9329,5.369314,-14.663636
9330,3.812183,-13.490215
9331,5.9025583,-13.051405
9332,6.4271436,-16.488949
9333,4.328728,-12.535939
9334,5.847588,-12.79622
9335,4.872813,-13.063614
9336,6.1812396,-11.2632
9337,6.1794553,-12.072285
9338,5.8457613,-12.825289
9339,4.205776,-15.2077265
9340,5.4923964,-13.794051
9341,6.737581,-12.049601
9342,7.1953826,-12.619245
9343,4.41357,-12.334965
9344,6.500467,-11.95852
9345,4.2111807,-13.259004
9346,3.9245622,-13.279766
9347,5.3389626,-11.146993
9348,5.8661046,-11.336588
9349,5.921091,-12.2584095
9350,7.3700323,-13.114454
9351,6.145051,-11.750801
9352,6.811594,-10.296218
9353,4.1518054,-12.250504
9354,5.597372,-11.480217
9355,5.239861,-9.906451
9356,5.999044,-9.429091
9357,5.613375,-10.226822
9358,6.6642156,-11.542051
9359,4.5945415,-9.05495
9360,6.0615234,-8.849246
9361,4.914258,-8.513257
9362,4.131079,-10.570825
9363,4.9594746,-10.867958
9364,4.9275265,-13.900603
9365,4.5167546,-10.581068
9366,3.5947495,-10.917008
9367,6.954744,-10.069866
9368,5.459417,-8.2752
9369,5.191628,-10.302824
9370,6.3629246,-7.6887717
9371,6.0748034,-9.849092
9372,4.8109765,-11.519224
9373,3.9759643,-11.770481
9374,4.3991857,-9.078463
9375,6.954768,-9.479418
9376,5.428227,-9.505765
9377,4.8751364,-8.834148
9378,5.8238816,-10.040738
9379,3.5876,-8.31673
9380,3.4697247,-11.212521
9381,5.2029734,-9.393621
9382,4.928174,-8.041001
9383,4.1059494,-9.526536
9384,4.817874,-8.613142
9385,3.9176445,-12.600732
9386,3.893104,-11.021872
9387,5.7399373,-8.929555
9388,3.5404134,-10.207474
9389,3.9788945,-10.862799
9390,2.5210679,-9.924154
9391,3.2734852,-8.6959095
9392,2.6565316,-8.758778
9393,4.540049,-9.186542
9394,5.289952,-8.89622
9395,5.3230677,-9.861431
9396,3.5096915,-9.46789
9397,3.2791932,-10.478215
9398,4.636065,-8.397514
9399,4.679374,-10.950327
9400,5.2287545,-8.851389
9401,5.8134246,-10.902767
9402,4.2401013,-7.192449
9403,2.2166967,-8.630398
9404,5.008955,-9.76606
9405,4.826758,-10.944582
9406,6.4008865,-12.1665325
9407,5.584068,-10.501638
9408,4.5145106,-11.539026
9409,4.823574,-11.56005
9410,4.3679256,-11.782412
9411,4.736713,-8.588959
9412,2.9469564,-11.471738
9413,3.4754655,-7.8163657
9414,3.2095022,-7.9520607
9415,4.1746287,-9.161917
9416,4.1176434,-11.987904
9417,8.127329,-11.044913
9418,5.277325,-8.612964
9419,3.9287202,-10.72689
9420,4.400143,-8.377138
9421,3.9373448,-7.729483
9422,4.504582,-7.0471907
9423,5.0632753,-6.8001866
9424,5.6391635,-8.45768
9425,4.1194506,-8.951208
9426,4.51417,-9.129593
9427,4.0779543,-6.218797
9428,5.057615,-7.681757
9429,4.4134464,-8.461125
9430,4.6874948,-9.141482
9431,3.4153848,-8.01772
9432,2.7602172,-8.915674
9433,5.8259854,-10.4255295
9434,4.6399245,-8.992662
9435,5.8295913,-7.7143493
9436,4.674224,-10.915123
9437,4.9991937,-9.43663
9438,3.8684268,-10.32045
9439,4.0622625,-7.336866
9440,3.859791,-6.484312
9441,5.92173,-9.464831
9442,5.5693636,-10.698645
9443,4.557151,-10.057064
9444,5.274718,-8.169658
9445,5.6269703,-7.638796
9446,3.7254415,-8.2612915
9447,4.4035773,-9.123997
9448,4.154831,-9.320771
9449,4.352891,-10.532165
9450,5.0726013,-10.944318
9451,6.0050163,-12.545903
9452,5.4395604,-14.288269
9453,4.7887053,-10.966645
9454,5.8757157,-12.607604
9455,4.0099225,-9.3376465
9456,4.252527,-13.078991
9457,5.3223033,-12.74597
9458,4.947681,-7.850985
9459,5.4328,-11.974556
9460,5.03029,-12.788329
9461,5.091877,-11.492288
9462,4.5351887,-9.025992
9463,3.1375313,-10.510122
9464,4.656083,-13.482192
9465,4.6180854,-15.456244
9466,3.398571,-15.404056
9467,4.4522305,-14.532864
9468,5.765907,-14.587412
9469,5.4352074,-14.190305
9470,4.431385,-12.24853
9471,4.0670724,-10.409923
9472,4.337669,-11.23076
9473,5.9790425,-12.819877
9474,3.3105059,-14.646253
9475,5.240309,-11.228512
9476,3.9432952,-11.562698
9477,4.5198402,-12.674389
9478,3.9949443,-12.86822
9479,3.8084555,-12.20715
9480,4.648219,-12.588264
9481,3.0998452,-12.707331
9482,5.282611,-12.608825
9483,2.8226094,-11.592896
9484,5.706757,-15.068256
9485,4.477283,-13.810448
9486,5.016972,-14.09306
9487,4.5974174,-12.544494
9488,3.3625488,-12.825719
9489,3.5614371,-13.489668
9490,2.355658,-15.4794655
9491,4.588056,-12.103851
9492,1.9092039,-13.649247
9493,5.6600304,-12.6
9494,5.086194,-11.949401
9495,5.066227,-12.854823
9496,3.7347004,-13.713784
9497,4.947118,-15.23978
9498,4.9895372,-11.5761595
9499,3.236991,-11.370352
9500,4.610837,-11.369623
9501,3.5943184,-10.429135
9502,4.1211505,-13.836914
9503,4.23562,-12.0188
9504,4.4472065,-14.006535
9505,4.6557193,-10.448387
9506,4.0068836,-12.028319
9507,5.669238,-14.028031
9508,4.619422,-14.037348
9509,3.8487108,-14.872651
9510,5.461699,-12.448081
9511,5.385368,-12.550155
9512,6.1187167,-13.021592
9513,4.347991,-10.702134
9514,5.253585,-11.911037
9515,4.6392975,-13.799364
9516,2.3175755,-14.046896
9517,3.7903023,-12.034724
9518,4.7246118,-14.457269
9519,3.8073025,-10.213596
9520,5.7546563,-12.61365
9521,4.5803766,-13.0560255
9522,4.9793286,-13.568033
9523,4.697137,-12.636678
9524,5.0300746,-13.375144
9525,3.7855997,-13.944995
9526,3.511936,-12.472347
9527,4.3856606,-13.732064
9528,2.012938,-15.751439
9529,3.3194811,-12.795083
9530,3.4879663,-13.356395
9531,3.4103272,-11.577616
9532,4.9502206,-13.86336
9533,5.2823343,-14.123891
9534,5.8645453,-11.806577
9535,4.848917,-11.718217
9536,5.0873637,-12.833057
9537,3.7558048,-8.816963
9538,4.2161345,-14.029482
9539,3.4806948,-14.831537
9540,5.5065713,-13.531111
9541,4.512693,-11.392361
9542,5.1499496,-12.99763
9543,6.308811,-13.673304
9544,3.9883096,-14.394737
9545,5.1674666,-13.7597885
9546,5.4778433,-16.24409
9547,5.642913,-14.606822
9548,4.413853,-11.609174
9549,4.1480274,-13.66293
9550,6.5944,-13.942804
9551,5.11464,-13.8182335
9552,5.463323,-14.915401
9553,5.6459036,-11.510627
9554,6.9247923,-12.714011
9555,6.6551123,-13.398199
9556,5.3194447,-13.11375
9557,5.7353497,-10.557305
9558,5.3548675,-12.7130785
9559,3.5082211,-14.139725
9560,5.503413,-15.355813
9561,5.2597523,-16.32029
9562,6.279523,-14.983321
9563,6.2643504,-14.290214
9564,4.4670324,-12.032558
9565,2.9066284,-15.394895
9566,3.7577114,-14.015994
9567,5.3491526,-15.657239
9568,5.253583,-16.024895
9569,5.5353246,-14.319068
9570,5.855211,-11.592555
9571,5.242606,-12.319514
9572,4.973125,-11.392503
9573,5.763772,-11.356095
9574,5.5241437,-13.3679085
9575,5.012154,-11.76304
9576,4.607804,-11.388333
9577,5.2662535,-6.4254894
9578,5.573084,-9.839939
9579,4.5480614,-10.814133
9580,4.155757,-11.412273
9581,4.6391187,-12.175102
9582,3.8960543,-10.286951
9583,5.7505283,-11.253222
9584,5.6989536,-12.571884
9585,5.83106,-9.01107
9586,5.1535926,-12.004947
9587,4.4855065,-11.441056
9588,4.714803,-9.833209
9589,3.8520334,-10.059376
9590,5.8795156,-12.473822
9591,4.6981,-10.441537
9592,5.7138696,-10.344709
9593,2.333403,-11.689519
9594,4.3981442,-13.554214
9595,4.1859603,-13.496361
9596,5.714567,-11.858702
9597,4.0791755,-12.318837
9598,4.0899796,-11.953758
9599,5.802343,-12.947194
9600,2.8525012,-11.878942
9601,4.898803,-10.286176
9602,4.232348,-14.566041
9603,6.529698,-11.342129
9604,3.384737,-12.088378
9605,4.139889,-14.637065
9606,4.080259,-11.989476
9607,5.6822653,-12.121266
9608,5.000653,-10.3147
9609,4.9528847,-13.911934
9610,4.7081575,-11.529929
9611,4.870129,-11.961939
9612,5.5874095,-11.59308
9613,5.275299,-11.657904
9614,6.20599,-11.336721
9615,3.8103468,-10.356333
9616,4.4930515,-12.880589
9617,5.4956317,-10.4019375
9618,5.906715,-9.248257
9619,5.9323425,-11.749563
9620,5.4757824,-10.81901
9621,4.8037267,-14.280845
9622,4.958856,-15.763959
9623,6.171973,-12.629802
9624,6.375103,-11.858611
9625,5.65579,-15.073627
9626,4.5327034,-13.583422
9627,6.3177967,-15.151268
9628,6.18292,-16.895016
9629,5.9023275,-17.883577
9630,3.3672702,-14.436348
9631,3.1329734,-16.12619
9632,4.9641104,-17.158558
9633,4.6463995,-13.920483
9634,5.0769916,-16.439009
9635,3.8086686,-15.999177
9636,5.405737,-16.122482
9637,4.1867805,-16.35737
9638,6.443876,-16.665533
9639,5.61298,-14.701717
9640,3.7936645,-16.350111
9641,5.59816,-19.009724
9642,7.076643,-16.67234
9643,4.894504,-13.289813
9644,6.208511,-11.956976
9645,4.156742,-11.4303255
9646,5.618991,-10.673321
9647,5.954533,-12.388211
9648,5.4294763,-11.535637
9649,5.4472923,-11.598258
9650,4.8314514,-11.425616
9651,3.8830485,-13.24575
9652,3.0207272,-12.532642
9653,3.596704,-11.190743
9654,5.541772,-11.762996
9655,6.7066617,-11.451294
9656,5.622924,-9.392677
9657,4.7004747,-13.95446
9658,3.9714808,-14.643521
9659,3.4626675,-14.66202
9660,4.292685,-14.5044565
9661,3.6517844,-13.708817
9662,1.9582977,-14.098187
9663,4.2042346,-13.853006
9664,3.5014493,-14.188552
9665,5.1074915,-14.398767
9666,5.2418404,-12.089764
9667,5.0367947,-11.714382
9668,5.850176,-15.349615
9669,3.99314,-13.817104
9670,3.958696,-13.341859
9671,2.9493256,-13.921055
9672,3.5916543,-13.306188
9673,4.5490766,-13.728259
9674,4.8561563,-12.677301
9675,3.034908,-13.180971
9676,4.9843225,-15.04988
9677,5.0687785,-13.8289995
9678,3.3507438,-14.399094
9679,2.485721,-12.777032
9680,2.9655037,-13.473206
9681,3.1619847,-10.872317
9682,3.7163618,-12.191886
9683,3.7033055,-12.734814
9684,4.9010515,-12.176164
9685,4.6564226,-10.905685
9686,4.3538256,-10.342224
9687,4.4629445,-8.996693
9688,5.095228,-12.652016
9689,4.6825814,-14.436978
9690,6.335709,-13.277442
9691,6.267798,-12.726784
9692,5.363292,-12.711435
9693,4.1263537,-12.898341
9694,5.0799317,-14.747377
9695,5.6731544,-12.386363
9696,5.7067523,-12.583764
9697,6.3773375,-13.940421
9698,5.504189,-14.406669
9699,5.943947,-11.588394
9700,6.225314,-12.057178
9701,5.7262597,-12.886013
9702,4.6198726,-14.308375
9703,4.324252,-12.215958
9704,4.740222,-14.030117
9705,6.1399817,-13.976666
9706,4.8976054,-14.938329
9707,6.6430044,-13.609332
9708,5.072842,-12.821025
9709,3.823176,-10.825648
9710,5.521205,-12.792792
9711,3.7122676,-11.546338
9712,5.0905175,-12.9215765
9713,4.263171,-11.825172
9714,6.136132,-13.886851
9715,6.5689316,-12.899767
9716,2.8828547,-10.878318
9717,4.1287346,-12.366784
9718,5.570697,-13.937381
9719,7.1907363,-15.343153
9720,5.5634046,-14.533212
9721,6.300021,-12.961227
9722,6.204281,-15.553784
9723,6.080432,-17.58154
9724,5.626759,-15.947273
9725,6.3985686,-13.63625
9726,4.966176,-14.786978
9727,4.5390487,-12.620309
9728,6.2030234,-13.319212
9729,7.7132497,-15.154621
9730,4.2674804,-17.144299
9731,5.8985977,-13.641815
9732,4.3077574,-11.354556
9733,5.506837,-9.392265
9734,5.230819,-12.249267
9735,5.5019054,-11.559411
9736,5.426849,-13.888972
9737,7.230257,-14.669849
9738,5.2955174,-14.808254
9739,4.450663,-16.749048
9740,4.50751,-18.521278
9741,5.2330728,-14.370301
9742,4.337564,-14.94825
9743,5.0994315,-12.958599
9744,4.666185,-13.266756
9745,4.686169,-14.141264
9746,3.6676664,-14.260913
9747,6.4383664,-12.531511
9748,4.2792616,-13.866358
9749,3.5578241,-14.634801
9750,4.568806,-12.772691
9751,3.935614,-11.650998
9752,4.2152348,-13.222417
9753,6.5538044,-11.851249
9754,5.044673,-13.050217
9755,4.3635,-12.791958
9756,4.162175,-11.172155
9757,5.8056316,-14.471087
9758,4.8634143,-10.911651
9759,4.852211,-10.619154
9760,5.6029425,-12.28837
9761,4.9576645,-13.86034
9762,4.395931,-14.27459
9763,3.8621929,-13.427521
9764,6.042602,-16.50349
9765,5.358463,-16.109737
9766,5.8778048,-16.774532
9767,6.4157925,-14.965898
9768,5.381235,-17.081156
9769,5.7242165,-15.234341
9770,4.9923015,-13.798242
9771,4.2959495,-15.604303
9772,4.8332586,-15.7478695
9773,4.511136,-16.031076
9774,6.05844,-13.709202
9775,4.5528045,-12.202831
9776,5.2881956,-15.864227
9777,5.460431,-15.380319
9778,4.8384156,-12.354264
9779,6.691596,-15.43602
9780,5.598958,-12.897863
9781,4.934706,-16.454943
9782,5.3146253,-14.619229
9783,3.6350102,-11.88542
9784,4.881394,-12.514471
9785,4.3339467,-15.065623
9786,4.9482408,-15.901526
9787,6.3865294,-16.750084
9788,5.3243084,-13.146569
9789,5.189751,-15.189643
9790,4.2328796,-14.490792
9791,5.4531245,-13.822734
9792,5.5313025,-13.282498
9793,6.312532,-14.803629
9794,6.8290133,-16.790749
9795,5.603774,-11.67659
9796,5.431584,-12.293701
9797,5.541239,-13.125954
9798,6.4842067,-13.343316
9799,4.592834,-10.941094
9800,5.125179,-15.729156
9801,3.774632,-11.172268
9802,4.444079,-12.068417
9803,5.281111,-11.049989
9804,6.818534,-10.971679
9805,6.7768874,-13.605355
9806,5.9552355,-12.991614
9807,5.0625305,-9.884939
9808,4.651889,-12.6143465
9809,5.8725615,-13.383886
9810,5.6751285,-11.462166
9811,2.6696243,-11.910045
9812,4.5357566,-13.456279
9813,4.323719,-13.953664
9814,3.9597158,-14.500719
9815,5.496041,-12.828555
9816,5.4040494,-12.979719
9817,4.2317467,-12.536356
9818,4.235677,-10.73905
9819,4.6831813,-8.807671
9820,5.6326556,-12.981181
9821,5.4767995,-11.316998
9822,5.744466,-10.095055
9823,5.8607197,-14.076087
9824,5.7228055,-10.865186
9825,6.78447,-10.321336
9826,6.2074404,-12.294474
9827,4.944705,-13.156805
9828,5.290883,-12.824322
9829,5.182053,-14.57116
9830,5.356596,-15.76849
9831,5.025467,-14.810335
9832,5.3549,-11.408019
9833,5.6128902,-12.218381
9834,3.957603,-13.945686
9835,5.083761,-12.113468
9836,5.1714396,-11.088796
9837,5.5420947,-12.347823
9838,6.619472,-10.623001
9839,4.322288,-14.2730255
9840,6.386509,-15.760043
9841,5.504746,-12.730669
9842,5.864699,-15.928028
9843,6.795242,-11.034932
9844,6.4189825,-12.665223
9845,5.617941,-14.222307
9846,5.7733707,-11.122335
9847,5.087148,-11.321011
9848,6.099841,-9.900302
9849,5.0742664,-10.728908
9850,5.9357276,-10.868899
9851,4.599204,-11.210027
9852,5.1219296,-13.676172
9853,5.1209683,-13.677709
9854,3.012792,-13.9961815
9855,4.740404,-15.09465
9856,6.0448256,-12.56671
9857,3.4729018,-11.3371
9858,6.2669544,-10.704417
9859,5.141224,-10.143935
9860,7.0659547,-11.889565
9861,5.0087004,-12.175209
9862,3.4551022,-12.101257
9863,6.7358904,-10.239997
9864,4.845167,-12.129283
9865,5.502675,-10.157958
9866,5.5056877,-10.384144
9867,5.0191994,-11.042045
9868,7.2095747,-10.947779
9869,5.1673155,-10.7800865
9870,4.954802,-11.658005
9871,4.8565435,-13.218711
9872,6.3137465,-10.25692
9873,6.0147314,-11.671113
9874,4.595361,-13.051816
9875,4.209837,-10.048348
9876,5.342314,-11.486411
9877,5.789567,-12.563008
9878,4.235005,-12.835867
9879,5.744918,-10.282085
9880,3.7398078,-9.089136
9881,3.8274624,-10.146733
9882,5.6690407,-9.822323
9883,5.624187,-9.917717
9884,5.5706716,-7.062591
9885,5.1099467,-7.4369993
9886,2.8109536,-9.062497
9887,4.372411,-9.405303
9888,5.2856593,-11.480936
9889,2.6220512,-9.998677
9890,5.628453,-9.427212
9891,5.8720856,-12.828531
9892,6.814503,-12.890168
9893,6.442506,-11.995111
9894,5.507178,-8.814045
9895,6.110008,-10.5500345
9896,7.0917144,-13.197554
9897,5.860069,-8.777462
9898,5.8214035,-10.6767235
9899,5.5986886,-11.741853
9900,7.976813,-12.728215
9901,5.5532665,-11.989432
9902,5.1298027,-9.76741
9903,4.498928,-10.197887
9904,4.9781575,-8.131891
9905,5.0159545,-11.007463
9906,6.341197,-9.699255
9907,5.7622795,-10.329927
9908,5.686923,-9.24429
9909,5.266834,-10.892958
9910,6.4433827,-9.403526
9911,4.8408613,-10.781354
9912,5.215889,-11.231887
9913,5.3656483,-13.633797
9914,5.6264167,-14.300086
9915,4.8911877,-9.662016
9916,4.6634173,-12.085339
9917,5.699719,-16.33164
9918,4.498228,-14.50601
9919,4.992971,-11.2752905
9920,7.0956073,-13.071481
9921,5.3009963,-12.32416
9922,6.9820085,-13.592003
9923,6.9011593,-12.079718
9924,5.2438946,-10.401002
9925,4.2767863,-9.856779
9926,5.0776987,-10.152573
9927,6.0850716,-12.031075
9928,4.824772,-10.302764
9929,4.952765,-9.657041
9930,5.6003456,-10.550447
9931,5.845657,-8.836358
9932,4.3532486,-8.448497
9933,4.2562194,-10.220211
9934,4.6857142,-10.167973
9935,6.277153,-8.805535
9936,5.4276247,-8.000815
9937,3.330393,-7.120167
9938,6.3114953,-8.500276
9939,6.6799464,-9.543831
9940,7.3073163,-9.680086
9941,6.153508,-10.541744
9942,6.0114617,-10.005512
9943,5.129589,-11.956413
9944,4.185841,-9.543531
9945,5.566368,-11.033715
9946,4.265139,-7.2048984
9947,6.6247864,-6.3315716
9948,5.3555098,-7.438962
9949,5.3196545,-9.124454
9950,4.902601,-8.606383
9951,5.0941095,-11.209848
9952,4.8330803,-10.899617
9953,4.8504014,-8.761007
9954,5.3381586,-10.422909
9955,5.2173915,-9.723289
9956,4.467782,-11.397319
9957,6.9950304,-11.501673
9958,5.296494,-10.013785
9959,4.784864,-11.981092
9960,4.8346863,-11.745387
9961,6.007623,-9.517394
9962,4.897181,-10.336654
9963,3.8174677,-7.995747
9964,4.5657024,-10.608085
9965,4.6462016,-9.653471
9966,3.64187,-12.448681
9967,5.47512,-13.160646
9968,5.401161,-11.869758
9969,5.7489996,-10.089823
9970,3.8919706,-11.190369
9971,6.234035,-10.981016
9972,5.3246827,-12.980405
9973,5.863015,-10.878963
9974,5.732776,-9.42213
9975,6.561038,-6.6716647
9976,5.2949047,-6.511802
9977,6.997794,-8.533082
9978,4.5022936,-8.739529
9979,6.053088,-9.993767
9980,5.868417,-10.925988
9981,5.5238523,-8.781077
9982,5.8432455,-8.67756
9983,5.6104217,-9.282313
9984,4.6116853,-9.186174
9985,4.1518674,-9.140051
9986,5.6501355,-8.60467
9987,5.2171173,-8.5998125
9988,5.162198,-7.500202
9989,3.9627357,-8.703786
9990,7.124197,-8.599313
9991,4.378327,-10.282577
9992,6.6543565,-8.6233015
9993,6.0973015,-9.854545
9994,5.3389525,-8.223559
9995,5.315378,-10.37305
9996,3.5134284,-10.08244
9997,5.252392,-10.784005
9998,4.795047,-13.070198
9999,4.415881,-9.768706
10000,3.7310073,-9.232962
10001,5.116668,-10.086174
10002,4.261806,-11.635833
10003,4.7457914,-10.726387
10004,6.0430574,-8.723175
10005,4.787806,-10.185052
10006,5.7946534,-10.183997
10007,5.353683,-11.806245
10008,3.2480314,-10.002714
10009,3.440106,-10.315384
10010,5.114336,-9.216362
10011,5.569992,-7.570999
10012,3.9962294,-12.078461
10013,5.325893,-11.372137
10014,6.540718,-7.920238
10015,5.4629035,-8.367065
10016,5.2281528,-9.741464
10017,5.4364524,-9.889595
10018,5.735262,-9.903185
10019,4.167692,-11.291115
10020,4.4289126,-9.332224
10021,3.8266182,-9.134169
10022,6.0019965,-9.508791
10023,6.6879125,-10.424241
10024,4.120045,-8.749225
10025,5.658105,-10.982089
10026,4.5695124,-8.498689
10027,3.3542397,-9.43567
10028,6.823185,-8.916177
10029,6.333985,-10.356606
10030,4.8971176,-12.883469
10031,4.213439,-9.534327
10032,4.503626,-10.712205
10033,3.6245832,-8.596684
10034,5.7706766,-10.817088
10035,5.6221085,-9.059147
10036,6.245561,-10.588255
10037,3.928408,-10.5999155
10038,3.0672162,-10.503597
10039,4.275037,-8.632196
10040,5.1354218,-9.69674
10041,3.1423516,-9.233479
10042,5.8133793,-8.411781
10043,4.2348857,-7.3202767
10044,5.8839555,-6.6963043
10045,4.7416425,-9.160464
10046,5.1652374,-8.628561
10047,4.597224,-6.50652
10048,4.8336816,-8.62829
10049,4.5409865,-7.5574756
10050,4.005636,-11.505139
10051,5.6131835,-9.164799
10052,3.5153546,-7.529729
10053,4.420451,-8.710603
10054,4.883274,-10.467322
10055,4.414261,-7.0851083
10056,3.611295,-10.177279
10057,5.758073,-9.43806
10058,4.186107,-10.745431
10059,3.432352,-8.908212
10060,6.1510434,-9.585394
10061,5.0170097,-8.982732
10062,6.462065,-6.410518
10063,6.6470447,-10.105541
10064,3.6582034,-8.187948
10065,5.4235897,-8.491694
10066,5.2032666,-8.798056
10067,4.065228,-10.166369
10068,5.3531575,-9.297575
10069,4.301058,-11.488093
10070,4.7772746,-10.577991
10071,4.3264704,-11.097076
10072,3.998425,-11.144347
10073,4.534461,-12.112757
10074,3.0583944,-11.293488
10075,1.6894842,-10.615713
10076,4.375628,-11.271536
10077,3.807929,-10.38079
10078,4.51907,-13.933256
10079,3.6422253,-13.509652
10080,3.7274163,-10.125497
10081,3.110156,-10.567751
10082,4.55431,-10.698497
10083,4.150113,-10.168206
10084,2.6346583,-7.4019465
10085,3.999228,-9.723397
10086,3.7426708,-9.722588
10087,4.085011,-9.8388815
10088,5.8188963,-8.450015
10089,4.445166,-8.121733
10090,3.3750172,-7.9969788
10091,3.888664,-6.490089
10092,5.769514,-8.390829
10093,5.386899,-8.075035
10094,4.012976,-9.336444
10095,5.4972467,-10.257102
10096,4.9395714,-8.107335
10097,4.062924,-7.0558486
10098,3.7960289,-6.908189
10099,5.3459063,-11.072406
10100,5.3007913,-9.349558
10101,6.255672,-10.513732
10102,5.0864897,-7.3625255
10103,6.3923464,-11.716463
10104,4.956503,-10.754459
10105,4.871621,-7.1363263
10106,3.9091792,-8.633417
10107,5.685676,-7.3496327
10108,6.7412834,-8.098571
10109,5.4236903,-10.871403
10110,5.499659,-8.919352
10111,6.68604,-8.698668
10112,4.5096793,-7.901676
10113,2.1170838,-10.189385
10114,2.1092806,-8.092758
10115,3.3612652,-9.185041
10116,4.0697947,-10.7412815
10117,3.0534153,-10.961961
10118,2.8476427,-10.048172
10119,4.7022696,-10.01869
10120,3.8355107,-6.559656
10121,5.016161,-8.130062
10122,3.9355013,-11.970533
10123,0.9362227,-7.0057015
10124,5.0329876,-6.4032393
10125,2.816798,-6.390181
10126,5.369424,-4.9076886
10127,4.4609537,-6.089207
10128,3.5195217,-9.715308
10129,3.9874625,-6.4537306
10130,5.406754,-10.649157
10131,3.0172815,-8.013555
10132,2.6479528,-6.224255
10133,2.7225869,-5.8661017
10134,3.4702742,-9.321771
10135,1.8650931,-10.460193
10136,2.732326,-13.704202
10137,5.192768,-10.649385
10138,4.940586,-12.466619
10139,3.8014615,-8.708725
10140,4.501883,-9.419084
10141,4.265792,-9.586473
10142,3.3185148,-8.753746
10143,2.7530186,-10.170652
10144,4.425752,-4.3707128
10145,4.581603,-7.5721283
10146,3.6745238,-7.7912827
10147,4.6466217,-6.166638
10148,2.081121,-9.432736
10149,3.6302643,-11.577187
10150,3.3591495,-11.018645
10151,4.358297,-14.242827
10152,4.5158725,-10.5188675
10153,3.9259655,-9.133525
10154,4.476022,-8.417179
10155,4.4671483,-9.25248
10156,4.248638,-12.151034
10157,4.353113,-9.457418
10158,3.9805205,-9.425874
10159,4.533117,-8.760036
10160,4.122477,-9.888625
10161,4.351804,-6.498672
10162,3.8631704,-9.957151
10163,3.371374,-6.1833534
10164,4.4721665,-6.496201
10165,3.6094491,-8.510993
10166,3.1037636,-7.5648103
10167,3.9128,-9.763428
10168,2.9539046,-5.2400684
10169,5.1992946,-9.910427
10170,2.425817,-8.319375
10171,3.554914,-7.086346
10172,5.2464156,-7.228122
10173,3.2514803,-4.609692
10174,3.9736698,-4.2504783
10175,3.3746095,-8.47458
10176,4.32856,-3.639478
10177,5.9654503,-5.4370337
10178,3.7353349,-3.4834592
10179,4.026644,-7.5963645
10180,2.108718,-2.5816078
10181,4.991847,-5.0080247
10182,2.5836744,-4.865859
10183,1.9577707,-4.7670975
10184,4.4057927,-4.4008794
10185,4.3289247,-3.8084443
10186,4.6738315,-2.6912498
10187,5.9081903,-5.975267
10188,4.5291886,-3.131357
10189,5.515452,-5.430667
10190,4.4025464,-3.3330245
10191,5.8893447,-2.8236732
10192,4.8999963,-1.8390765
10193,5.325924,-3.5706666
10194,4.4786158,-4.854654
10195,4.171036,-6.779291
10196,4.783659,-5.6230006
10197,3.5375764,-3.3996096
10198,3.7096443,-4.024384
10199,3.005441,-6.3330545
10200,3.0699859,-7.9191594
10201,3.442629,-4.0341206
10202,4.2045493,-7.1882176
10203,3.9304342,-5.4974885
10204,3.5697117,-6.2172112
10205,3.6900616,-5.431346
10206,3.709401,-2.210881
10207,4.5975337,-4.326389
10208,4.183876,-4.8867126
10209,3.555118,-5.648336
10210,3.6626449,-3.6310225
10211,5.14706,-5.3931146
10212,5.7582726,-1.4763838
10213,3.2540004,-1.4158181
10214,4.745851,-3.1875825
10215,4.568446,-1.1893121
10216,3.2777731,-2.1438239
10217,3.2673304,-1.939607
10218,4.6504316,-0.58815503
10219,4.5844517,-2.4435956
10220,3.8743575,-3.6388338
10221,3.647106,-2.8510194
10222,2.511878,-2.3819785
10223,2.7194202,-2.4092984
10224,3.503898,-4.688021
10225,4.279589,-2.9216053
10226,3.7865098,-0.58263487
10227,3.9356618,-0.4487201
10228,4.0288935,-5.599797
10229,3.640682,-1.633716
10230,2.6732767,-0.91864896
10231,3.5563757,-5.749183
10232,4.036269,-2.3134575
10233,4.863675,-3.6135304
10234,5.895319,-4.204954
10235,4.1968865,-2.3328483
10236,5.624586,-2.0794663
10237,4.2687287,-1.6504916
10238,4.932509,-3.6543462
10239,3.626164,-3.4362233
10240,4.204985,-3.6638114
10241,5.5107646,-0.51386243
10242,6.619913,-3.413487
10243,5.2215514,-3.8498147
10244,4.5610228,-3.4739528
10245,3.7465641,-2.6487212
10246,2.6881173,-4.11609
10247,4.787123,-5.885768
10248,5.208313,-3.000239
10249,2.618882,-3.5446854
10250,4.1901135,-3.811339
10251,3.851234,-5.015743
10252,4.8213468,-4.277154
10253,6.5092087,-5.225421
10254,4.3990273,-4.4760594
10255,2.5959516,-5.7659388
10256,3.0457966,-5.7827253
10257,2.840178,-4.8107867
10258,4.1927032,-4.7762837
10259,3.7444406,-5.9352646
10260,3.5204628,-5.1813884
10261,5.1200438,-4.2284393
10262,2.986676,-4.5860744
10263,4.5045347,-6.271246
10264,3.4130316,-6.393101
10265,3.6224644,-3.4347029
10266,3.563051,-3.9019206
10267,3.0453722,-3.624823
10268,3.3265288,-4.5404997
10269,4.289575,-2.6199524
10270,4.584599,-3.5014842
10271,4.712914,-9.032248
10272,5.2328725,-7.579507
10273,3.3600883,-6.440579
10274,4.986258,-5.9874725
10275,4.8317127,-7.2387366
10276,3.8356018,-6.1055684
10277,3.1350088,-4.0185103
10278,3.8891277,-3.7331564
10279,4.051362,-2.6892025
10280,4.786067,-7.536159
10281,5.1698194,-9.094179
10282,4.5793815,-7.0360303
10283,5.38508,-8.64244
10284,4.1928086,-9.318051
10285,3.503807,-7.1935596
10286,3.831841,-6.9022255
10287,3.630621,-7.337017
10288,-0.53994876,-6.5328503
10289,3.6517367,-5.2112985
10290,3.478642,-5.194636
10291,4.7694483,-6.8904343
10292,2.1509619,-3.5857456
10293,4.101243,-3.6632144
10294,3.8815317,-3.1359751
10295,2.1746156,-4.2955103
10296,4.660557,-3.8839288
10297,4.8124843,-3.0403266
10298,5.3462753,-5.653923
10299,4.891517,-6.749048
10300,6.5832872,-5.9553375
10301,4.3569794,-3.649985
10302,3.4179604,-4.2211046
10303,1.9195594,-5.296265
10304,4.2375093,-5.7130733
10305,4.9554806,-6.8051205
10306,5.432056,-6.9380407
10307,4.0038,-7.264856
10308,3.2753088,-5.503207
10309,4.9790797,-7.314822
10310,5.8388276,-4.7081566
10311,2.4529538,-8.5465355
10312,5.002159,-7.5005603
10313,5.6668205,-7.3214326
10314,6.126625,-8.343132
10315,4.422868,-5.794234
10316,3.771768,-8.480613
10317,5.268892,-8.586649
10318,4.9710503,-10.093539
10319,4.147122,-10.327579
10320,4.7290535,-8.493144
10321,4.8306546,-8.687041
10322,5.282651,-8.092458
10323,5.9346094,-9.328418
10324,5.111341,-7.942163
10325,5.0475445,-9.3925495
10326,3.7974508,-10.795076
10327,5.914814,-9.768015
10328,5.1817837,-8.077804
10329,5.0533876,-13.741743
10330,2.4374123,-7.667356
10331,4.037375,-10.765481
10332,4.8900046,-8.924497
10333,5.086009,-7.4306235
10334,4.621212,-7.055356
10335,4.1833115,-6.6044445
10336,4.702486,-5.5356517
10337,5.6890855,-8.908968
10338,7.60067,-6.7969546
10339,5.1141844,-7.429646
10340,5.8281846,-7.6362195
10341,4.9439235,-8.646766
10342,5.0696683,-8.29121
10343,4.2847776,-8.205393
10344,3.2879937,-10.09371
10345,3.4223108,-7.0029616
10346,6.2727327,-8.174059
10347,2.9221873,-8.379521
10348,4.680308,-8.991156
10349,5.2123103,-7.7996693
10350,5.336142,-10.23595
10351,5.6703463,-7.718451
10352,4.713834,-9.840209
10353,3.6374552,-5.3097057
10354,5.771161,-8.245022
10355,4.1085362,-9.8930235
10356,4.312608,-8.114343
10357,5.3683105,-7.990626
10358,4.9660244,-9.241236
10359,4.691126,-8.185769
10360,5.217041,-6.8082657
10361,4.835384,-8.341967
10362,6.042697,-6.399196
10363,5.0262914,-7.091476
10364,3.6228344,-8.757046
10365,4.2092113,-8.637839
10366,5.405906,-8.736967
10367,3.5984435,-7.8656325
10368,5.6857176,-10.531325
10369,5.5387673,-10.996331
10370,5.7984457,-9.299812
10371,3.8682094,-10.4959345
10372,4.1645484,-9.94095
10373,4.7759695,-9.631309
10374,3.315695,-10.745168
10375,7.189104,-12.441266
10376,3.7000618,-10.850605
10377,5.9986644,-13.298356
10378,4.9469047,-12.612717
10379,6.159433,-8.963315
10380,6.804071,-8.473901
10381,5.649204,-10.109942
10382,7.446211,-10.109534
10383,3.8066318,-10.910471
10384,3.5536234,-10.177908
10385,4.995626,-7.7060823
10386,5.153078,-10.382915
10387,5.9873333,-12.279988
10388,5.982049,-11.43382
10389,3.8223095,-11.360412
10390,5.188258,-9.26607
10391,3.7607412,-10.960392
10392,5.7115088,-10.420631
10393,5.3277655,-13.835428
10394,4.728692,-10.699516
10395,4.81911,-9.054105
10396,4.184426,-11.358635
10397,5.9713655,-9.5372
10398,1.6912084,-10.899175
10399,2.510415,-12.430087
10400,2.7699697,-7.3914914
10401,4.499595,-11.286316
10402,6.0321283,-9.509651
10403,5.7689643,-11.249506
10404,5.022129,-13.20498
10405,2.5931644,-11.7317295
10406,4.1330404,-10.052789
10407,5.532527,-12.607979
10408,3.4481416,-11.748863
10409,3.3751018,-12.157522
10410,2.613276,-11.70129
10411,2.9872735,-13.334213
10412,5.033076,-12.012803
10413,4.9364867,-9.240321
10414,3.845994,-13.553836
10415,4.1870785,-11.65086
10416,5.747282,-9.632615
10417,5.1349277,-10.576353
10418,2.9768105,-8.07254
10419,3.8727653,-11.599399
10420,4.018042,-11.749615
10421,4.9417024,-12.068746
10422,4.808053,-11.247665
10423,4.6033497,-9.729854
10424,4.74955,-11.123415
10425,2.8182096,-10.685429
10426,5.2509975,-8.648754
10427,3.0674307,-9.716879
10428,4.4470215,-11.617378
10429,4.3575506,-8.8672495
10430,5.299928,-7.5044785
10431,5.339787,-9.2754965
10432,6.4048142,-6.7043657
10433,3.9539099,-6.713558
10434,3.9965105,-6.255165
10435,3.2859216,-2.7952595
10436,5.601928,-5.6336017
10437,4.1263256,-8.37507
10438,5.3784223,-3.8189473
10439,3.9621887,-4.770172
10440,6.4489946,-6.69297
10441,3.4392998,-4.1477394
10442,5.433186,-7.308476
10443,3.1177676,-3.8012633
10444,3.2968493,-4.814952
10445,4.3578568,-2.9872696
10446,3.9857323,-5.8977346
10447,3.3801858,-7.1520553
10448,5.313393,-9.713379
10449,4.8928347,-8.350966
10450,3.5229876,-5.8631244
10451,5.716642,-7.009833
10452,3.8488355,-9.749763
10453,3.4799876,-4.243559
10454,3.446867,-3.9823904
10455,4.8066425,-5.369777
10456,3.730486,-8.769688
10457,6.1872563,-8.598076
10458,5.9644275,-8.459138
10459,4.2927084,-6.6708174
10460,4.7609534,-7.1065006
10461,5.6116962,-8.652562
10462,4.370777,-8.234134
10463,5.492434,-8.825381
10464,5.946258,-8.783534
10465,4.554153,-8.423427
10466,5.125364,-11.4049225
10467,2.9838774,-10.510097
10468,4.3151526,-9.247691
10469,4.813763,-10.733072
10470,4.9923944,-9.782438
10471,5.5286994,-8.956695
10472,4.278893,-9.6065
10473,3.2771297,-7.553913
10474,3.912792,-11.674544
10475,4.221719,-8.183146
10476,5.8036633,-7.468544
10477,4.100097,-6.211161
10478,4.247566,-9.156326
10479,3.7218583,-9.504838
10480,4.4316316,-6.7203016
10481,4.12433,-9.931066
10482,3.9753072,-8.735317
10483,3.747726,-7.6160045
10484,3.934879,-5.240793
10485,6.8064485,-9.188388
10486,5.1405005,-8.816387
10487,7.107986,-7.18901
10488,6.2073526,-11.760809
10489,6.2444706,-9.121346
10490,4.643024,-10.936084
10491,5.4885507,-9.483657
10492,5.8981924,-9.732111
10493,5.859714,-9.594672
10494,6.139477,-7.541161
10495,4.5920014,-6.4907618
10496,5.3484488,-6.8216314
10497,5.7028127,-5.8013387
10498,3.8542044,-5.9794836
10499,6.021722,-6.247996
10500,4.242414,-4.96094
10501,5.4521885,-7.6194334
10502,5.966883,-7.0012097
10503,5.846892,-7.492081
10504,6.5841517,-6.5676746
10505,7.132059,-6.7814765
10506,4.4382834,-7.0218496
10507,4.780926,-6.0185122
10508,5.61668,-8.582252
10509,3.0017729,-6.1950183
10510,3.707565,-5.582321
10511,5.043125,-7.5837164
10512,4.471257,-9.387882
10513,5.3417487,-8.78749
10514,4.744038,-10.250408
10515,5.7002625,-8.549537
10516,6.2548013,-10.335379
10517,3.0065117,-8.469006
10518,4.1101236,-7.6632605
10519,4.0085354,-7.398631
10520,3.5938494,-5.625064
10521,5.1413484,-7.8236585
10522,4.935199,-7.2008734
10523,5.317982,-9.923355
10524,3.6233575,-7.4461937
10525,5.0057793,-6.6415186
10526,5.222851,-8.234935
10527,3.9113276,-7.2298036
10528,5.1523285,-7.772114
10529,3.6244988,-7.942342
10530,4.7411537,-4.2591686
10531,4.7995615,-7.381244
10532,6.549146,-6.9611225
10533,4.9614215,-6.063609
10534,4.24135,-10.116766
10535,2.8877378,-6.364566
10536,4.327059,-7.1445255
10537,4.4858623,-8.163143
10538,4.8182974,-6.400172
10539,4.460562,-9.802683
10540,5.366249,-9.069639
10541,4.231145,-6.915218
10542,4.414282,-6.8476954
10543,3.5429182,-7.6589804
10544,5.049244,-5.591313
10545,4.1555057,-8.897333
10546,3.8821926,-8.521499
10547,5.7595882,-9.461019
10548,5.4915023,-4.9944844
10549,8.215707,-7.7083263
10550,6.457224,-9.857153
10551,6.020772,-10.515814
10552,5.876275,-8.757635
10553,5.400706,-7.4516435
10554,6.0040774,-8.449529
10555,5.7909245,-8.888981
10556,4.7505226,-5.6156435
10557,6.4495606,-6.186413
10558,4.1278524,-5.924542
10559,4.995902,-7.2817125
10560,4.735821,-8.69941
10561,4.5171604,-4.6122246
10562,3.095883,-5.4626026
10563,3.597063,-5.80966
10564,3.4590106,-5.4917984
10565,3.3828566,-7.5239305
10566,4.7013717,-7.804427
10567,4.542803,-6.5985174
10568,5.1142006,-6.6978354
10569,4.2175503,-7.6663384
10570,3.8328424,-7.334435
10571,4.345958,-7.841048
10572,4.8200827,-7.186283
10573,4.4384437,-9.825309
10574,3.5673378,-7.7936482
10575,3.7997496,-7.6693926
10576,2.537538,-7.5368195
10577,0.09616963,-8.010658
10578,2.2070892,-8.789175
10579,1.3172466,-6.4651017
10580,2.5573342,-6.772679
10581,1.2230594,-9.069898
10582,2.3986208,-9.193064
10583,1.093249,-9.784837
10584,2.8568475,-7.7392373
10585,1.311965,-8.735937
10586,1.8154782,-3.4698565
10587,4.393204,-5.253204
10588,1.8987017,-6.401247
10589,1.0166401,-6.0198073
10590,0.80760676,-8.667001
10591,0.41340864,-8.1099615
10592,1.7352335,-9.918423
10593,2.2815816,-9.486403
10594,0.46137094,-6.913629
10595,-0.78198177,-9.360677
10596,3.7921813,-6.154428
10597,1.5389702,-8.540229
10598,2.4267616,-8.803566
10599,0.41475147,-5.7991214
10600,2.8274846,-6.2119546
10601,3.193704,-9.012958
10602,5.0452757,-5.679413
10603,3.7604957,-8.104086
10604,3.4000902,-6.499414
10605,3.2981963,-8.784512
10606,5.0973716,-7.331065
10607,0.78803563,-7.55744
10608,3.6448286,-8.281868
10609,2.0207124,-8.523725
10610,3.4734027,-7.824158
10611,2.5939853,-6.2109704
10612,5.3452673,-6.498279
10613,2.7997482,-6.472577
10614,3.6597016,-6.7795205
10615,0.91006,-7.1465797
10616,1.8395127,-7.9505887
10617,-0.39751992,-5.344113
10618,0.96225864,-5.2516127
10619,1.9877802,-7.7112007
10620,3.984021,-5.4843216
10621,1.7084391,-6.8336983
10622,0.012069023,-8.258672
10623,3.943717,-8.771557
10624,2.669609,-8.049183
10625,1.83272,-8.087096
10626,3.2881534,-6.7637324
10627,5.9702663,-8.918412
10628,4.1059074,-8.102463
10629,2.8968027,-9.036073
10630,3.9264605,-4.122054
10631,3.4979162,-7.3857894
10632,2.7649872,-6.3602777
10633,3.358249,-5.456192
10634,1.9814467,-8.834844
10635,2.5398474,-9.587629
10636,1.5117561,-9.994807
10637,1.5530111,-7.6224785
10638,4.0513515,-9.32907
10639,3.463174,-6.8157506
10640,4.4651566,-5.130054
10641,3.246758,-6.2984614
10642,3.2493317,-5.9905677
10643,2.6324215,-8.57474
10644,3.33041,-6.368528
10645,2.1114786,-7.3159547
10646,2.0679703,-7.7945724
10647,3.317004,-7.7023644
10648,0.3821661,-8.262558
10649,0.3342602,-7.5830636
10650,1.7608961,-7.2888374
10651,3.4377413,-5.6155276
10652,2.7166593,-5.2605186
10653,4.113607,-7.0611906
10654,3.2473378,-6.199195
10655,2.8645065,-5.6156235
10656,3.3378308,-5.906482
10657,5.0320883,-6.955857
10658,4.1611686,-7.4175854
10659,3.6461573,-7.966433
10660,1.8437248,-6.801601
10661,4.0680604,-3.671625
10662,3.8913574,-9.204554
10663,1.8400449,-6.6095676
10664,2.1912088,-6.486214
10665,3.194924,-7.604064
10666,3.0656323,-8.785423
10667,3.1308641,-10.534065
10668,3.3840437,-7.5318656
10669,1.4719694,-8.041069
10670,2.7283618,-4.700248
10671,4.82924,-6.3519363
10672,2.5310726,-3.885948
10673,3.7667542,-6.821616
10674,1.5592173,-4.6134295
10675,4.3946614,-5.3633776
10676,2.5789788,-8.39402
10677,3.2314422,-4.7885585
10678,4.2872405,-7.8318415
10679,3.3863833,-9.085019
10680,2.0586765,-8.102109
10681,2.905841,-7.4722857
10682,1.2668018,-6.6726565
10683,2.7425766,-9.200644
10684,1.6462615,-8.799686
10685,-1.0113444,-8.696638
10686,1.2761155,-6.9720907
10687,-1.0578854,-7.0418553
10688,-0.008428296,-7.022254
10689,1.8322428,-4.706282
10690,0.63320017,-3.1450682
10691,0.90081847,-6.15896
10692,2.0947087,-6.0174394
10693,1.1871216,-9.443259
10694,0.990658,-10.024387
10695,2.968345,-8.196632
10696,2.690329,-10.694716
10697,2.9504771,-7.9936624
10698,5.2256722,-8.268576
10699,5.2359366,-9.0450535
10700,4.241287,-10.65214
10701,5.345548,-10.306409
10702,3.9298396,-10.021068
10703,5.2546005,-9.191079
10704,5.6301985,-8.282598
10705,6.9011335,-10.716846
10706,5.3295474,-8.48991
10707,5.6517057,-9.247234
10708,5.653149,-8.414799
10709,6.920637,-9.994973
10710,6.886452,-5.5946107
10711,6.610569,-7.3461323
10712,6.642443,-5.4418097
10713,6.9336033,-7.5775566
10714,6.9675927,-6.075558
10715,5.384538,-9.471735
10716,6.0435605,-8.57697
10717,4.0573664,-5.8359146
10718,5.3933487,-3.425081
10719,4.640044,-6.0361514
10720,4.254499,-7.8786755
10721,4.436804,-7.9553075
10722,3.7439785,-5.688578
10723,5.044008,-5.3045306
10724,6.1471868,-7.7505326
10725,4.1586337,-9.526908
10726,6.5951624,-8.723443
10727,6.784475,-6.116704
10728,5.952637,-5.3318005
10729,6.3058906,-6.196102
10730,5.5607677,-5.063369
10731,5.5602775,-6.281395
10732,7.333495,-4.1724896
10733,7.0612392,-10.176587
10734,7.02009,-8.628968
10735,7.2523575,-9.425322
10736,7.8809724,-7.8464985
10737,7.0642467,-9.757822
10738,5.8327055,-6.7551413
10739,7.0430403,-6.853702
10740,5.6589975,-6.450688
10741,6.45019,-7.604616
10742,6.0384965,-9.292073
10743,5.235348,-5.312874
10744,5.996737,-6.161579
10745,6.8950667,-6.9256454
10746,6.52374,-7.595824
10747,5.6923523,-4.971994
10748,7.2938156,-6.350927
10749,6.806321,-3.2846267
10750,6.83325,-5.84997
10751,5.555315,-4.335648
10752,7.0029554,-5.4070587
10753,4.9616265,-7.055244
10754,5.1927953,-5.8779187
10755,6.4842386,-8.996848
10756,6.922445,-7.437111
10757,6.9379544,-8.639903
10758,5.3230762,-8.932629
10759,6.1459484,-6.6331005
10760,6.6455708,-9.006504
10761,6.0977287,-8.684459
10762,7.74626,-7.683214
10763,7.5035877,-6.2149925
10764,7.557262,-6.2995887
10765,7.0728784,-7.513219
10766,7.408166,-4.8095593
10767,6.995431,-2.5669088
10768,7.8258157,-5.320104
10769,6.7762256,-6.590041
10770,6.969135,-4.7798114
10771,7.141993,-7.86814
10772,6.6179314,-4.544898
10773,6.4515076,-4.4690604
10774,5.4511366,-8.226494
10775,7.0530043,-5.5274076
10776,7.245989,-5.776084
10777,6.478419,-4.253544
10778,7.0918183,-5.4331894
10779,6.8670645,-7.260949
10780,6.4631143,-7.9368534
10781,5.221879,-10.260931
10782,7.2845645,-7.7683034
10783,6.8890305,-9.054833
10784,6.137328,-7.7098784
10785,5.143388,-6.399714
10786,5.0055366,-6.6426992
10787,5.629699,-8.67109
10788,6.0067477,-8.376024
10789,7.073671,-8.752378
10790,6.45606,-7.1233263
10791,6.360574,-6.6044474
10792,7.474283,-8.560846
10793,6.5417075,-10.724583
10794,6.3278594,-8.342378
10795,7.4858975,-5.827325
10796,6.553886,-6.4082155
10797,7.570994,-7.8810353
10798,6.1394897,-7.018508
10799,5.962747,-6.36239
10800,6.7404594,-8.06613
10801,7.421463,-5.5548835
10802,6.1430964,-7.17223
10803,5.688418,-6.439406
10804,7.8655143,-9.951798
10805,7.886652,-7.568811
10806,7.4366255,-5.2798142
10807,7.005758,-4.5603223
10808,6.59203,-6.505602
10809,5.2012377,-6.271664
10810,7.0417247,-5.374022
10811,5.2238626,-4.7691503
10812,7.6710043,-8.992542
10813,7.365741,-6.6372776
10814,7.1495223,-8.945115
10815,4.9328384,-9.414566
10816,5.940394,-9.424581
10817,6.672232,-7.5371876
10818,6.6306562,-4.511365
10819,6.6897097,-5.5659223
10820,4.238337,-4.968969
10821,6.52484,-6.322973
10822,7.042081,-2.219959
10823,5.1151476,-2.4589202
10824,5.0161843,-6.1177044
10825,5.3697834,-5.4364557
10826,7.233594,-4.325653
10827,6.680965,-5.336321
10828,5.116315,-2.9015949
10829,7.168183,-4.3947124
10830,6.7433023,-3.6334178
10831,6.9600234,-3.340497
10832,6.1389437,-4.979071
10833,7.48698,-8.971602
10834,6.1862717,-5.0852313
10835,6.4569206,-3.7459464
10836,5.282941,-3.7648797
10837,5.783223,-3.509197
10838,5.5259647,-6.230876
10839,5.3488927,-4.591495
10840,7.485102,-4.1245418
10841,5.138944,-3.774383
10842,5.734708,-3.329781
10843,4.35717,-3.8527205
10844,5.759255,-3.8499167
10845,6.467126,-6.38016
10846,6.4786954,-4.666498
10847,5.5117164,-2.0877702
10848,5.901416,-3.403528
10849,5.9159956,-4.61105
10850,6.5852833,-5.319454
10851,5.243761,-4.8966703
10852,5.70295,-4.324826
10853,4.4749403,-3.8540547
10854,6.0908947,-4.73272
10855,5.08504,-7.6372547
10856,4.982526,-5.37193
10857,4.3210554,-5.6041217
10858,4.8203177,-4.4524107
10859,4.5519886,-4.929932
10860,4.29498,-5.200499
10861,5.7476583,-7.0401955
10862,6.724062,-6.092862
10863,5.505273,-5.2311425
10864,5.454706,-7.1294556
10865,7.458728,-7.410457
10866,5.4880958,-5.6209803
10867,4.2092257,-5.594762
10868,5.486417,-7.863771
10869,5.559891,-7.114369
10870,4.446134,-6.672716
10871,6.864753,-7.3066278
10872,5.8339744,-4.019561
10873,6.521718,-7.228983
10874,5.4530077,-6.3445024
10875,5.329497,-6.390885
10876,6.0939107,-2.858409
10877,5.5049353,-8.742951
10878,5.0324955,-5.262432
10879,4.0740976,-8.103042
10880,6.6748857,-6.5830264
10881,4.931308,-6.501866
10882,6.068497,-7.5316195
10883,6.3897743,-6.1960053
10884,6.1109757,-6.060669
10885,6.0296574,-4.874731
10886,5.9484177,-7.6735992
10887,5.4308953,-6.244424
10888,5.9190664,-5.4188976
10889,7.6555085,-6.1133223
10890,5.3883686,-5.0238023
10891,6.2088156,-5.592646
10892,7.2320724,-3.930935
10893,7.278588,-4.2014546
10894,6.9248056,-7.1924953
10895,6.9968853,-4.7551603
10896,4.84064,-5.3914123
10897,5.7113667,-5.533391
10898,4.044198,-4.871111
10899,5.1205034,-5.7232246
10900,5.249016,-5.3625298
10901,6.0121307,-3.8841155
10902,5.866023,-6.2007055
10903,5.77465,-4.784729
10904,6.8075013,-6.421373
10905,5.9733324,-5.429073
10906,6.835631,-4.3743663
10907,4.4216185,-4.9231677
10908,5.9767957,-6.653895
10909,7.9311852,-7.3252606
10910,6.4852586,-6.841832
10911,6.053983,-6.4079094
10912,5.902592,-6.1385283
10913,6.846935,-5.8430414
10914,5.710747,-5.1473227
10915,8.018709,-5.7476006
10916,5.7590456,-6.7009377
10917,5.1661654,-3.6580892
10918,5.3390136,-0.006882111
10919,6.5134373,-3.8752155
10920,6.5882483,-5.1574054
10921,5.9079685,-2.657741
10922,6.412018,-4.8634934
10923,6.571216,-6.358305
10924,7.4898996,-1.695926
10925,3.4908788,-4.0795474
10926,8.123939,-7.7534127
10927,6.928952,-3.7892168
10928,6.4741426,-4.4257894
10929,6.266141,-3.5084457
10930,7.1664915,-4.323476
10931,6.7888746,-5.8566017
10932,7.9089165,-6.0319614
10933,6.905225,-6.538082
10934,8.079238,-10.341038
10935,6.0725613,-4.728804
10936,6.954548,-5.670594
10937,7.8739514,-6.945223
10938,7.3102202,-7.9518785
10939,4.421712,-4.8124347
10940,6.1850333,-6.2419105
10941,6.550085,-5.2866664
10942,6.7755237,-6.613575
10943,6.476681,-7.0438795
10944,6.729955,-3.6291668
10945,6.6018543,-6.6524305
10946,6.789613,-2.5426533
10947,6.3367486,-4.690389
10948,5.4459605,-3.9196663
10949,7.025793,-4.9199705
10950,6.913494,-6.8132315
10951,6.7058425,-5.437867
10952,5.6172805,-8.061348
10953,5.8301783,-5.8681197
10954,5.700169,-7.773246
10955,6.2567987,-7.2849126
10956,5.8344507,-4.854268
10957,6.868555,-3.7324893
10958,5.132113,-5.5988746
10959,7.858863,-3.682859
10960,6.2822733,-3.2231803
10961,5.1252217,-3.0926068
10962,6.1772413,-5.0967097
10963,6.635305,-4.0023503
10964,6.926213,-7.5146666
10965,5.015511,-1.4915061
10966,7.359906,-5.891139
10967,8.209937,-5.1631017
10968,7.1579876,-8.621405
10969,7.462327,-8.063996
10970,6.015518,-7.1871524
10971,5.514785,-5.997664
10972,7.177014,-7.3142443
10973,7.2810283,-8.250134
10974,6.699633,-7.7919726
10975,6.624164,-5.8496404
10976,6.980149,-5.19045
10977,6.8257494,-5.1536875
10978,6.429632,-3.9629154
10979,6.7907224,-6.1364994
10980,4.8491144,-6.963911
10981,5.7874746,-10.043725
10982,6.0018015,-7.8770385
10983,6.6456647,-10.331062
10984,6.793367,-8.458503
10985,6.169917,-7.913249
10986,5.089851,-7.0674133
10987,4.5868254,-6.186328
10988,6.777348,-4.880419
10989,6.7843103,-5.778674
10990,6.539608,-7.1249056
10991,5.946589,-5.4431543
10992,7.2051215,-7.8514237
10993,7.488554,-6.03516
10994,5.7537313,-2.4858
10995,5.806959,-7.3089647
10996,6.1757517,-5.3705473
10997,6.2368655,-7.1789274
10998,5.2605085,-7.189371
10999,4.8741474,-6.541336
11000,7.4253497,-6.2409163
11001,7.298318,-5.124088
11002,5.3447413,-6.3706455
11003,6.600701,-2.5935438
11004,4.213854,-5.315766
11005,6.9222646,-7.6338453
11006,5.289547,-5.100387
11007,6.2580714,-7.0379357
11008,6.180584,-7.1451893
11009,5.166654,-6.3047066
11010,5.568232,-4.8627872
11011,5.5167227,-6.3818407
11012,6.168583,-6.731553
11013,7.1574717,-6.095522
11014,5.8571167,-6.453856
11015,5.9394484,-9.449927
11016,7.5350966,-6.1708536
11017,5.866022,-6.6652284
11018,5.8442955,-5.383179
11019,6.3985434,-2.7216294
11020,5.7229443,-6.9660683
11021,5.9507875,-4.2514014
11022,5.2866006,-4.185574
11023,6.6408567,-3.2909436
11024,4.886672,-5.099762
11025,6.436098,-5.0807652
11026,6.711783,-10.118633
11027,4.1332474,-7.929041
11028,4.0988545,-6.1311483
11029,6.510189,-9.15947
11030,4.5404615,-7.855933
11031,5.2531934,-9.436277
11032,5.572441,-9.226305
11033,4.229774,-8.286008
11034,5.883407,-8.452481
11035,6.631344,-7.863552
11036,6.4082804,-4.872219
11037,6.554028,-3.518529
11038,6.6428185,-5.698195
11039,5.841921,-6.5327744
11040,6.3441844,-4.1736155
11041,4.879577,-6.5601707
11042,4.2890687,-4.962888
11043,5.190557,-4.0158286
11044,4.7890553,-2.814954
11045,5.5729156,-6.811749
11046,4.554338,-4.131277
11047,5.744156,-5.698638
11048,6.975587,-7.8857393
11049,5.9298115,-6.8358235
11050,5.184367,-6.1286616
11051,7.0128975,-6.3433733
11052,5.0802155,-5.777632
11053,6.2879624,-6.243774
11054,6.9982314,-8.620065
11055,6.0882444,-4.6468253
11056,6.1039376,-5.4901886
11057,5.1950407,-5.3161497
11058,7.60982,-6.2907243
11059,7.1887903,-7.3470316
11060,7.3183784,-6.1605835
11061,5.318512,-5.334694
11062,6.406078,-7.9911537
11063,6.670054,-5.1189585
11064,6.789415,-3.3754332
11065,7.9224057,-3.0717244
11066,7.0499773,-5.501524
11067,7.4287305,-5.5601544
11068,7.4731374,-3.443318
11069,7.308126,-6.0837135
11070,7.775903,-4.4601293
11071,5.94436,-4.3873215
11072,5.887959,-4.970739
11073,5.417422,-7.2183046
11074,6.7591524,-5.8858094
11075,7.405813,-5.9608345
11076,6.8010077,-4.650819
11077,8.163145,-7.8532662
11078,7.174525,-6.520391
11079,4.8241696,-8.112058
11080,5.7420654,-5.415199
11081,5.6956205,-5.968118
11082,7.1675844,-5.9404674
11083,7.1467433,-7.9438124
11084,8.542765,-5.942994
11085,7.8207397,-8.058112
11086,6.93622,-7.0933247
11087,6.064614,-4.7751875
11088,7.287489,-3.8421082
11089,6.499888,-5.5878572
11090,5.9582796,-7.935366
11091,6.553332,-5.071162
11092,8.391512,-4.438005
11093,9.242995,-6.1328635
11094,6.852058,-4.886679
11095,6.793596,-4.925827
11096,8.111467,-3.6967824
11097,7.158562,-6.2062078
11098,7.2545075,-8.3706875
11099,7.5102324,-6.828466
11100,7.5485835,-5.889561
11101,6.4489923,-5.5332985
11102,6.1760335,-3.9818218
11103,6.3310337,-2.7188466
11104,6.543157,-5.1877804
11105,6.02131,-5.4423122
11106,7.536243,-5.969511
11107,5.9363427,-8.560664
11108,8.108405,-4.1900406
11109,6.6093903,-3.1080523
11110,7.4720197,-2.2968605
11111,6.621736,-7.5068336
11112,7.1904597,-3.975225
11113,5.566716,-5.517771
11114,5.8857765,-4.743824
11115,5.7387414,-4.897482
11116,6.130952,-6.081618
11117,6.851183,-7.025552
11118,6.5740814,-4.973307
11119,5.261969,-5.047401
11120,8.075096,-6.328446
11121,7.077647,-7.4528728
11122,7.6887197,-5.820109
11123,6.523746,-7.339209
11124,6.767587,-4.425815
11125,6.5971746,-6.8535748
11126,6.469126,-4.9387927
11127,6.5057464,-5.9680743
11128,5.5164585,-2.600331
11129,5.4936924,-4.505487
11130,6.53237,-5.8096294
11131,4.0305223,-3.2063928
11132,5.877005,-3.5077379
11133,5.423807,-7.7709813
11134,5.1603384,-7.579364
11135,5.558612,-7.1965547
11136,4.162223,-9.70268
11137,6.163907,-4.080509
11138,5.8853054,-6.028938
11139,3.1033995,-5.172572
11140,6.783341,-5.996855
11141,5.2470994,-1.8562807
11142,8.125779,-3.6254783
11143,7.5483227,-3.377824
11144,6.447543,-2.961628
11145,5.944291,-5.3931003
11146,5.8941174,-5.281159
11147,6.272507,-6.3639846
11148,4.6628923,-8.226764
11149,6.0898943,-6.1840444
11150,5.706171,-5.806843
11151,4.893465,-6.6979203
11152,3.5615978,-3.7472708
11153,4.064615,-6.1564274
11154,6.1593437,-4.6938124
11155,2.6360383,-6.066567
11156,5.4628654,-5.052912
11157,5.2781157,-5.8778043
11158,5.577061,-5.994674
11159,4.6635203,-4.822945
11160,5.018775,-9.226389
11161,5.323043,-7.6713557
11162,5.6114173,-7.232805
11163,5.5884643,-6.697437
11164,5.661384,-5.5045767
11165,6.657604,-6.3025494
11166,4.777421,-6.039248
11167,4.837822,-3.4380848
11168,5.9156065,-5.138998
11169,5.3415227,-6.6724854
11170,5.517785,-5.6738625
11171,3.5974863,-6.1766305
11172,5.604152,-3.3170216
11173,4.6779056,-4.1608944
11174,6.305549,-3.2573323
11175,4.2763352,-4.1931086
11176,4.9947977,-5.246933
11177,5.065317,-8.6452055
11178,6.9636793,-7.4449267
11179,6.5249,-7.082327
11180,4.325428,-3.148454
11181,4.806567,-6.278748
11182,6.611361,-6.342014
11183,5.0687327,-9.902277
11184,5.775844,-7.049321
11185,4.285847,-5.2856674
11186,4.6414576,-3.6402156
11187,4.6753287,-5.900265
11188,6.4032598,-3.5079288
11189,5.7984776,-1.894575
11190,4.8416724,-2.3499506
11191,5.381682,-6.60676
11192,4.2077227,-8.044425
11193,3.8191752,-6.7037296
11194,4.8773885,-8.8884735
11195,6.856628,-7.2588487
11196,4.9197507,-5.1204023
11197,5.7867785,-7.5512056
11198,4.527382,-6.337539
11199,5.5459003,-6.5298066
11200,5.474528,-6.724165
11201,5.3395615,-4.187691
11202,4.440013,-5.324953
11203,4.5233555,-4.37066
11204,4.263691,-6.166349
11205,5.4257345,-9.611951
11206,4.0184116,-7.6676874
11207,4.5362787,-6.564918
11208,4.8139167,-6.2083693
11209,4.84246,-6.1531143
11210,6.107284,-8.157614
11211,5.743216,-8.124654
11212,6.3837357,-7.9708066
11213,5.3241725,-8.864568
11214,5.922167,-7.861668
11215,5.5767293,-6.9973187
11216,5.3008146,-7.954507
11217,6.652395,-8.784001
11218,6.0108123,-6.4461517
11219,5.92592,-6.822323
11220,5.048304,-8.286389
11221,6.7110167,-8.533048
11222,5.265118,-9.216635
11223,4.2539005,-8.605144
11224,5.0612254,-10.828628
11225,6.1109676,-10.552934
11226,7.674456,-9.407399
11227,6.1631975,-4.8466115
11228,6.1132965,-10.890702
11229,6.453659,-5.9565496
11230,4.9443097,-10.318431
11231,5.4254847,-6.7552533
11232,5.2798953,-5.550304
11233,4.636745,-4.786766
11234,5.33281,-8.141046
11235,6.5487604,-4.9813704
11236,5.424474,-6.484643
11237,4.779388,-6.352608
11238,5.6512146,-5.0931854
11239,3.9083216,-5.3247128
11240,5.63866,-7.205479
11241,4.575815,-5.1166024
11242,5.1978164,-8.677103
11243,4.566241,-9.451125
11244,7.935853,-10.4842005
11245,4.139737,-8.326824
11246,5.029821,-7.9622917
11247,4.9486675,-11.128723
11248,4.0243316,-9.432458
11249,5.7450175,-9.391468
11250,6.858963,-11.144101
11251,4.4188023,-9.633634
11252,7.279948,-7.2191653
11253,5.6133156,-9.970778
11254,6.0328164,-9.337573
11255,5.935889,-10.390208
11256,7.0696073,-7.4875884
11257,4.9216533,-8.159312
11258,5.0487137,-9.095242
11259,5.967812,-8.622486
11260,4.569148,-11.503965
11261,3.7608736,-9.276725
11262,5.3905745,-9.378964
11263,6.3680787,-7.3758225
11264,6.789541,-6.5995436
11265,5.9510264,-3.7032468
11266,5.3832374,-6.0281157
11267,5.3882504,-6.1547265
11268,5.316219,-7.698
11269,4.695557,-6.9828844
11270,5.3700256,-8.911781
11271,6.842638,-8.788122
11272,6.527972,-8.081131
11273,5.455956,-6.293761
11274,5.62324,-6.5665703
11275,7.3627324,-7.288135
11276,6.1293674,-8.036487
11277,5.31999,-2.7860343
11278,5.7442226,-6.420546
11279,6.3249264,-7.424823
11280,8.114051,-7.1853294
11281,4.8761463,-8.717123
11282,5.863126,-6.7616615
11283,7.545315,-5.078541
11284,5.8049126,-5.7512
11285,5.701047,-5.7380524
11286,8.136726,-6.72507
11287,6.963245,-5.137443
11288,5.605319,-6.097672
11289,5.681439,-7.818666
11290,5.8722982,-6.346797
11291,8.9730215,-5.7518864
11292,4.3529387,-5.9074097
11293,4.8558292,-4.282516
11294,4.9524407,-4.8251386
11295,6.2330594,-5.9289055
11296,5.0304933,-7.1309457
11297,5.357988,-6.9379525
11298,6.640287,-6.4411225
11299,5.6364236,-6.521494
11300,6.197228,-4.6992655
11301,6.4014926,-5.8747153
11302,5.1592565,-5.079139
11303,4.2772202,-4.3667088
11304,6.326036,-5.110674
11305,5.7120466,-3.6310198
11306,6.280307,-6.8584867
11307,5.432454,-6.4836335
11308,5.8151803,-7.7557425
11309,4.551021,-2.7941353
11310,6.1532407,-5.7841606
11311,3.564467,-4.880308
11312,5.785166,-4.7396407
11313,5.9992633,-7.2219768
11314,6.2416625,-7.0279493
11315,5.4714155,-5.048686
11316,5.2839985,-6.6355767
11317,5.9170547,-5.4314046
11318,5.473146,-5.765417
11319,5.4902577,-7.9663944
11320,5.6765723,-8.734015
11321,5.691752,-10.240339
11322,4.9316487,-12.239146
11323,5.9806614,-8.855815
11324,6.688966,-7.84033
11325,6.323465,-6.0008774
11326,6.659829,-6.4804497
11327,7.3740554,-6.708612
11328,5.6490884,-5.5259748
11329,5.58207,-6.8766584
11330,5.2398124,-7.435636
11331,5.15499,-12.008407
11332,4.951988,-8.325911
11333,5.6426187,-5.7148395
11334,6.3181887,-8.375837
11335,5.3301516,-8.04715
11336,5.490119,-8.558852
11337,4.305764,-7.308586
11338,6.57923,-9.771415
11339,3.8016448,-6.619419
11340,7.8350005,-10.026332
11341,6.72264,-8.042387
11342,5.985114,-8.810067
11343,6.892567,-9.190586
11344,5.626937,-8.780901
11345,5.1739435,-10.045619
11346,5.4641657,-8.441505
11347,4.8303437,-6.244533
11348,6.8805547,-9.112805
11349,6.9017253,-4.403366
11350,5.612818,-6.65451
11351,4.867362,-4.8374248
11352,6.534938,-7.0665503
11353,5.5258594,-6.8498845
11354,4.3323145,-7.4761324
11355,6.832985,-6.9513426
11356,5.153989,-6.5950737
11357,4.111519,-7.2155128
11358,4.9116845,-7.9531283
11359,4.746662,-5.9572134
11360,7.9469457,-5.1982126
11361,5.154053,-7.6011434
11362,3.403378,-6.404343
11363,4.7800746,-4.0352874
11364,3.7634177,-7.095415
11365,4.7278223,-7.24015
11366,5.481476,-5.00686
11367,6.7100496,-8.575975
11368,6.4206724,-6.2934422
11369,5.2207665,-8.066198
11370,6.210072,-9.752956
11371,5.0094743,-8.097698
11372,5.41199,-8.093161
11373,5.831723,-6.060305
11374,4.7430305,-7.347498
11375,4.590046,-7.663376
11376,4.795506,-7.761241
11377,5.19643,-9.273966
11378,4.20999,-9.010105
11379,6.1555095,-8.345689
11380,5.1800656,-5.880118
11381,4.843598,-4.856493
11382,5.915537,-4.8523746
11383,4.7706795,-4.870786
11384,5.519682,-4.4852185
11385,4.7424164,-4.2830915
11386,5.565374,-10.077861
11387,3.7033958,-4.7962174
11388,4.8648806,-4.92576
11389,5.978732,-4.8448396
11390,7.074107,-7.1753116
11391,5.322145,-6.467475
11392,5.7893844,-8.318505
11393,5.836011,-5.4526634
11394,6.7652106,-8.568985
11395,3.6727376,-6.2968225
11396,5.522953,-8.324916
11397,5.4309173,-6.7239285
11398,5.876428,-9.528128
11399,5.9564424,-7.443602
11400,6.286203,-9.047529
11401,4.7125535,-7.1897154
11402,3.0613534,-7.3432856
11403,5.4915476,-5.4915633
11404,6.6828446,-4.4268346
11405,5.9374356,-4.051518
11406,4.9162297,-3.8166442
11407,4.965189,-4.0116954
11408,4.604824,-3.6581805
11409,3.9609284,-4.3330507
11410,4.45012,-4.287511
11411,6.527328,-3.6178222
11412,4.988438,-6.015363
11413,4.9759374,-3.007087
11414,6.7816873,-7.5715632
11415,6.180706,-5.7845654
11416,4.6316633,-3.9611287
11417,5.5981436,-2.7294633
11418,4.3176737,-6.206852
11419,6.1112156,-7.1016545
11420,4.459294,-4.2592974
11421,5.3776917,-5.427132
11422,5.1882167,-4.6467953
11423,6.0734844,-3.806602
11424,3.8294957,-6.184916
11425,6.7671585,-5.0763087
11426,4.5419936,-4.700969
11427,6.031294,-7.5774693
11428,6.045208,-6.5906205
11429,7.603479,-7.895403
11430,5.3092127,-5.002927
11431,6.5671825,-4.9241567
11432,6.1560154,-6.006904
11433,5.6544933,-7.477604
11434,6.3831778,-6.3380337
11435,7.159394,-4.5617695
11436,6.5965447,-4.061879
11437,6.387518,-3.8563156
11438,5.2127113,-7.3528776
11439,6.5382557,-3.6553664
11440,5.6267548,-7.4966984
11441,6.1447735,-5.4907236
11442,6.481883,-3.1516414
11443,6.126323,-2.6071663
11444,6.5417943,-6.534757
11445,7.3809056,-5.766691
11446,6.9335856,-5.981982
11447,6.5840163,-6.454527
11448,5.525192,-7.07646
11449,5.962566,-4.654702
11450,5.5056977,-7.135662
11451,6.9058657,-6.930947
11452,6.012842,-7.363249
11453,6.7059603,-6.7079926
11454,6.2661915,-7.03717
11455,7.429102,-8.221917
11456,6.7074046,-8.968675
11457,7.097222,-7.267442
11458,8.350461,-7.9961
11459,4.6570835,-6.235901
11460,6.6497703,-5.5498333
11461,6.1509876,-4.325005
11462,6.9061604,-5.3317294
11463,6.800879,-6.448678
11464,6.5142975,-8.458319
11465,6.207294,-6.534668
11466,6.193316,-6.065584
11467,7.56492,-10.143114
11468,5.273341,-7.4370575
11469,6.480136,-8.462582
11470,4.865093,-7.021005
11471,7.0252347,-6.791275
11472,4.2974167,-9.082101
11473,5.8885574,-5.6364346
11474,5.4629126,-6.1780567
11475,5.645681,-8.522455
11476,4.96759,-11.051336
11477,3.4977217,-11.313813
11478,3.2692037,-10.312808
11479,1.761717,-7.8537016
11480,2.0609558,-10.036379
11481,3.8230507,-6.1330614
11482,4.4285836,-3.4055119
11483,4.5512047,-7.3375893
11484,5.0615225,-2.253794
11485,5.338885,-4.6140885
11486,5.1735797,-6.722413
11487,5.9524455,-6.538066
11488,5.7478905,-8.639611
11489,5.139579,-8.783344
11490,4.230335,-9.4044
11491,5.4292636,-7.954533
11492,5.143726,-5.9782777
11493,5.8549786,-9.681207
11494,5.4186125,-6.668409
11495,5.6727877,-6.5635757
11496,5.6708736,-4.03073
11497,5.4653153,-5.5444365
11498,6.3072863,-7.3545094
11499,4.7888536,-7.8629117
11500,3.8805811,-6.84634
11501,5.676159,-6.3938885
11502,4.6364465,-6.728156
11503,4.598201,-4.6680417
11504,4.6401153,-8.279176
11505,4.2474747,-7.930374
11506,4.0720077,-7.032878
11507,5.554509,-8.582758
11508,4.478103,-5.2011743
11509,4.9763455,-7.692029
11510,5.4303713,-6.016824
11511,5.524747,-6.777422
11512,5.2906384,-8.234807
11513,4.8745713,-7.5251417
11514,5.3583975,-8.280622
11515,6.0135083,-8.673167
11516,6.8767867,-9.271119
11517,5.0340834,-9.999856
11518,5.3171477,-7.431475
11519,5.350683,-5.9732356
11520,4.86266,-7.090217
11521,4.8573103,-8.6227
11522,5.381706,-8.246793
11523,5.663181,-4.5649004
11524,4.518063,-3.066988
11525,5.1752462,-4.06973
11526,5.8673973,-3.3258796
11527,5.584401,-3.185297
11528,5.9863987,-5.202693
11529,5.4368634,-5.3400764
11530,4.816201,-4.7286716
11531,4.4059916,-6.087116
11532,4.12618,-6.8263016
11533,3.4451592,-2.381457
11534,4.3207784,-2.2837365
11535,6.3028116,-1.7000085
11536,5.6118636,-4.893815
11537,5.113126,-3.324499
11538,6.495543,-6.2632565
11539,4.5048203,-6.057906
11540,4.2738976,-5.76758
11541,5.309635,-3.8598762
11542,4.971927,-5.517413
11543,4.792623,-3.670345
11544,6.3894205,-5.715078
11545,4.347343,-5.64785
11546,3.5631692,-2.45349
11547,6.1942496,-3.9563453
11548,3.9028928,-3.0542297
11549,4.107736,-4.276705
11550,4.5506096,-4.8878794
11551,4.5742173,-2.6996968
11552,5.43327,-3.9077222
11553,3.1207018,-3.958246
11554,4.2173862,-4.4607477
11555,4.27206,-6.400348
11556,4.335685,-6.148495
11557,5.3537054,-5.205319
11558,4.9954033,-3.6080053
11559,5.1133146,-5.4982176
11560,4.489008,-2.7439404
11561,4.742167,-5.206869
11562,4.5804834,-6.4874396
11563,4.4846544,-5.477868
11564,4.791584,-6.4836726
11565,5.7042766,-7.5030665
11566,3.6435227,-6.000563
11567,3.0785162,-5.653533
11568,5.7787943,-3.552838
11569,5.7745223,-4.45264
11570,5.4779763,-6.3890324
11571,4.2167735,-2.1937327
11572,5.124721,-4.457886
11573,4.747798,-5.075032
11574,4.219202,-7.396106
11575,4.690782,-3.1706402
11576,4.4747577,-5.774049
11577,4.325196,-2.9326503
11578,6.2004986,-3.1853952
11579,6.1440845,-8.135066
11580,5.005321,-8.356967
11581,5.8919506,-5.307667
11582,5.3038707,-5.350921
11583,4.6381593,-7.079333
11584,4.140109,-4.707205
11585,5.137108,-5.9455543
11586,4.2434688,-4.2452497
11587,3.8656778,-5.4469123
11588,4.7606525,-7.062538
11589,4.7178273,-3.3610601
11590,4.8609505,-4.9781547
11591,4.9614563,-6.9209075
11592,4.9727974,-8.50852
11593,4.869572,-6.986047
11594,5.4658914,-7.3734155
11595,5.8548217,-8.351771
11596,4.0371857,-5.1330843
11597,3.0658238,-5.974742
11598,3.621363,-6.9652734
11599,3.7172348,-7.205155
11600,5.4233093,-8.946027
11601,5.56216,-7.3961573
11602,5.717519,-7.176261
11603,5.2787485,-5.268013
11604,3.7628655,-8.152084
11605,4.296938,-9.38685
11606,5.880508,-6.0387535
11607,5.3912907,-2.31658
11608,4.9656544,-5.9009337
11609,3.6479278,-3.1347196
11610,4.5545506,-7.358116
11611,2.8928964,-7.4456635
11612,5.5614123,-4.1724343
11613,3.9832888,-7.4494085
11614,4.286698,-5.612609
11615,4.97355,-5.9701576
11616,6.1262875,-4.331633
11617,4.622601,-7.397245
11618,5.058207,-2.2958488
11619,5.8355746,-4.0504003
11620,7.381012,-8.686274
11621,6.7074194,-5.075878
11622,4.6006823,-5.208587
11623,5.8420563,-6.632368
11624,5.347095,-5.014426
11625,4.243819,-4.129385
11626,4.1497893,-6.787483
11627,4.942657,-4.6705017
11628,4.919853,-9.808046
11629,6.6553817,-8.824036
11630,4.967601,-7.7940564
11631,4.5407686,-8.337701
11632,4.6503425,-8.559791
11633,6.026834,-7.1697693
11634,5.5270514,-8.342031
11635,3.8830435,-5.618356
11636,4.749421,-8.443908
11637,5.0389776,-8.614806
11638,3.1758723,-7.924064
11639,4.730622,-6.976111
11640,5.6416264,-5.9749074
11641,4.48553,-7.893545
11642,5.383817,-7.534124
11643,6.1802735,-8.453405
11644,5.365106,-6.6922097
11645,5.236879,-4.1777644
11646,4.7373886,-7.7639966
11647,4.532468,-6.6791115
11648,7.144208,-5.09231
11649,4.9895463,-7.366467
11650,5.5579925,-7.9386554
11651,5.3603315,-10.567821
11652,5.9592733,-10.123386
11653,5.199437,-4.2308397
11654,4.504432,-6.8067603
11655,3.3279548,-7.5226626
11656,5.5479655,-5.8962593
11657,6.3762555,-6.613483
11658,5.6151032,-7.136676
11659,4.0719347,-7.1039686
11660,3.9737616,-6.220085
11661,4.599876,-7.564743
11662,5.303149,-5.7608495
11663,6.7754397,-6.1856785
11664,5.466284,-7.06945
11665,5.370538,-2.589755
11666,6.1992955,-4.6860127
11667,4.68637,-3.4068246
11668,4.697452,-7.8946934
11669,4.9125395,-6.377809
11670,4.7872763,-5.6050215
11671,5.2480845,-8.296829
11672,5.6169343,-8.367123
11673,4.776105,-5.547207
11674,5.3572507,-8.786326
11675,5.2269187,-7.4883237
11676,4.410901,-6.826025
11677,3.0553102,-8.019173
11678,4.2758574,-6.786872
11679,5.1841316,-7.855415
11680,5.724305,-7.490204
11681,4.6383557,-8.631605
11682,3.0671427,-7.3543878
11683,4.0720644,-7.87687
11684,4.500994,-9.105624
11685,4.213418,-10.105128
11686,6.2147717,-11.176275
11687,4.0861006,-8.625427
11688,4.096292,-9.806241
11689,4.3325543,-8.883823
11690,5.0057406,-8.992746
11691,4.6955457,-9.059651
11692,4.6535077,-7.6064305
11693,6.504217,-9.503259
11694,8.041092,-9.096084
11695,7.3592777,-8.119481
11696,6.359233,-11.331335
11697,4.743834,-7.773733
11698,5.683704,-5.966134
11699,4.4778028,-8.513622
11700,4.559748,-9.038968
11701,5.436936,-7.7386947
11702,4.981068,-5.9933796
11703,4.530189,-4.969308
11704,7.5303416,-6.2615533
11705,6.7872233,-6.339781
11706,5.6613665,-6.008176
11707,6.247373,-9.279081
11708,5.2007875,-5.911392
11709,3.853133,-9.031762
11710,5.9904594,-6.810918
11711,3.6608367,-5.6349444
11712,4.5138106,-4.1113973
11713,4.5295076,-6.2274423
11714,5.3302116,-4.377098
11715,4.9357715,-5.100746
11716,5.397577,-5.2984495
11717,5.373224,-4.6521783
11718,4.4273715,-4.280111
11719,5.304332,-3.6828675
11720,3.3601997,-3.1531563
11721,5.108451,-5.185054
11722,5.286073,-7.1796703
11723,5.8295197,-5.4228683
11724,5.2161155,-4.9218493
11725,5.3366995,-3.2338386
11726,4.9148407,-4.6765413
11727,3.665551,-5.8619
11728,4.9798427,-4.5322814
11729,7.4382696,-7.0730925
11730,5.5432496,-4.4410405
11731,6.78696,-5.171908
11732,5.538565,-6.8328495
11733,4.593534,-4.2562265
11734,5.9812393,-5.1992984
11735,5.4554095,-4.816619
11736,5.88157,-4.076088
11737,4.617567,-3.6540112
11738,5.949898,-3.179813
11739,4.2877913,-2.960584
11740,6.3388257,-5.9578924
11741,5.578481,-2.1748922
11742,3.7202327,-5.3487825
11743,3.8234053,-5.839407
11744,6.137026,-4.4841237
11745,3.9281757,-3.6697898
11746,6.397078,-4.859025
11747,5.9158936,-5.947549
11748,6.771523,-5.408965
11749,2.9938853,-7.445406
11750,4.501025,-6.9282475
11751,4.635672,-6.499632
11752,3.6904757,-9.108182
11753,5.5055237,-6.42648
11754,5.6407614,-8.242455
11755,4.5352373,-6.204351
11756,5.4829235,-7.252117
11757,4.5883756,-6.257085
11758,3.4589806,-8.800872
11759,5.217351,-9.0559635
11760,5.952279,-8.747806
11761,3.3501444,-8.999849
11762,4.2648287,-8.059936
11763,5.3461065,-5.1698594
11764,3.4488635,-6.9273844
11765,5.4826865,-5.9374247
11766,4.975499,-5.419504
11767,4.7618904,-5.781046
11768,4.0598383,-7.0235333
11769,5.626528,-7.9487514
11770,5.017117,-8.688777
11771,3.698922,-9.220843
11772,4.8597054,-11.935787
11773,5.445356,-11.305849
11774,3.7714088,-8.101327
11775,5.9835963,-6.9993544
11776,5.4307904,-9.570991
11777,4.7738347,-10.78693
11778,5.207794,-7.1110463
11779,7.517711,-7.9648194
11780,2.915547,-8.119815
11781,4.4719357,-9.981086
11782,5.0225744,-8.852521
11783,3.702638,-6.46653
11784,4.766601,-8.19984
11785,6.365553,-8.132199
11786,4.9604874,-8.1707735
11787,5.1423945,-9.111329
11788,3.7980144,-7.7118516
11789,3.9860363,-9.743446
11790,3.8886323,-10.601287
11791,4.8979783,-9.268928
11792,5.6877666,-12.793558
11793,7.867478,-9.004224
11794,5.8628416,-7.731169
11795,4.6513724,-6.914663
11796,5.265152,-7.4591036
11797,4.7766953,-8.917296
11798,6.974812,-5.0680914
11799,4.9730253,-10.178452
11800,5.600348,-8.335298
11801,5.761202,-3.3519483
11802,5.718775,-8.259914
11803,5.3292274,-8.902196
11804,6.0939207,-7.8797584
11805,4.283121,-6.932861
11806,6.39617,-7.0378942
11807,5.3188066,-4.729355
11808,5.2740884,-5.4935255
11809,6.0212417,-3.5338008
11810,5.1325245,-4.2920313
11811,3.9182317,-4.97121
11812,6.0523114,-4.87982
11813,4.9603276,-1.4577695
11814,4.487687,-1.4205185
11815,5.0408397,-5.023987
11816,4.715513,-3.5260427
11817,5.0629463,-3.6825252
11818,5.57661,-3.0668309
11819,4.5000157,-3.972332
11820,5.282891,-4.400479
11821,5.3654957,-5.2669177
11822,5.451583,-3.220827
11823,5.8165007,-6.202567
11824,5.837602,-6.5177755
11825,4.6064696,-3.1586843
11826,5.4583764,-2.0407357
11827,6.0425725,-3.2186081
11828,6.884954,-3.8211625
11829,6.4499335,-4.9464846
11830,6.4285617,-5.6238856
11831,6.700809,-4.4763374
11832,6.1216497,-4.5562124
11833,5.894607,-3.8404508
11834,5.53798,-4.3175573
11835,5.5152783,-5.117598
11836,4.8697057,-4.7200017
11837,4.4487085,-6.5739837
11838,5.4761324,-4.254407
11839,6.7326117,-2.9727855
11840,2.308213,-5.023212
11841,4.8278255,-4.6992407
11842,4.5385027,-3.6393285
11843,6.800596,-2.3383892
11844,4.6680865,-3.4022639
11845,1.7549616,-2.5418327
11846,5.546817,-4.593375
11847,4.6978602,-3.523045
11848,5.05373,-4.071508
11849,4.801307,-0.7983592
11850,5.892445,-6.604415
11851,4.589895,-4.776812
11852,4.6460376,-5.3501086
11853,4.7818103,-6.9203124
11854,6.7666187,-5.7425017
11855,4.930966,-4.3360662
11856,4.337853,-4.8371615
11857,5.979218,-3.9230313
11858,4.6335354,-5.9352984
11859,3.7852497,-4.2766447
11860,4.580029,-5.811271
11861,6.585331,-6.523425
11862,6.6511226,-2.9356728
11863,3.8660386,-2.5054026
11864,4.9258575,-5.008413
11865,3.284519,-8.437936
11866,4.0299444,-5.824179
11867,5.198715,-5.2278733
11868,3.4922192,-5.1739354
11869,4.166528,-5.7754183
11870,4.76237,-4.6571226
11871,4.5251737,-0.9305672
11872,2.9101427,-5.2235003
11873,5.931592,-3.7434678
11874,5.4756045,-3.7409413
11875,5.0265374,-3.6002657
11876,5.629553,-1.0130404
11877,5.09897,-4.4502378
11878,4.7177744,-6.0466433
11879,5.828979,-2.7217097
11880,4.6422725,-1.1419289
11881,5.065441,-4.026805
11882,5.1019144,-7.721667
11883,5.2694383,-6.1935577
11884,5.584968,-6.558868
11885,5.9572625,-3.5755322
11886,6.217066,-6.160682
11887,5.890166,-4.670384
11888,3.624619,-5.953775
11889,4.7577467,-5.074249
11890,3.579413,-5.8359356
11891,3.3890736,-2.381289
11892,4.783096,-3.0892851
11893,3.7787812,-3.9553514
11894,3.9649284,-4.293829
11895,4.2330527,-8.03463
11896,4.9982147,-5.7630396
11897,4.732929,-5.5846596
11898,4.327785,-5.700954
11899,6.032465,-5.1639404
11900,2.538124,-3.9998255
11901,4.7116685,-5.739043
11902,5.179786,-2.342074
11903,4.5846148,-1.6835369
11904,4.6679296,-2.4837584
11905,5.9216967,-3.914081
11906,5.0002017,-6.440226
11907,5.5800657,-7.113274
11908,5.8955207,-5.276768
11909,4.7546697,-3.8772237
11910,3.6064026,-0.71336395
11911,3.4825041,-6.007448
11912,2.7119174,-4.2999864
11913,4.0419292,-6.227858
11914,4.2522545,-5.543991
11915,5.583002,-3.8229625
11916,5.3831472,-5.417084
11917,4.0484943,-5.3871694
11918,4.029988,-5.788965
11919,4.280938,-4.5557113
11920,3.7851903,-4.399919
11921,5.0557566,-4.633793
11922,5.720887,-5.1711574
11923,5.171216,-9.872303
11924,4.876786,-5.5922656
11925,5.189936,-8.573529
11926,5.5137095,-8.018545
11927,5.3004565,-4.045885
11928,5.685351,-4.5459886
11929,5.148508,-3.042634
11930,5.9806914,-8.47551
11931,3.857061,-5.3114285
11932,4.6715636,-4.5937347
11933,5.145347,-8.253219
11934,4.9549704,-7.8267627
11935,5.223531,-9.370588
11936,4.745695,-7.4702625
11937,5.9813585,-10.888216
11938,4.464595,-7.003907
11939,5.4485226,-7.023367
11940,4.0586076,-9.183594
11941,5.429232,-9.976429
11942,3.507787,-6.8296933
11943,4.787079,-8.809964
11944,4.2105136,-5.4100246
11945,4.421461,-7.358174
11946,5.9832644,-12.581033
11947,5.950844,-8.512186
11948,5.974376,-7.8489094
11949,4.829757,-7.1181936
11950,4.9234467,-8.014615
11951,4.4627066,-10.837392
11952,5.3277245,-9.90586
11953,5.694996,-8.250937
11954,5.803762,-6.2109447
11955,4.56823,-5.489416
11956,4.7197833,-5.6186166
11957,4.4075637,-6.0306096
11958,5.5286293,-5.600244
11959,5.7697444,-5.5070844
11960,4.90866,-7.150387
11961,4.5881147,-6.109836
11962,6.267969,-6.2357354
11963,6.767331,-6.907246
11964,4.9262695,-4.361385
11965,5.4948826,-8.259491
11966,4.3561997,-7.352801
11967,4.185164,-7.1824703
11968,3.5150712,-9.086596
11969,5.0336947,-7.0923986
11970,3.986646,-7.502273
11971,4.491228,-8.664139
11972,4.6098456,-4.905645
11973,3.066338,-7.395453
11974,3.6089714,-2.3091037
11975,5.8589044,-7.7839894
11976,3.9592254,-5.008344
11977,4.7641635,-5.3841534
11978,4.7556286,-4.669422
11979,5.07577,-4.3096337
11980,4.9954743,-5.3788652
11981,5.0711474,-5.044697
11982,6.3391166,-6.9002333
11983,5.201543,-3.8403668
11984,5.019826,-7.788712
11985,4.9558415,-4.1226373
11986,5.3133473,-7.8549714
11987,4.542843,-9.030243
11988,4.8970037,-5.7938623
11989,3.4066305,-3.2206547
11990,4.9642706,-3.9168732
11991,5.342485,-8.594982
11992,4.969115,-6.3493533
11993,5.1102276,-4.446221
11994,4.1214213,-6.460272
11995,5.0127873,-2.7944095
11996,4.200026,-6.6534467
11997,4.9219713,-6.3103356
11998,4.8116097,-9.042671
11999,3.5736444,-7.804417
12000,4.4982877,-9.777443
12001,3.5061624,-7.3202295
12002,4.774418,-8.661869
12003,4.6296444,-8.098481
12004,6.196587,-7.3230314
12005,4.1367493,-9.163972
12006,5.1294017,-8.479645
12007,5.024748,-6.14176
12008,3.975834,-6.6474442
12009,5.707467,-5.9480867
12010,3.3977978,-7.2640452
12011,5.9277005,-6.578179
12012,5.5266814,-8.351378
12013,6.5719094,-8.706523
12014,5.9945045,-5.7747912
12015,4.9206767,-11.050044
12016,5.703174,-7.531287
12017,4.580284,-10.168797
12018,5.025998,-10.253116
12019,3.3967772,-7.5554028
12020,5.279282,-8.66733
12021,3.2791524,-9.333429
12022,4.595304,-9.28138
12023,3.68344,-8.426058
12024,4.4386425,-9.995354
12025,5.1324944,-8.344481
12026,3.2450392,-7.1369243
12027,4.8524694,-9.125204
12028,5.643592,-7.928897
12029,4.018927,-8.014815
12030,5.0946326,-5.2357783
12031,5.8041716,-9.897152
12032,6.8474016,-9.114722
12033,4.1576962,-7.344548
12034,5.083456,-8.037167
12035,6.5047436,-9.736056
12036,4.7638516,-5.038662
12037,4.817937,-4.5180116
12038,6.989583,-5.990011
12039,6.436825,-9.238204
12040,3.6949694,-8.613293
12041,5.9421453,-6.4923673
12042,4.733259,-5.949675
12043,5.585383,-8.573769
12044,4.2234187,-7.8311286
12045,3.5263553,-7.0323043
12046,5.579393,-5.5567894
12047,6.1779394,-9.054434
12048,4.2320476,-6.787516
12049,3.8882248,-8.951072
12050,3.1222262,-6.315214
12051,5.2973413,-7.795508
12052,3.6434383,-6.9311433
12053,4.3613367,-9.409823
12054,4.6542706,-10.255651
12055,4.13102,-7.7794256
12056,4.61997,-8.263862
12057,3.8395007,-6.1551285
12058,3.7065737,-7.3783345
12059,3.657452,-4.9704685
12060,4.0644226,-3.7131345
12061,5.098913,-4.1459107
12062,4.665577,-6.791893
12063,3.4869292,-6.276869
12064,2.2370882,-6.086873
12065,3.1800997,-8.419943
12066,4.710666,-6.4654946
12067,6.821988,-6.2132144
12068,4.8057594,-7.591486
12069,4.749014,-9.563478
12070,4.1922264,-7.0671105
12071,4.2347474,-6.409269
12072,5.1343856,-6.325881
12073,3.525605,-9.146689
12074,4.079624,-6.6513205
12075,5.7074738,-10.156514
12076,6.978351,-8.34576
12077,6.6002254,-11.207856
12078,5.0362024,-8.544107
12079,4.6904316,-6.1604614
12080,5.7365494,-7.114897
12081,4.4575224,-10.29566
12082,3.0866778,-11.463262
12083,4.023248,-7.795976
12084,3.9630373,-5.358643
12085,5.149611,-7.905785
12086,5.441808,-6.3678246
12087,5.5766325,-6.168035
12088,5.4217477,-6.2159534
12089,4.80992,-6.3356977
12090,4.1876173,-10.277604
12091,4.177771,-10.0874405
12092,0.97868556,-8.734893
12093,5.249193,-8.0811
12094,5.9274387,-5.1476626
12095,3.5598707,-2.7076197
12096,5.6745696,-4.8626065
12097,4.077836,-6.849423
12098,4.8516474,-2.84605
12099,6.1035924,-4.9393487
12100,4.4300575,-5.037975
12101,4.2207427,-8.685964
12102,2.5610085,-7.3201118
12103,4.767059,-10.254117
12104,4.8402877,-8.18086
12105,4.469105,-6.2133064
12106,4.1992264,-6.928174
12107,3.2830465,-8.104859
12108,4.9112716,-8.349153
12109,3.4555638,-9.927255
12110,3.7285697,-10.302782
12111,4.2856793,-10.493967
12112,4.246708,-11.446269
12113,5.102637,-8.245858
12114,5.734047,-7.350224
12115,4.86613,-10.475681
12116,5.8290553,-8.535575
12117,6.1989293,-10.471771
12118,5.375374,-7.488424
12119,3.0781446,-8.962723
12120,5.7464733,-4.189205
12121,5.7380924,-7.7044835
12122,4.676981,-6.9360094
12123,4.2738194,-5.5352173
12124,4.150796,-6.0591083
12125,4.8744454,-4.525296
12126,5.3672523,-8.2385645
12127,5.452838,-7.6066055
12128,4.1353292,-7.512893
12129,5.6879396,-5.780335
12130,5.2363725,-6.976173
12131,3.6622515,-7.3719535
12132,4.43845,-8.791193
12133,6.423608,-7.084595
12134,5.722582,-6.562532
12135,5.4602613,-5.1892004
12136,4.810899,-4.373625
12137,5.005586,-8.645186
12138,3.0033355,-6.7928843
12139,5.2449193,-4.9359717
12140,3.2992837,-7.383729
12141,4.582762,-6.893092
12142,5.761641,-6.6293254
12143,4.979255,-6.350372
12144,6.736094,-7.218946
12145,6.0915504,-6.182046
12146,3.573896,-8.010145
12147,6.254463,-6.630375
12148,5.7020173,-6.8845267
12149,6.6725507,-8.7089205
12150,4.3263326,-7.1226444
12151,5.7637854,-10.163048
12152,4.567338,-7.8839602
12153,6.0704417,-8.936263
12154,4.6839533,-9.094634
12155,5.63006,-12.230277
12156,7.541193,-6.984271
12157,6.3785143,-6.629454
12158,8.060598,-11.941695
12159,7.2756686,-8.204435
12160,6.8162174,-8.25029
12161,6.181613,-3.7725081
12162,5.6967645,-7.1547513
12163,6.2216825,-7.914305
12164,3.1641707,-7.9008656
12165,4.223225,-6.073931
12166,3.542989,-7.1611776
12167,3.4933915,-5.6689196
12168,4.5456285,-5.938195
12169,5.6303077,-5.8265753
12170,5.5877123,-7.920347
12171,6.0139623,-8.150368
12172,3.158426,-6.9831667
12173,5.8349366,-6.781079
12174,5.7498407,-9.788336
12175,4.747633,-9.798705
12176,8.228239,-6.4855638
12177,4.8197656,-4.420481
12178,4.898931,-4.1691427
12179,7.6595545,-5.896374
12180,6.659872,-6.6750574
12181,7.197938,-6.895488
12182,5.670543,-7.9099617
12183,6.0844893,-6.199594
12184,6.510479,-6.3095484
12185,8.0386305,-6.7523665
12186,7.292636,-6.6160836
12187,4.4731503,-8.644484
12188,5.975894,-8.652945
12189,5.608656,-6.251798
12190,5.7656617,-9.575182
12191,5.640435,-9.019047
12192,4.5879607,-7.542111
12193,6.32037,-4.5235205
12194,4.5085053,-6.3895774
12195,5.32804,-6.1243625
12196,7.4478254,-4.581885
12197,5.5748425,-6.330805
12198,5.5396643,-3.1799989
12199,6.005786,-3.7064476
12200,3.3653455,-4.9656243
12201,4.798812,-6.812525
12202,5.9643526,-7.4232197
12203,4.7088323,-9.961972
12204,4.481091,-9.568898
12205,2.9884152,-6.6743793
12206,5.157765,-6.2981486
12207,5.31811,-7.7255726
12208,5.0466456,-6.873803
12209,4.759316,-8.747774
12210,6.7432327,-10.07754
12211,4.5008817,-6.117898
12212,4.7346296,-9.021645
12213,6.1940627,-6.554012
12214,5.3536844,-7.1710343
12215,5.47231,-4.5054884
12216,4.7744474,-4.9248614
12217,4.7015715,-7.9492
12218,3.7776759,-5.606946
12219,4.8238487,-4.091875
12220,5.0088024,-5.644643
12221,5.660212,-8.33686
12222,3.464093,-7.2663326
12223,4.6549854,-8.960349
12224,3.8904228,-7.942223
12225,3.9629622,-10.282568
12226,3.8744318,-9.142394
12227,4.211785,-9.96217
12228,5.168395,-8.838993
12229,4.478909,-9.7876835
12230,4.753362,-7.967811
12231,4.7205315,-6.4431
12232,4.631883,-3.420507
12233,5.2787356,-4.0017204
12234,4.2150126,-3.0028763
12235,5.5327816,-7.336114
12236,3.9295013,-4.2555165
12237,3.7590146,-9.806684
12238,4.0900445,-5.806841
12239,2.7344506,-4.797133
12240,3.5219069,-7.6159115
12241,4.108605,-3.96258
12242,4.8082924,-3.8946056
12243,3.8002,-6.784388
12244,5.004115,-7.802063
12245,4.0518947,-7.2722387
12246,3.4638717,-3.839166
12247,3.8592384,-2.059308
12248,4.328964,-5.1055603
12249,4.45382,-6.3446093
12250,6.2244606,-4.7595944
12251,4.760563,-6.1245866
12252,4.3673606,-10.102505
12253,3.9088387,-4.6248183
12254,5.100027,-6.2239437
12255,4.0692625,-6.079036
12256,4.279272,-6.6595263
12257,3.567822,-9.178567
12258,4.3916793,-6.375292
12259,4.0334067,-5.560475
12260,2.9396389,-3.9324586
12261,0.7522826,-7.572584
12262,4.4491267,-8.635902
12263,3.579868,-4.605325
12264,2.9754217,-5.575805
12265,3.2315724,-8.550929
12266,3.9909387,-7.9692583
12267,4.1047373,-10.318673
12268,2.5714731,-8.4929285
12269,4.026661,-7.0799317
12270,2.8631687,-6.2987614
12271,4.694368,-5.34965
12272,7.0869045,-5.2162466
12273,2.661878,-6.593181
12274,3.9824889,-5.732947
12275,2.9228854,-8.20155
12276,3.8186722,-8.837429
12277,3.0121334,-8.296485
12278,4.6713786,-5.2085824
12279,2.7169547,-6.338298
12280,3.438,-7.185904
12281,4.5276318,-8.321796
12282,5.053712,-6.1979957
12283,4.678981,-8.671121
12284,3.9807,-6.332385
12285,3.6203997,-7.558644
12286,4.6054506,-12.11133
12287,3.428445,-9.269122
12288,4.9542522,-8.429935
12289,5.3515463,-9.565282
12290,4.2173305,-6.095647
12291,4.8597636,-7.650075
12292,5.7763867,-5.741364
12293,4.0163035,-4.347407
12294,5.1501627,-7.049738
12295,2.9281232,-5.537796
12296,3.3428075,-5.921945
12297,3.7345808,-8.556732
12298,2.2690423,-5.7946825
12299,3.28935,-3.363191
12300,4.811934,-7.3339653
12301,2.9056432,-6.55805
12302,2.1528966,-5.9615192
12303,3.3834872,-4.673429
12304,6.138709,-5.2665915
12305,3.8905325,-5.840674
12306,3.2263706,-7.382677
12307,4.5645885,-3.4283109
12308,4.066925,-3.4878879
12309,4.7969103,-6.6966476
12310,4.418037,-10.253246
12311,3.0209446,-5.403903
12312,4.5509496,-7.2089934
12313,6.4396873,-7.907637
12314,4.1826997,-8.069525
12315,3.8833811,-9.787439
12316,3.960008,-6.489694
12317,3.2634273,-6.040117
12318,3.5472493,-3.9156618
12319,6.196679,-5.8851748
12320,4.794494,-4.760832
12321,3.7751346,-5.420562
12322,2.6614928,-4.7505603
12323,4.041695,-2.7213383
12324,4.5696697,-5.002911
12325,4.447866,-4.5270996
12326,4.0139713,-5.185847
12327,4.3895082,-9.81572
12328,2.174144,-6.818372
12329,6.315969,-9.343865
12330,4.5232873,-8.728784
12331,5.923798,-7.607556
12332,5.562507,-11.51669
12333,5.3278646,-11.043695
12334,5.1928554,-7.446244
12335,5.060674,-8.3869095
12336,3.7790573,-6.737762
12337,3.7430298,-7.8376527
12338,5.290759,-4.9486704
12339,5.1737447,-6.553548
12340,5.0018086,-6.777712
12341,4.0917954,-5.4351554
12342,3.9163773,-8.717416
12343,4.190595,-10.990397
12344,3.440215,-9.049788
12345,4.4650536,-8.99684
12346,4.245454,-8.822906
12347,4.5084405,-8.866927
12348,4.0306034,-6.2856345
12349,5.08685,-8.434714
12350,3.2323577,-4.399698
12351,3.3436887,-8.602301
12352,0.8291795,-8.801398
12353,4.07563,-7.0575156
12354,3.5405617,-5.2951665
12355,4.0953374,-11.338213
12356,3.294359,-11.271954
12357,3.9974577,-12.480963
12358,3.2010438,-8.827962
12359,3.07509,-11.047265
12360,3.5780447,-11.819157
12361,4.5917053,-13.133687
12362,4.672175,-10.484725
12363,3.3722627,-8.569553
12364,4.909484,-6.412237
12365,3.2442648,-6.809802
12366,4.9470654,-8.880873
12367,4.8864665,-9.726394
12368,5.7215,-9.242863
12369,3.2800705,-6.149185
12370,2.7733505,-10.430699
12371,3.0404873,-10.471954
12372,5.0339327,-10.532504
12373,2.7352674,-10.328766
12374,2.226062,-7.8455534
12375,3.868904,-8.60635
12376,3.987711,-10.431846
12377,4.02285,-9.06243
12378,4.154113,-10.068858
12379,3.5459802,-9.188677
12380,3.37881,-6.014781
12381,1.9310197,-8.349404
12382,3.7395232,-9.614659
12383,3.0890975,-10.7173195
12384,4.0199,-11.519856
12385,3.400198,-5.6225066
12386,4.883271,-4.803512
12387,4.2573204,-5.4940653
12388,3.9643774,-10.179449
12389,3.7581916,-6.059946
12390,3.414289,-6.2733073
12391,4.7156963,-4.910161
12392,3.7883446,-8.376538
12393,3.4644766,-6.877092
12394,2.641077,-7.3095255
12395,5.0713463,-5.916976
12396,5.6858106,-6.38489
12397,3.2829325,-7.398544
12398,3.81369,-5.898148
12399,4.7996793,-9.978062
12400,5.17273,-12.137808
12401,4.7313447,-8.8116
12402,3.6574953,-6.8062053
12403,2.76852,-4.729709
12404,6.0598617,-2.6022065
12405,3.6703231,-7.589301
12406,3.9182932,-4.044602
12407,1.8028262,-3.7003233
12408,4.9301457,-2.1375167
12409,4.5393925,-1.5013638
12410,2.6580927,-4.680347
12411,3.3798556,-1.0689077
12412,5.2691936,-5.6573534
12413,5.2814794,-3.754127
12414,5.1260514,-4.1929903
12415,3.883416,-2.8904898
12416,3.450001,-1.2156382
12417,1.3499538,-1.6729711
12418,3.137227,-2.0198874
12419,3.2213976,-5.4452543
12420,5.208701,-4.293258
12421,5.239866,-4.529821
12422,3.7468963,-8.113384
12423,4.461758,-4.926536
12424,3.705741,-5.155865
12425,5.4187303,-7.6836553
12426,2.5820425,-4.9049387
12427,1.9482499,-7.147986
12428,4.0154886,-5.7513604
12429,4.456635,-9.182106
12430,2.9921298,-6.535283
12431,3.3099961,-6.6110044
12432,3.2567875,-6.5173683
12433,1.9917963,-4.5762997
12434,2.7038853,-5.249801
12435,4.383123,-8.943876
12436,2.5683181,-7.9982243
12437,3.7255223,-6.6457653
12438,2.280793,-5.92064
12439,2.8335416,-6.0754666
12440,2.4924092,-6.68955
12441,3.0456867,-5.450602
12442,1.7120786,-4.938227
12443,2.3247116,-2.4026349
12444,3.4884183,-6.51858
12445,4.1174903,-5.650941
12446,1.8142194,-5.375158
12447,3.5585256,-6.709767
12448,5.3415217,-4.8168564
12449,4.2552238,-6.430727
12450,4.7848954,-5.2918224
12451,3.2861042,-3.4457753
12452,4.6492195,-3.1078515
12453,5.842032,-3.5123587
12454,6.2007995,-2.9486663
12455,4.633463,-6.4746346
12456,3.3876805,-8.95141
12457,2.7956657,-5.5741973
12458,3.5431304,-2.4086316
12459,3.5241158,-2.8232536
12460,5.036457,-3.4934418
12461,3.7495973,-6.363896
12462,4.9638925,-6.569575
12463,6.28353,-4.0239964
12464,4.243518,-3.2895827
12465,6.0442305,-1.7188385
12466,4.051845,-2.8644416
12467,4.655109,-3.6966283
12468,4.107018,-1.3369915
12469,3.5710075,-4.972916
12470,3.3170187,-4.8973255
12471,4.9878345,-5.7421684
12472,4.620922,-5.371076
12473,5.3522224,-5.3466887
12474,5.0832653,-2.6634989
12475,4.231461,-6.933409
12476,3.4303098,-4.533793
12477,2.2140245,-4.0653996
12478,4.364044,-5.6242747
12479,4.8148174,-4.992666
12480,4.2119412,-3.9690578
12481,5.3399124,-6.1229563
12482,5.317425,-5.0744896
12483,4.6115065,-5.9634895
12484,5.224438,-4.5092278
12485,3.3450868,-6.5762587
12486,5.3647184,-5.739196
12487,3.255969,-6.2001395
12488,3.639485,-8.372474
12489,4.472058,-6.965303
12490,4.4779835,-4.026107
12491,3.8027174,-6.357804
12492,4.1986003,-4.3140135
12493,4.4888935,-6.824203
12494,4.576034,-6.706488
12495,4.748803,-3.9101322
12496,5.2535853,-2.970302
12497,3.8123848,-4.8247194
12498,2.8318357,-7.3263745
12499,4.80123,-4.7513065
12500,5.1195326,-3.4114392
12501,2.3046036,-5.842324
12502,3.7832427,-7.8580446
12503,3.6312656,-9.320103
12504,4.196003,-7.599229
12505,4.214663,-6.9764457
12506,4.5874753,-6.9467616
12507,4.042092,-6.4920473
12508,3.7103703,-1.9935048
12509,4.4572573,-4.592744
12510,4.6521025,-6.3052783
12511,2.4598584,-5.936212
12512,4.825381,-6.025284
12513,5.503415,-6.059597
12514,3.6662085,-6.9615674
12515,3.4168055,-6.1282268
12516,3.889101,-5.337217
12517,6.212584,-6.1824813
12518,4.875692,-6.317625
12519,3.3772085,-2.9280796
12520,4.1617007,-6.1879377
12521,4.7903547,-6.7123027
12522,4.8131027,-7.0362396
12523,2.9628243,-4.9190435
12524,4.0524607,-4.8912168
12525,5.4804425,-7.815401
12526,3.6026926,-4.142259
12527,2.7296064,-6.710728
12528,4.2335835,-4.1781707
12529,4.9105964,-8.325567
12530,4.7722163,-6.9738483
12531,3.9296312,-5.5877743
12532,5.909839,-4.509559
12533,4.7172575,-7.1352015
12534,4.8073916,-4.045322
12535,3.9735124,-2.1932225
12536,6.263264,-4.8177977
12537,3.7309127,-3.6404855
12538,4.852738,-5.801344
12539,4.91051,-9.54072
12540,5.3752494,-6.865549
12541,2.6258206,-6.384046
12542,4.1447363,-8.235873
12543,4.7858086,-7.7405624
12544,5.265161,-5.0965996
12545,3.6382918,-6.371762
12546,4.329631,-6.7539425
12547,5.0344887,-7.207438
12548,5.900882,-7.980503
12549,5.1515718,-9.930463
12550,4.408141,-6.592933
12551,3.3695183,-8.758561
12552,3.0811403,-7.2027755
12553,5.073008,-10.987816
12554,3.687126,-6.063907
12555,4.2604365,-5.9871264
12556,5.124674,-11.042113
12557,4.148196,-9.459422
12558,5.0247154,-4.119403
12559,5.597308,-5.867803
12560,4.0802445,-6.831391
12561,5.09384,-5.0547323
12562,4.7321367,-2.016666
12563,2.9626153,-6.367312
12564,3.015133,-5.119439
12565,2.9824152,-3.0109565
12566,3.70128,-2.643912
12567,5.1414413,-6.244371
12568,3.952182,-6.054507
12569,3.0244336,-2.7467356
12570,4.9836087,-3.8556519
12571,4.597403,-3.1560774
12572,5.0074496,-2.390244
12573,5.6805267,-5.481193
12574,4.254389,-2.8058038
12575,4.574611,-3.3035376
12576,2.4304907,-1.4648509
12577,2.9478655,1.3955145
12578,4.2619276,0.9709839
12579,4.896471,-0.57939285
12580,3.5020978,-2.3017998
12581,3.0462706,-5.998345
12582,4.144729,-6.005119
12583,4.588822,-9.463343
12584,5.422193,-10.331978
12585,4.5525665,-9.172065
12586,5.574339,-11.252562
12587,4.5933223,-12.263899
12588,3.7526968,-9.99136
12589,7.118028,-9.987323
12590,6.5038276,-7.8091245
12591,4.2691717,-8.80929
12592,4.9564095,-8.279497
12593,4.393937,-7.0953126
12594,5.5357814,-6.186768
12595,4.9373255,-9.793944
12596,7.0655713,-7.7812114
12597,6.306611,-6.293051
12598,5.0882335,-5.4241295
12599,4.8368425,-6.8200626
12600,4.5125194,-7.0606256
12601,2.9538295,-5.3981814
12602,6.406836,-7.338885
12603,4.616757,-5.401108
12604,4.254292,-7.68296
12605,5.607845,-4.947146
12606,6.3922367,-4.7814717
12607,5.445382,-5.547221
12608,6.9307127,-3.1510231
12609,6.5708857,-5.5304475
12610,2.8726315,-5.665066
12611,5.8141594,-4.339593
12612,3.6545088,-5.2603307
12613,5.689362,-4.947602
12614,4.50325,-4.564458
12615,7.00414,-8.607902
12616,6.7440133,-6.371247
12617,5.4680824,-7.403504
12618,3.8137417,-1.88752
12619,5.987169,-3.661306
12620,3.434819,-3.234561
12621,4.8687944,-3.7622428
12622,5.446775,-5.4367747
12623,2.8589857,-6.1607804
12624,4.810609,-7.411266
12625,4.4663467,-7.5520735
12626,3.9399602,-5.728568
12627,5.1641784,-5.3670063
12628,4.8166366,-8.585076
12629,5.4045715,-6.7479386
12630,4.6252513,-7.9007044
12631,4.612573,-10.333576
12632,4.2720675,-9.504171
12633,5.0959735,-6.9793673
12634,4.7639656,-7.7490454
12635,5.161996,-6.748099
12636,6.1299477,-9.532632
12637,5.409888,-11.132282
12638,6.0138607,-8.061905
12639,3.7988222,-6.431988
12640,7.8278756,-12.378453
12641,3.0660996,-9.82862
12642,4.250345,-7.248185
12643,6.201281,-6.843123
12644,5.5596414,-9.080938
12645,6.443302,-6.7669697
12646,5.6811805,-6.468827
12647,6.17822,-8.5529
12648,7.0920825,-6.8253427
12649,4.9431877,-9.208352
12650,6.028234,-8.72284
12651,5.8900843,-10.890291
12652,4.5531178,-8.374839
12653,5.0532207,-8.141449
12654,4.5536547,-8.467671
12655,4.250681,-8.105887
12656,6.917086,-6.442278
12657,4.217155,-9.5523205
12658,5.536696,-6.530429
12659,4.896411,-9.390029
12660,5.982564,-5.6568904
12661,5.2681837,-6.105381
12662,4.872743,-7.855746
12663,5.019927,-9.65914
12664,4.2139144,-10.109289
12665,5.973105,-8.990009
12666,5.0747585,-6.728
12667,3.995261,-8.2094
12668,4.2868323,-8.388066
12669,4.5830073,-7.1269884
12670,3.4820504,-6.377144
12671,3.1592536,-5.776802
12672,5.6843,-6.1863327
12673,5.5391326,-8.010941
12674,4.6943707,-6.4032316
12675,6.2675962,-5.7454553
12676,4.9394636,-8.526404
12677,5.8459973,-7.5396237
12678,4.360006,-10.435849
12679,3.2054396,-12.260325
12680,4.8093004,-9.906091
12681,5.2080073,-11.978197
12682,4.839912,-8.912128
12683,5.0291076,-11.374499
12684,3.946301,-10.180264
12685,5.6274934,-11.775254
12686,4.203173,-9.7497635
12687,5.0755277,-8.388388
12688,4.402043,-5.9280376
12689,5.0739245,-9.77287
12690,5.0407743,-7.488407
12691,3.4952784,-7.2225895
12692,4.115003,-3.6801085
12693,3.5359292,-6.806306
12694,5.0700765,-6.6179204
12695,5.1648717,-8.593849
12696,5.8516154,-9.739945
12697,4.031303,-6.906956
12698,4.016697,-8.8199005
12699,5.712896,-8.255217
12700,5.2998314,-5.838231
12701,3.6763995,-4.4665394
12702,2.4411254,-6.3661237
12703,4.2946835,-7.8710775
12704,3.129284,-5.1748586
12705,6.7370243,-4.9662414
12706,3.8703544,-8.084084
12707,5.6914525,-9.116105
12708,3.6623669,-8.838078
12709,3.1026943,-11.916783
12710,5.2384486,-10.724215
12711,4.6674795,-8.3251915
12712,6.5385947,-6.804317
12713,5.1940875,-6.104681
12714,6.389515,-7.053857
12715,6.8322973,-7.777537
12716,6.043241,-7.484116
12717,5.749288,-8.518552
12718,5.514594,-9.894309
12719,6.453144,-9.481732
12720,5.7239757,-9.787668
12721,6.9132853,-10.079963
12722,5.642995,-9.350854
12723,7.9440765,-9.3698
12724,4.9493303,-9.291359
12725,4.071172,-9.889728
12726,5.145275,-10.019274
12727,4.5998936,-6.8025103
12728,4.846465,-9.125533
12729,7.0266137,-10.241336
12730,5.441016,-8.081677
12731,5.644296,-8.962971
12732,4.078049,-8.975327
12733,5.5347266,-6.6319237
12734,5.3100615,-8.283726
12735,6.2726655,-10.024256
12736,3.9988256,-8.337026
12737,5.143452,-10.33637
12738,6.2190223,-9.562429
12739,5.856293,-8.796175
12740,6.1325836,-9.394516
12741,5.694088,-10.166758
12742,8.913879,-6.598668
12743,3.9367507,-7.5683064
12744,4.89636,-8.709358
12745,5.5875363,-12.702755
12746,4.7505827,-7.524003
12747,5.9539747,-9.528584
12748,5.2259536,-8.154719
12749,3.6004949,-7.884165
12750,3.530182,-5.8468704
12751,6.195923,-7.65014
12752,8.346811,-6.6278872
12753,7.102815,-8.176801
12754,7.0812025,-6.709548
12755,7.1623354,-9.072116
12756,7.6701827,-8.5033865
12757,4.0937705,-6.446177
12758,4.137132,-1.9465699
12759,5.498732,-2.9925385
12760,6.1460953,-4.3259664
12761,7.032298,-4.635215
12762,5.978753,-8.867988
12763,4.7113156,-9.380005
12764,3.5624752,-7.4287534
12765,5.4129663,-5.0701857
12766,5.8556633,-3.2662308
12767,5.2275825,-3.4573169
12768,5.721798,-4.645424
12769,5.7216682,-5.1060157
12770,3.9036453,-7.6763506
12771,4.9276357,-5.84611
12772,5.65984,-6.7529364
12773,5.1749415,-5.386107
12774,5.3714204,-6.541731
12775,6.192319,-7.294667
12776,5.7291684,-7.526462
12777,7.1936207,-6.5530024
12778,6.1331887,-7.587949
12779,6.511526,-6.0461245
12780,5.574114,-5.814293
12781,7.177002,-7.0484767
12782,6.070673,-7.962203
12783,5.361214,-9.908336
12784,5.8475223,-7.911078
12785,5.373292,-8.049177
12786,4.815112,-8.361199
12787,6.548509,-9.8963175
12788,8.0513115,-6.660239
12789,5.848857,-7.3267326
12790,5.1322827,-9.72987
12791,4.809946,-9.941101
12792,7.9037204,-9.411648
12793,6.408714,-9.948816
12794,5.7008796,-10.816926
12795,6.3998733,-10.876627
12796,8.273546,-11.015664
12797,7.080003,-8.763705
12798,6.5240016,-10.673349
12799,6.2636347,-10.239481
12800,6.588433,-11.985895
12801,6.8887167,-12.52773
12802,7.6443768,-11.74439
12803,7.0024796,-9.914234
12804,6.3809795,-11.952159
12805,5.5824127,-10.882529
12806,5.474473,-10.65456
12807,4.8686266,-9.441804
12808,5.289969,-7.5777926
12809,5.9799767,-8.992807
12810,6.540235,-8.799291
12811,4.2817574,-7.6368127
12812,3.3794043,-10.250568
12813,7.785731,-9.965243
12814,5.091943,-7.060052
12815,5.2835016,-10.359535
12816,6.241888,-8.319289
12817,5.4833636,-7.2456717
12818,6.478936,-8.762521
12819,4.484214,-8.680479
12820,4.1814246,-9.249919
12821,6.411326,-11.935437
12822,4.632143,-11.503286
12823,5.3332486,-15.645136
12824,6.6794496,-11.535317
12825,4.8546667,-10.4256115
12826,3.9296026,-11.577866
12827,4.4219904,-10.364317
12828,5.252782,-12.910239
12829,6.026682,-15.106157
12830,4.3074846,-12.758309
12831,4.6292496,-14.433644
12832,3.9298034,-13.644934
12833,5.17728,-13.464066
12834,4.966468,-10.626111
12835,3.1047218,-13.579493
12836,6.598834,-12.041713
12837,6.570155,-12.002681
12838,2.4536755,-11.545987
12839,5.805103,-10.240121
12840,6.9355454,-11.215335
12841,5.6230493,-13.779873
12842,3.1654146,-12.785997
12843,4.8826666,-11.974774
12844,5.9249144,-12.384899
12845,4.961299,-14.034957
12846,5.3466897,-12.312275
12847,5.521994,-14.035115
12848,4.815424,-13.653005
12849,4.7980957,-11.5000925
12850,5.3400574,-12.994719
12851,4.5546923,-12.60584
12852,6.1324816,-10.612693
12853,6.839601,-14.458211
12854,5.594151,-13.385648
12855,4.6262155,-10.788973
12856,5.499366,-11.21392
12857,6.113067,-12.80396
12858,7.392067,-14.098963
12859,6.5289474,-10.6984825
12860,5.579027,-10.955375
12861,5.377733,-11.960413
12862,5.5244827,-13.3393135
12863,5.647325,-13.142522
12864,4.916242,-12.439984
12865,5.92242,-10.259555
12866,5.773886,-11.409847
12867,8.607668,-13.4288
12868,6.166928,-11.34704
12869,8.809168,-15.46143
12870,8.7495775,-14.155028
12871,7.804773,-12.620686
12872,6.4935927,-11.736363
12873,6.8457956,-10.228217
12874,7.822731,-9.310414
12875,7.651313,-12.035925
12876,5.309187,-9.856145
12877,6.072486,-9.066425
12878,7.3314195,-12.157933
12879,4.7173796,-13.054304
12880,6.462119,-12.769558
12881,5.26462,-10.893152
12882,4.49815,-8.84457
12883,4.185007,-9.185487
12884,4.9496603,-8.379853
12885,5.0303273,-11.578062
12886,4.5145526,-11.955506
12887,5.012412,-11.316507
12888,3.7742343,-12.773182
12889,3.9605958,-11.043259
12890,5.1391244,-11.743121
12891,5.642794,-11.289161
12892,4.7589116,-8.538323
12893,5.5919614,-11.278965
12894,5.7223487,-13.923356
12895,6.3092685,-12.881319
12896,5.198807,-10.40349
12897,4.5473976,-11.934932
12898,5.152933,-8.92533
12899,2.8943021,-10.267223
12900,4.8172493,-9.498261
12901,5.185976,-10.641751
12902,4.4552608,-9.146691
12903,4.9597545,-6.4845705
12904,5.0465827,-6.9198136
12905,6.6871777,-8.189626
12906,4.59555,-9.474038
12907,5.9212184,-5.023999
12908,5.538039,-8.821951
12909,5.530718,-10.577839
12910,4.6968536,-8.186881
12911,4.760482,-8.544151
12912,4.513375,-8.974976
12913,4.505021,-11.12445
12914,5.0920606,-10.477882
12915,5.2422028,-10.756704
12916,5.0823436,-11.380061
12917,4.862031,-11.520506
12918,2.9214823,-9.179047
12919,5.8881807,-11.187503
12920,2.131343,-8.943005
12921,2.0687613,-13.582328
12922,2.945349,-12.479436
12923,4.114158,-10.541527
12924,1.988302,-11.958626
12925,3.141683,-12.1103525
12926,4.219773,-13.640108
12927,4.015742,-12.537872
12928,3.9499793,-10.998804
12929,2.529799,-13.77408
12930,3.70237,-12.867702
12931,3.5679584,-13.476742
12932,3.4146175,-14.247571
12933,5.408642,-11.794057
12934,3.8493996,-13.298402
12935,3.0541813,-12.3164
12936,1.8633256,-11.088699
12937,2.0289364,-10.602425
12938,3.8703768,-10.887224
12939,3.575818,-10.525506
12940,4.597853,-11.090623
12941,3.2676635,-11.742366
12942,5.1466866,-10.789573
12943,2.182734,-9.420662
12944,3.980211,-10.937243
12945,3.791154,-10.782007
12946,4.485391,-10.219092
12947,1.6974438,-10.8511505
12948,1.8894595,-11.314027
12949,4.5386786,-10.809546
12950,3.4138794,-8.830193
12951,4.8676915,-10.266905
12952,4.891761,-10.304415
12953,5.130865,-8.769229
12954,4.911628,-11.54317
12955,4.133348,-12.3503895
12956,4.7899384,-7.947767
12957,2.6662605,-10.964991
12958,1.4888608,-12.068801
12959,2.9205227,-10.97725
12960,3.658966,-10.313862
12961,2.9221869,-9.794455
12962,4.3153973,-10.537306
12963,4.186228,-6.0915103
12964,2.7502167,-9.072399
12965,3.7482815,-10.278951
12966,3.8813987,-8.129617
12967,3.5659027,-9.317702
12968,4.074967,-9.630058
12969,3.5012174,-5.9819026
12970,4.20215,-7.81421
12971,4.859106,-4.4471765
12972,2.8954096,-6.381887
12973,4.997991,-11.245786
12974,2.2531981,-10.646479
12975,4.2480307,-7.4882207
12976,7.399431,-9.009489
12977,5.0710173,-12.310026
12978,4.161954,-10.6694355
12979,4.0690703,-11.949497
12980,3.5325785,-11.446046
12981,3.3197157,-11.662575
12982,3.5853062,-12.806889
12983,2.4546273,-11.81056
12984,2.910666,-10.609607
12985,1.8279,-13.080019
12986,2.093746,-12.4445
12987,2.4916577,-11.388201
12988,3.5699492,-15.221664
12989,5.0526643,-13.090495
12990,4.1044183,-12.876316
12991,3.900747,-10.193619
12992,2.8022146,-9.419795
12993,2.1787348,-16.589174
12994,-0.28346053,-10.599281
12995,1.8497721,-13.228566
12996,3.5814774,-12.31937
12997,3.737569,-13.103621
12998,4.661828,-12.189993
12999,2.563411,-11.767615
