Frame,PC1,PC2
0,1.3963063,1.2136235
1,3.2517292,6.442103
2,2.8312442,6.4728327
3,1.9018141,6.3505034
4,1.0998083,5.5702515
5,1.6277344,5.739446
6,2.5088842,5.5846653
7,2.2911603,8.436712
8,4.2551255,4.267555
9,2.3971543,5.0845046
10,4.238031,6.617
11,2.4542413,7.583495
12,2.627803,7.225878
13,2.8228607,7.8977766
14,1.9126637,6.245698
15,2.7489603,9.543492
16,3.241765,2.7700133
17,1.241357,7.2489967
18,2.0238612,5.214359
19,2.3018415,2.3257241
20,2.914406,8.756533
21,2.9586995,6.1483707
22,1.8757669,6.080933
23,1.8334806,4.9040627
24,1.7563218,8.089043
25,0.08525784,4.7739906
26,1.939359,4.820641
27,1.7011716,2.1631572
28,2.551612,4.2896247
29,1.0941235,1.6990544
30,2.5280442,4.940442
31,1.7411046,3.3822815
32,2.9636192,4.360599
33,1.7788624,-1.1452668
34,1.9147133,1.3550168
35,1.046692,5.5575137
36,1.6861228,7.3397884
37,1.1817182,4.7036576
38,2.711565,4.554069
39,1.1675627,5.880712
40,0.8796337,5.8837166
41,2.0766697,1.0525447
42,1.277934,4.7418227
43,0.38791597,5.225543
44,2.6730201,5.247841
45,5.0172257,1.052188
46,2.4873722,5.739735
47,1.7612708,6.3681507
48,3.0527022,4.3404055
49,1.551644,6.630729
50,2.4857564,2.7319229
51,0.9761367,1.6553701
52,4.526455,5.0211434
53,3.030525,4.7640634
54,3.5970528,5.3943696
55,2.2595785,1.9982233
56,2.8731155,2.8305912
57,3.6139393,3.6533096
58,1.239802,8.733633
59,1.6283344,6.9939475
60,1.3044336,8.305386
61,1.3689156,4.608156
62,2.9165895,5.818533
63,1.8604647,4.5671425
64,2.6699543,2.153799
65,1.7456616,4.8370147
66,1.5584432,7.874708
67,4.182035,4.147089
68,2.6329885,4.2164974
69,2.1933756,7.6515913
70,2.63468,11.024861
71,2.4695191,9.356538
72,1.5665997,11.279992
73,1.7809002,8.186779
74,1.7945434,5.297845
75,1.6981333,5.1451445
76,1.8014418,5.680653
77,1.2312001,10.757053
78,2.1929228,4.7251143
79,2.6975064,6.429506
80,2.280355,6.6193185
81,1.9004208,3.2125194
82,1.7180587,2.4013033
83,3.834315,3.9698334
84,3.5691812,4.471975
85,3.9865894,4.8061247
86,2.0630543,5.4292665
87,0.89171666,7.960231
88,1.4373555,7.3918123
89,1.4777018,4.124816
90,3.4531689,6.0656085
91,2.8314986,5.566491
92,2.6189272,7.1792397
93,2.0175033,5.635041
94,2.0394318,3.5683272
95,1.4914198,1.2420719
96,2.0542133,8.334776
97,3.8895767,6.8410354
98,3.2730792,7.330246
99,2.161906,8.697594
100,3.189878,6.4186387
101,3.4409237,5.0573244
102,2.33415,5.622554
103,2.926984,4.2664824
104,1.2309096,4.590745
105,2.2757986,5.400488
106,2.377126,5.663831
107,0.5612098,5.3796496
108,3.6321917,5.4829264
109,1.4305551,2.3957207
110,-0.69769466,7.1830473
111,1.6964889,1.0958138
112,0.45554623,2.062397
113,-0.058158785,3.6283722
114,1.9946167,7.272219
115,-0.045649834,7.6431856
116,2.3642008,5.447379
117,0.79921025,4.2777815
118,0.98891973,6.238882
119,0.94850075,5.1578918
120,2.2258182,3.9024916
121,2.2640145,5.8117905
122,2.6869318,6.5771246
123,3.2714262,4.623424
124,2.8722174,8.452094
125,2.1372223,5.482139
126,1.4702932,6.282655
127,1.1141739,9.1393
128,0.24917439,5.8638444
129,2.5016422,8.023275
130,2.517133,4.010521
131,2.294133,7.2927547
132,1.3647097,4.318116
133,0.97624946,1.8031983
134,0.9189503,2.679227
135,1.6400594,0.44568676
136,1.1045196,2.0431147
137,1.0769076,1.810698
138,0.927857,4.499462
139,1.3464135,7.409416
140,1.2812071,2.5324578
141,0.81087226,4.223667
142,0.31434625,5.2411704
143,1.1717615,2.4654882
144,3.0766375,8.695393
145,2.9246233,7.4099255
146,3.7331138,9.881054
147,4.1363883,6.3633275
148,2.5292208,7.1283545
149,3.9551537,7.1114316
150,2.4626417,3.5005581
151,2.4362147,8.338387
152,1.7157043,10.708876
153,1.6029751,11.278647
154,2.1163025,12.801275
155,1.6274284,10.226257
156,3.1261532,10.972312
157,1.8651533,9.780119
158,2.663462,11.384236
159,2.3657916,14.174451
160,0.78660715,11.341513
161,0.8139183,6.916194
162,1.0351001,12.311575
163,1.999972,11.411989
164,2.0274055,13.357039
165,1.0021693,13.049781
166,0.98373425,14.780772
167,1.9303839,11.724724
168,2.2662635,9.3569
169,0.536655,13.161853
170,0.14863561,12.179816
171,0.47967625,11.156944
172,0.85213375,13.9188175
173,2.634251,14.438358
174,0.94463176,8.584446
175,2.151118,11.115009
176,0.9140308,9.619532
177,1.1625009,10.535262
178,0.9217739,10.637013
179,-0.39033157,10.766951
180,2.4856217,12.125194
181,0.8345027,13.541548
182,0.6512846,8.829504
183,0.8973998,14.631626
184,0.07716493,13.678683
185,-0.48383385,12.330506
186,-0.18439364,12.229932
187,1.2420127,12.371645
188,0.90505385,13.4121275
189,0.6364384,9.179459
190,0.13322598,11.906086
191,-0.5593745,12.964012
192,-0.24309021,14.535359
193,0.27651268,14.892491
194,-0.018122045,12.880104
195,0.19769074,13.383835
196,1.1387895,11.778655
197,1.379069,9.762267
198,0.27312815,5.844047
199,0.04807571,12.392443
200,0.19483389,10.735838
201,0.08501227,9.540882
202,0.3980302,12.554013
203,1.3476644,10.534146
204,-0.6381949,8.122754
205,0.7443946,11.170409
206,1.2355301,10.199464
207,0.007103113,12.106116
208,0.36524174,11.718035
209,2.0723147,15.318807
210,1.165912,10.410188
211,1.06788,11.707348
212,2.687532,12.617292
213,1.959231,13.873504
214,1.1299622,7.5351257
215,-0.56949323,12.886141
216,0.83940697,10.461169
217,1.4389623,11.814688
218,0.6597923,12.877722
219,0.044252053,7.179133
220,1.9275031,8.690599
221,1.3960057,7.955027
222,1.1670635,10.978709
223,0.086733416,7.1808887
224,1.2382232,3.6649735
225,1.4044737,3.340106
226,1.1305779,4.9211345
227,0.70373327,7.6898527
228,2.7701836,6.7250834
229,1.721358,3.421965
230,0.56575304,7.204482
231,1.526834,4.823797
232,0.5248911,4.715392
233,-1.5724365,2.798092
234,0.012130616,0.17995362
235,0.35072666,1.5505937
236,2.1576884,4.3757176
237,1.9829429,3.6508799
238,2.1048667,1.1903573
239,1.2536783,1.6109062
240,1.9259809,0.69641775
241,1.0180811,2.642042
242,0.43639997,1.9806379
243,-0.71375114,2.3099444
244,1.2804657,0.33416265
245,0.115426786,-2.7663267
246,1.7161603,-1.4231813
247,0.11126849,0.050836228
248,-0.29862514,-3.3646517
249,-0.8900823,-2.957543
250,-0.9827608,-0.8380473
251,0.18849263,-1.6476382
252,-0.38151693,-1.7494307
253,-0.737511,4.1360693
254,-1.8475783,-0.97321254
255,0.718798,-1.0269467
256,-1.7603762,0.47514486
257,-0.11766192,0.18803868
258,0.22591704,0.7245546
259,-0.9189466,-0.27310133
260,1.2279534,-1.3683088
261,-0.1818964,-1.9581434
262,0.45882678,1.2857221
263,-0.61360043,-1.1400955
264,0.3247354,-3.3758984
265,-0.40616933,-4.5740623
266,-0.12441966,-0.044057194
267,0.5955213,-1.0786989
268,0.2966722,1.2918977
269,-0.058435343,0.60563564
270,-0.30829954,0.23839222
271,-0.81078213,-2.7638757
272,0.8388674,-1.6141646
273,-1.8114966,-0.10300098
274,0.5929406,1.7026463
275,-1.0754076,-1.4211189
276,-1.7250643,0.16894084
277,0.9196787,-0.31632587
278,-0.6820272,0.3493677
279,-0.9835166,1.4760592
280,1.3728758,2.4003007
281,-0.59165347,-1.6340603
282,-2.6263657,1.255154
283,0.5367292,-0.5699313
284,-0.026972933,5.181784
285,0.044484604,-0.6300119
286,0.39550266,3.6970625
287,-0.096539505,0.6874315
288,-1.2289851,-0.31398076
289,-1.2720025,2.2042365
290,0.5674865,2.3662717
291,-0.4357149,2.6855536
292,0.07880038,4.5450687
293,-1.314192,2.2880704
294,1.3353491,-1.1211089
295,-1.4175174,0.040374268
296,-0.2943481,-1.6306225
297,0.3375524,-1.3787867
298,-0.0813203,0.12306596
299,-0.5478621,-0.21153785
300,-2.1413636,-0.12750956
301,0.05297592,1.8399024
302,1.3535304,1.3568037
303,-0.4568368,1.7446572
304,2.5292466,-1.4050697
305,1.4676124,2.6920614
306,-0.4402472,0.25572115
307,-2.9084747,0.563868
308,-2.0343122,-0.9210266
309,-1.5331787,0.94160163
310,0.8043194,2.7484882
311,1.5384307,-0.45043105
312,1.9345175,2.3840933
313,-0.56954885,1.1907289
314,-1.7391038,0.75601685
315,0.83198583,1.4899616
316,2.1463273,1.0851171
317,-0.47391826,0.19907987
318,1.4683388,1.5041451
319,1.0475584,0.37581336
320,2.2788188,0.9039549
321,0.6883417,1.7989858
322,0.42273033,0.18600798
323,0.6667962,3.1617901
324,0.17500365,-1.721549
325,-0.3206009,2.137339
326,0.56451434,2.2099724
327,1.0790766,1.3642807
328,1.1094495,3.4259193
329,-0.37398094,1.8491641
330,0.39890295,-0.13322853
331,-0.12252723,2.0986683
332,0.88857543,0.93515074
333,2.4683752,1.8618469
334,2.8422575,0.60201573
335,0.8666999,-1.9073172
336,-0.22757167,-0.14406306
337,-1.005356,-1.114775
338,0.25505674,1.5829892
339,-0.69111305,0.05548464
340,0.79963356,0.16173702
341,0.07734891,2.521704
342,1.4027848,0.5999847
343,-1.8298156,1.0559392
344,-0.04182916,-0.5084449
345,-0.04921764,-1.0394667
346,-1.4831636,1.4948969
347,1.251267,1.1322622
348,-0.62627834,0.638226
349,-1.5527103,1.4695302
350,0.19700441,3.6556046
351,-0.6540938,4.955418
352,-1.3567989,0.6601859
353,-1.3016587,1.383066
354,-1.1589428,3.0201595
355,-1.2095573,1.6632597
356,-1.5067363,-1.1828742
357,-0.11204122,-1.580715
358,-2.589059,0.7215813
359,-0.26222256,2.1776779
360,-2.380518,-1.3232044
361,-0.6265507,-1.6862819
362,-0.19197632,-0.8235997
363,-0.66276646,-3.5951667
364,-0.757838,0.19605097
365,-0.8516857,-1.0752801
366,-1.0716528,-1.348329
367,-0.36998844,-0.86032325
368,-1.4602908,-0.46746752
369,-1.1862255,-1.8543591
370,0.66099155,-1.1475977
371,-0.14144962,-2.2699623
372,0.23353045,-1.8642918
373,-2.3886614,1.1926368
374,0.22055042,-4.288911
375,-0.04596847,-1.0178853
376,-0.3124614,-3.4839787
377,-0.32150388,-0.41668856
378,-0.5192668,0.35015342
379,-0.78012687,1.1460167
380,0.48581547,0.8054697
381,-0.6687954,3.594265
382,-0.3613749,-0.08807153
383,0.7198155,0.6008579
384,-1.2151004,-0.33294708
385,-1.8193147,-1.5241888
386,-0.8222057,-2.028988
387,-0.22444285,-0.30559435
388,-1.2694616,-0.31590375
389,-0.6538825,-1.5380596
390,-0.14749202,-0.5693206
391,-0.39315885,-0.12694514
392,-0.7252465,-0.5036155
393,-0.40953213,-1.6372062
394,-0.57187885,0.40752813
395,-1.2395105,2.278183
396,0.5828259,1.1767851
397,-0.6696085,3.4634175
398,-1.3489839,-1.413498
399,-2.1609352,3.2955084
400,-0.4875062,1.7672408
401,1.1715415,-4.1875377
402,2.0229917,-0.035673603
403,0.5995901,2.0020075
404,-1.0821421,0.96877164
405,0.4415288,0.26686272
406,-0.13634686,0.4154198
407,-0.15070957,-1.6130387
408,1.264838,-0.42268616
409,-1.7926052,0.1404545
410,-0.7569824,-1.351001
411,0.14629325,2.537062
412,-0.9518343,-1.0395533
413,-0.041214634,-2.3896523
414,-0.004184206,-0.7813321
415,1.431795,-0.4275564
416,0.53533995,0.3493848
417,-0.36979413,-2.6214364
418,-0.9296649,-1.1546401
419,0.11923832,0.12463289
420,0.37515935,-0.41516915
421,-0.5855172,-1.0707159
422,0.3806003,-1.6078004
423,1.5055026,-0.31161404
424,0.61184824,0.26135463
425,0.74626267,-2.4393568
426,0.2485921,0.937365
427,-0.040648267,3.0505283
428,1.4610168,2.3593352
429,1.3051789,1.0868028
430,1.0594289,0.8918307
431,0.76940286,-1.7860612
432,-0.2918559,1.3875542
433,-1.053895,3.4418206
434,0.49278277,1.767645
435,1.0951712,-2.5763848
436,0.3212184,0.9096098
437,0.6498433,-2.069509
438,-0.2388281,0.19232567
439,1.1602728,-1.1787325
440,0.87335294,-0.8615037
441,-0.91121745,0.6659552
442,0.2968482,2.5203924
443,0.8649031,1.5366261
444,1.9207639,1.5286958
445,0.8306554,-0.01726047
446,1.3342971,4.0941033
447,1.9574012,1.349824
448,0.17451881,-0.004751902
449,1.7851195,-1.6380204
450,1.0714107,-0.7028077
451,1.7267576,-3.696694
452,0.9992916,-2.038082
453,2.753066,0.12288347
454,3.8738563,-1.226913
455,1.161225,-1.4931685
456,2.942912,-2.8249254
457,2.172481,-1.115454
458,2.537924,0.3223819
459,2.3863902,0.6296508
460,3.4875283,-0.21861525
461,2.1010482,-2.76599
462,2.5564554,-1.3052619
463,2.3841603,-1.2307562
464,1.2529894,-0.45491153
465,1.3423077,1.104369
466,1.01194,1.4693055
467,1.7356464,-3.1073122
468,-0.06583042,1.2424006
469,0.1452825,0.018342465
470,1.8911718,-0.09298736
471,1.6284888,-0.6403839
472,0.1873911,2.2333562
473,1.0345908,1.2620528
474,0.75665593,1.5174719
475,0.80354774,2.6044645
476,1.6322976,-0.18858154
477,0.483523,-0.2770187
478,1.917182,-0.48738497
479,0.9943174,-2.1091795
480,3.0011823,-1.0119232
481,1.4349675,-1.8448477
482,1.9715717,-1.9706898
483,1.2306573,-0.8418377
484,3.777077,-0.41822892
485,0.9927605,-1.3127538
486,3.0118928,-0.41551802
487,3.7987704,-1.2561848
488,2.736076,1.73959
489,2.955687,-0.3085517
490,1.9259816,2.4530332
491,0.67237943,1.1585448
492,0.7722223,3.4271643
493,1.3041353,1.2399454
494,1.7582893,1.3976458
495,2.2071352,0.09806624
496,1.9828078,-2.6115265
497,1.9556865,-2.7136548
498,2.4538722,-0.79368275
499,-0.036222957,-0.71887136
500,1.4547918,0.984691
501,2.345522,-0.3355325
502,2.0597672,0.13427019
503,3.7799015,-1.4484184
504,0.5820484,0.039385665
505,1.9805384,-0.7585217
506,1.2222843,1.7719883
507,1.4858997,0.56841266
508,1.0671741,0.44511712
509,2.5731158,1.5893887
510,2.5687408,0.39766252
511,2.5527062,0.8793778
512,1.2939653,0.58013666
513,2.7715287,2.4259088
514,2.4562526,2.5152767
515,1.1905718,1.8599404
516,2.127322,-0.14459582
517,2.035171,1.8032182
518,2.000117,0.6651062
519,0.20680515,1.036614
520,1.1710912,3.3130918
521,1.8621554,5.940228
522,0.55796313,1.52448
523,3.0692163,-0.17471577
524,2.8284333,2.2333865
525,2.6393735,2.5640287
526,1.399975,1.6169974
527,1.7009372,2.6250942
528,0.98252267,4.7121916
529,0.55296135,5.3570642
530,1.777852,1.7005146
531,1.0764925,4.409305
532,2.3949878,2.0702903
533,1.6612701,1.2492222
534,1.2742299,1.4523028
535,2.403362,1.3500403
536,3.1840148,2.1796556
537,0.76712614,4.384415
538,0.8739806,2.7824905
539,2.7552974,4.6998343
540,0.86146146,1.0127428
541,0.9718913,1.9694256
542,1.9265872,1.3504052
543,1.7267622,2.9641938
544,1.5363224,1.7321466
545,1.7941834,-0.31116968
546,1.9043207,1.2912349
547,1.351338,1.1508768
548,0.35539335,1.5372287
549,1.6511672,4.15427
550,1.6283613,1.5365373
551,2.3269634,0.2595129
552,3.109041,2.1278148
553,1.7601231,0.87131834
554,1.889159,1.494949
555,3.1620638,2.7217376
556,3.6693141,1.7380198
557,1.5356635,1.5876981
558,2.66547,1.8037473
559,2.5770261,-0.81990904
560,2.3688376,1.9449815
561,1.6520593,4.963522
562,1.2868414,2.3009043
563,1.9504489,3.1882195
564,2.1678588,2.1950479
565,1.2494022,3.8229222
566,0.82112914,3.1580362
567,1.413616,1.4596355
568,3.090839,0.55106413
569,2.8279436,-0.056712344
570,1.9747138,3.1141899
571,0.6836331,-0.0060630655
572,0.20162646,-0.6200287
573,1.2070524,0.90328383
574,1.8380406,-1.0342174
575,2.310678,-2.0818036
576,1.0820998,1.0467852
577,1.5002447,-0.68733424
578,1.786169,1.4591674
579,1.3682933,0.4060153
580,1.8438717,-1.0439651
581,1.4122947,1.4458364
582,1.3740579,-1.0557872
583,2.1106896,1.5417296
584,2.1091852,2.2699506
585,1.9431479,3.72381
586,3.0074987,3.4650114
587,1.1829542,2.8397377
588,3.414315,3.8015473
589,1.5037943,2.1771033
590,1.8507789,0.62227374
591,2.908392,2.4251812
592,3.3844457,-0.7706271
593,3.0579762,3.379081
594,2.0934756,0.36901063
595,1.7981896,3.5361269
596,1.5262365,-0.53032404
597,3.435364,-0.6795749
598,3.702938,0.6677301
599,1.3519999,1.3513807
600,1.2394786,4.283788
601,1.4033753,2.497106
602,2.2218888,4.184207
603,2.4822626,3.2915108
604,2.1050181,2.9120636
605,0.9455132,4.58376
606,1.2268002,6.16832
607,1.70474,0.75883627
608,1.6749713,3.4329112
609,1.9193693,4.5477962
610,1.7614547,3.1833901
611,0.75536835,1.5592717
612,2.2076242,3.2163742
613,1.8037844,3.220383
614,1.58794,3.448765
615,2.1526911,1.7138633
616,3.4888914,1.6766471
617,0.7944214,0.4710534
618,0.8762706,4.1245656
619,0.7335492,2.1794772
620,1.4615749,2.2753727
621,3.0752847,0.10131039
622,0.9039883,1.9405406
623,0.45327216,2.6128876
624,2.864577,-1.0648502
625,1.9753513,1.5660957
626,0.2505375,1.9896375
627,1.0417565,1.7376677
628,0.40405285,2.117592
629,1.0364016,0.49135956
630,2.3926358,-1.4751968
631,1.0637215,1.4418753
632,0.9450643,0.4679292
633,1.6951782,2.2265341
634,3.6693401,0.62767637
635,1.4458809,-0.13856474
636,0.5969454,-1.0226101
637,3.2923408,0.24306117
638,1.8599237,0.1512903
639,2.4479399,0.89735144
640,1.5378896,0.16412626
641,1.8224976,-0.33828306
642,0.83277327,1.789581
643,2.3163111,0.9718206
644,1.6469554,1.9724177
645,1.3835031,3.3954005
646,2.5332592,3.9840949
647,1.9075403,0.92774606
648,2.333929,-0.4360875
649,1.8009405,0.7500492
650,2.0358338,1.1517377
651,1.7831228,-0.03673091
652,3.1696596,-0.35815498
653,2.7205913,-0.03627993
654,2.0695593,-1.5307056
655,2.3738792,0.6533377
656,1.3452609,2.524911
657,1.033476,0.1703302
658,2.0505571,0.50377303
659,3.1237543,-1.4901551
660,1.8114014,-0.25050896
661,3.387206,0.35268256
662,1.4337609,0.53090936
663,1.8650359,3.0476525
664,2.7857738,0.3546396
665,2.8957396,-0.63307816
666,4.01575,1.2018883
667,1.7810789,-0.7268904
668,2.3372774,-2.1360984
669,1.5686594,0.35291782
670,2.757049,0.93623286
671,0.98283684,-0.59735405
672,2.6914375,0.6882565
673,1.1154786,1.7290548
674,1.0825256,-0.9878785
675,1.4905678,3.2432053
676,1.8578609,0.6469732
677,2.264281,1.697229
678,3.589508,2.4725769
679,0.4425311,2.8776374
680,3.2766125,3.2835395
681,1.9946553,1.080941
682,3.0014398,1.4464003
683,2.4285438,2.1172101
684,1.9334606,2.7830343
685,3.4090574,-0.29139602
686,3.3038123,1.5209274
687,2.8555512,2.8793678
688,1.0514323,3.7383657
689,1.5717627,2.4246576
690,1.30142,2.3126984
691,1.8918326,0.9723321
692,2.3524592,-0.6956116
693,3.140204,1.0274681
694,3.4944792,1.2210327
695,2.1116247,1.3659693
696,2.694837,1.6565192
697,0.74893737,0.99286103
698,1.7213126,0.12110842
699,2.771757,0.82892275
700,1.1576278,0.58617324
701,-0.061113965,0.71066916
702,1.2374557,0.08581731
703,-0.592539,0.15791926
704,0.98694515,-0.22127031
705,3.612672,-0.010613227
706,2.441774,3.6087039
707,2.1473517,0.15121156
708,1.8740441,0.4608205
709,0.9540368,0.3241731
710,1.1879472,-1.5644673
711,2.4829786,2.5828438
712,3.0887628,-0.6785407
713,0.6980588,-0.34784484
714,1.4770324,-2.6695821
715,-0.20199457,-1.2474005
716,3.3769355,0.5702907
717,2.9600732,-1.1308026
718,3.535417,-3.0538678
719,1.708014,-4.8565793
720,3.2380805,-2.3681757
721,2.161601,1.3882607
722,0.9954703,0.8884683
723,2.087321,-2.5562983
724,0.45809639,-1.6800847
725,1.4602532,0.4749602
726,1.4415467,-6.119136
727,-0.8781236,-0.20330049
728,2.459961,-1.6717588
729,2.6616945,-2.7535787
730,0.17388664,-2.0884483
731,-0.99128985,-2.7844803
732,0.7064625,-4.854123
733,-0.39298612,-3.2614088
734,0.84532577,-1.4174103
735,1.2835058,-2.9956903
736,2.08436,-3.6750548
737,0.6000705,-1.575237
738,1.7797952,-0.8373966
739,2.715594,-2.1496282
740,2.2492042,-4.221959
741,2.432655,-2.3591383
742,-0.10618466,-3.150835
743,1.1398321,-3.097979
744,-0.38173953,-1.9889361
745,1.4353931,-3.3764527
746,1.5148389,-3.5535116
747,0.30255353,-1.6132075
748,0.13551404,-0.9017771
749,-0.43426538,-0.29377118
750,0.62661964,-4.948757
751,0.95471454,-4.0743346
752,-0.62511665,-0.61138725
753,0.50282985,-2.5640647
754,0.28240404,-1.2271692
755,0.19214849,-0.3790534
756,0.92149484,-1.6654301
757,-0.53702664,-4.7658596
758,0.41968697,-2.7530525
759,1.4081205,-2.9479363
760,0.20539112,-4.107544
761,0.11258005,-2.477914
762,1.0779278,-1.2548987
763,0.58430344,-1.0697706
764,0.8643741,-3.3450322
765,2.0753264,-4.253323
766,0.92825484,-2.4574075
767,2.2354739,-2.123378
768,3.136655,-2.198793
769,0.5558455,-2.6855206
770,1.3923357,-2.3658054
771,2.7969222,-1.4167831
772,2.637036,-1.3527001
773,1.6393487,1.1605086
774,1.4590191,-0.7805491
775,0.85656065,-4.204464
776,0.47616684,-2.0143597
777,-1.2128587,-3.4511228
778,2.3828287,-3.7872562
779,2.7486007,-2.8568757
780,1.1480384,-0.16700265
781,2.1017108,-1.3773193
782,3.0096967,-1.5570201
783,2.4355512,0.51775426
784,3.294434,0.5289214
785,2.7147157,-0.0026507284
786,1.4393873,0.33026153
787,2.739917,-1.6283724
788,3.9261527,-0.98497987
789,3.0962338,-1.9501001
790,2.9774358,-0.93367285
791,3.1389976,-2.434974
792,0.18015756,-2.773261
793,3.746353,-3.5626762
794,2.2916033,-1.4093024
795,2.4518833,-0.75370854
796,5.0635033,-0.29556626
797,2.3452795,-1.1567929
798,0.16762063,-1.440918
799,0.32217994,-1.7998551
800,0.28463924,-3.45947
801,2.0352752,-0.1162002
802,2.1036966,-2.0403576
803,3.4542513,0.1231986
804,1.1951673,-0.69235766
805,2.082083,-0.8631251
806,1.8493352,0.29025474
807,2.1273177,0.30348933
808,2.9915864,-1.2973753
809,2.214164,4.0261445
810,1.4578187,-0.33467805
811,2.0690277,-1.4823074
812,1.5902054,0.37021577
813,1.8120155,-0.079749644
814,0.5113066,-0.62213993
815,2.959922,-1.4316528
816,0.59945655,-2.5568964
817,1.9557366,-2.8838367
818,1.6717837,-0.059243083
819,1.7342882,-3.91203
820,2.2274933,-4.2724247
821,0.6287177,-2.33962
822,2.3526788,-6.33254
823,1.1794443,-0.17981565
824,1.1229309,-2.2434502
825,1.2089562,0.039442584
826,1.9859897,0.66863316
827,1.2240496,-2.4532063
828,2.1723194,-0.73375696
829,0.9321929,-1.4374168
830,1.0797129,-2.2265117
831,1.6105143,-3.2107818
832,2.4577508,-1.3607522
833,3.1740742,-3.7999692
834,1.5757021,-1.0235505
835,2.8048542,-1.2325658
836,1.8933729,2.0979378
837,1.2992839,0.7700744
838,3.3048458,-3.558201
839,4.0028973,-0.8841323
840,3.2706728,-0.28643775
841,1.3857895,-2.0047941
842,3.803016,-0.49841708
843,3.493337,-1.244581
844,2.3889136,-1.8088362
845,2.4345655,-3.6761284
846,3.1717603,-1.5194341
847,2.3735933,-3.7914107
848,3.1052217,-2.7374609
849,3.0398064,-6.025578
850,2.9527009,-0.67118853
851,3.7051995,-1.6789728
852,3.8122487,-4.2285686
853,4.0261054,-1.9908979
854,1.5704182,-3.5846617
855,3.2610984,-2.936344
856,3.4730642,-3.820394
857,3.3628557,-6.128748
858,2.8614461,-4.624596
859,2.2205338,-5.9548554
860,2.054914,-3.5953782
861,3.0762079,-2.8811746
862,2.1737206,-2.4924853
863,1.3170127,-4.494972
864,2.173951,-2.182435
865,3.7646697,-4.5315857
866,2.8502407,-4.138267
867,2.3326836,-3.3732386
868,2.458684,-4.000073
869,2.6877947,-2.855191
870,1.2496619,-2.1701186
871,1.3193072,-3.038908
872,1.636639,-0.542514
873,1.7269877,-1.9364377
874,1.3685594,-4.678359
875,2.3791432,-2.8042722
876,3.5760486,-3.0541008
877,1.0522637,-4.9041247
878,2.9063935,-0.9266202
879,2.223176,-1.8376799
880,2.5032628,-1.5749786
881,2.9888709,-3.7651927
882,2.3626187,-4.253244
883,5.6625504,-5.3510776
884,2.1584208,-6.592804
885,2.5479627,-3.6924543
886,1.7244982,-5.564334
887,1.8087193,-1.6126806
888,2.4855776,-3.4756339
889,2.0281508,0.37217787
890,2.527177,-2.2655027
891,2.87089,-4.6767454
892,1.9833862,-2.508985
893,1.781069,-5.2820945
894,2.6768184,-2.9364045
895,2.5204327,-2.2544963
896,3.016943,-2.6099868
897,2.9632413,-1.6802194
898,2.1654263,-4.816136
899,2.8596778,-2.0083911
900,3.9259815,0.42967486
901,1.2671832,-3.9599912
902,1.7004918,-5.393902
903,2.584337,-5.484839
904,1.2355826,-4.992572
905,1.8203689,-2.929127
906,0.44567645,-4.4270205
907,0.22825529,-4.148424
908,2.2843096,-5.2293577
909,1.5739198,-3.1873105
910,1.7502356,-2.4749086
911,1.8193426,-1.9288186
912,1.0297827,-2.8792965
913,2.5581741,-0.37402946
914,2.4759603,-2.4917324
915,1.4785246,-3.6176558
916,2.6752775,-4.1585107
917,2.1569185,-3.5693495
918,3.075293,-2.5190835
919,3.0744433,-2.8671408
920,2.2382364,-6.3012185
921,2.3291225,-2.3302338
922,1.5906656,-0.025815606
923,2.918813,-2.4927335
924,2.7877135,-2.8819354
925,2.5998137,-2.1809638
926,0.6403473,-2.77166
927,2.291224,-1.6378504
928,2.93607,-1.3948547
929,3.5440714,-4.041627
930,2.7536566,0.14975186
931,1.9024835,-4.2753572
932,2.3103514,-3.7663605
933,3.1311507,-3.6929731
934,0.93437093,-5.161071
935,2.8099964,-4.8027453
936,1.7062259,-7.208347
937,2.5621111,-4.318028
938,3.2902117,-2.9159694
939,2.0372462,-2.3196688
940,1.829647,-3.4738855
941,3.569645,-3.7530093
942,3.1355028,-4.051341
943,2.9078867,-0.8944527
944,2.0484524,-2.672667
945,2.8193748,-4.817707
946,2.0222402,-3.8103797
947,1.4361913,-3.6255546
948,1.7758276,-4.1771774
949,2.0030613,-3.7535706
950,2.0067754,-1.4272264
951,2.149515,-3.7784889
952,0.92022276,-0.4036536
953,3.330812,-1.2745655
954,2.8118277,-3.2583292
955,3.7405503,-2.7006683
956,1.8366591,-3.3020046
957,0.7095639,-0.15757829
958,2.6691444,0.22035085
959,3.3978262,-0.39409277
960,3.0947492,0.16667238
961,4.1138134,-1.443144
962,3.4581144,-4.268665
963,2.3646224,-2.0335724
964,2.5000017,-0.08878918
965,2.4709692,-1.4686503
966,1.3253896,-3.8278499
967,1.2633086,-3.403102
968,1.8968282,-2.3900418
969,2.143342,-4.6852016
970,1.2906404,-2.6287022
971,0.8659605,-0.22042666
972,2.7599247,-3.2992623
973,2.857119,-3.8950884
974,2.2646217,-7.3916388
975,2.5206013,-5.937898
976,2.296521,-4.2641587
977,0.6765696,-4.149508
978,1.707319,-5.8588643
979,2.1789773,-4.25522
980,2.9655647,-5.066754
981,2.5905812,-2.56374
982,2.6510603,-5.4503155
983,2.9992795,-4.1294436
984,2.1814826,-2.8997452
985,2.5030897,-4.3516784
986,2.196155,-3.1725624
987,1.8247025,-4.6532187
988,1.4748286,-6.0962462
989,2.0954902,-2.6335733
990,3.788584,-1.3329339
991,1.8618795,-3.312358
992,1.7639525,-1.4717606
993,2.8715515,-0.95255715
994,3.6694322,-4.049227
995,2.11973,2.1295733
996,2.2097864,-2.9094748
997,2.676845,-2.1039555
998,2.666364,-4.76356
999,2.5504024,-3.7512648
1000,4.306488,-1.3568726
1001,2.311916,-2.4139085
1002,1.2867126,-0.25515187
1003,3.4648125,-5.272123
1004,2.5007257,-4.9928665
1005,1.1320342,-1.0601156
1006,1.2735678,-1.2674043
1007,1.2130795,-4.666608
1008,2.3418188,1.8452293
1009,1.2578033,-3.6206367
1010,1.5744276,-2.4360983
1011,3.1862876,-5.644062
1012,3.9542193,-1.0093395
1013,2.0320876,0.8417121
1014,2.6772594,-0.5612483
1015,3.3766572,-0.6841268
1016,0.92529196,-1.9903262
1017,2.4734075,-5.5225067
1018,1.5829493,-3.8445532
1019,1.820226,-2.3297706
1020,1.82629,-3.7908432
1021,1.3943832,-4.0589952
1022,4.001678,-5.931395
1023,1.4960343,-3.8700001
1024,3.102668,-3.8344872
1025,3.2182925,-2.5772145
1026,1.5510468,-1.0791107
1027,0.37474158,-3.640621
1028,0.37506494,-3.2669933
1029,0.9331955,-3.1520805
1030,0.54240906,-3.50811
1031,1.702567,-3.17658
1032,-0.73405015,-3.6999204
1033,0.2811505,-2.6330276
1034,0.09325993,-3.9318163
1035,1.0482858,-0.8673326
1036,1.5472448,-6.0045075
1037,0.19222476,-6.110614
1038,0.28727818,-1.6427697
1039,-0.8707736,-2.2896185
1040,0.2734848,-0.08455238
1041,1.3238814,-1.1174952
1042,0.19132483,-0.53946096
1043,1.2171872,-1.7845492
1044,0.77042454,-1.844429
1045,2.4727914,-0.10136327
1046,-0.13061465,-1.2735052
1047,2.321902,-1.5251976
1048,1.5829359,-2.581994
1049,1.3516387,-2.6468894
1050,1.5267097,-2.6877234
1051,1.0604243,-1.1593293
1052,1.4888119,0.1321578
1053,1.1526111,-1.8745124
1054,1.6154697,-1.1321013
1055,1.7816505,-3.3603122
1056,0.6231801,-3.0574026
1057,0.72837466,-2.0710437
1058,2.0601456,-3.4005558
1059,1.1548657,-3.955813
1060,1.5100513,-2.060872
1061,-0.16099897,-2.422848
1062,0.46831068,-2.4666085
1063,-0.22846335,-1.5585562
1064,0.016484642,-2.8565757
1065,-0.6580724,-2.2290926
1066,2.5526412,-2.3801153
1067,1.6313268,-2.154227
1068,2.3303049,-2.6471243
1069,3.4517229,-3.0770614
1070,1.2001958,-1.0042754
1071,-0.67501456,2.0811043
1072,0.63170123,-0.7060671
1073,1.2935967,0.36149162
1074,1.6996741,-3.9288683
1075,0.99133945,0.28631046
1076,1.1566083,-2.0394845
1077,-0.5255908,0.82520866
1078,-0.29842088,-0.84003264
1079,0.9785602,-3.5118647
1080,1.3895241,-3.2777154
1081,-0.14203218,-2.4663448
1082,-0.5099626,-2.1662252
1083,0.47514287,-2.2872708
1084,-1.6721258,-0.7860503
1085,-0.44739497,-2.3428943
1086,1.6709055,-1.9658082
1087,1.1324242,1.3610983
1088,1.8421358,-3.9904675
1089,2.9320948,0.24053623
1090,2.8462157,0.936589
1091,2.2630439,1.149022
1092,1.0060074,-0.63324773
1093,1.5807775,-0.41132703
1094,1.0854986,-1.5093558
1095,1.4072609,-1.7748955
1096,1.4804151,-3.2421625
1097,0.87528324,-2.821954
1098,0.60950917,-0.314307
1099,0.3452567,0.07545112
1100,0.36597806,-0.40851614
1101,0.9803009,-2.076767
1102,1.125019,-1.8327128
1103,-0.04862872,0.56883174
1104,-0.7135475,-0.03640886
1105,2.1868947,0.26241758
1106,2.0370398,0.02970761
1107,1.1975694,-2.7941887
1108,2.545618,-1.6072992
1109,1.2544451,-3.3552668
1110,0.92974913,-1.1516352
1111,0.9605882,-3.5758336
1112,2.168361,-1.9787759
1113,1.606633,-1.7713436
1114,2.0240362,-3.1086113
1115,-0.31841633,-2.1465442
1116,3.0756457,-1.4416983
1117,2.5520697,-2.376136
1118,1.7132213,-0.84416205
1119,0.57045716,-1.7203093
1120,-0.101583235,-0.71460277
1121,-0.6546805,-1.4717236
1122,0.0870838,-2.2183192
1123,2.09386,-2.294357
1124,-0.9411341,-2.4145775
1125,0.23419854,-0.53051335
1126,1.0682344,-4.5167007
1127,0.65607077,-5.385704
1128,-0.20370834,-2.435591
1129,2.1746738,-1.9472033
1130,1.6075153,-3.4486763
1131,-0.23362921,-3.5958874
1132,2.4050095,-0.21053271
1133,1.6043863,-1.5741104
1134,2.10094,-2.8851602
1135,1.7188333,-4.9077997
1136,0.9764793,-6.6902537
1137,1.1862915,-3.198584
1138,1.0277764,-1.7683623
1139,0.29430968,0.15509558
1140,2.8414843,1.3604262
1141,1.70819,-0.79399693
1142,2.205168,-1.1864425
1143,0.34587893,-1.198884
1144,0.414041,-0.012198457
1145,2.259338,0.68376535
1146,0.7855354,-0.35888553
1147,0.40111998,-4.4052086
1148,1.9106035,-5.3682685
1149,0.7023116,-3.9989283
1150,2.7143393,-4.183763
1151,1.759043,-4.2408514
1152,2.1250226,-2.4294572
1153,1.5606836,-0.5600362
1154,3.1233647,-1.050822
1155,1.3412129,3.6346996
1156,2.3441184,-0.13159028
1157,0.75099164,1.1234572
1158,-0.116583034,-0.9694
1159,1.336961,-1.4989091
1160,1.8870326,-2.1250007
1161,1.2678692,-1.6743244
1162,0.0025754902,-2.140015
1163,0.27315357,-3.3265872
1164,0.36547565,-1.926966
1165,-0.8872175,-1.4283226
1166,-0.34692317,-4.116652
1167,-0.65768695,-4.917188
1168,0.72026664,1.1449332
1169,-0.63087046,1.817287
1170,-0.63703537,0.22986755
1171,-1.4067103,-0.52937514
1172,-1.8792825,-1.6795299
1173,0.7346416,-5.3776426
1174,-1.3701054,-2.288885
1175,0.23426071,-1.6087123
1176,0.31483102,-4.8005996
1177,0.5444904,-1.0002544
1178,-0.030426739,-3.167185
1179,-2.270344,-4.7381563
1180,0.48447162,-1.1234174
1181,2.782607,-4.9418097
1182,2.178613,-4.5777817
1183,1.3019608,-3.9907875
1184,2.8145876,-2.7082896
1185,2.7338247,-4.077167
1186,1.4914923,-2.413695
1187,0.93555176,-1.904169
1188,2.0061193,-2.8627014
1189,1.7613015,-0.9063569
1190,1.4408532,0.7494293
1191,1.388629,-1.6172332
1192,1.1162996,-0.24658054
1193,1.544241,-2.8589761
1194,2.6045408,-0.16969506
1195,2.3275976,-2.9869967
1196,2.2868626,0.8711655
1197,1.1996924,-0.17498617
1198,3.1083267,0.65963894
1199,1.3102748,-2.0875514
1200,0.2751085,-2.6042624
1201,1.596866,0.050146624
1202,1.8105556,-2.0427163
1203,2.5621045,-3.3648043
1204,1.271495,-3.2765863
1205,0.97657084,-1.2823555
1206,2.248246,3.4067655
1207,1.2903243,1.8226007
1208,0.9350517,-0.32917646
1209,2.242205,1.6404763
1210,0.8214665,0.049613312
1211,0.93888944,-0.5549665
1212,2.3691678,-0.2232697
1213,2.593543,-0.044083234
1214,1.2555217,-0.746371
1215,1.2711267,0.30672958
1216,2.071384,-1.3902485
1217,2.9330642,-4.3975167
1218,1.5997415,-1.5761182
1219,3.8987877,-0.47093222
1220,0.610304,-0.53461677
1221,1.2176872,-0.16351561
1222,1.0529655,-0.463833
1223,1.3991956,-1.7745072
1224,1.9284921,0.48309717
1225,2.4029217,0.05424615
1226,2.099112,-1.1753722
1227,0.82358444,-0.9554169
1228,0.4873091,-2.3582292
1229,0.2936381,0.4852542
1230,0.025654254,-1.18698
1231,-0.26494476,1.4043579
1232,0.19379951,0.21174711
1233,-0.38592225,-1.8789827
1234,1.2091943,-0.5750852
1235,-0.7435279,-1.0582896
1236,-0.35396,-1.8146743
1237,0.96419257,-2.7194812
1238,0.31243047,-2.6318028
1239,0.87377846,0.73362154
1240,0.62077636,0.72488075
1241,2.1669803,-3.3175468
1242,0.3992926,-2.387361
1243,0.19434707,-1.8392999
1244,0.39107165,0.6835599
1245,1.5051496,-1.1256194
1246,0.54574317,-3.357157
1247,-0.9977715,-2.6157515
1248,-1.1925985,-2.665149
1249,-1.1458781,-1.2169114
1250,-0.3593229,-2.251846
1251,-0.2338026,-1.5605596
1252,0.2408303,-1.734617
1253,0.110608585,-1.2077307
1254,1.6159841,-2.405297
1255,-0.4496291,-0.3853348
1256,0.4246813,-1.0506922
1257,2.0490675,-0.04576555
1258,0.9528705,-3.0948148
1259,1.3930311,-1.0407356
1260,-0.39964536,-0.72219306
1261,0.023784325,-0.57712793
1262,0.436512,-1.670381
1263,-0.43990862,-0.48181394
1264,-0.8328296,-1.8520997
1265,-1.0842794,-1.2614946
1266,0.047786202,-1.9604645
1267,0.1945786,-0.99918884
1268,-0.785798,-2.9345849
1269,-1.6663144,-1.862606
1270,-0.7346716,-0.20031892
1271,0.67266107,0.611636
1272,-0.083485864,-0.9662496
1273,-1.2060349,-2.2122772
1274,0.6972442,-4.6553626
1275,-0.63350606,-3.7593594
1276,0.81802887,-3.6497848
1277,-1.0889723,-0.92112327
1278,-1.5601022,-3.350304
1279,0.9280007,-4.9742064
1280,0.40567642,-0.62107706
1281,1.2462547,-1.869969
1282,1.1028997,0.37423122
1283,0.25492918,-2.133219
1284,0.02933017,-5.2664323
1285,-0.2493851,-2.2304275
1286,0.22289042,-0.6293568
1287,-0.41078687,-5.0012765
1288,0.9438653,-2.912206
1289,-0.05538771,-3.0736022
1290,-0.002359656,-0.8645332
1291,1.0475664,-2.6220436
1292,0.39381355,-1.2935518
1293,0.38425106,-2.1577015
1294,0.28025314,-1.1902223
1295,1.6914275,-1.6243687
1296,0.47567514,-3.5398405
1297,-0.42051423,-3.4718783
1298,-0.19801077,-0.6580164
1299,1.1681701,-0.9302194
1300,0.6156234,-1.5130765
1301,1.6296928,-2.8930988
1302,0.28768015,-2.8676221
1303,-0.12213818,-2.841024
1304,1.4175185,-2.4892738
1305,-1.4247988,-1.7607361
1306,-0.46678153,-1.224126
1307,-0.77439874,0.094754815
1308,-0.007729874,-0.08543613
1309,1.4839358,1.2107426
1310,1.0264163,-0.8958411
1311,0.39010334,-2.983176
1312,-0.50731486,0.25035897
1313,0.9847353,0.8710175
1314,2.3010328,-0.49804488
1315,0.759828,0.544689
1316,-0.25201452,-2.2594163
1317,-1.5605865,-1.7713698
1318,-0.6365979,-2.2080219
1319,2.4307914,-2.2393806
1320,1.129117,-4.392085
1321,1.6232963,0.15084743
1322,-0.3705878,-2.5207253
1323,0.3446111,-1.4468976
1324,-0.0726279,0.43018177
1325,-2.2962747,-2.2701428
1326,2.7383974,-3.4518936
1327,0.56485313,0.0725482
1328,-1.7241529,-1.6307659
1329,0.5945986,-1.5339798
1330,0.6755903,-2.1160212
1331,0.61837107,-4.1903787
1332,-0.2329891,-0.76531744
1333,-1.0546933,-1.4574485
1334,-0.31069982,-2.3763697
1335,0.684017,-2.3548193
1336,1.1952008,-1.1279268
1337,1.1515323,0.07109055
1338,0.8881184,-4.6250296
1339,0.6260319,-2.4303865
1340,-0.24587123,0.6282905
1341,0.2806833,0.6513824
1342,-0.7319557,3.0511181
1343,0.9088235,0.91340756
1344,0.87733334,-0.61279136
1345,1.5771213,-1.5008099
1346,1.5689185,-1.713219
1347,1.0329626,2.7337933
1348,0.37237915,5.4003024
1349,0.9610277,5.917741
1350,0.6528794,4.285324
1351,0.85196877,3.7771559
1352,1.1963165,1.4279801
1353,0.43554708,8.101954
1354,-0.38521177,3.4824061
1355,1.8381599,4.3520985
1356,1.3428694,3.7846522
1357,0.50664884,5.54983
1358,-5.698497e-05,5.4691453
1359,-0.4365118,3.3816876
1360,1.4017544,5.0377493
1361,-0.0026916757,7.86894
1362,-0.17721984,6.489635
1363,0.107877165,4.472895
1364,0.30139208,3.5357318
1365,-0.5454103,3.2502453
1366,-0.42344022,5.114886
1367,1.355128,3.8012357
1368,0.7963622,5.3180656
1369,1.5861709,5.1992846
1370,1.8551754,4.075243
1371,1.4134278,5.067378
1372,-0.30770284,6.1398187
1373,-0.95478237,4.1938643
1374,0.68613183,4.613399
1375,0.44215178,4.325604
1376,0.14622869,6.4967594
1377,0.58555067,4.721862
1378,0.06590413,4.635836
1379,1.6088159,3.8102918
1380,1.9454713,3.6531763
1381,-0.037987553,-0.7151802
1382,-0.4125415,1.3902209
1383,-0.8105573,3.4567244
1384,-1.0908167,2.7748396
1385,-1.2544128,2.510015
1386,0.22004795,4.0557656
1387,1.8174076,3.2151103
1388,0.60154504,4.590428
1389,1.1687249,4.9541564
1390,1.4475288,7.4025674
1391,1.4789512,4.053094
1392,0.8216766,6.2644277
1393,0.6555753,4.8589334
1394,1.2266933,3.8254967
1395,0.8205817,3.695126
1396,0.43784618,3.5264025
1397,0.7340481,9.006375
1398,1.7411525,3.689905
1399,0.7425986,3.221746
1400,0.7622107,4.039428
1401,1.1143882,1.8123195
1402,0.6434834,4.5534797
1403,1.1574132,2.7746398
1404,-0.21003015,2.7492476
1405,-0.0010793366,2.6425123
1406,2.7392478,0.063096516
1407,2.1936378,7.1436996
1408,0.64400816,4.756035
1409,2.2781317,1.3077028
1410,2.3573844,0.12568776
1411,1.1213748,5.413098
1412,2.328802,4.9469395
1413,2.201726,5.593881
1414,1.0301948,3.6497808
1415,0.7393758,2.4750085
1416,1.6834774,1.4343686
1417,1.0898114,3.8228106
1418,2.3397882,2.1154268
1419,1.8540131,1.9407513
1420,1.0925101,1.479821
1421,0.45542914,1.7577401
1422,2.7961442,-1.1008514
1423,0.27292988,2.244203
1424,2.7895734,5.179109
1425,1.4067783,4.565102
1426,2.947294,5.3129673
1427,1.9473346,4.567129
1428,1.6530622,6.194689
1429,1.2767817,4.289405
1430,1.0450265,5.0931726
1431,2.0714731,7.945493
1432,0.3651011,6.206605
1433,0.17831424,7.3614073
1434,2.094857,5.9693604
1435,1.1495847,5.21737
1436,3.3548105,6.338028
1437,1.600631,2.397796
1438,-0.20248626,5.854495
1439,0.29152903,4.5741267
1440,0.07658016,2.1716986
1441,1.1663136,2.25365
1442,1.7774929,4.5989876
1443,0.767284,3.3092034
1444,2.267118,5.9642963
1445,1.2936141,5.2988043
1446,1.0836512,5.7826147
1447,1.9338089,5.5113916
1448,3.0737479,7.068105
1449,1.2990565,4.9541235
1450,1.5210824,3.4085193
1451,0.7311319,4.66539
1452,1.2305048,4.841511
1453,0.062123366,3.6360254
1454,0.49109972,6.3447404
1455,1.9437443,4.0534697
1456,1.9641294,3.2747638
1457,1.3143317,4.168969
1458,2.4463522,1.6889038
1459,0.8700906,-0.29113245
1460,1.4698902,4.946395
1461,0.5296449,0.6866953
1462,0.849363,-0.28462288
1463,1.1045675,0.6422241
1464,1.2428366,1.1807644
1465,1.5950066,-0.023296053
1466,0.6998905,-1.0121063
1467,1.2668976,-3.2401116
1468,2.7709005,-3.6663163
1469,1.5775293,-2.1384816
1470,1.093869,-0.5511288
1471,1.196337,3.813992
1472,0.72348094,3.273226
1473,0.9346681,1.2891018
1474,0.9636017,2.3687527
1475,0.6426317,0.43860266
1476,2.1967068,0.5243024
1477,0.5189318,-1.0959511
1478,2.5724952,-0.55399007
1479,0.6792546,-1.6773953
1480,1.5940914,-2.8506153
1481,1.8257784,2.5918415
1482,2.5348258,-0.2437545
1483,2.491251,2.2382302
1484,1.5841249,0.9360355
1485,1.897584,-2.5564616
1486,1.1184839,-1.5792024
1487,3.314707,-1.7635664
1488,1.6919328,-0.23796506
1489,1.5102143,-2.5661786
1490,1.9886744,1.441975
1491,2.4389334,0.90798426
1492,1.1818033,1.4623203
1493,1.414652,1.1039056
1494,2.3348231,-0.5531102
1495,0.8017387,1.2931097
1496,1.7995756,0.23035814
1497,0.96581316,1.2996439
1498,1.5286165,0.7413308
1499,1.4846038,1.2774547
1500,1.7342736,-1.2653921
1501,2.3816922,-0.6290306
1502,1.9175007,-3.440839
1503,2.2384505,-1.4940119
1504,1.5672061,0.069729865
1505,1.1434335,-2.4234557
1506,1.4426758,0.60837483
1507,2.1164868,-0.30432165
1508,1.2842369,-1.339253
1509,2.199432,-1.7243241
1510,1.6623484,-3.777645
1511,1.0564196,-0.30649486
1512,1.8862617,1.1581497
1513,1.2302355,0.6225026
1514,0.38682288,5.156438
1515,-0.25443572,1.6671382
1516,1.8333783,4.585385
1517,1.5652603,2.4909058
1518,0.89863825,4.91288
1519,-0.36535344,1.3027416
1520,0.88361704,4.382482
1521,1.6643847,2.6595798
1522,2.1034534,-0.64275223
1523,-0.1523747,-0.11064043
1524,2.097132,-2.289559
1525,-1.441815,-2.9381788
1526,-0.04372144,-0.36072278
1527,-0.9436815,-0.10614055
1528,-0.0375401,-1.3943624
1529,-0.7574958,0.44742364
1530,1.492659,0.6628732
1531,1.0864958,0.35659185
1532,0.6463132,1.5489005
1533,1.3170471,1.9285786
1534,1.5101529,0.49779844
1535,-1.523869,-1.7284988
1536,0.7520873,-0.4566405
1537,0.4930249,0.26436484
1538,-0.12572622,0.011735127
1539,0.367467,-0.3095644
1540,0.5699466,0.0029505151
1541,0.0969904,0.11122168
1542,1.5480126,-1.2543153
1543,1.6197069,-0.59725326
1544,-1.5656502,0.24851805
1545,0.6231772,0.8513001
1546,0.7258534,-1.1197056
1547,0.60611653,1.2313823
1548,0.5923736,2.5208786
1549,1.4461805,-1.3504477
1550,1.9218936,-2.8175685
1551,1.2619634,-1.2591435
1552,-0.7305091,0.189964
1553,0.5600655,-1.6513916
1554,0.6960392,-2.6507573
1555,0.6931955,0.16018257
1556,-0.73199713,-1.4285088
1557,-0.22108704,0.49467912
1558,-0.07323213,-1.2201108
1559,0.67624635,-1.5240873
1560,-0.0894309,0.19812316
1561,1.255365,0.4318744
1562,2.1486347,-1.883272
1563,-0.1540475,-1.7221986
1564,-0.14458431,1.4935509
1565,0.18210897,0.11742202
1566,1.8503234,-1.8278487
1567,0.6620731,-3.6661477
1568,-0.004919459,-3.003599
1569,-0.058508538,-3.316984
1570,0.3311277,-2.2994955
1571,2.007002,-2.167666
1572,1.8063945,-2.710758
1573,1.8848644,-3.7230518
1574,1.702076,-1.9050504
1575,1.335695,-1.3552192
1576,0.40722805,-4.2366977
1577,1.5784626,-3.4512074
1578,0.19176665,-2.2084107
1579,2.10426,-2.3915565
1580,2.087464,-1.4262414
1581,1.4351457,0.02882301
1582,0.83286744,-1.280416
1583,1.2129319,-3.1984727
1584,2.0425131,-1.588112
1585,1.3402206,-0.44551417
1586,0.24111463,0.5445096
1587,1.2609878,-0.55361366
1588,2.206284,-0.124188855
1589,0.74094474,-1.1924366
1590,1.7655845,0.05733365
1591,2.2733357,-2.1302013
1592,0.85523295,-2.606747
1593,1.2384596,0.90659726
1594,1.1515168,-1.259704
1595,-0.011229324,-0.8407088
1596,0.7528162,-3.6142333
1597,1.0524317,-3.25748
1598,1.2847315,-0.2768153
1599,2.3979602,-0.1401093
1600,2.1530645,-5.6922216
1601,1.345552,-3.3857841
1602,0.2927104,-0.06422364
1603,0.53184974,-2.0076003
1604,1.885709,-2.5124087
1605,2.241619,-2.3801897
1606,1.8448031,-2.679856
1607,3.358622,-3.7414422
1608,2.9302266,-3.6965263
1609,0.9606257,1.1890465
1610,2.4350395,0.22641934
1611,2.4633389,0.69946104
1612,3.1525545,3.7598069
1613,2.430828,2.2069793
1614,1.3283662,2.9082022
1615,3.5876408,1.2553254
1616,3.068411,0.6562297
1617,1.9562951,1.139981
1618,1.8175988,3.0772736
1619,1.6610602,2.431651
1620,2.361348,2.5561092
1621,2.284632,-1.3170892
1622,2.4450266,-0.20971337
1623,1.8486764,-0.08994183
1624,2.1990576,2.1475437
1625,0.97464705,0.28342903
1626,1.9778593,-1.5333012
1627,2.337033,-0.90077573
1628,1.9419103,-1.3345156
1629,1.5171512,1.8221532
1630,1.4917938,-1.9978844
1631,1.5863,-3.8423886
1632,4.2365713,-1.1676832
1633,2.407811,-2.156253
1634,2.3047483,-2.415788
1635,1.2592772,-1.5983932
1636,4.2432723,-1.2481271
1637,1.5641243,0.14596657
1638,1.3294731,-1.4156252
1639,2.9486465,0.054452166
1640,1.2431875,-0.64927495
1641,2.1596072,4.078453
1642,1.5924515,5.894299
1643,3.7207744,-0.8758468
1644,1.6793817,-1.3136903
1645,3.0806487,1.4992601
1646,1.8504857,-4.354946
1647,2.528095,-3.9887207
1648,1.0356092,2.508673
1649,2.8610508,4.8052077
1650,2.5082548,3.438511
1651,1.6826876,2.8953853
1652,1.3550227,7.137124
1653,1.3914441,6.426211
1654,-0.12624139,5.102693
1655,0.60327846,4.2445283
1656,1.9967496,7.0261984
1657,3.5137143,4.354115
1658,0.071221076,7.3075147
1659,0.16252369,7.6448827
1660,-0.20301399,4.873244
1661,1.3382995,5.495958
1662,2.0049605,7.9050303
1663,1.0470321,6.611844
1664,2.175596,8.679236
1665,4.1168904,5.6119013
1666,2.5392354,6.0850697
1667,3.9915264,4.3440228
1668,3.0949774,4.1778097
1669,3.0668492,4.029127
1670,2.4381251,10.364834
1671,2.2400255,6.274574
1672,1.3476366,6.051989
1673,1.308375,2.2344768
1674,2.6172342,6.5836287
1675,2.2590866,5.971394
1676,1.6682034,4.694622
1677,1.8915348,5.96484
1678,3.7002459,4.8756156
1679,1.9953241,4.464814
1680,2.8907256,5.9040456
1681,3.937394,8.255271
1682,3.4346032,5.9347057
1683,2.8007686,6.491072
1684,2.9225178,8.298913
1685,2.6844769,8.734486
1686,4.0953126,9.594295
1687,2.7908566,8.336753
1688,2.9128888,4.3592334
1689,3.772425,3.5091195
1690,3.43014,4.480141
1691,2.3873007,3.1272302
1692,3.0100093,5.5459347
1693,3.6383862,3.4753985
1694,4.8775563,3.2425172
1695,2.0999098,0.38059095
1696,1.0545738,4.5388346
1697,2.5431843,5.917542
1698,1.9187005,4.9639726
1699,2.323575,8.102565
1700,2.7772403,8.670247
1701,2.0410008,6.7444916
1702,2.8466425,8.197036
1703,1.1344715,10.373311
1704,2.1452606,9.506301
1705,0.8907289,8.252242
1706,4.0284705,9.416569
1707,3.0959067,7.5087843
1708,2.796406,8.371851
1709,1.142133,5.114321
1710,2.2202399,5.237071
1711,1.8259492,6.075424
1712,2.8224533,10.934011
1713,2.1867719,8.3201475
1714,1.7668186,10.247315
1715,0.5355296,2.0125413
1716,1.3705539,10.48907
1717,1.3126177,7.1299014
1718,0.95732266,3.7778635
1719,0.2803644,3.950083
1720,0.33770144,3.4439702
1721,1.8010912,6.250953
1722,1.0446961,6.4964337
1723,2.578333,8.321388
1724,0.23692417,7.0533204
1725,1.1015143,7.6788926
1726,-1.4289035,5.0645747
1727,2.3496022,6.241819
1728,1.822339,4.7143006
1729,1.6241505,6.3152394
1730,1.6943988,6.020342
1731,2.5923436,6.3751287
1732,2.847663,6.0257688
1733,2.2810938,9.336211
1734,1.422004,7.747156
1735,-0.3168891,3.892505
1736,0.3964392,5.896825
1737,1.1661134,4.0865912
1738,1.543932,7.0511436
1739,2.4193473,9.337998
1740,2.6711588,9.391395
1741,3.9545906,8.087182
1742,2.5049834,7.109402
1743,1.5763971,5.947459
1744,2.8875544,8.652316
1745,1.4962852,9.834117
1746,1.86763,5.2467785
1747,1.0846056,6.5486298
1748,-0.025042953,8.61988
1749,0.91379225,6.14582
1750,2.247077,10.214467
1751,2.694479,10.098737
1752,2.6493955,9.397288
1753,1.6566678,11.235547
1754,2.6442747,8.229956
1755,2.0975683,7.13143
1756,0.21591547,10.119931
1757,2.3631272,11.870171
1758,0.67421234,7.5807214
1759,0.6687216,6.5137506
1760,-0.09515043,5.803398
1761,1.3587139,4.6035175
1762,1.3686731,5.1379557
1763,0.07212488,4.5260572
1764,2.690265,5.2063327
1765,1.3320221,6.993157
1766,1.007519,10.715292
1767,0.7310257,8.117775
1768,0.6665755,5.2218657
1769,2.626277,4.1182666
1770,0.90954643,5.617131
1771,0.59086347,10.058058
1772,0.5496759,9.181775
1773,1.7885756,6.6294794
1774,1.2126751,7.162989
1775,1.731265,8.677489
1776,0.40690464,7.973435
1777,2.1745653,5.0232487
1778,1.6049303,6.451305
1779,2.1814501,9.83674
1780,0.9459193,12.221757
1781,1.5102551,11.032333
1782,-1.2394629,15.161862
1783,-0.32947615,16.615648
1784,0.41927463,14.97662
1785,1.8754829,13.871785
1786,1.7441621,10.317216
1787,1.3053924,12.8351345
1788,-0.5537295,12.891478
1789,2.231516,10.081487
1790,-0.09350567,13.8672905
1791,1.0749198,13.571306
1792,2.184039,15.184506
1793,1.1148982,12.776074
1794,1.6117254,8.983668
1795,-0.2876527,7.598166
1796,1.4906741,11.629193
1797,0.9305307,9.3194685
1798,1.5833312,6.729298
1799,3.5914187,11.243949
1800,1.1666396,13.837512
1801,1.3989414,11.635369
1802,1.3119425,5.222787
1803,1.3619353,6.02023
1804,0.4344097,9.644871
1805,0.86632395,6.973395
1806,1.8288753,10.660598
1807,1.247817,12.431312
1808,1.6826679,14.9816675
1809,-0.44932324,10.075422
1810,1.9406785,12.814461
1811,0.5579391,7.465027
1812,1.0601194,9.716881
1813,2.564045,9.546154
1814,0.28351927,9.772209
1815,1.2374429,5.1847415
1816,2.3216562,6.7257495
1817,2.9378006,9.519821
1818,0.9639819,10.381887
1819,1.8565559,7.245213
1820,2.507171,8.555189
1821,0.6692432,10.506979
1822,0.2795472,7.7973585
1823,2.6182828,7.4539647
1824,0.8672466,13.1108465
1825,3.2738075,11.788451
1826,1.135532,13.308694
1827,2.1969903,14.120277
1828,1.1523466,12.266775
1829,1.9149119,14.270936
1830,1.2734671,7.630901
1831,0.5094803,13.560766
1832,3.1660576,12.618146
1833,1.7427459,17.863615
1834,1.2536652,10.637635
1835,0.47724703,15.2788725
1836,1.5801636,14.350075
1837,1.5520257,10.210195
1838,0.80310833,10.710379
1839,0.75162816,11.299903
1840,0.92928934,9.312727
1841,1.6529893,12.550651
1842,0.23873766,11.165541
1843,1.8034604,11.829046
1844,1.0384079,10.184366
1845,2.5804994,15.334598
1846,1.6218945,11.565744
1847,1.8306371,14.502944
1848,0.5386582,10.770875
1849,0.81157744,9.752059
1850,1.2169564,14.567764
1851,1.9755328,12.176696
1852,0.8166517,10.204718
1853,-0.32572284,13.727325
1854,0.43848202,13.738442
1855,-0.2348281,11.140187
1856,0.5546823,11.03935
1857,1.0756904,15.625942
1858,0.3096916,10.411656
1859,-0.06519927,10.839892
1860,1.3222162,15.000555
1861,0.112563536,10.123835
1862,-0.65526205,12.558063
1863,0.830568,15.710184
1864,-0.6111159,10.322349
1865,1.9782453,12.06347
1866,0.9420821,10.456921
1867,0.24486555,12.0887165
1868,0.015510389,11.117604
1869,-1.4391488,12.742433
1870,0.06930956,9.260751
1871,2.0502338,15.612057
1872,1.8722495,15.762278
1873,1.7939625,15.264728
1874,1.1429056,10.13501
1875,0.949507,8.044007
1876,-0.16743232,6.97408
1877,1.0906419,10.78387
1878,0.5035254,10.010964
1879,0.8542755,10.768904
1880,1.5682814,10.378898
1881,2.3520977,11.414735
1882,0.4055063,13.308087
1883,2.581633,12.734021
1884,1.4061303,13.360433
1885,1.6318656,9.453631
1886,0.93934256,15.083145
1887,-0.43231493,7.1388087
1888,0.55716485,9.884655
1889,1.0694058,12.818174
1890,2.0222712,11.093007
1891,2.2406592,13.581142
1892,1.147385,9.873698
1893,3.3382342,10.799566
1894,3.8049107,10.840486
1895,2.6101108,9.524867
1896,3.3538237,11.482531
1897,0.8207616,8.423542
1898,2.0441587,13.8615885
1899,3.6255774,14.029723
1900,0.9800542,14.50946
1901,2.2736013,15.727291
1902,3.5106645,17.014074
1903,3.6586645,15.698594
1904,1.6890997,14.476139
1905,0.730433,12.488657
1906,2.631203,11.448416
1907,1.4659874,8.935398
1908,1.2071922,7.9209867
1909,1.4761047,14.429298
1910,-0.57233006,12.651149
1911,1.4913174,9.315219
1912,1.3702276,7.213791
1913,3.1443813,10.378236
1914,0.98745346,7.7619905
1915,-1.6561456,9.470387
1916,1.5099586,8.993203
1917,1.00942,9.625294
1918,-1.1526374,10.864686
1919,2.2793005,9.3912525
1920,0.42358717,8.267617
1921,-0.40389273,6.9001703
1922,-0.29577795,5.839653
1923,0.9344998,6.2951765
1924,0.5856871,5.0721965
1925,-0.035490274,6.6479735
1926,1.1508662,5.284863
1927,1.8391042,7.2227874
1928,2.150188,7.9532175
1929,3.7968554,9.77516
1930,2.161673,10.052234
1931,0.597773,5.5857034
1932,2.5019712,9.006706
1933,-0.20723309,10.104604
1934,-0.057306323,6.9296956
1935,0.81810796,8.31131
1936,1.2922096,5.5640645
1937,-1.0388503,7.1978397
1938,1.4204862,7.6274695
1939,1.5095302,11.269009
1940,1.8515571,10.602602
1941,4.4499784,11.968697
1942,1.9420583,9.858334
1943,1.2544638,8.5973625
1944,0.7542374,7.6387897
1945,1.8566918,12.509415
1946,1.9225599,11.637714
1947,1.4451255,11.805472
1948,1.6588888,11.993533
1949,0.39289486,10.807767
1950,0.5929677,13.180561
1951,3.0393286,11.618085
1952,0.25883564,9.883393
1953,0.884797,14.194764
1954,1.7074388,12.776798
1955,0.65782446,13.949766
1956,-0.086705595,12.311374
1957,0.8179651,12.839071
1958,2.1243155,15.136274
1959,1.8249831,14.884993
1960,1.8946663,9.430769
1961,0.96535313,13.582357
1962,2.6279247,11.014636
1963,1.1137619,14.010392
1964,1.0815749,13.931074
1965,0.924349,14.444297
1966,1.9240382,9.410386
1967,3.9271443,7.3359995
1968,1.9961814,9.748159
1969,-0.08919555,12.706677
1970,2.1665714,9.862053
1971,2.4408998,9.495553
1972,1.566054,8.788849
1973,2.8031163,11.699056
1974,1.8374133,8.448187
1975,3.0406592,6.6050744
1976,2.2370524,9.797742
1977,1.7124385,10.831944
1978,3.1103654,10.1305065
1979,1.866152,6.8781877
1980,2.2902591,7.8767605
1981,1.7285733,5.3744273
1982,2.6001675,6.7722683
1983,2.3013313,8.1602125
1984,1.5062168,5.7056446
1985,2.837628,6.748884
1986,1.719775,10.407576
1987,3.0451097,11.555203
1988,1.3946402,9.409047
1989,3.9066079,7.874007
1990,2.2176335,9.431702
1991,1.9176913,7.145588
1992,2.925006,5.7226715
1993,3.1320155,9.931213
1994,2.194588,8.471362
1995,1.7964042,8.545983
1996,2.2463849,9.683148
1997,2.0844996,6.7547836
1998,0.5341527,8.724449
1999,1.5595167,11.545246
2000,3.0818758,8.956594
2001,3.524496,12.450561
2002,1.9596875,10.154574
2003,1.6041946,11.415525
2004,4.1855006,11.018093
2005,3.8353631,9.211014
2006,2.8409526,10.029681
2007,3.7168267,11.647506
2008,2.6252534,10.185668
2009,2.5488436,11.085339
2010,2.2605195,11.573867
2011,4.0989404,12.570621
2012,2.1000433,8.151635
2013,4.053773,11.408126
2014,3.0399392,10.031622
2015,3.4917538,9.952473
2016,2.8453047,9.724647
2017,5.4809484,11.202748
2018,2.6714954,12.02
2019,4.2290063,11.725092
2020,3.0819151,11.42185
2021,2.3363664,9.920176
2022,2.18222,9.83352
2023,3.020121,9.0891695
2024,2.3503501,11.420754
2025,2.3907876,13.008065
2026,0.8578288,10.6104145
2027,3.570402,10.073772
2028,3.3664753,10.020627
2029,1.8415949,7.516015
2030,1.7927855,10.500236
2031,2.0490072,10.109198
2032,2.602629,5.626312
2033,3.874111,8.876634
2034,2.117755,7.6042438
2035,2.1633549,6.7833333
2036,1.6919199,12.425157
2037,1.9298005,8.246466
2038,1.6121947,7.3301125
2039,0.97513676,8.464476
2040,2.6164393,5.7627
2041,3.6835933,7.1877723
2042,0.8424902,5.1766095
2043,1.2653834,3.048249
2044,2.691285,6.885065
2045,3.3515878,6.13089
2046,4.7224736,9.644144
2047,2.060416,9.383915
2048,2.2212918,8.47284
2049,2.9691792,6.5770864
2050,2.9191175,12.144249
2051,2.1257195,7.7902474
2052,1.6740468,3.6430697
2053,2.326722,5.9741373
2054,2.273083,9.010946
2055,3.7226236,5.9928145
2056,4.7433414,8.093918
2057,3.683927,6.5395765
2058,2.819421,6.6471553
2059,2.512035,6.8157234
2060,1.6172655,9.565461
2061,3.0602112,7.106613
2062,1.4915229,5.109125
2063,1.5666319,4.5487204
2064,0.32727358,4.9469056
2065,1.7675853,5.8185687
2066,3.4433272,5.797881
2067,3.0746303,6.4644613
2068,2.6193376,4.3636475
2069,1.9695402,6.494735
2070,1.2581226,5.2859755
2071,2.481052,6.4742947
2072,2.331096,7.957392
2073,1.8484939,5.152646
2074,2.5041733,5.904612
2075,2.5765378,4.714771
2076,1.6779015,6.302492
2077,2.965676,4.56643
2078,2.1433284,4.046728
2079,2.1657913,-0.25143084
2080,1.4790541,0.33550578
2081,2.1632454,1.5976164
2082,1.5218962,5.0436525
2083,3.7028027,2.0137663
2084,3.0552714,2.5826554
2085,2.8816607,0.7583585
2086,2.0563107,1.4760028
2087,2.9805126,2.6976657
2088,3.0865586,3.8439841
2089,3.305613,0.13028295
2090,1.3952439,0.40033832
2091,3.346213,0.71486354
2092,4.3354845,-1.687121
2093,1.9273707,-0.82223946
2094,2.2184398,-1.2016658
2095,0.90912503,0.98786426
2096,2.5043912,-0.61609805
2097,0.7034185,-1.8472126
2098,2.8371572,0.33492577
2099,0.4617688,1.1016113
2100,0.028984645,0.38775256
2101,0.50281376,-0.3877943
2102,2.284099,-1.7320653
2103,0.45858026,0.71955657
2104,2.516702,2.101139
2105,1.8784502,0.60045785
2106,2.688432,2.2981231
2107,0.83049816,1.7084394
2108,0.4797202,3.9480062
2109,0.8635712,-1.6632894
2110,1.3738648,2.5604527
2111,1.2794963,4.151716
2112,0.67743534,1.3104028
2113,2.6566896,1.9241211
2114,1.9043953,1.7401928
2115,0.025904903,1.2621422
2116,1.3748119,1.6769153
2117,1.6770651,2.298635
2118,0.62044775,2.869252
2119,-0.56914914,0.7539585
2120,1.0936824,0.83271855
2121,0.7442372,1.0340751
2122,1.0668386,1.584595
2123,0.9113827,-0.7399042
2124,0.62296844,1.6819139
2125,-0.2175018,3.7181396
2126,1.816152,2.4715283
2127,0.98052543,0.6400394
2128,1.293848,3.7911782
2129,1.5109992,-2.2722085
2130,1.352479,-0.28741646
2131,0.77612114,-0.9515931
2132,1.7291003,3.9013832
2133,0.9004713,-0.7790174
2134,1.076751,0.09858876
2135,1.4666452,2.221654
2136,0.3268686,1.7009312
2137,1.3768004,0.073954016
2138,-0.12968035,2.587135
2139,2.4957638,-0.0012406572
2140,1.6483723,1.4414314
2141,0.7753504,1.8522083
2142,-0.2530009,2.529848
2143,-0.2272202,0.82361346
2144,0.75136995,0.3480737
2145,2.04572,2.9696195
2146,3.1096084,2.877358
2147,1.93379,0.9646474
2148,3.4323387,2.5991552
2149,1.6445395,1.6311247
2150,0.7762096,1.5939069
2151,0.49558342,-0.7655554
2152,1.5845996,-0.4348227
2153,1.1636677,2.2845187
2154,2.415057,1.5607287
2155,0.40170726,1.0368803
2156,0.8628958,0.42276746
2157,2.585503,0.8531716
2158,1.463091,-1.3891612
2159,0.78868765,-1.3588316
2160,2.0642602,-1.3178881
2161,-0.17107844,-1.4455487
2162,1.195019,-2.9113152
2163,1.8948905,-0.68494713
2164,3.3629777,1.0113695
2165,3.08764,5.3253226
2166,1.6041664,7.101547
2167,1.6950258,4.360489
2168,1.0968868,3.1714425
2169,1.0365468,3.671205
2170,1.5722812,4.5056777
2171,1.5193112,1.4088529
2172,2.8436058,3.1419957
2173,3.30791,3.1020584
2174,0.7880908,-0.378932
2175,3.039306,-1.5732915
2176,2.461807,3.0903752
2177,1.4684778,4.5070667
2178,2.228681,3.6182573
2179,4.2210283,1.7038777
2180,1.5211142,5.257668
2181,2.6069107,4.8563333
2182,4.084019,5.9725513
2183,2.6360283,4.3186464
2184,2.9339309,2.6967735
2185,3.418387,4.5358887
2186,0.25358775,4.3289976
2187,1.9819114,8.531305
2188,2.9595606,5.5889597
2189,1.6131942,6.092697
2190,3.5340219,8.910374
2191,4.0440125,7.517024
2192,2.9342673,5.4344897
2193,1.9607373,6.443529
2194,3.6341674,1.3665619
2195,4.0037317,4.535586
2196,2.2054498,3.9820056
2197,3.1097007,-0.06691683
2198,2.075694,3.5134578
2199,2.8713984,4.3244486
2200,1.5014101,3.6708283
2201,3.5716903,1.9048259
2202,0.99480546,0.87539667
2203,2.2021732,2.928293
2204,3.372602,6.213102
2205,0.6746454,4.4659395
2206,2.5576994,1.9778336
2207,-1.3352134,2.387996
2208,0.7971381,2.6891594
2209,2.230991,1.7289877
2210,1.7194517,3.6112103
2211,0.874963,2.75324
2212,1.8810737,1.8265963
2213,3.442091,3.2140508
2214,3.8372207,2.618414
2215,2.0143144,-0.47252554
2216,1.756283,0.41258833
2217,2.2647183,0.30351123
2218,3.056067,2.0449827
2219,2.555363,5.0666084
2220,2.0298176,3.571532
2221,1.9265893,-0.45840785
2222,3.43525,0.7753401
2223,3.1172729,1.9721901
2224,3.8713822,2.2424428
2225,2.8941567,3.5055637
2226,2.1583514,-0.62348247
2227,2.222186,4.2159557
2228,1.6909332,2.2437084
2229,2.1925807,3.2550323
2230,2.2881935,0.6302943
2231,1.683303,5.77118
2232,2.7939065,4.432036
2233,2.1058109,-2.1035388
2234,4.5921307,1.1836241
2235,2.645361,-3.6367903
2236,3.9754236,-0.9813182
2237,2.1952708,-0.78173083
2238,2.492968,-3.116501
2239,2.3592343,-2.2768936
2240,2.5677798,-2.2329614
2241,2.8346653,-0.14323914
2242,3.1296542,-1.5933951
2243,2.8224256,-0.74757445
2244,2.8419945,2.0207574
2245,2.491971,0.6571406
2246,1.6085227,0.48839015
2247,-0.65756756,1.1609393
2248,2.8739,1.5093019
2249,2.4317997,-1.5477659
2250,1.4352257,1.4647204
2251,3.211823,0.6920141
2252,2.4275196,1.3536383
2253,1.8131729,0.88571054
2254,2.4928172,1.2152905
2255,1.9907054,-1.0429019
2256,5.2056336,-2.7351093
2257,1.852951,-2.7339318
2258,1.2144926,-0.0272445
2259,0.53255343,-2.572711
2260,3.2263255,1.4055988
2261,4.258244,0.34286007
2262,2.97528,-2.4203951
2263,3.77843,-1.2807133
2264,1.6224929,-3.1958451
2265,1.9373821,-1.1019183
2266,2.052207,-1.1051153
2267,3.6026194,-0.08665061
2268,3.2451518,-1.0011424
2269,2.309703,-2.2601838
2270,1.5559595,0.3775896
2271,4.124364,-3.6446445
2272,2.9260538,0.47544473
2273,2.9713445,-2.125842
2274,2.4316163,-2.6331034
2275,1.5300099,-3.9376197
2276,1.4679683,-2.976926
2277,2.1705942,-3.042958
2278,2.7699049,-3.488773
2279,2.8017483,-1.3653184
2280,2.5419123,-2.8903992
2281,3.3869317,-3.4659512
2282,2.9624245,-3.8612835
2283,5.5142064,-1.7883002
2284,3.0409946,-3.0642989
2285,2.7810585,0.079064704
2286,1.982605,-2.0569608
2287,1.3125181,0.71165055
2288,2.518544,-3.631282
2289,1.4189557,0.7262625
2290,1.8575797,-0.40330532
2291,3.0334432,-2.0276592
2292,2.8910954,-4.3352184
2293,2.2293723,-2.5110607
2294,1.4931343,-4.013864
2295,1.2901163,-3.2158518
2296,0.28521523,-2.6630383
2297,1.4970871,-1.6517631
2298,2.0736706,-4.7174177
2299,1.4911617,-4.2471843
2300,4.007174,-1.148667
2301,2.5036497,-1.318417
2302,3.2131534,-1.3466
2303,4.13424,0.43324474
2304,3.4977105,0.7386041
2305,3.2331047,0.03152819
2306,1.4688905,1.2695947
2307,1.8868389,-0.31919956
2308,2.1313426,-0.5918266
2309,1.9854575,-0.4369791
2310,3.5677862,0.1854911
2311,4.767587,0.7799494
2312,2.3477437,1.014255
2313,2.9558039,0.42359564
2314,2.8371363,-0.24738847
2315,2.6376073,1.2340155
2316,1.1648883,2.149108
2317,2.4326012,0.8304071
2318,2.8645842,1.8711518
2319,1.4740163,3.635795
2320,1.9973692,1.8970132
2321,3.0550334,-1.1422408
2322,1.7133172,2.5028
2323,3.0507536,-1.0603722
2324,2.9215755,0.9091065
2325,2.4127095,1.3971026
2326,2.159336,-0.23402496
2327,2.1385648,-0.5054303
2328,2.2246282,-0.80406034
2329,1.5290607,-0.11552646
2330,2.2097483,0.31559175
2331,1.7075928,4.4973936
2332,2.1010435,1.0820738
2333,0.1769819,3.1273236
2334,1.6889131,-0.030204829
2335,1.9780269,0.7389248
2336,4.403502,0.059533663
2337,4.5327034,1.0971065
2338,2.7591546,4.348872
2339,2.5448732,4.1133866
2340,2.4754128,3.028041
2341,2.6600187,2.4272738
2342,3.6941066,2.628556
2343,3.9233234,-0.095385164
2344,1.454797,-0.22878277
2345,3.3631737,2.583167
2346,1.9506627,1.5241898
2347,1.57338,3.0917165
2348,1.2215954,4.3516436
2349,0.7744495,-0.074913256
2350,1.8035233,3.2400377
2351,0.8713769,-1.2263709
2352,1.7611494,0.31672266
2353,3.3507996,0.8804887
2354,0.5796493,0.5593953
2355,2.2045867,2.5681033
2356,1.6227394,4.6255445
2357,1.1465333,2.471217
2358,1.2730504,2.6605968
2359,0.08860576,3.5545092
2360,-0.05705022,1.9693143
2361,-0.6348178,1.2091877
2362,1.996662,-0.3050515
2363,0.44026557,1.3607888
2364,0.9134564,0.53699356
2365,1.0678595,1.4457251
2366,1.347669,1.6918753
2367,1.4239485,-3.0833669
2368,1.0799865,-0.9741989
2369,0.22664748,-0.5087682
2370,1.758583,-0.34548533
2371,1.1257972,-1.536227
2372,-0.012274821,2.1972394
2373,2.4921577,1.7366097
2374,2.1228073,1.1027724
2375,2.267256,-3.601021
2376,2.399821,-1.7896613
2377,1.1577725,-1.0891502
2378,2.2665424,1.3704329
2379,1.2043271,-0.21781175
2380,1.8563629,-3.0562959
2381,2.786679,-0.30567166
2382,2.6193058,0.8234888
2383,0.71774787,3.41062
2384,1.762832,2.222643
2385,1.574089,-0.350421
2386,2.6330566,1.8999486
2387,2.898926,1.4767119
2388,2.2373254,1.296943
2389,2.6634758,2.5064344
2390,1.5917981,1.7326343
2391,1.6137899,1.1534007
2392,1.3976959,0.6962909
2393,0.6581466,2.149119
2394,0.8229727,3.5542426
2395,1.2905779,4.2299476
2396,1.6898679,1.3716167
2397,0.80808556,-1.2009352
2398,-1.6156783,-0.6637518
2399,-1.3386493,3.7889817
2400,-0.6782129,2.4030828
2401,1.8504169,2.933123
2402,1.0277997,2.6850834
2403,2.3021934,6.9073944
2404,1.219072,10.174427
2405,1.4930549,11.288229
2406,2.202389,12.647549
2407,2.3598697,5.9753046
2408,2.5467784,6.871133
2409,2.6532245,3.9705853
2410,1.2893422,8.597757
2411,2.1967194,7.530714
2412,0.46888882,7.454833
2413,2.0318465,6.4389715
2414,2.1735578,10.425123
2415,2.5691783,12.098075
2416,1.239865,11.51631
2417,2.3012834,9.99776
2418,1.7791826,11.8226385
2419,1.5070118,10.310148
2420,-1.0977532,9.826535
2421,0.54463595,11.242841
2422,0.38756037,11.952066
2423,0.8227169,7.4751263
2424,-1.0663505,6.3686786
2425,-0.03835768,5.6885743
2426,1.958859,7.314231
2427,0.288918,6.5520043
2428,1.1643869,3.5422015
2429,1.2900352,7.8797197
2430,0.43669042,4.675809
2431,1.5444597,3.3987207
2432,1.5749305,6.3272457
2433,0.11816845,7.11516
2434,2.9402688,3.0559502
2435,1.1388482,5.857741
2436,0.8938869,3.7041042
2437,-0.010694279,1.2090969
2438,1.8957994,2.4706843
2439,1.3275821,3.2288904
2440,1.1198672,2.3685465
2441,1.8830112,2.297726
2442,1.9985708,2.613377
2443,1.8068621,4.3618093
2444,-0.049239747,2.743403
2445,0.66328657,3.8169434
2446,1.6859612,1.7922511
2447,0.633134,5.4281654
2448,1.7981143,3.2231803
2449,0.51123416,0.81108207
2450,0.76300484,1.8726585
2451,0.947982,2.072615
2452,1.0864644,-0.38508072
2453,0.34059215,3.9241211
2454,-0.3081559,0.2159377
2455,0.7727382,0.34374258
2456,0.6303639,3.730561
2457,2.51065,3.8645
2458,0.70382863,5.8519406
2459,0.73368883,6.816977
2460,-0.9016929,8.398267
2461,2.1788013,4.2684507
2462,1.725222,2.4499025
2463,4.9509244,3.6678822
2464,1.0050294,2.3016047
2465,1.1314517,5.360755
2466,1.5733893,2.8545508
2467,2.3250868,4.0130453
2468,1.7312701,3.930527
2469,2.4261112,4.4456005
2470,-0.010074436,5.204027
2471,0.6044191,2.237607
2472,3.2089128,2.7205212
2473,1.8203821,1.1847242
2474,1.8688306,2.085235
2475,2.713958,5.1277084
2476,1.8101491,2.631812
2477,0.14232679,3.918875
2478,1.334208,0.71001416
2479,2.8632982,3.6728947
2480,2.6952868,7.3482404
2481,3.1903872,4.8383613
2482,2.1185765,3.1440942
2483,3.2090557,0.48829883
2484,0.92136955,0.946749
2485,3.4711268,-1.9265355
2486,0.6221306,-0.09429633
2487,1.9537327,-2.2857578
2488,2.4890604,-2.5889075
2489,2.522488,-0.10433711
2490,3.0308976,-2.0218568
2491,1.7738386,-1.2845279
2492,0.99426115,-3.008149
2493,1.409717,-4.111505
2494,2.092366,-1.837782
2495,0.95710146,-1.4801191
2496,1.3561205,-0.4636106
2497,1.8012822,0.83763206
2498,2.2746003,0.123414844
2499,3.4913511,3.0784204
2500,1.7797993,4.1082964
2501,0.5900987,6.622348
2502,0.34466752,2.5704446
2503,1.3208728,4.3169527
2504,0.37270293,5.0346622
2505,0.7517518,5.583482
2506,0.82382274,2.159092
2507,0.88760906,2.3898046
2508,2.2040267,2.096034
2509,3.0044253,1.7159162
2510,2.3109283,4.458226
2511,3.284309,6.198381
2512,0.72971433,6.2787647
2513,0.2149031,5.804389
2514,2.6723487,5.8504233
2515,1.553947,7.596403
2516,1.0755707,7.4972234
2517,2.116213,7.702714
2518,3.7144902,2.5886264
2519,2.4285223,5.1460977
2520,3.0666094,2.8720686
2521,1.4421598,3.615113
2522,2.8105662,3.5254323
2523,1.9153994,1.9994504
2524,2.028577,4.5642753
2525,3.08998,6.7364726
2526,2.6960688,8.008201
2527,1.2968853,6.955481
2528,1.4741277,4.8841934
2529,3.434004,5.178476
2530,2.8061779,7.289368
2531,1.1646625,7.0728106
2532,2.184481,9.953181
2533,3.9826593,7.748149
2534,1.2949744,8.472269
2535,1.4282761,4.703439
2536,0.7484492,6.3144565
2537,1.5377662,5.4183416
2538,1.0513327,4.811405
2539,1.0860759,8.818002
2540,1.7773719,9.155273
2541,2.675101,2.4880226
2542,2.0361874,2.2119257
2543,1.4639431,5.73505
2544,1.8208454,6.673765
2545,2.3148878,4.8024225
2546,0.9533635,5.143147
2547,1.3389437,8.418023
2548,1.665653,9.538414
2549,-0.076153405,5.1358795
2550,0.79460645,11.716572
2551,0.47206482,10.320699
2552,0.4322023,7.308829
2553,1.9261509,8.074819
2554,0.74050516,11.907605
2555,1.8299581,7.9861045
2556,-0.26171473,9.197914
2557,2.6102788,11.005356
2558,1.326809,7.834152
2559,1.1296029,7.0893145
2560,1.4386119,8.692905
2561,0.42697486,8.02823
2562,1.3721045,5.2653723
2563,0.6038603,7.554388
2564,1.7908283,8.139433
2565,-0.4526416,10.2198105
2566,1.2177385,9.66857
2567,2.0968797,9.907038
2568,1.4823809,4.8062263
2569,1.9756049,8.268378
2570,1.4610347,8.182017
2571,1.6535506,7.4950147
2572,1.938449,4.758968
2573,2.8940234,5.8706636
2574,1.5678968,1.7660234
2575,1.7927021,5.257084
2576,2.4728627,8.353023
2577,2.5565226,6.2134013
2578,2.0171826,5.0219946
2579,2.3137915,8.521718
2580,2.3258927,5.913986
2581,1.2220839,3.093271
2582,2.4863822,9.425867
2583,3.0154603,7.5766993
2584,2.9404807,8.313997
2585,2.6121635,8.039475
2586,0.7481303,6.1447387
2587,1.2759957,5.2549634
2588,4.144724,6.823577
2589,1.3453176,4.239373
2590,2.7853084,4.1226788
2591,2.3503063,7.5969405
2592,3.2445164,6.187215
2593,1.3442448,6.6371956
2594,1.5115193,7.0088725
2595,2.5127573,6.256534
2596,3.4065707,3.5657876
2597,1.0128304,10.238701
2598,2.979063,8.483985
2599,2.6699276,4.2725344
2600,2.3309205,2.690823
2601,2.1159363,3.7392266
2602,1.9821336,5.8281107
2603,2.402018,5.0698547
2604,2.8933551,2.3748841
2605,2.131489,3.625327
2606,2.1657193,4.244012
2607,1.0876533,7.211326
2608,2.727481,5.3490543
2609,2.57479,7.6152053
2610,0.85278976,7.663998
2611,1.4802557,6.3396106
2612,2.7290497,7.9181447
2613,2.5799367,5.047167
2614,1.0805469,6.0991592
2615,1.3939943,8.333429
2616,1.7873358,5.344079
2617,1.3881968,7.4942575
2618,2.8596573,8.943997
2619,-0.15541974,7.1849146
2620,1.6262585,9.371012
2621,2.414726,3.7881358
2622,2.0517027,3.8174627
2623,2.8826976,8.748464
2624,2.085417,9.975478
2625,1.8074889,7.0799875
2626,0.5656363,6.144827
2627,1.3141804,5.7225437
2628,0.68506426,5.1811223
2629,1.2147315,5.0831385
2630,1.3427048,8.777316
2631,0.87777257,6.036779
2632,1.6569754,8.514616
2633,0.7155865,4.2111125
2634,1.4157263,7.19549
2635,-0.41700754,6.8456697
2636,1.7865475,5.5437083
2637,1.6974277,4.4717717
2638,1.8351084,10.536199
2639,1.6521074,4.932801
2640,2.2257159,6.008828
2641,3.546541,6.1259804
2642,1.8065503,6.242556
2643,2.635088,4.8404117
2644,1.811172,7.6282244
2645,0.09234467,8.852682
2646,0.8921739,11.822956
2647,0.90140784,10.812293
2648,0.5118448,9.971813
2649,-1.0000743,10.29422
2650,0.46271783,9.779278
2651,1.9015948,8.531174
2652,2.9176424,9.436072
2653,2.2487938,10.572647
2654,0.67133033,11.192553
2655,1.6598089,6.900131
2656,1.6215502,7.1129565
2657,0.14669085,8.8521
2658,-0.1420192,9.0387125
2659,-0.742428,7.3217506
2660,0.72834736,9.918173
2661,-1.7413156,10.067887
2662,1.5464445,7.6580987
2663,-0.053085208,11.552314
2664,1.4761555,10.092647
2665,1.2219318,9.196927
2666,0.40442193,5.1618056
2667,0.2912456,10.138804
2668,1.0760006,11.900037
2669,1.711396,10.462536
2670,2.82337,7.3978634
2671,1.0401475,10.630814
2672,0.33928224,8.236747
2673,1.724636,7.62825
2674,3.591876,8.02555
2675,2.3917797,5.3708625
2676,1.5137336,7.541435
2677,3.591574,5.303283
2678,0.20989344,4.4745693
2679,2.2347057,5.632591
2680,1.1231514,5.188965
2681,2.2628322,6.819098
2682,1.9258553,7.8411326
2683,2.6578014,10.192458
2684,0.5185659,9.148949
2685,1.1712309,9.249388
2686,2.7013328,10.615613
2687,0.42055827,6.5710206
2688,2.5562196,10.106539
2689,3.3019474,11.045604
2690,2.482949,9.345364
2691,2.1982532,10.735857
2692,3.7315576,8.115004
2693,2.8679495,10.022228
2694,3.6774375,7.031789
2695,4.0101604,10.597013
2696,2.8093386,9.699846
2697,1.7370284,6.1544647
2698,1.6864669,9.703723
2699,1.3254248,7.1312156
2700,3.2846794,9.035776
2701,1.8579803,8.354289
2702,1.1566844,6.636596
2703,3.0690577,5.1029058
2704,3.9732943,5.7139482
2705,2.0710475,3.7788925
2706,0.21019904,4.30366
2707,2.3582425,8.351529
2708,2.159674,6.561547
2709,2.0766408,4.5645967
2710,1.2076362,5.9862785
2711,1.6486194,6.333984
2712,0.0340468,6.2027354
2713,0.3892322,9.056116
2714,0.16374342,6.912807
2715,0.38914454,8.03983
2716,-0.6372899,5.9771743
2717,1.2458522,4.264412
2718,2.0988119,6.4962807
2719,1.3549416,8.523777
2720,1.0390406,6.622563
2721,0.86636376,8.949853
2722,2.8050113,7.0253663
2723,2.805226,7.584241
2724,0.6706217,7.5372972
2725,2.0880291,6.5288744
2726,0.60204923,2.0020008
2727,1.4598856,1.308001
2728,1.165301,0.13836814
2729,0.5008504,1.3668476
2730,0.57150733,0.42917228
2731,-0.26974374,2.28771
2732,1.9173151,0.5694708
2733,0.42028338,2.9506462
2734,2.0465283,-1.2318367
2735,1.0399636,-2.081656
2736,1.0374376,-0.15064943
2737,0.18935277,-1.8587848
2738,0.12369622,3.1766777
2739,1.3460029,1.2762911
2740,1.1431165,1.783935
2741,2.0472627,4.2102866
2742,-1.0405778,1.5981658
2743,-0.32417938,0.9047726
2744,0.26742536,-0.6134478
2745,0.00069768477,-0.65746045
2746,0.78060555,0.1582674
2747,-0.88627064,-0.34963277
2748,1.1371536,0.85975695
2749,1.1628835,1.0080715
2750,0.67611206,-0.10744893
2751,0.45776188,-2.4193819
2752,0.35490498,0.042998567
2753,-0.7150939,0.42071325
2754,0.4518552,2.9323304
2755,-0.39650366,0.6418554
2756,2.0748012,-0.79228485
2757,0.6287053,2.9567983
2758,0.78244126,0.30333695
2759,-1.8470967,-2.062761
2760,-0.5136625,-1.3763183
2761,-1.1708568,-0.09530976
2762,-0.67254084,0.63142455
2763,0.45050123,-0.5008241
2764,0.8023669,-1.6462955
2765,1.1132014,-1.6224271
2766,-2.0960448,-3.6440938
2767,-0.50332296,-4.0638485
2768,1.0291429,-0.13986719
2769,-0.17672937,0.63876486
2770,1.2613161,-2.7477877
2771,-0.24259742,0.01623065
2772,-1.0377994,1.1751528
2773,0.91743404,-2.171025
2774,0.566224,-1.0827105
2775,0.8668097,3.1404428
2776,3.0763748,1.8385851
2777,0.18490422,1.1561201
2778,1.9509798,0.060021747
2779,1.2430841,0.21639924
2780,2.114226,1.368426
2781,0.7594001,0.17178498
2782,-1.02579,4.3922896
2783,-0.04215036,0.22320443
2784,-1.059547,3.601403
2785,-1.4044187,3.8238862
2786,1.6493373,1.7875581
2787,1.4229907,3.3494542
2788,2.5119188,2.907383
2789,0.8571226,-0.22518912
2790,-0.9997146,-0.45344982
2791,-2.9262605,-0.40251067
2792,-2.656891,-3.176063
2793,1.3349823,-0.29045495
2794,2.513905,3.972888
2795,1.5282251,3.406075
2796,1.2614814,3.1344678
2797,1.3052449,4.907509
2798,0.2306996,1.6104645
2799,2.5451956,1.3996382
2800,-1.154701,4.6889415
2801,-1.8084042,3.4184089
2802,0.1915072,1.6731563
2803,-0.173063,1.8673278
2804,0.18864807,0.32587278
2805,-0.64686054,-0.50927275
2806,0.78742826,4.6937184
2807,0.24183978,-0.9598943
2808,-0.09602488,-0.27300403
2809,1.7992555,1.1863787
2810,1.7414981,2.7304869
2811,0.16637224,1.8002132
2812,-0.11183386,2.3036828
2813,1.1801583,-1.8351734
2814,1.8866205,1.3543015
2815,1.6580527,3.3260808
2816,2.2359731,2.8740928
2817,1.376987,1.6151186
2818,2.121774,1.0448983
2819,2.3443296,0.60148704
2820,2.0218074,0.22728094
2821,2.3243618,-0.8294764
2822,2.928404,-3.6727111
2823,1.2093805,-2.126444
2824,-0.3342393,-1.7539238
2825,-0.57303613,-1.402071
2826,0.48698658,0.06618757
2827,0.9686147,1.019027
2828,2.269855,0.2981386
2829,0.53722686,0.083858706
2830,0.36953136,0.729075
2831,1.0893724,0.64319533
2832,2.928351,-0.49552816
2833,0.11235841,1.3653437
2834,1.4717811,3.1584487
2835,0.70946336,0.48607486
2836,0.9712034,2.273849
2837,0.46827522,-0.42193756
2838,-0.089809045,-1.5554086
2839,0.72274673,-1.2647226
2840,0.55867624,1.7975371
2841,1.057281,0.65616924
2842,0.9084161,-0.81139886
2843,-0.22445177,2.9754577
2844,0.15560131,0.4844762
2845,0.5011171,0.18098335
2846,2.906346,-0.124266185
2847,3.0723095,-0.28466502
2848,1.2022772,-0.525766
2849,1.4489853,-0.72761095
2850,-0.67939883,0.01723895
2851,1.1880531,-3.3214853
2852,1.8949494,1.0060518
2853,0.93551195,0.54208434
2854,2.1501346,-1.5981655
2855,2.0710635,-1.4928325
2856,1.2096428,0.23200548
2857,2.3768396,-2.7504365
2858,1.6928804,0.02539666
2859,2.021067,-0.066906154
2860,2.084959,0.20475951
2861,2.655789,2.6867886
2862,2.538691,1.523922
2863,1.9449337,1.2290822
2864,0.48873678,-0.083563864
2865,2.3846424,1.8358611
2866,-0.1942996,1.2189087
2867,1.6737715,-1.4436272
2868,1.4062251,0.09748302
2869,0.79646105,-0.41613185
2870,2.1190243,-0.8054772
2871,1.9624836,-0.33622897
2872,1.422346,0.16763768
2873,1.4859519,3.6221774
2874,1.2316054,5.7693367
2875,0.942295,1.8840561
2876,1.8917065,3.4444773
2877,2.0346057,2.352039
2878,1.4727423,4.3866034
2879,3.6483073,3.7611573
2880,3.8941102,1.6960224
2881,1.3013194,2.1411371
2882,3.1815245,-0.038247738
2883,2.4443228,2.2718534
2884,4.181314,3.3073204
2885,1.3630335,2.5845535
2886,3.4713404,2.729135
2887,2.7379444,-0.3342971
2888,2.137214,0.14400677
2889,1.9328945,1.9114377
2890,3.025032,1.7041714
2891,3.2740886,0.8959495
2892,2.3502584,0.49091563
2893,1.2696099,0.26126498
2894,1.8676777,3.913107
2895,2.182726,-0.7791032
2896,1.9197582,-1.8500471
2897,1.6309952,0.034890898
2898,1.5464084,-2.2664075
2899,1.0855664,-1.202646
2900,2.2716742,1.1098907
2901,1.6651852,2.010891
2902,1.3117385,2.2555285
2903,1.5629318,1.9960798
2904,1.725782,-0.2897979
2905,-0.40023512,2.8753264
2906,-0.005554938,1.8901259
2907,0.13767725,3.4771664
2908,0.2546814,3.6241188
2909,0.75818634,1.8855296
2910,0.3274237,2.3978567
2911,0.78879595,3.2506425
2912,1.1418724,5.1201353
2913,2.0682688,2.5106368
2914,-0.020467825,3.106908
2915,2.371997,2.8984296
2916,1.7670947,1.9692017
2917,0.68651456,4.9992075
2918,1.733274,2.221752
2919,1.065377,1.7835133
2920,0.72656465,6.67294
2921,-0.26573405,2.8299682
2922,1.5590737,2.322099
2923,2.9899387,4.061524
2924,0.22697243,1.9805187
2925,0.5233887,2.0991054
2926,0.085458584,4.8346157
2927,0.6931591,0.40351862
2928,1.6280531,1.3165575
2929,3.090283,1.46922
2930,0.9077632,4.100874
2931,1.594197,1.4691702
2932,0.6439363,3.634009
2933,2.3168476,2.0518787
2934,2.9520426,1.9724858
2935,3.5071611,2.5050836
2936,3.3112156,3.1687815
2937,3.3980603,4.926485
2938,2.3631654,2.4747038
2939,2.1508684,3.9069672
2940,3.8104627,2.2494936
2941,1.0259817,-0.5128128
2942,3.1088321,0.651003
2943,2.3428502,5.3952866
2944,1.8674402,2.10403
2945,2.72101,2.2497282
2946,2.3110564,4.9110475
2947,0.8640898,3.540111
2948,0.63980913,2.0517776
2949,2.3913279,0.89407665
2950,1.8737333,4.6019855
2951,-0.073065445,3.844391
2952,4.0221577,1.7781482
2953,0.053437114,0.86627114
2954,-0.041881386,2.1727707
2955,1.4165037,1.3301874
2956,3.2228327,-1.2104182
2957,1.1260852,0.9746123
2958,1.0534081,-0.9602432
2959,-0.29115242,2.3141868
2960,1.2891837,-0.33397397
2961,0.47813696,1.7284752
2962,0.36418724,1.7468235
2963,-0.22874288,-2.7560945
2964,-1.1456006,1.5686214
2965,-0.9735671,1.2205
2966,2.138999,0.9968659
2967,1.8789126,1.570686
2968,2.198737,0.06317278
2969,-0.60460293,1.8478017
2970,0.20743094,2.5388172
2971,1.176844,1.610442
2972,1.8810968,3.9341078
2973,2.3761747,-0.7229258
2974,1.7637554,0.06781867
2975,2.554733,4.538251
2976,0.88524354,-0.4862598
2977,-0.87420094,-1.8042879
2978,0.4222597,-0.33702898
2979,1.8780552,-1.4813584
2980,0.3756737,-2.402614
2981,0.7066871,-1.2324401
2982,-0.9338715,-0.99668354
2983,-1.127825,0.08620377
2984,-0.5256646,1.2121036
2985,0.40556097,1.6507397
2986,1.1295668,2.4788487
2987,1.8187946,2.4731276
2988,0.8503913,2.5479164
2989,-0.1472604,-0.34294024
2990,1.3962398,-0.23258606
2991,-0.13991135,0.09738668
2992,0.744229,-0.64314127
2993,-1.2111002,1.632106
2994,1.3183482,1.2908548
2995,1.0003171,1.2721494
2996,0.7413052,2.4111555
2997,1.6905857,-1.1364212
2998,-0.71847254,-0.22247541
2999,0.98342514,0.008908033
3000,-0.1466114,-0.5847384
3001,0.2982139,0.914558
3002,0.92623806,1.3171412
3003,-0.759915,2.149103
3004,-1.1757983,1.3744093
3005,0.50158846,4.2729917
3006,0.5133302,-0.80214196
3007,-0.07069819,3.9105642
3008,0.49362865,3.5049264
3009,1.0133098,2.7458186
3010,-0.056351382,-0.81244963
3011,1.1322147,3.1906462
3012,1.0300606,-0.74907833
3013,1.413881,3.7845457
3014,1.3115685,3.2606125
3015,-0.13801907,4.8557196
3016,0.6297821,2.9179628
3017,1.7744883,-1.7518407
3018,0.6916908,2.4855504
3019,0.9588083,1.1316957
3020,1.3286383,1.7927012
3021,2.7630513,0.83319694
3022,2.0517862,0.61417115
3023,2.3201215,0.8207198
3024,0.5326078,1.912142
3025,1.7061653,-0.46555308
3026,0.014617501,2.170662
3027,0.61873144,4.2763286
3028,0.7530294,2.0310137
3029,1.9379452,0.75100833
3030,-0.44327068,1.7474507
3031,1.3000996,0.8941655
3032,1.7861238,-0.25899678
3033,1.1270642,0.45107526
3034,1.3958341,-0.51252466
3035,0.54821587,0.31445065
3036,1.1306853,3.6269
3037,-0.6080743,-0.116162196
3038,1.733628,1.0213331
3039,0.6228514,1.618139
3040,0.51010376,0.52419686
3041,1.1746205,0.8954228
3042,-1.2160225,1.3571299
3043,0.37368536,0.9866049
3044,-0.08408081,5.0590568
3045,0.5003532,4.7182226
3046,-0.6694749,3.270503
3047,0.09719589,2.5682638
3048,-1.381761,2.5539248
3049,-0.40235177,1.0205383
3050,-0.09711657,4.261147
3051,1.9141394,-1.0686527
3052,0.9888095,1.7019753
3053,-0.06928987,1.5615908
3054,-0.8631485,-0.014393903
3055,1.5355175,-0.38975316
3056,1.8064203,-0.7557053
3057,0.9180229,1.0601292
3058,0.7021259,1.3198642
3059,-1.716774,-0.42584863
3060,0.30368495,1.9153496
3061,0.8119921,2.3560476
3062,0.9650453,0.041630033
3063,-0.42206067,-1.6648798
3064,0.66524315,-0.2805934
3065,-0.062475983,-0.9954055
3066,0.5308012,1.3727341
3067,0.61307377,-0.32825646
3068,1.3587233,1.1300504
3069,-0.24414489,0.25128785
3070,-0.53341085,-1.6056551
3071,0.69896704,2.130984
3072,0.6590724,2.2974234
3073,0.66500396,2.3656068
3074,1.1924345,2.4659848
3075,0.11377586,2.9694495
3076,-0.5376593,4.3590693
3077,-0.2979121,1.4252646
3078,-0.055104654,2.0570662
3079,-0.32323194,2.2085376
3080,-0.96332806,1.6490427
3081,-0.4381312,2.4687085
3082,-0.59241456,1.7227046
3083,0.35603416,0.17829326
3084,-0.2648393,1.1510308
3085,0.015231513,0.16094455
3086,1.5215338,1.8618866
3087,-0.5999535,1.6237806
3088,0.008360056,-2.8664732
3089,0.63328725,-0.7534946
3090,1.5009763,1.215886
3091,0.8595241,0.95173496
3092,-0.23798166,0.5677947
3093,-1.1502684,0.010492692
3094,1.2181796,-2.2481694
3095,0.44069508,-1.5396111
3096,-0.8657596,-0.5946074
3097,1.1009177,2.5853052
3098,0.53543043,1.3142153
3099,0.6191218,-3.0238822
3100,0.52975094,-1.8263086
3101,-0.037601065,-3.5064046
3102,0.16616432,-2.9179976
3103,0.2472573,2.854802
3104,-0.39376828,2.1592655
3105,-0.35605404,-0.17702319
3106,1.2769781,-0.160062
3107,0.20989133,2.3847044
3108,0.3731743,0.22630142
3109,0.680395,0.4176272
3110,1.0141969,2.580215
3111,1.3334411,1.720747
3112,0.75207263,0.5279229
3113,-0.5371061,-0.49181098
3114,0.2429513,-3.8841112
3115,0.14191802,-5.1309304
3116,0.99045974,0.8604564
3117,0.03919665,-1.7317823
3118,1.1075953,-0.57279146
3119,2.2704656,-0.07550423
3120,0.68109936,0.09335076
3121,1.8540589,-1.3094316
3122,-1.8144777,-0.9136217
3123,-1.0628725,3.736561
3124,-0.8343295,1.8603083
3125,0.4093794,-0.34167713
3126,1.2433715,-1.058196
3127,0.77805704,1.5375676
3128,1.5761889,0.18420966
3129,0.79530805,1.5354395
3130,1.1735811,-0.18935677
3131,0.5021419,2.2494247
3132,1.124869,-0.14736025
3133,0.09420608,2.4960968
3134,-0.12587605,2.859657
3135,0.09931264,1.8757364
3136,0.35708207,0.900335
3137,1.1269965,-1.0877732
3138,0.3926417,2.063567
3139,0.4502228,3.3069913
3140,1.7247412,-0.5991902
3141,2.3961663,0.66817486
3142,0.36599505,-0.2656721
3143,1.4998951,2.3099017
3144,0.60432494,3.0421865
3145,1.672424,1.7129234
3146,0.9549971,0.6419925
3147,2.227422,0.95784134
3148,1.7298298,2.5659595
3149,0.067701384,1.8601904
3150,1.2592545,3.243155
3151,0.14142655,0.68546194
3152,0.8262587,0.5413378
3153,2.803088,-1.728805
3154,0.15403204,0.2091531
3155,1.0716181,-4.334445
3156,0.21282554,-1.7534584
3157,0.95840776,0.7047171
3158,1.3520447,-2.4246674
3159,1.7579616,0.7333648
3160,0.06582681,-0.83016616
3161,1.6901655,-2.0843012
3162,0.62888306,-0.49467787
3163,1.1905035,2.0429132
3164,1.0760942,3.073823
3165,0.5050825,3.2201774
3166,-0.13864465,2.7825525
3167,0.92535746,3.6203184
3168,-0.68807817,1.7659175
3169,-1.5095013,0.4106901
3170,0.5282764,1.6411797
3171,3.2998435,2.0932925
3172,3.1121156,0.88860905
3173,2.6079848,-2.0808644
3174,1.3465767,-0.6281313
3175,2.4349923,1.458912
3176,3.648202,0.306825
3177,2.168587,0.6996098
3178,3.408741,-0.53275305
3179,0.23594047,0.4896646
3180,3.5179155,0.88463634
3181,2.3894136,3.591265
3182,2.1419108,-0.16865276
3183,1.9350492,0.42288536
3184,2.5179899,2.3329713
3185,2.701028,-0.66380197
3186,1.8541336,1.0345737
3187,3.1573787,2.4470212
3188,2.4459968,3.5968266
3189,2.4261987,2.7258375
3190,2.4392807,1.409681
3191,2.3673663,1.6127522
3192,2.6725264,0.3128923
3193,3.2676342,1.56601
3194,4.019703,2.256386
3195,2.180806,3.4517925
3196,0.20650502,2.3686492
3197,-0.31351203,0.64831895
3198,2.2847733,1.030901
3199,1.0688632,3.039528
3200,2.1831586,0.49065906
3201,2.2310426,4.0295486
3202,3.2317889,1.4921234
3203,1.1487616,2.0248687
3204,2.8699675,-0.12206242
3205,2.0123956,-1.229307
3206,1.9010682,2.065636
3207,1.6128439,0.8958717
3208,1.4604611,1.6858845
3209,2.1383383,1.3182343
3210,2.3911219,3.2392075
3211,2.1758106,4.288201
3212,2.5052607,2.3836024
3213,2.3045921,4.8377013
3214,0.4624416,1.005947
3215,2.600597,4.34951
3216,4.5276093,-0.29571888
3217,2.356524,1.6187373
3218,4.1898937,2.6080048
3219,2.548011,1.4910783
3220,2.3480117,2.6199167
3221,1.6969758,4.0265107
3222,3.6706645,1.2744704
3223,2.815828,2.292096
3224,1.452348,1.9728471
3225,3.91605,-0.15540887
3226,2.4134815,0.6291224
3227,3.2436888,1.197286
3228,2.0226786,2.1300855
3229,1.1728153,2.9999866
3230,1.3783997,2.4233148
3231,2.6600366,0.08475621
3232,0.016076863,1.6336089
3233,0.5848483,0.3440948
3234,0.051977437,4.147903
3235,1.3616371,1.2829903
3236,1.1821483,-0.57624406
3237,3.3278375,2.1330297
3238,1.3639886,4.771417
3239,2.4111915,1.3842179
3240,0.76857656,1.9232249
3241,1.8056084,2.352065
3242,2.5039155,1.8137602
3243,1.7707055,0.6374266
3244,-0.07008037,-0.09490296
3245,1.1871718,1.5784675
3246,0.66525275,2.0841358
3247,2.182555,4.3996487
3248,1.379024,0.14875008
3249,1.4647151,1.399695
3250,0.59610885,2.2565475
3251,1.370591,1.2758627
3252,-0.33077785,1.6930323
3253,3.2958736,1.4789249
3254,1.8170248,-1.4839162
3255,0.80873376,-2.03328
3256,-0.45811725,-1.224716
3257,-0.06813187,2.8411613
3258,0.30483475,0.03365834
3259,1.6318521,0.22994404
3260,0.6371242,1.5811236
3261,0.0029252113,1.4016484
3262,1.1567794,-0.15318865
3263,1.6690255,-1.5542605
3264,-0.53734165,1.8005852
3265,1.4663652,-0.057131298
3266,1.9499029,2.966899
3267,1.146225,1.391069
3268,0.2363744,0.9549607
3269,1.4744962,3.5392704
3270,-0.38594258,2.0590124
3271,0.36202356,-0.14945996
3272,-0.6575438,2.728119
3273,-0.5870805,2.1465394
3274,0.37136388,2.8074958
3275,0.5638033,0.5570691
3276,0.71089345,1.5930266
3277,-0.28418365,2.3422358
3278,1.0733802,0.4368765
3279,-0.5098224,1.5010198
3280,1.8846618,2.4760334
3281,2.9017181,2.4597344
3282,1.089767,1.7763504
3283,0.027827749,2.8871412
3284,1.0433638,1.9538106
3285,-0.38510668,3.6455986
3286,0.8077085,-0.5650721
3287,0.80598867,-0.79911417
3288,-0.76419157,0.67362154
3289,1.2356328,-0.75536984
3290,-0.55754685,2.4230244
3291,1.3471029,0.46797138
3292,0.75188804,3.4897733
3293,0.5885546,2.145617
3294,0.92384076,0.5213107
3295,1.4320482,1.7106249
3296,1.7969021,0.8464457
3297,0.82661813,-0.17961684
3298,1.5623733,0.22927512
3299,0.7678403,1.4651303
3300,-0.42237085,0.8023454
3301,0.7880403,1.5150683
3302,0.20627747,1.3354326
3303,1.0172715,-0.9551295
3304,1.460449,-1.9933627
3305,1.1087335,-1.6578785
3306,1.5371419,1.7869803
3307,1.296043,-0.77943313
3308,0.89582783,0.8706782
3309,2.5894136,-1.3666598
3310,2.8818452,1.1432207
3311,1.2103069,0.80227524
3312,1.1891956,0.45354116
3313,3.185411,-2.3817272
3314,1.4415548,-2.4265006
3315,1.6190468,-0.7390496
3316,2.522137,-3.0083888
3317,2.429223,-0.5525929
3318,1.4606764,1.239228
3319,2.0705276,2.0703638
3320,1.8779887,1.2316078
3321,0.79703844,0.3803927
3322,2.08516,0.6153568
3323,1.7643162,0.3432762
3324,2.6548781,0.11733118
3325,0.5886404,1.9342157
3326,3.3296304,0.47126645
3327,1.855418,2.5718443
3328,1.3904969,1.7779582
3329,1.1043051,0.12700093
3330,1.8662486,-0.62512
3331,-1.1319729,0.89583033
3332,-0.08974568,1.9289469
3333,0.5840805,1.7415185
3334,0.6705682,0.5785474
3335,2.0331388,0.8449648
3336,-0.7435781,1.6881342
3337,2.9877226,1.2429826
3338,1.7312359,1.8249371
3339,1.1532327,2.767096
3340,0.19445948,-0.8302747
3341,-0.49074724,2.6667013
3342,0.46986577,2.931774
3343,-0.7937058,1.3218322
3344,-0.23423097,1.0605699
3345,-0.435153,-0.38795027
3346,0.7336488,-0.93452543
3347,2.0489707,-2.3521972
3348,1.4684917,-0.14616139
3349,0.50016797,-1.0702846
3350,1.798919,-0.9978895
3351,1.7694077,-1.4690526
3352,0.77707314,0.04137923
3353,0.82229036,0.30712202
3354,0.43647358,0.8003577
3355,0.5882028,2.202095
3356,2.8775876,2.6131327
3357,1.6845891,1.9702008
3358,2.5756874,-1.7924695
3359,-0.019323342,0.0044200122
3360,1.0858207,4.482998
3361,0.90099686,1.1252623
3362,0.9951523,-0.20912483
3363,1.3095372,-0.23826157
3364,2.4566195,-0.13012962
3365,1.5038,-0.40014493
3366,0.6744808,-0.50435984
3367,1.4557885,-0.39605764
3368,0.44543543,1.7743496
3369,1.7522573,2.577864
3370,2.6945999,-1.6680671
3371,0.8883942,-0.3160012
3372,1.6126221,-0.023676611
3373,2.09284,-1.300116
3374,2.1832266,-0.5697559
3375,0.9774891,0.090919994
3376,0.5608471,1.3249184
3377,1.4098405,0.05455219
3378,1.8650794,0.28570083
3379,1.692359,2.221762
3380,1.9835885,1.8775519
3381,1.4246056,-1.1788361
3382,0.2732237,-0.71471614
3383,1.2621113,0.1605858
3384,0.43715078,0.27658653
3385,1.8262966,1.3517014
3386,1.6254622,1.3593723
3387,1.5106316,-3.0378983
3388,-0.23584053,0.31395137
3389,1.1168818,1.4859464
3390,0.7911887,1.5313902
3391,1.2698189,1.9141791
3392,1.9143572,2.067308
3393,0.9019145,2.5930057
3394,1.1674111,3.0702198
3395,0.6662803,2.4956288
3396,1.3240091,2.8474405
3397,1.7370691,3.017158
3398,1.6913673,4.076019
3399,1.4307302,0.25442427
3400,2.599472,1.0345242
3401,4.492721,2.1564944
3402,2.3338265,-0.18544838
3403,0.82491106,2.1735084
3404,1.6362749,-0.13369355
3405,0.013402125,1.3074129
3406,1.852497,0.89126915
3407,2.1054072,1.2842727
3408,3.3714147,1.3978084
3409,0.9936355,-0.14676903
3410,1.1257663,-0.114982344
3411,0.5499744,0.56820357
3412,-0.6822466,3.7490644
3413,0.21393949,1.6495279
3414,-0.32151616,0.9399
3415,-0.7827548,0.91118103
3416,0.13398124,1.3057522
3417,-0.80093247,4.042622
3418,1.140085,0.2618923
3419,-0.2621755,0.61411893
3420,1.1138842,-2.5400624
3421,-0.11222205,2.9114256
3422,1.6781168,-2.7704556
3423,0.85953933,-0.7400628
3424,0.3179252,1.0765043
3425,0.58967537,4.6408734
3426,1.1815262,1.5731103
3427,1.5968543,3.1519217
3428,0.21154697,0.6094476
3429,0.24806441,2.021185
3430,0.92153853,3.344427
3431,0.8080806,-0.20391227
3432,0.74085766,-0.150614
3433,-0.44157982,-1.8751981
3434,-0.30518055,1.4911486
3435,1.372664,1.9408704
3436,-0.38999215,-0.24672645
3437,0.033583436,0.6225453
3438,1.1936917,-0.25047857
3439,0.029471451,1.8122926
3440,0.9207394,1.0980492
3441,0.06546834,2.1390786
3442,0.62927777,0.53597826
3443,-1.7690636,1.6792784
3444,-0.94022083,2.6670847
3445,-0.18213984,0.20434241
3446,-0.38543504,3.1223404
3447,0.7278469,-1.5663455
3448,1.2391058,-0.041928586
3449,0.40109277,1.5873967
3450,0.6096075,2.0380213
3451,0.16251424,0.06613013
3452,-0.61697733,0.2057864
3453,0.84590507,0.5458558
3454,0.4660481,0.78845817
3455,1.4347724,0.7502296
3456,1.9178903,2.7495499
3457,2.3378897,1.6326066
3458,1.7608824,4.540293
3459,1.0612868,4.058613
3460,2.31538,2.465963
3461,1.6031786,0.48201886
3462,1.8879056,-1.6040571
3463,0.71891916,0.31317595
3464,0.4114231,-0.7734108
3465,1.8689826,-1.9877025
3466,1.9938799,0.7997665
3467,1.8993496,0.6320547
3468,1.9704868,0.54488266
3469,1.5840193,-0.31660068
3470,2.854716,1.787898
3471,1.4266057,0.27841997
3472,1.0877937,-0.45943996
3473,2.5228298,-0.13303831
3474,0.09469165,0.7574778
3475,1.291159,2.8172915
3476,0.07345615,0.44146043
3477,0.8911557,3.375244
3478,0.2222771,3.2040899
3479,0.22225513,2.8733501
3480,1.11639,2.7784724
3481,0.88887715,2.2474525
3482,0.8595702,1.3680179
3483,-0.90671396,5.518516
3484,-0.12718426,2.2809722
3485,1.6813283,-1.6894467
3486,1.2714093,3.0811982
3487,0.06524247,-0.22555344
3488,-0.072644286,1.0737197
3489,0.80742687,0.059263445
3490,1.401919,2.2754369
3491,-0.015440876,0.82034963
3492,-0.90371543,0.60637033
3493,-0.13111703,2.7010317
3494,0.6538838,3.4227457
3495,0.86640525,3.052193
3496,1.1166877,0.85207367
3497,0.7312048,-0.8101586
3498,-0.6411558,2.234741
3499,-0.53076816,3.3585896
3500,-1.0216532,0.5439761
3501,0.7119116,1.6673762
3502,-0.5450962,1.6938586
3503,1.629372,3.8076615
3504,-1.3486139,3.3684385
3505,0.039631434,3.0634816
3506,-0.02327252,2.6171587
3507,0.6073501,0.88123554
3508,0.15316567,0.5507446
3509,1.2609584,0.011225857
3510,0.5121772,2.6904097
3511,-0.52466047,0.73187524
3512,1.4477661,1.1945148
3513,0.93389845,0.42497525
3514,0.013406807,0.5680998
3515,1.5002735,-1.7110007
3516,1.0054603,0.96959853
3517,0.7846661,1.2621663
3518,0.2976053,-1.5181988
3519,0.32144088,1.4334037
3520,-0.20375192,1.8944668
3521,1.2783958,0.19571316
3522,2.7406242,2.2186377
3523,0.91440463,-0.32882518
3524,0.5587381,0.97794276
3525,1.0961225,1.802421
3526,1.9184549,1.8037611
3527,1.0376064,-0.3897617
3528,1.0953065,-0.29290205
3529,-0.49574685,-1.0160528
3530,0.14675307,0.75416565
3531,-1.262257,0.6698389
3532,1.3070949,-1.7309508
3533,0.72610366,1.5419465
3534,0.18764721,0.0015052154
3535,0.6117063,-0.34354058
3536,-1.3313587,-0.050230294
3537,-1.0755262,1.0004154
3538,-0.44933057,2.5107384
3539,0.571284,-0.9393384
3540,1.3993217,-2.473549
3541,-0.05425931,0.25308135
3542,0.2524082,0.6079511
3543,-1.3011013,2.751537
3544,1.0578903,-2.6989436
3545,-0.84295166,0.81212604
3546,0.343094,0.67433673
3547,-1.2665175,0.6794203
3548,-1.8105539,0.9284057
3549,-1.3416868,1.5497146
3550,-2.997919,-0.18145387
3551,-0.1782148,-0.23240921
3552,0.270131,-0.065165885
3553,-1.2543999,0.35312253
3554,-0.7824969,-1.3825656
3555,-1.0323738,2.676417
3556,-0.50746614,1.0048327
3557,-0.18957417,-0.21930462
3558,0.6782473,-0.5658779
3559,0.09204002,1.4361793
3560,0.11013733,0.44883093
3561,0.2868513,1.1098343
3562,-0.51886576,-3.7064252
3563,-0.7000783,-0.049494248
3564,0.88589567,-0.3321233
3565,1.3407162,-1.0515499
3566,-0.20653264,-1.5869313
3567,-1.8944426,-2.1382844
3568,-1.2489172,-2.2037086
3569,-4.3295593,3.46939
3570,-4.314556,0.86395675
3571,-3.0089984,1.7927731
3572,-3.614783,2.5788276
3573,-1.8604329,-0.32221684
3574,-0.3429542,1.2249274
3575,-0.31067482,2.8914607
3576,-3.9299479,4.0809307
3577,-3.7898555,3.2854967
3578,-4.283579,1.9654281
3579,-3.3664994,3.2889934
3580,-4.363884,1.9915149
3581,-2.5617936,-0.7064891
3582,-0.92897403,-0.7353209
3583,-3.7403135,3.3779137
3584,-2.4746764,0.2057762
3585,-4.0676117,-1.3519918
3586,-3.5518475,-1.2067448
3587,-4.814421,1.4520267
3588,-5.208671,3.5612783
3589,-3.1272492,0.49842805
3590,-2.1210122,1.9021076
3591,-3.8772068,-0.3937302
3592,-4.9814644,1.6451415
3593,-3.296498,1.0784109
3594,-4.4807267,1.7155286
3595,-1.6556153,-1.7965901
3596,-2.2793612,-3.083022
3597,-3.766315,-1.536087
3598,-4.348282,-2.1588306
3599,-3.1772914,-4.177295
3600,-5.03407,-1.8072262
3601,-2.0831668,-1.6736493
3602,-1.8341758,-2.1667674
3603,-4.202614,0.7274845
3604,-2.5944104,0.14549197
3605,-2.2893634,-0.96151286
3606,-4.133136,1.7438043
3607,-5.487393,0.95170623
3608,-3.737967,-0.81100273
3609,-3.7324405,-2.2759378
3610,-4.154964,-0.6151787
3611,-2.4934895,0.09469
3612,-0.6132383,-0.24079838
3613,-0.138835,0.75313985
3614,-1.7685149,-0.72598284
3615,-2.9778075,-0.8861756
3616,-1.4391358,0.8271022
3617,-0.5369892,0.4449742
3618,-1.0440652,-0.19445854
3619,-0.18075973,-0.33639085
3620,-0.46937618,-0.30021396
3621,0.78904235,1.1370461
3622,0.28802976,3.0057056
3623,0.9951199,-3.1492686
3624,0.9484588,1.613398
3625,2.1175125,-1.4065965
3626,-0.42751896,-0.12634462
3627,1.2833581,-0.7776018
3628,0.6604201,0.49531093
3629,-1.1177142,-0.54438037
3630,0.7881779,0.76492894
3631,0.23143098,-1.2364289
3632,-1.2275951,0.7764845
3633,0.1758886,-2.4120176
3634,-0.2848367,-1.9625745
3635,0.84023917,0.26062426
3636,0.0075632003,-0.95512325
3637,-0.21887523,1.0969886
3638,0.19402188,-1.4835967
3639,-0.010358871,1.012841
3640,-1.7170969,-1.114278
3641,-0.24727842,-0.28033802
3642,1.1726651,0.81935954
3643,0.89025855,1.1699243
3644,-0.28975073,1.5081645
3645,-0.2077456,3.476501
3646,1.0890687,0.40138274
3647,0.58626765,2.4215984
3648,0.08564433,1.6957455
3649,0.90956044,0.2208462
3650,1.0051167,-1.8794363
3651,-1.25379,3.300242
3652,-0.45488045,0.9481416
3653,-0.7919649,-0.29859674
3654,-0.5378629,-1.377336
3655,-0.9871527,0.8541523
3656,-1.7063345,-1.2658477
3657,-0.6734127,0.0776416
3658,-0.4650534,-0.5915819
3659,-1.1390188,1.8918777
3660,-0.4788612,1.7898482
3661,-0.4611737,0.279985
3662,-3.0784218,3.6714268
3663,-1.6612842,-0.33628613
3664,-0.5578919,-0.993248
3665,-1.7471789,-0.1321424
3666,-1.7471582,1.1102078
3667,-1.5181429,-1.6633217
3668,-1.1865741,-0.6005308
3669,-2.2035515,-0.8939886
3670,-1.2581923,-2.403708
3671,-0.2471081,-0.74037474
3672,-1.2045178,-2.7073984
3673,-1.1719195,1.5413502
3674,-1.3610289,2.8019586
3675,-1.5974175,0.88296205
3676,-0.72852874,2.3948746
3677,-0.83056116,-0.37689796
3678,0.6148543,0.97342503
3679,-1.3048955,1.4908725
3680,-0.7960231,1.6070166
3681,-0.19071715,-0.7789279
3682,0.33784264,1.7130165
3683,-1.0894037,3.7607453
3684,1.6211745,2.3743737
3685,-0.624826,0.8310439
3686,-1.3532336,0.9575422
3687,-1.6532868,0.86256766
3688,0.11563929,1.0283972
3689,-1.9386303,1.7349541
3690,-2.152756,-0.21881424
3691,-2.7855191,-0.049697302
3692,-1.4039221,-0.5868607
3693,-2.1359706,-0.7347681
3694,-2.650395,-1.4091278
3695,-1.4524273,0.33254686
3696,0.034772966,-0.4929099
3697,-0.08516845,-0.9274955
3698,-2.8147035,-0.4146083
3699,-0.1857073,2.4905062
3700,-0.64567757,-1.0895125
3701,-0.74561614,0.6043
3702,-2.8902028,1.1073488
3703,-0.026002293,1.3704283
3704,-1.4818941,1.5393534
3705,-2.2258353,2.877326
3706,-1.6083065,1.5143327
3707,-2.944101,1.7099391
3708,-2.332441,0.6811621
3709,-2.1822371,3.459427
3710,-3.1349077,3.019885
3711,-2.7004488,2.6913805
3712,-1.4792832,1.6980399
3713,-2.0588114,2.8412397
3714,-3.7119715,2.087085
3715,-3.2555594,-1.4474714
3716,-1.4385437,0.3208489
3717,-2.1525185,0.55059475
3718,-1.4345638,-1.6056682
3719,-1.0677559,-1.1912065
3720,-1.8525418,-0.51593244
3721,-1.7045888,0.04416488
3722,-2.4193196,3.2883174
3723,-2.66387,2.493397
3724,-1.843548,0.4007231
3725,-2.0590463,1.3680208
3726,-2.7304108,-1.6342835
3727,-4.3845177,2.450705
3728,-1.6560576,4.0146394
3729,-1.9796971,0.43699646
3730,-2.635241,3.0826964
3731,-0.2364659,2.2569582
3732,-2.2175152,3.1364784
3733,-2.02101,1.24363
3734,-2.0884352,0.331462
3735,-2.293259,-0.24085449
3736,-2.0207732,1.7500691
3737,-0.6532754,0.6245474
3738,-0.54008263,2.4983475
3739,-1.7907776,-1.043672
3740,-0.5048441,1.6035085
3741,-1.3817774,-0.10751312
3742,-0.45666882,0.43755874
3743,-4.773408,0.60197717
3744,-2.0735972,1.8502651
3745,-2.6961427,1.3461179
3746,-2.8989837,1.4841282
3747,-2.3168783,2.354779
3748,-5.7794466,3.2915606
3749,-3.1536062,-1.167968
3750,-2.5478659,1.5564393
3751,-2.3378875,1.6928986
3752,-1.5872949,-2.6591356
3753,-2.272586,-2.5400457
3754,-4.5052376,-4.1638227
3755,0.48195705,3.1742861
3756,-1.3020823,-3.2645195
3757,-1.9281255,-0.8164076
3758,-2.0394363,1.1400576
3759,-0.21842548,-0.16255414
3760,-0.95216614,0.40435722
3761,-1.161276,1.0779276
3762,-3.1814954,1.6850187
3763,-2.1571643,-0.010011565
3764,-0.54817617,0.84199446
3765,-2.4364674,-1.3693287
3766,-0.41031936,-0.99414873
3767,-1.8307831,-0.122342154
3768,-1.3474501,-0.72942495
3769,-1.3400148,-1.5800456
3770,-2.143373,-2.2137527
3771,-0.48637465,-0.009586827
3772,-0.4703848,0.1753368
3773,-0.23853624,-1.5349643
3774,-2.383353,-1.5112897
3775,-2.9473934,-1.5966759
3776,-2.0159316,-0.51270884
3777,-0.5434919,-0.041983273
3778,-3.7398028,-0.31090778
3779,-3.9998026,1.4309648
3780,-2.2620194,-1.5322628
3781,-0.6218103,-1.1315033
3782,-1.2141672,-1.4133046
3783,-1.5176289,0.6659894
3784,-1.3496845,-0.90338403
3785,-2.3517084,-1.5735604
3786,-1.8272811,0.33047298
3787,-1.0644864,0.06277365
3788,-1.9731439,0.59076375
3789,-2.0502594,0.08921331
3790,-3.1683857,1.1571356
3791,-2.9226627,0.9972086
3792,-1.1526175,-0.69758135
3793,-0.8157095,-0.12941286
3794,-2.2388146,-2.4483418
3795,-1.2443732,1.3129041
3796,-1.5913007,-1.227521
3797,-2.172244,-5.2372956
3798,-0.012472329,-2.5003421
3799,-1.1936615,0.4346881
3800,-1.5849491,-1.097012
3801,-1.9838315,1.7160071
3802,-2.1666377,-0.15916035
3803,-0.9602421,-0.89732134
3804,-0.028191889,1.0627494
3805,-1.8331045,2.605139
3806,-1.405415,-0.40998828
3807,-0.015952893,-1.9589453
3808,-0.6745789,1.1613222
3809,-0.12863271,0.39251462
3810,-0.5782064,-0.90949243
3811,-1.9730444,-3.7054849
3812,-1.6582166,1.3393064
3813,-0.5298393,-0.46984723
3814,-1.5291443,0.28973103
3815,-2.225106,0.92806005
3816,-2.7423544,0.24105416
3817,-3.2645373,-2.2459273
3818,-1.8659937,0.28117856
3819,-0.35431373,-1.4703496
3820,-0.7769123,-0.66249126
3821,-2.8570914,-0.023141075
3822,-3.220241,-1.2905031
3823,-4.2901845,-1.1625254
3824,-3.4190252,-1.6580899
3825,-3.5944376,0.5258461
3826,0.45616898,-0.3510838
3827,-2.7155678,1.8466654
3828,-0.9125095,-0.5068295
3829,-1.6806122,-1.2170033
3830,-0.2968519,-0.46013245
3831,-0.68335783,-1.0284566
3832,-1.0942578,2.6271787
3833,-0.4219274,-0.86829096
3834,-4.7121186,-1.2211537
3835,-2.334786,-0.43268684
3836,-0.9145505,-1.6551354
3837,-1.4125745,-1.2874457
3838,-1.3944825,-1.331084
3839,-0.12699826,-2.7194781
3840,-1.3309069,-1.0210174
3841,-1.0630467,-4.124993
3842,-2.1862445,-1.5471764
3843,-1.2592056,-2.4640682
3844,-0.64680374,-1.0692217
3845,-1.8776958,-2.0729148
3846,-2.1213171,-1.4391676
3847,0.025808832,-4.6193676
3848,0.1713218,-3.3948343
3849,-1.4075159,-2.3925855
3850,-1.8281355,-3.3562796
3851,-1.5432235,-5.1795526
3852,-1.3530272,-3.1117382
3853,-3.475712,-4.3393006
3854,-1.1508484,-2.3698566
3855,-1.6496476,-0.9262743
3856,-0.36156538,0.14003013
3857,-0.44347057,1.3798022
3858,-2.9919827,0.50760114
3859,-1.4124012,0.6009719
3860,-6.945246,-0.5161775
3861,-6.2511425,-2.5918205
3862,-2.7251668,-1.4275302
3863,-2.941667,-3.6023653
3864,-5.1393523,-2.185873
3865,-2.5689027,-3.2908251
3866,-3.6328096,-1.9881425
3867,-2.4914818,-0.71813303
3868,-4.252237,0.43448752
3869,-3.7248597,0.017887674
3870,-2.0951788,-1.2493969
3871,-4.4457536,1.4138407
3872,0.2835095,3.562376
3873,-1.4709735,2.126416
3874,-2.406238,2.208019
3875,-2.344398,1.170301
3876,-0.28293929,-2.6256294
3877,-1.8065152,1.3710216
3878,-0.67871535,-1.8198366
3879,-1.8253186,0.38474518
3880,-0.26489776,-3.1179717
3881,0.1290827,-0.86540157
3882,-1.6881744,-1.9531393
3883,-2.2975378,1.566956
3884,-0.8141434,-1.281645
3885,-1.8279268,-3.1145835
3886,-0.4819207,-2.9912212
3887,0.5168826,-6.2711344
3888,-2.6457162,-5.733621
3889,0.38250872,-7.4772058
3890,0.36683336,-4.629842
3891,0.4348974,-5.625797
3892,-1.002852,-2.674837
3893,-0.0745482,-4.182055
3894,0.0624289,-3.5446653
3895,-0.7765209,-4.5977464
3896,-0.17972662,-4.267499
3897,1.1040697,-0.9161574
3898,-1.4026988,-3.1692133
3899,0.9957554,-3.835173
3900,0.025486546,-7.025722
3901,-0.4971434,-5.265646
3902,-0.9484805,-3.0980992
3903,0.802418,-2.6350389
3904,-0.121800885,-5.438498
3905,0.5602771,-2.0691133
3906,-0.13688537,-6.7015066
3907,-0.61078954,-4.6357937
3908,0.8180254,-5.208171
3909,2.0726507,-4.7102785
3910,-1.4865724,-5.9598455
3911,-1.1314988,-3.9846368
3912,-0.22813818,-7.128132
3913,-1.1042393,-3.8001223
3914,1.3981671,-5.3461666
3915,-2.020771,-5.490777
3916,-0.67979836,-7.8247347
3917,-2.0309446,-6.717825
3918,0.030934038,-7.4371886
3919,-0.78795284,-4.7742767
3920,-1.6848153,-3.628947
3921,-1.6727747,-5.126974
3922,-1.38346,-5.086392
3923,-1.0371863,-4.6649165
3924,0.615191,-5.9245896
3925,-2.8442092,-7.2762322
3926,-1.8218043,-4.3179264
3927,-0.90212137,-5.026443
3928,-1.5395253,-5.1836767
3929,1.0582327,-6.206541
3930,1.1022662,-4.5258994
3931,-0.6214636,-7.400559
3932,-1.3695669,-6.8668957
3933,-2.5299077,-6.7717443
3934,-1.4821743,-6.7481246
3935,-0.28387988,-7.612356
3936,-0.5158215,-4.96395
3937,0.9889202,-5.1627746
3938,-1.4561793,-4.3893704
3939,-2.7658205,-6.7573624
3940,-2.2958126,-5.9992743
3941,-0.7440637,-5.8831286
3942,-0.36879995,-4.7138186
3943,-1.2024122,-6.389681
3944,-0.052424796,-2.7728283
3945,-1.2570027,-4.270566
3946,-1.9823804,-7.17107
3947,0.20715503,-7.825779
3948,0.031584956,-6.7113605
3949,-0.6593132,-8.966387
3950,0.9248709,-9.553059
3951,-1.2386229,-7.218619
3952,-0.04722561,-9.186316
3953,2.3406787,-8.535178
3954,1.0511498,-2.9199803
3955,-0.13469774,-5.3898997
3956,-1.3888907,-6.176375
3957,-0.91068876,-5.0026846
3958,0.43396005,-4.629224
3959,-1.103099,-4.253293
3960,-1.7254548,-5.932415
3961,0.3191301,-5.0087347
3962,-1.5396627,-8.194829
3963,-1.3455184,-6.901491
3964,-0.8191365,-5.2924433
3965,-1.0436742,-7.4745526
3966,-0.609096,-7.937268
3967,-0.96341175,-7.4720306
3968,-1.4712582,-4.540079
3969,-4.353104,-4.1079826
3970,-1.9042467,-6.0346146
3971,-2.2217638,-7.1168823
3972,-2.3554783,-4.335297
3973,-1.7775805,-7.06659
3974,-1.2131301,-7.091111
3975,-0.87621814,-3.856986
3976,-0.79746205,-2.7976449
3977,-1.265803,-7.862989
3978,0.7807532,-3.782654
3979,-2.449771,-5.5668845
3980,-2.825611,-4.587931
3981,-1.6325052,-6.693825
3982,-0.6201686,-4.8489747
3983,-1.3515452,-8.334228
3984,-1.8886265,-11.166617
3985,-0.79803246,-8.24036
3986,1.8194716,-3.9204426
3987,1.879495,-7.6217546
3988,0.14304048,-5.898958
3989,0.31406316,-5.387807
3990,-1.4807394,-7.2855153
3991,-1.9128217,-6.828406
3992,0.34301177,-6.1710663
3993,-0.32480648,-6.372137
3994,-1.9806929,-4.9312854
3995,-3.8442516,-4.0057306
3996,-0.5062685,-3.6951044
3997,-1.3336323,-3.9064546
3998,-2.152947,-2.1402607
3999,-1.2002246,-1.2709479
4000,-2.137146,-3.0414639
4001,-3.264139,-2.7738843
4002,-1.5638033,-5.337795
4003,-0.48709756,-5.4111743
4004,-2.480336,-5.8940964
4005,-0.063255146,-4.1032615
4006,-0.87438715,-6.224405
4007,-1.4705948,-5.605833
4008,-0.8219915,-5.1051974
4009,-2.2726743,-2.3275201
4010,-3.3250155,-2.862964
4011,-3.2241833,-1.0453783
4012,-2.0632,-1.5086257
4013,-2.6759162,-2.1493998
4014,-1.2598692,-3.969588
4015,-3.420996,-2.7755096
4016,-1.3439742,-3.2192967
4017,-0.77125895,-1.1715176
4018,-3.0273373,-1.7068052
4019,-1.6065944,-3.9953032
4020,-4.501799,-1.7764758
4021,-2.2202325,-2.2023401
4022,-2.2699265,-1.7566303
4023,-1.2803015,-2.8562243
4024,-0.74653924,-1.8999273
4025,-5.034138,-2.472123
4026,-1.0602815,-5.9946384
4027,0.2444839,-2.59543
4028,0.9116296,-4.068149
4029,-0.20956144,-6.915027
4030,-1.7477247,-4.521722
4031,-0.94342566,-5.0540023
4032,-1.0859948,-3.0669527
4033,-3.132233,-5.7653313
4034,-2.108097,-5.320606
4035,-3.7673335,-5.1868405
4036,-3.0924153,-2.4137878
4037,-1.7533425,-4.3522377
4038,-3.6371644,-5.845201
4039,-2.2239661,-6.845137
4040,0.19094713,-6.4723673
4041,-2.1458104,-6.3371377
4042,-1.9224615,-6.548425
4043,-1.7390501,-2.3621025
4044,-3.143135,-1.4662777
4045,-2.1760066,-1.9534613
4046,-2.5866451,-1.8582051
4047,-2.252693,-6.420938
4048,-3.103967,-4.321285
4049,-2.4812894,-3.8560102
4050,-3.6945405,-3.975624
4051,-4.1303673,-6.069126
4052,-2.1170805,-4.831142
4053,-3.4297903,-5.795268
4054,-3.8494277,-4.625204
4055,-3.028673,-5.262418
4056,-2.7077277,-4.545508
4057,-1.8344563,-6.351475
4058,-4.2570972,-7.3579025
4059,-1.6303804,-4.879504
4060,-1.9469936,-7.2277794
4061,-3.1570938,-6.6524963
4062,-2.8874247,-6.6156974
4063,-3.0644276,-9.396979
4064,-2.6750433,-7.370151
4065,0.40106398,-6.8905125
4066,-1.6134357,-9.367333
4067,-3.3275843,-8.999424
4068,-1.1847715,-7.8595376
4069,-1.9651785,-3.7868364
4070,-0.99747354,-5.4433537
4071,-1.4688066,-8.842062
4072,-0.92980886,-7.914037
4073,-1.2623262,-4.5502954
4074,-0.74889714,-8.017187
4075,-1.1197497,-6.5001917
4076,-2.161364,-10.187077
4077,-0.504571,-6.066404
4078,-1.1487548,-5.123307
4079,-1.4263531,-6.0282397
4080,-1.147368,-8.955449
4081,-1.3930725,-3.9184089
4082,-0.55935425,-7.134888
4083,0.5779104,-3.6783013
4084,-0.19869226,-7.589619
4085,-1.0787297,-8.433167
4086,-1.9922382,-5.92432
4087,-2.571908,-5.549417
4088,-2.1088886,-7.3474555
4089,-0.78250223,-7.3407946
4090,0.96508926,-5.718677
4091,0.88301176,-5.773616
4092,1.3724005,-5.433232
4093,-0.74337584,-6.7592387
4094,0.04623952,-5.220444
4095,0.8787136,-4.3176303
4096,-0.13778551,-6.664537
4097,-1.0858524,-4.687205
4098,-0.20849596,-3.2156262
4099,-1.4201292,-5.585139
4100,0.12039491,-7.7916393
4101,0.39535493,-5.399472
4102,-0.7010479,-5.5111623
4103,-0.07049963,-3.8592463
4104,-2.2402172,-2.6863968
4105,0.5784081,-1.9783907
4106,-1.0097016,-3.7342188
4107,-1.7093229,-2.8989918
4108,-3.3255289,-3.6289735
4109,-3.4169407,-2.694858
4110,-0.8965383,0.67508084
4111,-3.0782986,-5.913136
4112,-2.7637293,-4.501895
4113,-3.2788818,-5.44784
4114,-1.0963035,-2.8175228
4115,0.8922078,-0.69213325
4116,-1.5078013,-2.757916
4117,-0.88021827,-3.3721752
4118,-1.5612526,-3.26654
4119,-1.8176082,-1.0036993
4120,-1.0772567,-3.2055545
4121,-2.6052113,-3.0245824
4122,0.4312091,-4.483824
4123,-2.6517088,-4.2397923
4124,0.1377791,-3.6908984
4125,0.22688244,-4.6109204
4126,-1.9728376,-3.6915963
4127,-0.5461919,-4.771828
4128,-1.1027944,-3.5844808
4129,2.5598435,-5.3711486
4130,-1.2376385,-2.7424576
4131,-1.8091509,-2.1041722
4132,0.9774665,-1.766378
4133,-0.6473521,3.203432
4134,-1.074281,0.8360158
4135,-1.987239,-3.1046433
4136,-1.6973658,-2.5444033
4137,-1.2122695,-3.471064
4138,-0.80809116,-1.9275545
4139,-2.0852628,-2.8765233
4140,-2.8504784,0.011694023
4141,-4.327362,-0.9044652
4142,-2.0191653,-3.3261306
4143,-1.9687656,-2.6591234
4144,-1.0335279,1.1800255
4145,-2.1563423,-0.26873928
4146,-2.5893085,-2.0256186
4147,-2.101409,-1.9351159
4148,-1.85515,-1.6299907
4149,-2.7774315,-1.707414
4150,-1.5373058,0.12376405
4151,-3.3829966,0.040607363
4152,-1.7446933,-0.9636979
4153,-1.3490213,3.5846994
4154,-1.2147778,0.24096459
4155,-4.2450285,1.4176036
4156,-3.3770459,-0.24139743
4157,-2.4312127,-1.0657754
4158,-0.6274633,1.6683289
4159,-1.4490703,-0.39132524
4160,-3.3730388,-1.3283507
4161,-2.9290082,-3.0961416
4162,-5.1323905,-1.4126732
4163,-5.8220167,-2.6372783
4164,-5.4987693,-1.7635813
4165,-3.1852286,-2.246727
4166,-2.9193003,-2.700524
4167,0.11594024,-2.0223022
4168,-2.6514966,-0.15339471
4169,0.072890155,-3.151892
4170,-0.58763427,-4.274567
4171,0.17251903,-1.6560456
4172,-2.584356,-1.8771267
4173,-2.1910653,-1.5897775
4174,-1.6604074,-0.580175
4175,-0.7048559,-1.0927856
4176,-2.336969,-1.778427
4177,-3.4046047,-1.7427262
4178,-5.4561543,1.2035979
4179,-3.7432132,-1.2704196
4180,-3.4060752,-2.5224442
4181,-3.1044214,-6.1286206
4182,-5.612653,-0.35229632
4183,-2.7092767,-0.90467197
4184,-4.2102942,-1.5902454
4185,-3.8696234,-2.2015793
4186,-5.523105,-1.1642568
4187,-2.367412,-1.6072915
4188,-3.1320927,-2.6015012
4189,-1.9268689,-3.8852324
4190,-3.445255,-2.5488465
4191,-2.7101717,-4.1744685
4192,-3.095805,-5.4019585
4193,-3.2664938,-5.6898866
4194,-4.7922854,-0.695699
4195,-5.0847526,-2.60597
4196,-0.8309438,-5.9835806
4197,-1.3440442,-2.3487694
4198,-5.7337003,-5.1008773
4199,-5.5335183,-6.001595
4200,-4.9265485,-2.2380202
4201,-7.16242,-3.8784225
4202,-3.5380387,-5.4807816
4203,-6.2373657,-1.524311
4204,-6.7883244,-3.2816427
4205,-6.82489,-2.0490131
4206,-4.989606,-2.1458719
4207,-6.6563187,-1.4048584
4208,-6.384384,-0.05321534
4209,-7.2253327,-1.3750193
4210,-4.8489943,-2.2199159
4211,-5.403321,-2.3191962
4212,-4.338322,-1.1001341
4213,-4.34877,-4.1839395
4214,-1.4269204,-2.936158
4215,-1.7424104,-2.0608773
4216,-4.1009192,-1.9484364
4217,-4.148488,0.77423877
4218,-3.4089952,-1.1455779
4219,-4.228067,-2.2718058
4220,-6.525021,1.1149826
4221,-6.300228,-2.124354
4222,-5.3559613,-2.0266082
4223,-3.3258986,-4.5005155
4224,-2.637708,-3.1849551
4225,-6.5853767,-2.764914
4226,-3.8082232,-2.4301193
4227,-4.7704644,-2.9006772
4228,-2.5269017,-3.6820962
4229,-3.2966022,-4.380604
4230,-4.473163,-3.3474734
4231,-3.7547207,-2.2936451
4232,-3.4204223,-2.3055675
4233,-2.7624583,-1.574788
4234,-4.047655,-2.4690528
4235,-3.135221,-0.9702753
4236,-3.595957,-5.010164
4237,-1.7111433,-5.678701
4238,-1.5035608,-2.4729507
4239,-1.9436508,-2.1948404
4240,-1.1188246,-2.5090744
4241,-0.7142527,-2.6796842
4242,-1.0153064,-1.9335667
4243,-0.26032203,-2.6117272
4244,0.858824,-3.6704526
4245,1.7361639,-3.3088624
4246,-0.96115124,-3.184084
4247,0.12113728,-2.987174
4248,-0.3474607,-3.7609599
4249,-0.0032275019,-6.3777714
4250,-0.17659727,-5.13371
4251,-0.18155971,-5.5625668
4252,-1.5090859,-3.678179
4253,-2.9287002,-1.9844439
4254,-0.068544805,-2.1506283
4255,-1.18661,-0.57939184
4256,-2.538534,0.7538193
4257,-0.08092017,-0.24233562
4258,-1.742199,-0.40118963
4259,-1.3088729,-1.8597465
4260,-2.0423448,-2.7151623
4261,-1.0641817,-2.1886182
4262,-1.1440312,-0.64618987
4263,-0.15274635,-1.9884812
4264,-0.050646346,-0.60064054
4265,1.6457148,-0.5993321
4266,1.9498194,-1.0342617
4267,0.37468746,-3.0287907
4268,-0.7554682,-1.0786813
4269,1.0005581,-3.3968058
4270,0.3150537,-0.59171826
4271,0.58221674,-0.93726295
4272,-0.15469778,-1.0226265
4273,1.2948928,-0.11963493
4274,2.1117845,-2.0085683
4275,-0.15312238,-0.9124972
4276,0.07006359,0.6649458
4277,0.50157994,-1.3499402
4278,0.9312211,-0.9788227
4279,0.41489196,-3.754797
4280,2.0416071,-5.092723
4281,2.3756795,-1.6852652
4282,-0.20280853,-1.299795
4283,-0.7932072,-0.5744985
4284,-1.0930841,-0.09698161
4285,-0.6565382,0.41352904
4286,0.023977121,0.11165803
4287,-0.6584911,-1.1341335
4288,-0.40867275,-5.909805
4289,-1.9160408,-2.7167552
4290,-2.1694753,-1.3799344
4291,-2.3098185,-0.5459663
4292,-0.7900728,-1.8156147
4293,-2.253025,-6.3005257
4294,-1.3226256,-2.5932958
4295,-1.3468487,-2.589256
4296,-2.3417573,-1.1374435
4297,1.2463037,-3.7033122
4298,-0.9071519,-1.8706809
4299,-2.7368605,-0.84454596
4300,-2.8157084,-2.7737086
4301,-1.0612552,-2.3283243
4302,-1.0930853,-3.1953218
4303,0.39582297,-3.1257093
4304,-0.506424,-2.4392743
4305,-1.7712728,-1.8627628
4306,-0.08514134,-5.122364
4307,-1.3592987,-2.7603827
4308,-0.3502873,-3.5503407
4309,-0.9734479,-2.3636966
4310,0.7349869,-3.1608317
4311,1.5781807,-2.5918527
4312,-0.99222153,-2.3793528
4313,-2.548552,-1.6528577
4314,-1.6929957,-3.2669752
4315,-1.647189,-4.9604406
4316,-2.6947343,-3.7530096
4317,-1.3399987,-1.6415694
4318,-1.5099121,-2.1918297
4319,-2.591704,-1.4481813
4320,-2.187215,0.8742498
4321,-1.6388407,-3.1468046
4322,-0.697791,-1.9083186
4323,-2.3463755,-3.4934886
4324,-0.24514884,-4.010562
4325,-0.8157249,-1.402722
4326,-1.6084135,-0.13288333
4327,-1.6644996,-1.7858026
4328,-0.94414437,-1.3438134
4329,-0.9228852,-2.671984
4330,-0.13301773,-1.9885564
4331,-1.6326814,-3.8218307
4332,-1.2234558,-1.1985972
4333,-1.0873729,-1.1866552
4334,-0.37888578,-3.342134
4335,-0.9976128,-0.83020246
4336,-3.036288,2.0555797
4337,-2.3318193,-1.4528227
4338,-2.5487082,-3.670265
4339,-2.1192195,-4.3930817
4340,-2.779519,-1.1190641
4341,-2.9685493,-6.2277694
4342,-1.5914619,-5.3594384
4343,-1.9001917,-3.7338803
4344,-1.8045855,-3.4741764
4345,-0.8782041,-5.332924
4346,-1.2680109,-2.0357552
4347,-0.6947792,-2.8376238
4348,-0.87125266,-3.6674857
4349,-0.78894126,-2.838405
4350,-0.35216162,0.28054246
4351,0.30460876,-1.3993155
4352,0.32423455,-0.06606691
4353,1.2840066,-1.7035314
4354,-1.3553115,-1.8473077
4355,-1.9195739,-1.7468122
4356,-3.348556,0.22823916
4357,-1.9275109,0.17756002
4358,-1.3798007,-2.7313
4359,-2.738657,-1.837185
4360,-2.762522,-1.8990275
4361,-1.7054108,-1.3300291
4362,-2.100357,-0.5235989
4363,-4.066412,1.1084316
4364,-3.6454513,0.5076491
4365,-3.7481549,0.6612617
4366,-2.0628445,1.9759548
4367,-1.9363108,0.29016665
4368,-1.9055582,-2.5627306
4369,-4.1215067,1.4840597
4370,-4.107623,1.2599759
4371,-5.206982,-0.54367405
4372,-2.7025406,0.09539439
4373,-2.39664,0.6072809
4374,-1.5285642,0.17892323
4375,-1.515247,-2.1719842
4376,-3.5075893,-4.559919
4377,0.15630195,-1.3794175
4378,-1.0007865,-0.90274197
4379,-2.414845,-0.3654169
4380,-1.0692316,-3.1000655
4381,-1.9761804,-0.6688022
4382,-1.4987719,1.5205424
4383,-0.3043525,-0.8578445
4384,-1.3432572,-1.5743191
4385,-2.4243264,-4.196669
4386,-1.7336789,-1.9094617
4387,-1.6103863,-0.38961548
4388,-4.7321076,-1.7350785
4389,-3.578487,-4.580717
4390,-4.1270514,-4.534173
4391,-0.91096073,-3.7281513
4392,-0.75072616,-0.48433128
4393,-0.9202127,-4.9400926
4394,-0.60234666,1.9038507
4395,-1.655659,-2.2461221
4396,-1.5842538,-0.5623325
4397,-2.3052359,0.85445684
4398,-0.9534699,-1.5281436
4399,-1.6462123,-0.1729887
4400,-1.8406931,0.9745297
4401,-1.1601484,0.42712203
4402,-2.2493963,-4.966596
4403,-1.0827105,-0.6265675
4404,-0.83917266,-1.4868389
4405,-2.7818515,-3.4351497
4406,-1.0937104,-3.9481175
4407,-0.87427294,-1.0330873
4408,-0.16110757,1.3559868
4409,-2.16564,-0.13923436
4410,0.18905187,0.1966894
4411,1.8003757,0.47192708
4412,1.0022402,0.24556181
4413,1.735078,0.40763387
4414,-0.31712148,-0.9399584
4415,2.0926383,-0.8455668
4416,1.2841207,1.0849049
4417,1.8129108,-0.67737746
4418,2.5968914,0.44892898
4419,0.043844238,2.756733
4420,-0.263727,-2.9410808
4421,-0.049326885,-4.352271
4422,-1.7163614,-2.661699
4423,1.1297942,-1.3925004
4424,0.33346832,-1.5979022
4425,0.21317035,-1.6969312
4426,-0.12649801,-3.0810368
4427,0.49220356,-3.2410376
4428,0.07778317,-3.7203927
4429,0.32839027,-3.3966322
4430,0.24018246,-4.1416965
4431,-0.24588832,-2.0650535
4432,2.7194164,-1.9867568
4433,0.029838774,-0.6634039
4434,0.23686294,-5.276093
4435,1.890036,-4.0525236
4436,-0.16458285,-1.1431081
4437,-1.0739611,-2.044238
4438,1.8595906,-0.99472433
4439,1.0300676,-3.2425406
4440,1.8228589,-3.5612257
4441,1.5612705,-0.050985016
4442,-0.58150053,-5.175045
4443,0.24373935,-2.9711194
4444,-2.3629763,-2.934085
4445,-1.6702651,-1.3602742
4446,-0.9872385,-2.9146025
4447,-1.4108527,-5.4466887
4448,-0.4074949,-4.9899626
4449,-1.9823246,-2.3814323
4450,-0.60490215,-0.8538674
4451,-0.014798855,-0.634538
4452,-0.813853,0.9319632
4453,-2.5974646,0.60458297
4454,-2.1205814,-1.1022176
4455,-4.1209245,-2.208213
4456,-4.0136623,3.2337964
4457,-2.3376105,2.1900382
4458,-0.5072101,-0.6747451
4459,-2.8656082,2.8378782
4460,-1.367818,1.2427195
4461,-2.241576,-0.867663
4462,-3.2816765,2.4328191
4463,-0.4918577,-1.3592215
4464,0.05761128,-0.45959684
4465,0.36717394,-0.294884
4466,-3.231015,1.5604066
4467,-0.7931927,2.1995544
4468,-2.6149867,0.20450434
4469,-1.7991966,2.8154175
4470,-2.4596872,-2.8993669
4471,-0.06902707,-3.193723
4472,-0.46116322,-2.3092752
4473,0.6461699,1.117939
4474,0.21908209,-0.6105046
4475,-0.83792585,-0.107543014
4476,-0.7680964,-0.86324495
4477,0.66699046,-3.5915844
4478,1.106341,-0.18143956
4479,1.5605017,-2.924074
4480,-0.3420978,-2.2098567
4481,-1.1068128,-2.5512004
4482,-2.0291495,-1.5237715
4483,-2.0358844,-0.88910973
4484,0.09615428,-5.4551
4485,1.1530259,-3.5171885
4486,-0.6385257,-4.8527484
4487,-0.88676155,-2.1846404
4488,-1.5350618,-2.5073552
4489,0.7133433,-2.2271755
4490,0.2610882,-4.7013464
4491,1.451844,0.76606584
4492,1.7691797,-0.8184126
4493,0.40316775,1.0904288
4494,0.6104814,3.3686135
4495,0.9325367,3.3636184
4496,0.5967965,0.4609141
4497,0.63332075,-0.0017381251
4498,-0.348123,2.3906298
4499,-0.7099989,1.7573918
4500,-0.32305717,4.8478265
4501,0.108854905,5.682432
4502,1.2530607,6.0763
4503,0.27126756,3.7945166
4504,0.4461725,5.046317
4505,0.5894612,2.3530853
4506,-0.33960494,0.12887157
4507,0.07620972,2.902741
4508,-0.4997385,2.4335163
4509,0.97043794,-0.07160271
4510,-0.76409745,2.291662
4511,-0.16166116,0.8635778
4512,1.5271133,0.53777504
4513,1.2425517,-1.3834774
4514,2.09777,-0.3190786
4515,0.86380893,-3.3254616
4516,1.3610021,-3.787176
4517,-0.48915154,-0.6008967
4518,-0.98537326,-2.420156
4519,-0.95986557,-1.1707186
4520,-0.21749125,-4.272392
4521,0.6222966,-1.6762972
4522,0.42434794,-1.3367448
4523,0.13736056,-1.8637754
4524,0.34754434,-2.294306
4525,-0.9991094,-3.175339
4526,1.0046307,-2.223133
4527,1.0188814,-1.8315208
4528,2.131264,-3.1680007
4529,0.7515424,-2.1718304
4530,2.1405554,-1.9108182
4531,0.77333033,-4.0055747
4532,0.44322428,-1.5059751
4533,1.2720942,-3.7523966
4534,1.5175954,-5.6512737
4535,-0.41085434,-3.1293068
4536,1.7710826,-3.1935635
4537,0.093584694,-6.358104
4538,0.13128506,-0.39094907
4539,-0.2988607,1.2489012
4540,1.9926556,-0.4122903
4541,0.69849014,-0.48571965
4542,1.2243406,0.7781408
4543,2.2174685,0.012853271
4544,0.8459188,0.69672
4545,-1.0959874,1.3563043
4546,1.6504499,-1.0702453
4547,1.0662926,-3.3790195
4548,1.1093795,-0.32265252
4549,1.1899897,-1.9358829
4550,0.054702092,-3.4281192
4551,-0.5332506,-0.20462269
4552,-1.9197171,-0.15880783
4553,-2.250056,-1.9917593
4554,-0.1067086,-1.8146418
4555,-1.6150725,-6.724541
4556,1.8497956,-7.9246097
4557,-2.2301078,-6.4707165
4558,-0.9398765,-5.962719
4559,-0.82545257,-1.8619022
4560,0.57877374,-1.6400174
4561,-0.23786187,-4.238522
4562,-1.0275012,-3.6444237
4563,-2.1470664,0.73056644
4564,-3.431653,-1.8937027
4565,-1.1607481,-0.97570217
4566,-2.6375666,-1.0578359
4567,-1.6779222,0.5344179
4568,-0.65827906,-1.287311
4569,-2.490811,1.2454594
4570,-1.3549825,-0.27147382
4571,-4.056686,0.41118222
4572,-2.5837538,-0.8663391
4573,-3.4669287,0.16642666
4574,-3.0127566,-0.5600952
4575,0.28875986,-0.4761319
4576,-0.0035615254,0.8341567
4577,-1.5985614,-0.3018665
4578,1.9428356,-1.2909178
4579,1.4494256,-2.5542135
4580,1.1288731,-0.043245394
4581,-2.732692,-1.7561471
4582,0.28906882,-2.1706326
4583,-0.011697854,-1.3744538
4584,-3.4508548,0.41817445
4585,0.41775125,0.2121477
4586,-3.0893621,0.049493603
4587,-2.1602793,1.4888194
4588,-3.3969717,4.202344
4589,-2.6139624,0.34683505
4590,-3.1165197,0.80381155
4591,-1.4235266,-0.91381997
4592,-1.4186081,2.6302037
4593,-3.6002152,0.54022956
4594,-0.41761312,0.092630975
4595,0.071273066,-0.43137974
4596,-0.40584132,-2.6518078
4597,-2.5867565,1.1121553
4598,-0.34352517,0.3434775
4599,-1.918812,-2.7159274
4600,-1.0562866,-0.07805571
4601,-0.5940273,-0.47465655
4602,-2.9310946,-4.1288934
4603,-5.6622963,-2.9658518
4604,-4.937812,-0.17697805
4605,-1.8898939,-2.6905584
4606,-1.883602,0.2681166
4607,-2.9984698,2.8073542
4608,-1.9003581,1.5669645
4609,0.1362516,-1.9339725
4610,-0.73034984,-2.0500937
4611,-1.4362622,-0.5732527
4612,-1.4539614,-2.0134275
4613,-0.557637,-0.6185847
4614,-2.3769803,0.52836585
4615,-1.1151167,2.5051994
4616,-0.3627049,0.6585358
4617,-0.7011802,-1.4005345
4618,-0.7105321,1.016037
4619,-0.18759972,0.18825981
4620,-0.36129445,-1.0861278
4621,-0.4307571,1.8366334
4622,-1.1517099,1.3279796
4623,0.53983337,1.2547109
4624,-0.11640608,2.5135353
4625,-1.1670827,0.97367173
4626,0.21344584,-2.594339
4627,0.43920738,0.20958896
4628,-0.5515995,-0.9550972
4629,-0.7935079,1.7690963
4630,-0.036722414,-1.1370449
4631,0.026327483,-1.2067889
4632,0.832201,-1.1575387
4633,0.08678553,-3.1513352
4634,-0.6053866,-2.6799579
4635,0.28563505,-0.5816447
4636,-0.9909603,0.6422957
4637,-0.6146851,-2.634281
4638,1.0617915,0.08941654
4639,-0.64448094,-2.329177
4640,0.58258426,-0.26744497
4641,-1.7363944,-3.208569
4642,0.12483922,-3.689884
4643,-2.646194,-0.78154856
4644,0.47922269,-4.2403245
4645,0.5933371,-2.3623092
4646,0.58594775,-1.1975029
4647,0.74821234,1.7626263
4648,-0.05398983,-1.8690339
4649,-3.4547167,-0.9192397
4650,-2.8798373,-2.3877645
4651,0.26996896,-1.1459134
4652,-0.42211086,-0.81862104
4653,0.2656178,-1.6176269
4654,1.1519114,0.7963897
4655,-0.10749191,-1.2058129
4656,-0.9768738,1.8276149
4657,-0.5689644,-0.40253377
4658,-0.25598007,-1.5594805
4659,1.130333,-0.6980791
4660,-0.001293783,-1.5139182
4661,0.031716738,1.7626008
4662,-0.22142738,0.86422306
4663,-1.7886068,-2.0017524
4664,-0.7732986,-1.5465919
4665,-1.1953799,-0.5850856
4666,-2.5969841,-0.56012404
4667,-0.9012178,1.1021373
4668,0.95783263,1.7329297
4669,-1.0277138,0.6081435
4670,-1.2682409,-1.6869984
4671,0.51716936,-2.1853008
4672,-0.32157663,-0.030720677
4673,-2.4857535,-1.7653832
4674,-0.19425683,2.244911
4675,-1.1481901,-0.35779768
4676,-0.036935356,0.8709374
4677,-0.8352206,0.6961791
4678,-2.4613614,-0.47556853
4679,-1.5339307,-2.0296001
4680,-0.5327572,-3.0179408
4681,-0.2558132,-0.546498
4682,-2.13632,-0.71715575
4683,-0.799595,-2.0834417
4684,-0.7870681,-2.5962594
4685,-1.8574288,-2.1965735
4686,-1.5265845,-0.59654194
4687,-1.1032623,-0.9958461
4688,-1.3640332,-0.45700774
4689,-1.8642865,1.0952917
4690,-0.45651045,1.3462929
4691,-2.5827022,-1.7324108
4692,-1.1538266,1.699903
4693,-1.8637102,-0.5798038
4694,-2.0389247,-0.5352504
4695,0.7613128,-0.26350483
4696,1.0470684,2.5806053
4697,-1.3797807,-0.6758293
4698,-1.7647092,2.9821582
4699,-0.10772508,2.4239964
4700,0.5372862,2.9954805
4701,1.565361,2.2975707
4702,0.5945612,0.5634705
4703,-0.1883885,-1.1181293
4704,0.26226398,2.441489
4705,-0.81422746,2.6985006
4706,-1.2904105,2.5116637
4707,-1.020759,1.8235171
4708,-0.74528813,-0.0715686
4709,-0.5840623,2.7243083
4710,-1.0283731,2.3874962
4711,-3.7692404,2.5671751
4712,-7.650763,2.3034747
4713,-4.4223456,2.840966
4714,-3.7558408,1.8001218
4715,-3.681581,0.46001318
4716,-5.255008,3.561869
4717,-3.6011186,-0.7208873
4718,-0.8019526,0.9141701
4719,-1.4219509,1.5790697
4720,-4.3390846,1.890901
4721,-3.0359185,0.9281278
4722,-3.075486,-0.10253425
4723,-2.1380138,1.1647637
4724,-4.267212,0.2693946
4725,0.48203,1.3542176
4726,-3.2992315,1.7943516
4727,-1.9770155,2.749855
4728,-2.4830122,3.8185387
4729,-2.56297,1.7658919
4730,-1.2938491,1.7704885
4731,-4.038845,0.45610085
4732,-3.2270868,3.8563457
4733,-1.9861991,1.6862068
4734,-2.0677342,3.0218794
4735,-3.7126641,-0.17680588
4736,-2.8149498,-1.5763913
4737,-4.4765687,-0.8945269
4738,-3.3215828,-2.3620205
4739,-4.1754456,-3.4189692
4740,-3.9955158,0.035186052
4741,-3.0750554,-2.660446
4742,-4.059128,-3.1224284
4743,-4.4857917,-0.5876085
4744,-2.594235,-0.70271486
4745,-3.398194,-0.4221746
4746,-3.335561,-0.14569978
4747,-4.0697045,0.9310221
4748,-2.6653957,-1.4939497
4749,-3.0740628,-1.0903237
4750,-3.0623715,2.259048
4751,-0.653578,0.37209532
4752,-3.777806,-0.85608655
4753,-2.6250336,0.48479944
4754,-2.1796234,1.3333985
4755,-4.4298687,-1.0257452
4756,-2.7992659,0.745034
4757,-2.329864,-1.541544
4758,-3.174153,-2.8903298
4759,-4.790218,-2.4377372
4760,-1.8532238,-0.8988345
4761,-1.9199176,-0.71224487
4762,-3.5583315,-2.1562011
4763,-3.5967479,0.52095085
4764,-3.3985422,0.12565519
4765,-1.225364,-0.7926237
4766,-2.2718096,-0.051764626
4767,-1.7084972,0.36987767
4768,-2.3052373,-0.6149542
4769,-0.6446644,-0.88222283
4770,-2.6395037,-2.0333405
4771,-3.1594088,0.21879724
4772,-2.566105,1.0524789
4773,-2.850286,0.78129435
4774,-3.3273525,-0.919655
4775,-1.0227587,-1.5787363
4776,-0.8991393,-1.6031574
4777,-2.288945,0.42551982
4778,-0.44598588,-0.22896914
4779,-1.8243114,-0.8444061
4780,-1.0661688,0.5258772
4781,-4.325102,-0.29814985
4782,-0.8784507,0.20705456
4783,-1.221509,0.33245835
4784,-2.5530925,-2.2383366
4785,-1.5833759,-2.3081942
4786,-4.301132,-3.7063055
4787,-3.614891,-3.1450372
4788,-5.0999184,-2.7634544
4789,-4.56658,-1.3116149
4790,-4.27344,-0.5969893
4791,-3.0803177,0.007371722
4792,-4.424777,-1.4920821
4793,-3.6114829,-0.88394713
4794,-2.5316727,0.90152305
4795,-2.7140746,0.39377785
4796,-3.6024241,0.24663521
4797,-2.2060015,-1.3694462
4798,-1.4518523,-0.5680459
4799,-2.2424743,-0.8061764
4800,-3.9744415,-2.4164844
4801,-3.240556,-0.6656776
4802,-4.889919,1.0303329
4803,-3.9689164,-2.3495271
4804,-3.001161,-2.559471
4805,-0.9636768,-3.6183403
4806,-5.7496047,-1.0117657
4807,-3.3347669,-0.5444277
4808,-2.845993,-2.955547
4809,-4.2841334,-2.0745354
4810,-3.0813239,-2.1166432
4811,-4.136952,-1.5549206
4812,-3.4953797,-0.42939168
4813,-3.9505858,-0.8605864
4814,-2.6411688,1.1512934
4815,-2.637973,-2.0180476
4816,-0.92236114,-2.9873588
4817,-1.9952961,-1.7062522
4818,-1.9468831,-3.7919455
4819,-1.2489898,-2.893405
4820,-3.1023726,-0.29491636
4821,-3.798687,-1.2808926
4822,-2.8481321,-0.79189324
4823,-3.0962768,-0.5606782
4824,-1.672051,0.013941006
4825,-0.30406386,-1.7426314
4826,-0.9388493,-0.876417
4827,-0.45468736,-1.0982755
4828,-1.701902,-0.63069344
4829,-0.6685667,-0.80679584
4830,-2.333157,-0.752754
4831,-1.3159392,-1.8156165
4832,-2.4808507,0.9009538
4833,-3.4955337,-0.22771128
4834,0.63110757,0.38752604
4835,-1.7664775,0.5333765
4836,-1.5289838,-2.4352326
4837,-2.1267607,-1.8281039
4838,-2.1940875,-1.8045555
4839,-1.1025859,-0.46392483
4840,-2.6521378,-1.9085485
4841,-2.2657099,-0.56968683
4842,-2.1255455,-1.3626755
4843,-1.7868303,-1.7250473
4844,-1.1769242,0.078062035
4845,-3.6859608,-1.0891143
4846,-1.948727,-2.789176
4847,-5.332257,-0.48528686
4848,-2.4299588,-0.07987603
4849,-1.1999085,0.28061646
4850,-1.4963524,-0.9120254
4851,-2.7233481,-0.24482532
4852,-3.9800134,-2.1809347
4853,-2.5280387,-1.2826804
4854,-0.4809321,-1.579517
4855,-3.145536,1.1903346
4856,-1.887023,-4.494774
4857,-5.5714173,-3.37436
4858,-0.46622676,-0.93722993
4859,-3.3263032,-5.620083
4860,-2.4498396,-4.556205
4861,-5.2668624,-3.3358235
4862,-5.328599,-3.4728866
4863,-6.1106386,-1.8967073
4864,-3.6366923,-1.9868909
4865,-3.6667657,-2.5179305
4866,-3.7902493,-0.021911696
4867,-3.6109319,-1.2723941
4868,-4.0579267,1.4326698
4869,-4.1085205,-0.7488872
4870,-2.1576886,-3.0814745
4871,-3.9538324,0.3340506
4872,-2.954037,-0.58769876
4873,-0.71808356,-0.44653222
4874,-2.4028687,-0.5387772
4875,-2.4076,0.08336539
4876,-1.8344325,-3.4685562
4877,-0.92450356,-2.8646765
4878,-2.1678557,-0.110261045
4879,-1.1495461,-2.9405384
4880,-2.5476584,-2.2464392
4881,-3.7461822,1.3379997
4882,1.9086717,-1.3514088
4883,-1.6251991,-0.7274605
4884,-0.72971815,-1.9489832
4885,-0.5298826,-1.2962683
4886,-1.1316907,-1.3765663
4887,-1.2865598,-1.1347772
4888,-1.3248478,-2.0065193
4889,-1.2642548,-1.8479407
4890,-0.7795074,-0.14281185
4891,-0.46706477,-0.8798074
4892,-0.04264061,-0.9000278
4893,-1.4288092,-2.4783654
4894,-2.3755653,-2.1937761
4895,-0.62330884,-4.2646217
4896,-3.6561155,-3.0271769
4897,-3.569979,-2.4294264
4898,-4.560786,-4.1984625
4899,-3.8909035,-3.3852518
4900,-2.0740304,-1.3705437
4901,-5.1379647,-2.32666
4902,-4.7446094,-5.095684
4903,-4.6443324,-2.9944975
4904,-3.7927697,-3.4816563
4905,-2.5271904,-2.1315134
4906,-2.0923548,-1.817175
4907,-1.3755666,-1.0629132
4908,-0.788814,-1.0141116
4909,-2.755951,-1.22149
4910,-1.9474005,-0.22801372
4911,-1.3099093,-4.5172925
4912,-1.5668471,-0.89242506
4913,-1.9251461,-1.7611271
4914,-2.1968327,-2.5738828
4915,-0.25461298,1.5260507
4916,-2.672885,1.7718039
4917,-0.61471283,-3.159231
4918,-1.195949,1.5757124
4919,-0.36131626,0.09864832
4920,-1.0676916,-0.877738
4921,-2.8395355,-1.2617272
4922,-3.901275,-4.84753
4923,-2.6445181,-2.4608824
4924,-1.2714814,-3.17029
4925,-3.7834551,-1.2312257
4926,-2.7108839,-3.0709746
4927,-3.2520092,-4.890564
4928,-2.7986815,-4.8151736
4929,-5.4071116,-3.1992905
4930,-2.0596857,-2.2280488
4931,-3.661419,-3.6034327
4932,-3.353585,-2.5401797
4933,-2.6283739,-0.5318954
4934,-5.393977,-4.2308474
4935,-4.2190566,-2.0625954
4936,-3.85262,-2.6540852
4937,-2.7256458,-4.945733
4938,-5.083124,-4.3405857
4939,-3.3479738,-3.144548
4940,-4.889849,-3.8702865
4941,-2.3071573,-6.2812552
4942,-1.8336307,-5.989711
4943,-3.3814437,-4.9778323
4944,-2.7277439,-1.3475847
4945,-3.9078174,-2.9959733
4946,-1.0460634,0.050886657
4947,-2.1021566,-3.1505077
4948,-1.8500019,-5.792073
4949,-3.8806083,-3.975285
4950,-3.9116046,-5.8318815
4951,-3.5849845,-4.2029734
4952,-1.9073515,-3.9777992
4953,-3.4025033,-1.5374572
4954,-3.3770783,-1.933672
4955,-2.3236916,-2.294157
4956,-1.6289197,-0.7261512
4957,-2.3522282,0.025811294
4958,-3.6009042,-2.4259079
4959,-3.8245053,-2.830782
4960,-3.2905197,-0.48093942
4961,-4.762559,-1.6800904
4962,-3.3794596,-3.5367408
4963,-1.1945193,-4.9197774
4964,-4.6064634,-0.17750072
4965,-1.9140388,-3.1900303
4966,-5.390737,-3.901268
4967,-4.47982,0.2149081
4968,-3.0216684,-0.76645225
4969,-3.5312738,-1.3981261
4970,-3.5991197,-1.6107872
4971,-2.069996,-3.4185486
4972,-3.1770446,-1.3543348
4973,-3.3408387,-4.352645
4974,-3.3931258,-2.029698
4975,-0.3287736,-1.7718165
4976,-3.664988,-1.5511315
4977,-1.2689866,-3.1837714
4978,-2.133602,-2.183855
4979,-0.8476155,-5.6257634
4980,-0.81221575,-5.643549
4981,0.31288564,-4.6832724
4982,-2.4522917,-1.27875
4983,-1.5344914,-2.3645244
4984,-2.4218407,-3.2016726
4985,-2.3785198,-4.5324407
4986,-2.4639337,-5.8648567
4987,-0.3848458,-5.257654
4988,-4.007686,-3.7139142
4989,-4.1221666,-5.894489
4990,-4.691876,-6.2027063
4991,-2.8873093,-2.4530365
4992,-1.9629005,-4.4869995
4993,-3.7380242,-4.7169285
4994,-0.48329306,-3.947159
4995,-1.2713621,-4.601875
4996,-2.365296,-3.1997738
4997,-4.1983624,-6.294671
4998,-2.2823207,-5.7813563
4999,-1.7683444,-4.578774
5000,-3.5031855,-6.360471
5001,-3.880102,-5.5822763
5002,-2.8661263,-5.2965975
5003,-2.4778786,-4.9031334
5004,-1.960058,-6.034145
5005,-2.3117437,-4.0089846
5006,-3.6850352,-4.2948823
5007,-1.6282002,-3.8666475
5008,-2.715132,-4.4007936
5009,-2.5828521,-3.937623
5010,-3.8461144,-4.3721313
5011,-2.6622257,-6.33922
5012,-2.601296,-2.9074655
5013,-4.5931582,-3.2510746
5014,-1.5875306,-2.300967
5015,-4.0486355,-2.2448103
5016,-3.6522458,-3.450181
5017,-5.0773435,-0.8962419
5018,-1.7363861,-2.2353652
5019,-3.8961687,-4.0320582
5020,-4.218092,-1.0868024
5021,-3.8177004,-5.691059
5022,-3.908855,-1.8910418
5023,-2.5663412,-3.9049985
5024,-3.1905334,-4.6115375
5025,-1.0232198,-4.8039536
5026,-1.701733,-4.0960703
5027,-2.7144396,-5.6537614
5028,-2.9698336,-4.0492663
5029,-3.3377054,-2.192703
5030,-1.0897391,-1.6949744
5031,-3.0278308,-3.390584
5032,-6.156041,-3.2687657
5033,-2.1464071,-2.6462026
5034,-3.0029976,-3.2246392
5035,-4.9740944,-1.8713048
5036,-2.5454202,-7.2109365
5037,-2.7267325,-6.3335085
5038,-1.8087279,-6.388062
5039,-3.251162,-9.337389
5040,-5.7729874,-3.8665528
5041,-3.892443,-4.7334943
5042,-4.220728,-4.6233225
5043,-2.7258742,-6.134361
5044,-3.2662172,-7.4097238
5045,-4.825226,-3.6208813
5046,-5.7791104,-3.8834949
5047,-1.9521866,-3.6180117
5048,-4.1106,-5.2387447
5049,-2.7719991,-2.9903777
5050,-2.3114064,-6.9061747
5051,-2.74441,-5.3636894
5052,-2.9772398,-3.7584546
5053,-5.2525287,-0.70462644
5054,-7.608326,-0.04310811
5055,-4.622159,-0.7248097
5056,-5.1201296,-2.2367814
5057,-4.70365,-6.711118
5058,-5.242452,-4.6127486
5059,-4.3650184,-4.9468226
5060,-4.3928084,-7.0677567
5061,-3.0789793,-6.742173
5062,-5.011578,-7.3896184
5063,-4.6779075,-6.384105
5064,-3.6712267,-4.347558
5065,-2.8999984,-7.645473
5066,-4.914449,-3.960304
5067,-2.8546011,-6.4602714
5068,-3.2035837,-7.3636756
5069,-5.1367555,-7.657916
5070,-4.5319347,-4.162341
5071,-3.6899176,-7.466409
5072,-5.903076,-7.7254987
5073,-5.191929,-4.967887
5074,-4.9127903,-2.6099088
5075,-4.411712,-7.1440153
5076,-3.6666293,-5.1699395
5077,-4.8717012,-7.328806
5078,-5.2612343,-6.731199
5079,-4.712271,-7.199122
5080,-5.2255545,-5.3841643
5081,-3.7616167,-7.3511467
5082,-5.4573965,-7.553959
5083,-5.278549,-6.026012
5084,-4.7018776,-7.0856733
5085,-4.830256,-5.7925515
5086,-5.117195,-7.2660933
5087,-4.745945,-4.1104546
5088,-6.0832005,-4.431077
5089,-3.821851,-3.9468153
5090,-1.3207045,-1.008121
5091,-4.1552486,-3.7008595
5092,-3.6179178,-6.243925
5093,-4.472757,-4.9684525
5094,-3.9613795,-3.241202
5095,-4.4803576,-8.814063
5096,-3.419273,-6.9110427
5097,-2.5970354,-7.561715
5098,-3.8344693,-5.3169265
5099,-3.550069,-3.2730546
5100,-3.9890323,-3.2667756
5101,-3.5159674,-6.2522798
5102,-4.329804,-8.309204
5103,-5.249311,-2.9732034
5104,-6.356001,-5.9815946
5105,-3.0390422,-5.1190963
5106,-5.03829,-2.3876486
5107,-1.8479583,-4.8171196
5108,-3.1354492,-6.4479465
5109,-4.441896,-3.9109051
5110,-3.6364412,-4.3855057
5111,-2.9963503,-2.5992491
5112,-4.030796,-4.1664915
5113,-3.9849672,-5.6200714
5114,-6.4582424,-6.9637957
5115,-2.502012,-7.991619
5116,-5.340486,-4.4153833
5117,-5.123943,-7.39559
5118,-5.5777965,-7.507219
5119,-6.176183,-7.176228
5120,-5.7691503,-8.484571
5121,-3.1947746,-8.514629
5122,-4.791495,-7.3032446
5123,-5.1872196,-5.798411
5124,-4.8669887,-7.6094785
5125,-4.442748,-5.189719
5126,-3.5150287,-3.3636954
5127,-4.443673,-6.7145104
5128,-2.3403156,-2.77918
5129,-3.855263,-3.832922
5130,-6.4738154,-7.2647367
5131,-4.4183817,-6.685659
5132,-6.0642214,-7.355434
5133,-2.8623855,-5.886348
5134,-3.0811307,-7.502505
5135,-4.288726,-6.6784334
5136,-5.8970313,-4.887545
5137,-4.1648793,-2.1048853
5138,-2.3278437,-3.2495215
5139,-4.358232,-4.7782283
5140,-3.7201705,-4.461618
5141,-5.340563,-3.946224
5142,-5.1021757,-4.34557
5143,-5.132185,-2.8639398
5144,-4.2785892,-3.3831
5145,-4.513945,-1.0335956
5146,-3.7409697,-3.3066225
5147,-4.9491515,-4.190077
5148,-2.6721702,-4.2257433
5149,-3.2107944,-1.5864732
5150,-4.240453,-5.753877
5151,-3.7971056,-3.319437
5152,-4.6233754,-4.6023564
5153,-2.9889145,-3.652715
5154,-5.1377234,-1.9574459
5155,-4.4169846,-4.1106563
5156,-4.2596493,-4.82697
5157,-4.7300577,-2.9969504
5158,-3.9782352,-3.936725
5159,-5.089944,-4.939428
5160,-1.7679155,-4.0891185
5161,-3.7593744,-4.0812707
5162,-5.022145,-3.3924255
5163,-2.4689918,-5.3617315
5164,-2.8047786,-5.581081
5165,-2.856983,-5.3520465
5166,-4.0998197,-4.36561
5167,-4.122094,-2.403868
5168,-5.8080187,-3.275229
5169,-6.8629303,-3.3429158
5170,-4.5370126,-2.7915502
5171,-5.650188,-3.5046797
5172,-4.980926,-2.2419324
5173,-5.961935,-3.5855207
5174,-4.8232446,-3.4255483
5175,-3.4450758,-3.2981708
5176,-4.756226,-3.6820593
5177,-3.9217682,-4.541658
5178,-5.7419887,-3.7029512
5179,-2.1876543,-0.5409879
5180,-3.845794,-4.2695737
5181,-4.6569176,-6.4833164
5182,-5.203025,-6.0403724
5183,-3.4963837,-5.0763025
5184,-3.1806114,-4.475536
5185,-3.3613222,-3.8730557
5186,-4.8004704,-6.1631093
5187,-4.8155003,-3.831236
5188,-4.941553,-2.553226
5189,-5.883461,-2.044429
5190,-5.0610704,-4.128533
5191,-5.4080043,-5.5655704
5192,-1.9021716,-4.3972054
5193,-3.4214153,-3.8732746
5194,-4.2980075,-4.3847337
5195,-2.8432145,-3.1716669
5196,-3.1298327,-4.183167
5197,-4.922085,-2.9569852
5198,-4.3038373,-3.8267472
5199,-4.566387,-4.5873275
5200,-1.4340377,-3.9545972
5201,-2.2600534,-3.202896
5202,-0.9588721,-5.0721283
5203,-0.9714596,-0.5712687
5204,-3.3942697,-2.6912136
5205,-3.8326824,-3.19577
5206,-3.259033,-2.7897265
5207,-4.470808,-2.0927722
5208,-2.7073944,-5.355433
5209,-3.5200706,-5.990491
5210,-6.0893536,-2.5646434
5211,-5.570509,-3.3444378
5212,-2.3409832,-5.1318483
5213,-3.4672315,-2.7562282
5214,-3.249117,-4.1623683
5215,-2.278305,-4.3303266
5216,-3.3713722,-5.188514
5217,-3.853484,-1.9432566
5218,-2.198592,-4.3216653
5219,-5.3124375,-3.1201437
5220,-3.0911915,-4.8680215
5221,-2.8720548,-2.6479533
5222,-4.4370213,-3.8920078
5223,-4.2335186,-0.9893904
5224,-3.8366919,1.9118664
5225,-4.2915115,5.3804584
5226,-4.5939136,-1.4150505
5227,-4.516513,0.12833758
5228,-4.3968487,-1.012841
5229,-3.1816933,-1.3131098
5230,-4.517903,-1.8110093
5231,-6.0038795,-2.7372234
5232,-3.9044895,-1.8265208
5233,-5.679386,-1.2373111
5234,-4.649833,-2.722261
5235,-5.6448264,0.41961583
5236,-4.086224,-2.62564
5237,-3.7908387,0.11922703
5238,-5.3988404,-2.5243163
5239,-3.2109451,-3.3838537
5240,-4.646674,-1.9209094
5241,-3.2324357,-1.9140881
5242,-4.334456,-3.9556293
5243,-4.251062,-3.8143187
5244,-2.4760587,-3.6840222
5245,-4.2272205,-1.7099733
5246,-2.6243901,-0.8824321
5247,-4.26079,-2.011478
5248,-2.622572,-5.683463
5249,-4.3765044,-2.273617
5250,-2.4560747,-4.2011223
5251,-2.5969336,-6.166297
5252,-7.3761644,-0.1183
5253,-6.5349298,-1.7049963
5254,-4.679632,-2.465957
5255,-4.5311904,-1.4014255
5256,-4.4292283,-1.3132255
5257,-4.027938,-2.229674
5258,-3.8637156,-3.8169353
5259,-4.6181674,0.91508085
5260,-4.0684075,-2.5436199
5261,-1.4206423,-5.627928
5262,-1.772502,-2.1520846
5263,-2.73412,-1.9840275
5264,-2.613294,-2.8014927
5265,-5.2253437,-2.7670934
5266,-3.1477046,-4.260178
5267,-0.91777754,-4.7403626
5268,-4.478853,-4.385515
5269,-3.8944538,-3.7309177
5270,-3.7667954,-3.5682778
5271,-4.794697,-2.9682648
5272,-4.668806,-2.1249394
5273,-4.096913,-0.636412
5274,-3.9421942,-3.9262974
5275,-5.306162,-3.3412364
5276,-4.1660466,-2.23599
5277,-5.852611,1.4545441
5278,-2.2937138,-3.5769205
5279,-3.7673428,-3.1314995
5280,-1.7174877,-1.270897
5281,-5.3621006,-3.3858414
5282,-3.1854498,-1.0518374
5283,-3.3545425,-2.701623
5284,-4.3847127,0.49752516
5285,-3.727654,-2.0921865
5286,-4.6682506,-1.5919265
5287,-4.7251296,-3.3927212
5288,-3.3116736,-5.6979127
5289,-4.125918,-3.6464546
5290,-3.0525417,-5.227811
5291,-1.7822055,-2.7036598
5292,-6.192683,-2.8575726
5293,-5.569016,-2.2965798
5294,-5.0704656,-2.600178
5295,-4.729235,-2.8806038
5296,-3.297247,-3.5023687
5297,-5.856997,-2.528004
5298,-2.2424674,-4.7606244
5299,-2.242769,-5.143327
5300,-3.1564512,-4.6484246
5301,-5.67859,-4.3982706
5302,-3.7338302,-3.6483433
5303,-3.3935683,-3.6205356
5304,-1.6443048,-4.2403603
5305,-1.7812976,-2.1692805
5306,0.1489604,-2.568275
5307,-2.4571657,-4.1073093
5308,-0.32541132,-5.565679
5309,-2.7799659,-1.9496944
5310,-2.641253,0.01678441
5311,-2.0098598,0.61503553
5312,-3.3560903,-2.971976
5313,-4.8728743,-3.7670774
5314,-7.6125407,-2.8774724
5315,-5.167474,-0.6282864
5316,-5.897169,-0.49050513
5317,-3.592368,-3.7302175
5318,-4.6992183,-1.573344
5319,-5.7881236,-3.824059
5320,-8.550564,-1.2073896
5321,-6.9367785,-2.8962598
5322,-5.067285,-1.9068204
5323,-4.4423194,-1.1496053
5324,-6.6754704,-1.551071
5325,-5.02566,-3.4651635
5326,-8.920133,-2.3947792
5327,-8.268253,1.0385302
5328,-9.650285,1.5147631
5329,-11.317483,-0.88648075
5330,-13.514316,-2.9976423
5331,-8.255274,0.48872164
5332,-8.848115,-2.1399934
5333,-11.755354,-5.0129633
5334,-11.499604,-2.4690192
5335,-10.650319,-3.6540606
5336,-10.412084,-2.6153266
5337,-11.06355,-3.7229486
5338,-15.643226,-4.7672777
5339,-13.872898,-4.024448
5340,-15.20245,-1.4963114
5341,-16.704395,-0.41146523
5342,-19.25252,-1.5283536
5343,-14.018215,-2.3319573
5344,-20.206898,-3.125738
5345,-16.598549,-4.338786
5346,-20.2026,-0.6375717
5347,-20.17284,-3.597702
5348,-19.026653,-1.4746683
5349,-15.819577,-1.4359794
5350,-16.466265,-1.8010029
5351,-12.115147,-3.688594
5352,-16.085249,-6.3643546
5353,-15.134415,-3.6255562
5354,-17.010984,-1.965054
5355,-17.838842,0.77099
5356,-18.58802,-1.4486881
5357,-20.501831,-2.841923
5358,-16.695341,-1.3322421
5359,-19.598795,-4.456524
5360,-16.565325,-3.1291342
5361,-21.954842,-0.46106887
5362,-17.738482,-1.4401379
5363,-14.298466,0.50321424
5364,-15.428453,-0.9804349
5365,-13.257337,-1.4996483
5366,-14.079559,-0.08550595
5367,-8.502116,-3.844475
5368,-8.381114,1.0435421
5369,-9.588637,-0.11226109
5370,-15.00314,1.0552167
5371,-12.814533,3.2895508
5372,-14.578474,-0.50127023
5373,-11.545171,2.753508
5374,-12.492868,0.7936362
5375,-16.117067,2.56004
5376,-14.563591,-2.2001255
5377,-12.868947,0.9188671
5378,-10.9584875,-2.5534816
5379,-10.549513,0.64578384
5380,-8.102157,0.5732755
5381,-7.606101,1.091195
5382,-12.128738,0.5799262
5383,-7.9864097,-0.4741001
5384,-11.219571,1.6102124
5385,-6.776422,-0.4005248
5386,-10.503133,0.517252
5387,-7.125097,-1.3728501
5388,-12.3478985,0.85155433
5389,-12.547961,1.9115869
5390,-13.723017,0.9095867
5391,-14.312891,-2.8508883
5392,-16.848192,-2.8956573
5393,-14.566694,-4.2571692
5394,-15.441841,-5.032077
5395,-15.231092,-3.6451633
5396,-16.798306,-6.1922207
5397,-17.96889,-4.5351653
5398,-17.018488,-2.9674745
5399,-18.419786,-1.8974335
5400,-15.319746,-2.5021265
5401,-18.374542,-1.7937933
5402,-17.623747,-2.6289265
5403,-19.075708,-0.44428244
5404,-19.847212,0.00044060335
5405,-19.299385,-1.4904634
5406,-16.352247,-3.1875496
5407,-16.843863,-0.3234332
5408,-19.640797,-2.4990528
5409,-13.439545,-3.0679011
5410,-18.46564,-2.8223207
5411,-21.525997,-1.4506621
5412,-18.735487,-2.3480709
5413,-14.918333,-3.0071282
5414,-17.21519,-1.6932763
5415,-18.88274,-1.3202435
5416,-21.296263,-1.1478702
5417,-17.775602,-3.4233544
5418,-16.242348,-1.3056201
5419,-15.767025,-3.119718
5420,-13.49062,-2.1167288
5421,-13.401755,-3.2955315
5422,-13.750234,-3.784947
5423,-14.27218,-3.6690354
5424,-16.82749,-1.4983826
5425,-13.834459,-2.6941283
5426,-16.88929,-2.0219975
5427,-13.8988085,-4.1195455
5428,-14.131044,-0.6073047
5429,-16.218037,-6.072945
5430,-15.009054,-5.715142
5431,-15.710227,-3.5075994
5432,-19.828695,-4.5821385
5433,-15.648841,-4.8086987
5434,-15.20889,-2.281385
5435,-13.8870325,-5.404546
5436,-10.671709,-4.8412046
5437,-12.345838,-2.2046547
5438,-13.156844,-4.153114
5439,-10.331392,-4.157072
5440,-11.503009,-3.683133
5441,-19.111385,-3.9175768
5442,-13.696301,-2.6835368
5443,-18.268158,-3.9776285
5444,-15.909536,-5.338423
5445,-12.12041,-4.5135593
5446,-17.253597,-5.087651
5447,-16.297081,-3.9238164
5448,-15.406098,-3.9944074
5449,-17.113989,-4.0695686
5450,-15.376617,-5.3871045
5451,-21.263609,-2.7054458
5452,-20.345213,-6.282991
5453,-19.87138,-3.6610086
5454,-19.759552,-1.8003845
5455,-19.081015,-1.3511565
5456,-16.795406,-1.7694759
5457,-17.004349,-1.4026655
5458,-17.155096,-3.5113497
5459,-16.168062,-3.5372689
5460,-17.085165,0.2537458
5461,-13.991577,-1.435371
5462,-20.520798,0.4211803
5463,-20.224188,-3.4983327
5464,-21.449127,0.37830725
5465,-20.401466,-0.8492338
5466,-22.121933,-0.12831722
5467,-18.858685,-2.8733015
5468,-19.664286,-3.083128
5469,-20.074236,0.7771787
5470,-18.412117,0.5516199
5471,-16.69096,-1.9893037
5472,-16.626379,-1.6438781
5473,-20.179426,-1.8766342
5474,-19.90817,-2.673668
5475,-21.814053,0.790453
5476,-23.212065,-0.39631745
5477,-23.260513,-3.161931
5478,-22.07206,0.30558875
5479,-21.865156,-3.2730598
5480,-24.975561,-1.7651061
5481,-17.37089,-3.044875
5482,-18.363039,-2.6659253
5483,-17.196735,-1.3774387
5484,-17.391186,-4.7145514
5485,-16.376213,-1.6698686
5486,-13.607113,-0.7113548
5487,-17.989626,-3.3109682
5488,-19.840673,-2.7146733
5489,-18.382404,-1.6263801
5490,-20.354502,-3.0214264
5491,-20.72398,-3.9505074
5492,-16.677532,-0.086103864
5493,-15.618315,-0.2935648
5494,-20.10539,-0.8257211
5495,-18.818462,-1.3344362
5496,-17.187687,1.5553125
5497,-20.24717,-1.3108603
5498,-21.055603,0.037954982
5499,-16.189201,2.436985
5500,-20.221964,-0.4030882
5501,-16.41431,-2.7854128
5502,-20.59306,-0.60244286
5503,-19.978891,0.09556234
5504,-20.71435,-0.30027592
5505,-20.117546,1.5253583
5506,-18.955753,-2.5261178
5507,-23.132246,-3.428379
5508,-15.66428,-1.4888115
5509,-14.758475,-1.4241266
5510,-16.16142,0.5032054
5511,-17.972086,0.3423063
5512,-15.817893,-2.427323
5513,-16.777569,-1.8618132
5514,-13.998463,-2.2849698
5515,-15.74814,-2.9860997
5516,-21.421062,-3.425834
5517,-18.441721,-1.9992664
5518,-14.359956,0.7142853
5519,-15.901375,-1.1556578
5520,-12.278349,-3.7072942
5521,-11.140951,0.7449735
5522,-12.235668,-1.7575762
5523,-8.101379,-1.0694119
5524,-13.064972,1.1253717
5525,-12.77381,-3.176718
5526,-10.028027,-3.3655229
5527,-9.976805,-0.787883
5528,-12.239257,-0.047189526
5529,-13.011433,0.3642069
5530,-10.298774,-0.9388369
5531,-10.081277,-3.0109372
5532,-10.437109,-2.0372827
5533,-8.56294,-2.1143386
5534,-10.086913,-2.727589
5535,-15.962178,-5.163883
5536,-14.107719,-2.0952842
5537,-15.071288,0.8774305
5538,-14.057148,-0.096988775
5539,-11.14831,-3.294124
5540,-10.747776,2.2027931
5541,-9.312891,-3.508798
5542,-11.11349,-0.547424
5543,-8.367167,-2.3232098
5544,-4.6898665,-3.0073287
5545,-6.7624946,-1.8972955
5546,-4.8999047,-2.681775
5547,-11.324783,-2.0088396
5548,-13.017953,-1.5385525
5549,-15.579629,-4.8703847
5550,-14.527132,-4.4114676
5551,-14.11543,-7.0136037
5552,-14.423315,-0.88376796
5553,-15.050878,-5.9072843
5554,-15.282663,-3.2528834
5555,-17.405264,-3.9244192
5556,-18.886862,-3.0804722
5557,-17.882454,-0.84554625
5558,-21.699306,-2.820193
5559,-21.69985,-2.994552
5560,-15.045728,-1.4059751
5561,-18.519493,-1.6798204
5562,-18.062553,2.508776
5563,-18.727028,-1.3563154
5564,-19.097057,0.8062287
5565,-19.291847,-0.44258246
5566,-20.316908,1.1036437
5567,-16.618877,1.6674837
5568,-19.688179,0.45689425
5569,-19.457706,-1.4470986
5570,-21.082693,-3.2543068
5571,-17.905117,0.33142114
5572,-23.04102,-0.43073595
5573,-20.177359,0.29884872
5574,-20.266579,0.17492813
5575,-20.411982,-3.1450324
5576,-19.933207,-4.6250525
5577,-22.386793,-4.2866864
5578,-23.863998,-4.147485
5579,-21.029875,-5.2374563
5580,-19.84242,-1.1089736
5581,-23.024435,-3.449603
5582,-16.11016,-0.20624368
5583,-18.654984,-2.5611231
5584,-16.772614,-4.530751
5585,-15.385879,-2.2844481
5586,-16.648739,-1.6487797
5587,-18.540268,-3.2548938
5588,-17.149208,-5.8386173
5589,-15.556738,-3.29443
5590,-18.060799,-2.9845088
5591,-18.14165,-5.270748
5592,-22.042246,-3.54523
5593,-16.762,-3.5021603
5594,-13.377783,-4.2887945
5595,-12.166947,-3.7228875
5596,-9.478163,-2.4459906
5597,-9.547651,-4.828535
5598,-11.797812,-6.587082
5599,-13.151564,-6.44742
5600,-13.776584,-7.683613
5601,-9.384998,-5.221156
5602,-14.798801,-6.6639204
5603,-14.668784,-3.339557
5604,-8.143005,-6.7713847
5605,-7.6944113,-4.340491
5606,-10.8476095,-6.367725
5607,-17.808504,-5.7912555
5608,-16.462067,-5.956299
5609,-17.779003,-6.5265017
5610,-19.580532,-7.156081
5611,-15.680516,-2.7335613
5612,-20.065742,-2.0468535
5613,-25.55419,-0.815282
5614,-24.325472,-5.4331217
5615,-20.952179,-4.0461054
5616,-16.682352,0.19228595
5617,-19.324127,-2.4874744
5618,-18.45634,-1.8280393
5619,-12.783113,-3.8488183
5620,-13.6720085,-0.43220854
5621,-18.097092,-2.3909152
5622,-17.037687,-1.6671101
5623,-19.823917,-1.319426
5624,-23.6161,-3.58403
5625,-21.204391,-3.2102516
5626,-23.708158,-3.988444
5627,-27.103848,-2.89946
5628,-27.450197,-2.3083253
5629,-26.200836,-1.6915677
5630,-26.458246,-2.562009
5631,-30.515507,-2.803598
5632,-30.379456,-3.997657
5633,-31.101095,-7.4752617
5634,-33.09917,-4.8986025
5635,-31.390797,-4.194285
5636,-33.249146,-3.3061962
5637,-31.258417,-4.3615947
5638,-30.3075,-3.352084
5639,-31.715845,-4.3013783
5640,-35.27837,-5.2822366
5641,-32.942093,-6.619187
5642,-33.82843,-3.2934914
5643,-29.489874,-3.9917533
5644,-30.182373,-5.350258
5645,-22.431238,-3.9075162
5646,-29.149368,-5.899823
5647,-23.511328,-10.194052
5648,-27.217897,-7.32283
5649,-26.894335,-6.1678567
5650,-25.22289,-7.4277506
5651,-22.09915,-5.434049
5652,-25.05414,-4.4163823
5653,-23.771027,-6.658921
5654,-25.370249,-3.1882799
5655,-23.430532,-3.4176059
5656,-20.886995,-4.2947235
5657,-16.541563,-6.483682
5658,-17.289398,-5.4678226
5659,-15.177994,-4.399748
5660,-15.643229,-6.791963
5661,-14.5048895,-6.380352
5662,-17.34855,-3.5002508
5663,-18.584925,-4.302089
5664,-14.5868635,-9.609723
5665,-18.561579,-6.5693703
5666,-15.398927,-5.9590044
5667,-16.397516,-4.702438
5668,-17.964344,-6.0488667
5669,-15.351033,-7.768086
5670,-17.076273,-5.504899
5671,-14.277268,-8.115927
5672,-13.864375,-7.7283363
5673,-11.948508,-7.4888983
5674,-19.156673,-5.6179976
5675,-16.801508,-6.0126076
5676,-17.604496,-8.734672
5677,-16.921463,-5.440683
5678,-18.07692,-7.653346
5679,-17.075962,-10.193318
5680,-17.983606,-6.5945306
5681,-22.09911,-7.993855
5682,-18.218441,-4.6257563
5683,-21.833853,-6.229074
5684,-17.215364,-8.127388
5685,-11.859075,-9.993327
5686,-13.654485,-9.866029
5687,-15.210176,-7.080822
5688,-17.877369,-8.111838
5689,-22.47966,-8.244965
5690,-24.332544,-11.161179
5691,-18.152065,-10.630965
5692,-15.614687,-7.8615875
5693,-15.96686,-8.238326
5694,-14.042368,-8.4649105
5695,-12.210208,-9.019795
5696,-11.869769,-10.769021
5697,-10.742979,-9.274745
5698,-10.978827,-8.812214
5699,-11.379552,-8.765854
5700,-15.059364,-8.652868
5701,-12.63909,-10.724043
5702,-11.397579,-9.36591
5703,-10.989024,-8.244355
5704,-9.335483,-9.180862
5705,-9.780195,-8.463319
5706,-8.211623,-8.009353
5707,-11.572135,-7.5709715
5708,-10.806654,-8.999346
5709,-7.629114,-10.3885
5710,-9.45951,-4.5632424
5711,-13.090687,-5.4434943
5712,-11.025199,-4.7168536
5713,-13.567715,-8.954842
5714,-13.666027,-7.8957367
5715,-12.056997,-7.709837
5716,-22.518501,-6.187064
5717,-24.68162,-7.9643693
5718,-23.569843,-6.899361
5719,-23.14554,-6.668776
5720,-22.882362,-7.3873677
5721,-28.891289,-6.0605707
5722,-29.787586,-7.5800595
5723,-25.104471,-7.8078156
5724,-22.768808,-8.292556
5725,-23.836905,-7.636294
5726,-21.90078,-5.8535786
5727,-22.663761,-5.589582
5728,-24.034063,-6.712803
5729,-24.504097,-8.851825
5730,-29.100626,-6.2364073
5731,-26.317657,-3.3059494
5732,-25.266174,-5.614144
5733,-29.412546,-5.817899
5734,-27.71976,-8.118928
5735,-24.384535,-6.7093754
5736,-31.256647,-6.5029902
5737,-28.660774,-5.149215
5738,-27.236439,-7.307077
5739,-28.939201,-5.0601654
5740,-26.14099,-6.4353256
5741,-27.574715,-8.7616205
5742,-31.500792,-3.0325544
5743,-33.79759,-4.066056
5744,-34.625374,-4.119264
5745,-34.463066,-3.4083498
5746,-34.130234,-3.4942853
5747,-33.778194,-4.864422
5748,-34.308716,-2.601013
5749,-33.05379,-3.4212222
5750,-32.910027,-3.3371408
5751,-34.553196,-4.484012
5752,-33.30033,-7.3165
5753,-32.52798,-2.919373
5754,-30.346844,-3.172487
5755,-32.180195,-3.3991225
5756,-33.05088,-5.9787736
5757,-32.291275,-3.2160146
5758,-33.11188,-1.4098878
5759,-31.991997,-5.207852
5760,-31.796286,-2.9460654
5761,-32.60453,-4.188853
5762,-31.835007,-1.6234525
5763,-31.452923,-1.2773695
5764,-29.948282,-4.076275
5765,-33.08451,-5.086008
5766,-34.209137,-5.451537
5767,-33.19582,-6.6858964
5768,-29.788137,-5.578248
5769,-31.711334,-6.4354215
5770,-30.732782,-5.5213675
5771,-29.609081,-6.462886
5772,-27.12361,-3.251076
5773,-27.660254,-2.357082
5774,-28.130697,-6.54249
5775,-29.750032,-3.054833
5776,-29.049402,-1.2397807
5777,-29.94165,-2.3699434
5778,-29.453985,-1.8978667
5779,-32.180473,-3.6861928
5780,-34.26034,-2.3855743
5781,-33.82103,-2.8805447
5782,-32.519146,-4.2618294
5783,-30.723284,-3.2550697
5784,-34.209564,-4.164928
5785,-32.76275,-4.096039
5786,-32.755676,-4.2524285
5787,-34.141285,-4.7647233
5788,-29.983461,-5.5341926
5789,-34.63631,-2.708437
5790,-32.389244,-4.899108
5791,-32.70149,-2.8171036
5792,-34.335976,-3.6678486
5793,-31.891277,-3.8401139
5794,-32.94436,-2.4591632
5795,-31.729525,-5.32294
5796,-30.928999,-6.6019807
5797,-33.34624,-5.8870625
5798,-31.720665,-2.81323
5799,-31.331612,-2.5102444
5800,-30.860367,-2.9830303
5801,-32.831196,-3.9879823
5802,-33.977352,-4.184302
5803,-33.461586,-5.3590097
5804,-32.513332,-5.8048873
5805,-31.624401,-3.7115362
5806,-33.955177,-1.6631345
5807,-32.03314,-6.249346
5808,-29.860834,-8.687924
5809,-30.883774,-6.523638
5810,-31.93902,-4.399963
5811,-31.872877,-3.5831983
5812,-32.21082,-6.47577
5813,-35.50422,-6.0023727
5814,-32.796017,-6.3052425
5815,-31.692781,-3.281091
5816,-33.760826,-7.5427117
5817,-34.527073,-6.3655195
5818,-31.735863,-7.060877
5819,-33.260067,-8.716093
5820,-33.337276,-5.822797
5821,-33.905968,-6.9463034
5822,-32.82342,-7.930029
5823,-31.991175,-4.662387
5824,-35.270294,-8.557973
5825,-32.739674,-4.654994
5826,-35.02892,-6.3877883
5827,-34.763832,-6.6224794
5828,-35.51965,-5.8865547
5829,-34.17788,-3.992564
5830,-33.531277,-4.6266575
5831,-34.205223,-6.9535995
5832,-34.6355,-7.1186132
5833,-33.524323,-5.609709
5834,-33.22333,-7.7200513
5835,-35.217598,-6.9498935
5836,-33.38817,-8.485825
5837,-33.51031,-4.2890863
5838,-33.77756,-4.3910275
5839,-33.95863,-5.4718175
5840,-34.350807,-5.586282
5841,-34.60952,-5.073378
5842,-34.219955,-3.1844087
5843,-33.703293,-4.7724257
5844,-33.515377,-4.277252
5845,-32.86452,-7.480012
5846,-33.515907,-6.935181
5847,-33.67011,-3.1468475
5848,-33.365818,-4.268336
5849,-32.102013,-5.8420696
5850,-32.859467,-4.960154
5851,-33.210716,-3.5816474
5852,-34.288773,-3.0977104
5853,-33.68212,-4.1944056
5854,-33.859577,-3.7109604
5855,-34.030827,-2.7251303
5856,-32.633,-2.2521014
5857,-34.60936,-2.017481
5858,-33.908165,-1.3412246
5859,-32.116062,-1.53743
5860,-34.408264,-1.5895066
5861,-31.919302,-1.4646912
5862,-31.416847,-0.9261706
5863,-33.659576,-4.2175717
5864,-35.1175,-2.5883784
5865,-35.330055,-5.217167
5866,-34.631573,-2.2237494
5867,-33.423496,-3.9398007
5868,-35.03876,-2.703402
5869,-33.38252,-4.5159454
5870,-32.032433,-4.4972076
5871,-32.774395,-3.2319758
5872,-33.52628,-2.512946
5873,-34.390472,-4.8414445
5874,-34.69032,-5.0404553
5875,-34.814228,-5.186533
5876,-35.147884,-3.4857733
5877,-35.457207,-4.826214
5878,-34.884895,-4.4425554
5879,-33.620785,-6.3098216
5880,-34.109074,-5.3884377
5881,-34.165295,-4.4098487
5882,-34.615158,-4.51182
5883,-33.689434,-5.4461336
5884,-34.530804,-4.1965685
5885,-32.56078,-5.0033636
5886,-33.660526,-6.5256424
5887,-31.969603,-2.6219923
5888,-30.810251,-3.5929217
5889,-31.927729,-1.8598758
5890,-33.43152,-4.264353
5891,-35.6951,-4.535843
5892,-34.44218,-1.6310674
5893,-35.435097,-2.8050783
5894,-33.827984,-3.5200727
5895,-35.80598,-4.8227377
5896,-35.109497,-2.0572758
5897,-34.834328,-3.574218
5898,-33.30106,-4.287537
5899,-33.93388,-2.6323316
5900,-33.14011,-1.9400325
5901,-32.273605,-3.3682947
5902,-34.038956,-1.4821843
5903,-30.615822,0.46255314
5904,-32.545933,-3.6874774
5905,-34.29234,-4.8830037
5906,-33.945312,-2.716156
5907,-31.886446,-3.9139636
5908,-32.685165,-5.189449
5909,-34.044155,-4.541274
5910,-32.286613,-6.34095
5911,-34.901173,-6.458529
5912,-35.13765,-5.126183
5913,-32.944233,-5.2176538
5914,-32.976364,-6.6187716
5915,-32.347008,-11.127385
5916,-34.42702,-6.0572805
5917,-34.018208,-6.871966
5918,-34.51149,-4.7047105
5919,-34.774857,-3.7312207
5920,-33.883152,-6.3551464
5921,-34.32392,-1.1629688
5922,-34.868687,-2.2717836
5923,-31.66161,-3.4559522
5924,-31.884205,-2.518576
5925,-33.31672,-2.6213825
5926,-34.223614,-0.69314104
5927,-33.08251,-1.4844145
5928,-31.778595,-2.97334
5929,-34.55893,0.6734229
5930,-32.79778,-0.6497799
5931,-34.593094,-0.15175635
5932,-32.304096,-1.8714246
5933,-33.39341,-2.6647208
5934,-33.761524,-4.5050354
5935,-32.43286,-2.6095407
5936,-32.528477,-4.14578
5937,-30.44285,-2.459248
5938,-32.21559,-5.2724953
5939,-30.529427,-0.71505594
5940,-35.197205,-5.89096
5941,-31.31431,-3.385754
5942,-30.671503,-2.3231785
5943,-32.034508,-4.258727
5944,-31.995697,-4.515572
5945,-32.751904,-4.13015
5946,-32.00841,-5.2671814
5947,-31.15418,-7.536559
5948,-30.06958,-2.8823414
5949,-31.78561,-0.5646325
5950,-30.728594,-3.920209
5951,-30.373592,-2.5664997
5952,-29.038889,0.06386309
5953,-31.16549,-3.841975
5954,-28.417572,-1.347129
5955,-27.012037,-2.0741627
5956,-30.2241,-1.6189857
5957,-26.269262,-4.966935
5958,-32.30105,-2.4552991
5959,-28.963263,0.29955316
5960,-27.744875,-2.3808615
5961,-27.078316,0.31599873
5962,-31.689539,-1.9161193
5963,-32.36633,-2.1527324
5964,-33.57542,-3.1601038
5965,-31.795485,-1.1063339
5966,-32.403763,-2.0717869
5967,-32.64979,1.0182686
5968,-32.820995,2.5380583
5969,-33.492477,-1.8472111
5970,-33.09124,-1.1776894
5971,-32.262802,-2.4786735
5972,-35.505608,-2.6409576
5973,-33.230637,-8.419691
5974,-33.496998,-6.732643
5975,-34.15219,-2.0117042
5976,-32.721745,0.06069521
5977,-34.286537,-1.5788412
5978,-34.03907,-3.1802475
5979,-32.765583,-1.492668
5980,-34.247047,-2.554308
5981,-31.319054,-2.7765653
5982,-33.47098,-3.6188776
5983,-32.34454,-3.7860997
5984,-32.259613,-2.865183
5985,-29.634422,-2.2186372
5986,-30.552456,-0.28320718
5987,-31.67187,-0.23504628
5988,-30.48586,-0.5800697
5989,-30.63903,1.5931748
5990,-32.87092,3.233088
5991,-32.323685,3.2835796
5992,-33.279175,-0.09890338
5993,-33.513264,-1.146901
5994,-33.584393,-2.1626246
5995,-30.691248,-1.7654061
5996,-32.957886,-3.561812
5997,-32.174297,-2.6961946
5998,-32.398563,-3.9693146
5999,-32.72126,-1.7823728
6000,-34.944584,-1.4328226
6001,-34.58535,-0.4323478
6002,-34.51482,-1.9342705
6003,-35.444233,-1.4644182
6004,-35.1092,-0.1965213
6005,-34.289486,0.8402868
6006,-34.253674,-0.8130638
6007,-32.86608,1.9647127
6008,-33.084736,-1.2772038
6009,-33.362442,-1.639
6010,-30.895521,1.6169201
6011,-35.85242,1.2103496
6012,-32.463436,-0.74389654
6013,-33.159348,-0.2373098
6014,-32.460815,-0.4676388
6015,-35.120438,-1.8952396
6016,-33.128838,-0.25002795
6017,-32.46974,-1.9632921
6018,-32.423027,-1.3254788
6019,-33.99473,-2.9448733
6020,-34.841843,-2.1856124
6021,-32.318695,0.016167631
6022,-33.975163,-0.44851473
6023,-34.55492,-3.8530755
6024,-32.370083,-2.7663271
6025,-30.595737,-2.9751003
6026,-33.974598,-2.576275
6027,-32.655617,-4.9747868
6028,-34.340614,-0.74406713
6029,-34.142128,-1.9751201
6030,-35.11483,0.08231465
6031,-34.569645,-1.1020606
6032,-34.25173,0.8885497
6033,-34.539288,1.3396101
6034,-35.08849,1.1505972
6035,-34.365482,-0.4505935
6036,-35.78707,0.35112333
6037,-34.762257,-0.8231698
6038,-32.474014,-2.9727938
6039,-34.292477,-4.18899
6040,-34.56203,-2.0518417
6041,-33.514153,-3.2143264
6042,-36.69231,-0.3457183
6043,-34.738174,-1.5583179
6044,-34.748714,0.7633178
6045,-33.103954,-1.7866359
6046,-35.061672,-1.4851841
6047,-34.563225,-0.38181487
6048,-34.94027,-1.2562345
6049,-35.041546,-3.7586546
6050,-34.452698,0.19942705
6051,-34.71033,-0.373109
6052,-34.975086,1.7778578
6053,-33.268574,0.37660778
6054,-34.397083,1.3541223
6055,-34.937008,1.7643936
6056,-33.524765,-0.95272756
6057,-33.644028,-0.92965466
6058,-34.340523,0.42691234
6059,-34.299915,0.7798858
6060,-37.207813,0.9498354
6061,-34.94506,1.1829888
6062,-35.28102,-0.58876336
6063,-34.617817,-0.3065334
6064,-33.011303,0.8007563
6065,-34.62866,1.5395038
6066,-33.747406,4.8359785
6067,-35.192806,2.5287378
6068,-32.14512,2.4270427
6069,-33.976257,1.8221248
6070,-34.72901,1.1822511
6071,-34.41935,-0.82699317
6072,-35.19766,4.4890876
6073,-34.38599,6.339208
6074,-32.784325,4.658237
6075,-31.841393,3.5812457
6076,-34.12366,3.7143228
6077,-32.89125,1.8700708
6078,-32.65472,2.8003187
6079,-33.760708,3.5704856
6080,-34.92327,3.821631
6081,-34.562,2.6081605
6082,-31.962902,3.5632315
6083,-32.813408,3.0378296
6084,-32.818424,3.8116212
6085,-33.655064,2.8757412
6086,-33.171734,4.820339
6087,-34.56472,2.6584177
6088,-33.413734,4.7307854
6089,-32.899437,2.5375195
6090,-31.908247,5.6464005
6091,-32.29098,5.298825
6092,-32.78414,8.676523
6093,-31.222612,6.0211024
6094,-33.23479,5.7968483
6095,-32.8939,6.3012133
6096,-34.327072,6.289661
6097,-32.37836,6.016575
6098,-32.55677,5.507371
6099,-33.84724,7.84868
6100,-34.15505,8.421045
6101,-31.256716,4.113369
6102,-32.57285,5.0681157
6103,-31.824903,3.4071581
6104,-34.704857,7.429579
6105,-32.840755,2.0960186
6106,-32.437172,2.642689
6107,-34.01914,0.3608448
6108,-33.981415,-1.5550873
6109,-33.06007,4.528018
6110,-31.390305,3.5977132
6111,-32.528137,1.4904579
6112,-32.737766,1.7588481
6113,-31.311525,1.2854785
6114,-33.21483,-0.062327743
6115,-35.141937,-0.30262753
6116,-35.080223,-0.04650092
6117,-35.48122,-0.27975565
6118,-33.5419,-0.0090328045
6119,-33.86205,-3.4245136
6120,-34.23054,-3.4076605
6121,-34.27971,0.5080086
6122,-34.96717,0.4919842
6123,-34.412407,0.91717964
6124,-32.716656,-5.063572
6125,-35.057663,-0.3740333
6126,-32.6876,1.3634772
6127,-34.05906,3.9396987
6128,-33.87507,3.5820637
6129,-33.483154,0.12859116
6130,-33.61402,-3.0269978
6131,-34.747814,-2.6263366
6132,-33.8161,-3.11531
6133,-34.003887,-3.1619291
6134,-32.866592,-5.13662
6135,-31.351627,-4.591252
6136,-31.12987,-4.4303436
6137,-34.22275,-6.8408914
6138,-35.512615,-4.9313836
6139,-34.077404,-2.4365726
6140,-32.337196,-4.655122
6141,-31.625832,-1.6539103
6142,-32.621593,-2.0043106
6143,-32.749737,-2.9797864
6144,-35.11731,-4.1598296
6145,-34.2494,-4.128599
6146,-34.38793,-3.8589325
6147,-32.371986,-4.4860444
6148,-33.105663,-6.184494
6149,-33.09615,-4.3549023
6150,-32.43628,-4.166782
6151,-30.29036,-3.7974854
6152,-31.934675,-3.6305165
6153,-31.893587,-4.560035
6154,-31.97287,-4.1100507
6155,-32.826214,-3.91094
6156,-33.653816,-1.6848562
6157,-31.015331,-5.434461
6158,-32.26585,-0.79577905
6159,-31.958414,-4.806384
6160,-32.60242,-5.14681
6161,-34.688316,-7.241046
6162,-36.072914,-3.1549113
6163,-35.102512,-2.9725518
6164,-35.950203,-4.813302
6165,-36.33434,-4.770682
6166,-36.2703,-5.471262
6167,-34.675854,-7.2684236
6168,-34.937386,-6.3418217
6169,-35.482517,-7.1976247
6170,-36.332428,-4.5078864
6171,-34.773487,-6.129065
6172,-35.283665,-5.499321
6173,-35.766953,-4.8649054
6174,-34.040386,-4.736403
6175,-34.08108,-2.9061525
6176,-35.26175,-7.056497
6177,-35.436874,-8.239132
6178,-35.2087,-7.957946
6179,-35.235092,-4.088148
6180,-34.278084,-2.1527221
6181,-34.7785,-5.595168
6182,-35.4241,-3.5654566
6183,-34.226448,-6.7925816
6184,-37.338646,-5.69711
6185,-35.95563,-3.6812184
6186,-35.933506,-6.091765
6187,-34.718327,-10.070093
6188,-36.204826,-7.06779
6189,-35.92678,-4.8643775
6190,-35.6881,-8.592651
6191,-34.86123,-7.440855
6192,-34.820133,-8.065691
6193,-36.82211,-5.972328
6194,-35.8714,-5.883181
6195,-35.401768,-5.137315
6196,-33.84406,-7.7179565
6197,-35.63077,-10.218741
6198,-33.09155,-8.875687
6199,-33.22802,-8.075778
6200,-33.033955,-7.4068117
6201,-36.62697,-10.267407
6202,-35.772232,-6.4194274
6203,-36.020382,-7.344641
6204,-36.89081,-7.8253117
6205,-35.89488,-8.050703
6206,-33.842155,-6.9115014
6207,-34.335365,-6.7540236
6208,-33.567047,-5.915993
6209,-34.070953,-7.51299
6210,-35.121006,-7.9690366
6211,-34.6952,-5.4235225
6212,-33.213196,-7.3585486
6213,-35.565666,-5.6543007
6214,-34.94583,-4.9512215
6215,-33.27699,-6.4894705
6216,-33.392487,-7.6780105
6217,-34.51727,-6.879455
6218,-33.49917,-7.3705153
6219,-35.763683,-5.8513303
6220,-34.418285,-4.442404
6221,-34.938763,-7.109402
6222,-35.043316,-6.908628
6223,-34.493813,-6.758321
6224,-35.65463,-6.4830027
6225,-35.500824,-4.1450424
6226,-36.587215,-5.906713
6227,-34.64973,-6.3228226
6228,-34.20233,-6.6468143
6229,-35.216312,-6.8275633
6230,-33.707157,-8.227445
6231,-36.228184,-5.0484586
6232,-36.419655,-5.314069
6233,-34.916027,-3.8238716
6234,-34.47559,-4.8812337
6235,-34.525867,-3.6486163
6236,-34.7141,-7.280811
6237,-35.222958,-4.1391063
6238,-34.933544,-3.2294617
6239,-34.19504,-5.056872
6240,-34.62859,-4.68263
6241,-34.07544,-5.981571
6242,-32.435226,-4.4749384
6243,-30.182833,-9.074988
6244,-33.030758,-6.412299
6245,-33.329136,-9.565509
6246,-33.16337,-5.3160887
6247,-32.841137,-5.625801
6248,-33.131912,-3.9488943
6249,-35.173023,-5.3303313
6250,-35.55173,-4.678231
6251,-33.78978,-5.197414
6252,-36.206028,-4.5814204
6253,-34.4723,-3.3993099
6254,-35.822956,-4.9692526
6255,-34.159313,-3.4053109
6256,-34.816235,-4.8968205
6257,-33.033585,-0.41882464
6258,-35.111675,-0.00406816
6259,-35.33746,-4.6698546
6260,-34.230927,-4.4251366
6261,-33.842556,-4.0983024
6262,-34.272064,-2.6527097
6263,-35.17329,-5.647925
6264,-33.85345,-4.294689
6265,-35.91346,-4.3074393
6266,-34.096367,-6.34903
6267,-35.128418,-7.317766
6268,-35.664078,-6.6229105
6269,-35.65233,-6.004612
6270,-34.882153,-6.4870563
6271,-34.375652,-4.117449
6272,-33.003677,-6.644366
6273,-36.130253,-6.061263
6274,-33.983253,-6.545449
6275,-34.881374,-6.900101
6276,-35.54603,-6.6486964
6277,-34.962303,-4.8748956
6278,-34.980293,-5.495771
6279,-33.748524,-7.7858796
6280,-34.285965,-6.170948
6281,-33.84225,-3.9986875
6282,-31.978798,-4.751882
6283,-31.454275,-6.0743546
6284,-31.617102,-3.3827894
6285,-32.5921,-4.640526
6286,-33.32514,-2.3644447
6287,-32.474655,-5.7492447
6288,-31.30401,-5.718772
6289,-31.140982,-6.426971
6290,-29.933073,-7.3279243
6291,-32.03454,-5.285252
6292,-32.994698,-4.747469
6293,-30.819168,-3.5874896
6294,-30.956688,-6.429141
6295,-30.184965,-5.4867077
6296,-29.242195,-7.6165123
6297,-28.69346,-4.2127247
6298,-32.931644,-6.1874022
6299,-33.130814,-6.959815
6300,-34.23835,-5.233836
6301,-34.009903,-6.35578
6302,-35.06036,-4.08278
6303,-33.084805,-4.714173
6304,-34.35723,-5.363402
6305,-34.294903,-4.6891336
6306,-34.169025,-3.6145594
6307,-34.489326,-7.1814985
6308,-35.726383,-5.7825284
6309,-33.482418,-4.513329
6310,-34.64621,-6.53591
6311,-33.683712,-1.5382651
6312,-31.41954,-5.4065824
6313,-33.98094,-0.70201176
6314,-34.418926,-3.8143404
6315,-33.0915,-1.998382
6316,-33.7522,-5.1911283
6317,-33.192894,-3.7816854
6318,-32.98662,-5.646792
6319,-32.0045,-3.6691854
6320,-35.0687,-7.5338373
6321,-33.767227,-3.9352226
6322,-34.56602,-3.5378597
6323,-35.790043,-6.8309836
6324,-35.244522,-4.120106
6325,-36.386276,-5.061688
6326,-33.827892,-2.8994348
6327,-33.67562,-2.5344276
6328,-34.65333,-4.0335913
6329,-33.743347,-0.30314347
6330,-35.119087,-3.6478434
6331,-34.777626,-1.2850071
6332,-34.521267,-2.466895
6333,-34.259468,-1.4925275
6334,-34.29281,-0.7022762
6335,-35.49114,-3.8210602
6336,-34.285934,0.21059617
6337,-33.76997,1.1136882
6338,-33.67048,-0.6266676
6339,-33.425198,-1.1116118
6340,-33.46445,-2.0363288
6341,-33.667816,-3.6880002
6342,-32.55835,-4.9569063
6343,-31.417616,-2.4812207
6344,-33.49234,-2.0064332
6345,-34.529736,0.0659099
6346,-35.526207,-3.0670748
6347,-33.58021,-4.3492274
6348,-32.11642,-1.0155284
6349,-33.694546,-3.6922145
6350,-33.346066,-5.4042883
6351,-34.339115,-5.3752537
6352,-34.368896,-5.7075224
6353,-34.4652,-0.29208046
6354,-33.891335,-2.0930798
6355,-33.675716,-0.54698783
6356,-32.453907,-0.20287725
6357,-34.180676,-0.6847928
6358,-33.383858,-0.39895102
6359,-33.80294,-0.6432903
6360,-32.95639,-3.1116996
6361,-30.968159,-2.2799819
6362,-32.715103,-3.5716925
6363,-31.257536,-4.506538
6364,-31.4558,-2.2501671
6365,-31.075169,-2.3473709
6366,-33.073067,-3.180585
6367,-32.424896,-2.185523
6368,-34.137917,-1.5794892
6369,-33.283596,-3.7908688
6370,-32.810867,-3.0009563
6371,-33.54324,-1.6905885
6372,-33.161037,-2.558114
6373,-34.614227,0.38303635
6374,-32.86181,-1.6251202
6375,-32.806805,-1.0407469
6376,-34.013973,0.38988233
6377,-34.208824,0.35861838
6378,-32.5756,-0.37751007
6379,-33.225147,-2.4589384
6380,-34.660877,-0.7943425
6381,-33.547745,-0.7952654
6382,-34.72807,1.1374371
6383,-35.443558,-1.2846774
6384,-31.732132,-0.019989373
6385,-33.845993,1.2449965
6386,-33.19697,-0.50594705
6387,-33.603416,-0.18785821
6388,-30.816448,-4.052942
6389,-32.868607,-0.35534772
6390,-32.242126,-2.58073
6391,-32.11084,-4.9597197
6392,-32.30124,-2.9562688
6393,-31.262476,-0.6481729
6394,-32.257786,-1.7466426
6395,-32.590042,-4.465491
6396,-32.287155,-2.552939
6397,-32.394745,-2.5032454
6398,-32.57329,-3.377347
6399,-31.498863,-4.770678
6400,-33.83258,-5.5298953
6401,-33.88362,-0.82825947
6402,-31.401495,-0.36860144
6403,-34.496994,-1.8043604
6404,-34.37293,1.1992519
6405,-35.587265,-0.33935946
6406,-33.89853,-0.35121188
6407,-35.057423,1.128832
6408,-34.87191,-3.111985
6409,-32.281166,-3.3811777
6410,-31.89952,-1.6715481
6411,-30.71092,1.0098549
6412,-34.301064,0.8237149
6413,-34.496723,-2.395024
6414,-32.2226,-4.879946
6415,-32.659336,-0.615566
6416,-31.182219,-0.020659583
6417,-31.044916,-2.860236
6418,-31.865917,-2.8290548
6419,-33.141537,1.7404423
6420,-36.0929,-3.050914
6421,-31.915071,-0.12365177
6422,-33.425896,-2.776438
6423,-32.94581,-2.7071304
6424,-34.23428,-4.8158116
6425,-32.556816,-2.8030972
6426,-34.30098,-2.693291
6427,-35.45643,-1.1559803
6428,-33.15237,-3.4087007
6429,-33.596222,-2.6733744
6430,-32.323406,0.8141023
6431,-33.024,-2.153984
6432,-33.337738,-3.0101361
6433,-31.445408,-3.6141722
6434,-31.668545,-2.385816
6435,-32.17694,-2.3327835
6436,-29.741087,-2.7070937
6437,-29.1898,-3.5002882
6438,-32.6429,-0.6423704
6439,-29.653732,-2.155747
6440,-28.413933,0.70721555
6441,-28.366055,-1.827153
6442,-30.659988,-4.242788
6443,-29.824038,-2.4984527
6444,-31.031862,-2.421253
6445,-30.479504,-3.8703434
6446,-31.06801,-0.51883036
6447,-27.795101,-0.63505596
6448,-27.85869,-4.60144
6449,-30.07959,-2.7477756
6450,-30.275316,-2.8462496
6451,-31.50637,-2.4445765
6452,-28.506111,-2.1190567
6453,-30.9073,-3.3261743
6454,-25.944912,-2.1438274
6455,-30.292929,-2.521751
6456,-29.986622,-0.77031875
6457,-30.707808,-0.66116047
6458,-32.480324,2.8035169
6459,-33.019535,0.03329044
6460,-31.971289,-0.16189119
6461,-32.71468,-2.1392045
6462,-34.656464,-1.3941981
6463,-32.66814,-3.7382927
6464,-32.212303,-3.4786952
6465,-34.562115,0.4791215
6466,-34.279896,-1.7517133
6467,-34.92025,-1.7312495
6468,-32.99799,-0.8487509
6469,-31.344255,-4.989143
6470,-34.598938,-1.9970617
6471,-32.202988,-4.149588
6472,-32.414547,-3.3064215
6473,-29.502808,-3.6801004
6474,-34.198936,-2.025632
6475,-34.70397,-2.092723
6476,-32.097645,-1.7992197
6477,-36.220085,-5.9220176
6478,-32.724987,-6.0233645
6479,-32.448498,-4.743983
6480,-33.102875,-4.727479
6481,-31.05952,-5.965311
6482,-31.545633,-6.084838
6483,-33.08526,-2.4738333
6484,-33.23357,-3.650464
6485,-31.101997,-2.8263044
6486,-32.87956,-1.6170962
6487,-29.27486,-2.1539874
6488,-29.802828,-3.272805
6489,-32.34815,-0.35805
6490,-30.320183,-3.8416398
6491,-30.277845,-2.0413115
6492,-30.324436,-4.522505
6493,-30.138103,-3.752563
6494,-32.61855,-3.6395905
6495,-28.363243,-6.152275
6496,-33.267883,-3.4437668
6497,-30.814917,-6.996754
6498,-31.275692,-3.4455237
6499,-34.06052,-3.5194647
6500,-28.209686,-3.8911994
6501,-30.204336,-4.4549475
6502,-30.553516,-4.6004663
6503,-30.032784,-5.0179443
6504,-31.185007,-5.23338
6505,-30.581089,-4.2289834
6506,-33.152954,-2.9373877
6507,-32.4724,-4.579073
6508,-31.272041,-3.3803022
6509,-33.021374,-1.1222665
6510,-29.23803,1.1110826
6511,-28.96936,-0.022422211
6512,-31.654081,-3.2144434
6513,-29.426828,-2.7183948
6514,-31.674326,-5.5112047
6515,-32.453766,-4.2647567
6516,-29.520859,-2.405134
6517,-30.115017,-2.9280725
6518,-32.51047,-2.2391224
6519,-31.846453,-2.1573281
6520,-30.299955,-2.3047004
6521,-30.81451,-1.8229601
6522,-30.715406,-2.350092
6523,-30.63199,-4.0826945
6524,-33.817265,0.98874956
6525,-33.60971,-3.9718752
6526,-34.788548,-4.587124
6527,-31.886824,-3.4787674
6528,-35.890636,-0.28652474
6529,-34.99458,-2.7427218
6530,-36.56909,-1.7702365
6531,-33.472046,-2.7700667
6532,-34.08924,-2.33133
6533,-36.150726,-1.9353113
6534,-33.06307,-2.7277572
6535,-35.37762,-2.8657067
6536,-34.68673,-0.26906884
6537,-33.895977,-0.9435942
6538,-32.22099,-1.5255159
6539,-33.442234,-1.8835703
6540,-32.54945,-2.5348635
6541,-34.80316,-0.7596117
6542,-33.44687,0.20065595
6543,-32.53449,-1.1130259
6544,-34.919415,-1.901916
6545,-34.474876,1.8591956
6546,-35.479782,0.63512796
6547,-33.442238,-2.1534054
6548,-35.03684,-3.3189497
6549,-34.091545,-1.5983812
6550,-32.694736,-2.3854253
6551,-34.28142,0.008765946
6552,-31.832853,-2.7328062
6553,-34.40288,-2.2897677
6554,-36.19423,-3.3944442
6555,-35.527645,-1.3146318
6556,-34.910725,-0.23204273
6557,-33.160133,-1.2935468
6558,-33.222248,-0.8825767
6559,-32.20196,-1.1160318
6560,-32.642555,-2.9591773
6561,-34.12137,-0.32877865
6562,-33.474224,-2.5760503
6563,-33.0148,0.38807946
6564,-34.89081,1.0456827
6565,-34.71923,-2.340632
6566,-34.35288,-2.7551243
6567,-32.942673,-4.9423203
6568,-31.656893,-0.58551526
6569,-34.340862,-1.9975741
6570,-33.10927,-0.43613738
6571,-33.77225,-3.959839
6572,-32.249226,-3.9066882
6573,-32.7497,-4.0398498
6574,-32.77394,-0.97190547
6575,-33.72993,-1.2084686
6576,-32.13393,-0.6657696
6577,-35.44963,0.22255291
6578,-31.767656,0.56489885
6579,-31.797457,1.3510528
6580,-32.991127,0.249032
6581,-32.668934,-2.7833657
6582,-34.65902,-2.180511
6583,-33.64855,-2.4927022
6584,-33.24644,-3.229038
6585,-32.34126,-6.017368
6586,-34.291103,-4.132952
6587,-32.8099,-4.59452
6588,-34.054382,-6.6203194
6589,-33.0086,-2.655019
6590,-34.614357,-2.9943876
6591,-34.98727,-0.8807436
6592,-34.629795,-3.027579
6593,-36.436333,-2.4232728
6594,-32.259995,0.74563205
6595,-34.50403,-2.28967
6596,-36.01733,-2.0317976
6597,-34.28397,-2.6432524
6598,-34.19951,-1.14045
6599,-35.482235,0.4175001
6600,-34.28426,-0.5261891
6601,-35.690613,1.4982693
6602,-33.45765,-3.167616
6603,-33.77357,-3.3324947
6604,-34.650185,-3.4624918
6605,-35.165318,-2.9448273
6606,-34.461086,-0.46475512
6607,-35.452667,-2.5366628
6608,-35.62436,0.3885297
6609,-36.039017,-0.5290168
6610,-35.100754,-1.0873251
6611,-33.97823,-0.034896467
6612,-32.84836,-0.24170187
6613,-32.795902,-1.4969953
6614,-32.20003,-0.9101278
6615,-33.244896,-2.5885537
6616,-34.040394,-1.7740047
6617,-34.327496,-2.1152139
6618,-33.365326,-2.7667947
6619,-33.184357,-3.1750321
6620,-34.620598,-3.1709125
6621,-36.58478,-2.6594563
6622,-35.85382,-2.856762
6623,-35.746693,-3.2129238
6624,-35.549957,-4.125148
6625,-34.96625,-4.5073333
6626,-34.354965,-2.8280535
6627,-34.306976,-1.6346719
6628,-29.879728,-2.9656801
6629,-33.65458,-6.82981
6630,-33.50107,-3.6925495
6631,-33.204445,-3.9879222
6632,-34.314484,-2.0843449
6633,-34.24294,-5.7579246
6634,-33.37923,-4.778225
6635,-34.76712,-2.5895257
6636,-36.357468,-3.0741696
6637,-32.1436,-4.6489673
6638,-32.79695,-3.5791385
6639,-33.356953,-3.533304
6640,-33.66146,-4.5167365
6641,-34.0635,-5.108737
6642,-34.22434,-6.2505236
6643,-33.769115,-2.1930146
6644,-32.84994,-0.16879447
6645,-35.077286,-1.8256172
6646,-31.636293,-1.5825778
6647,-33.897186,-3.4113076
6648,-33.441906,-2.3176727
6649,-32.30099,-0.9754847
6650,-32.467186,0.54262364
6651,-33.18449,-2.2748072
6652,-34.20118,-2.2380736
6653,-33.905045,-2.2428493
6654,-33.50675,-0.7962777
6655,-32.229286,-0.24625194
6656,-33.266098,-2.8217137
6657,-32.803444,-4.3453755
6658,-32.85209,-5.3515496
6659,-32.63996,-5.5633216
6660,-31.212788,-3.1325898
6661,-32.650448,-4.0959387
6662,-30.966534,-6.374796
6663,-33.12359,-5.7803926
6664,-34.40397,-8.950092
6665,-35.60574,-6.180602
6666,-35.439682,-5.399385
6667,-34.544014,-2.7858014
6668,-35.0556,-4.73909
6669,-34.032944,-7.1885767
6670,-32.41664,-8.984878
6671,-34.446175,-8.326696
6672,-32.98091,-7.5894055
6673,-35.90027,-8.219532
6674,-31.770258,-6.0739613
6675,-33.122078,-8.676815
6676,-34.2753,-7.6408563
6677,-33.906315,-4.572873
6678,-33.342827,-3.3100572
6679,-33.352306,-2.9241674
6680,-30.941986,-4.656063
6681,-32.721153,-2.0923254
6682,-33.30624,-2.9389963
6683,-30.882238,-3.8033147
6684,-30.802807,-4.0390377
6685,-31.210842,-3.0829644
6686,-32.607365,-5.456812
6687,-32.366592,-4.776088
6688,-31.354237,-6.8929143
6689,-31.666883,-5.5151916
6690,-33.37043,-5.1534076
6691,-32.543762,-4.934731
6692,-33.993965,-5.9380307
6693,-33.63183,-6.6262927
6694,-35.04564,-3.9494126
6695,-33.309547,-5.155248
6696,-33.420135,-4.585273
6697,-34.49776,-4.1211987
6698,-33.995197,-6.7969995
6699,-34.801804,-3.567613
6700,-34.564964,-2.6009612
6701,-34.59064,-5.3272133
6702,-34.740074,-6.0447354
6703,-34.904446,-3.4507184
6704,-35.030365,-4.9099565
6705,-35.02796,-6.6246905
6706,-35.37951,-6.9848957
6707,-34.143375,-6.2593393
6708,-34.50033,-2.1414495
6709,-33.402504,-6.277731
6710,-34.61389,-1.5457094
6711,-34.7132,-1.2375358
6712,-34.764023,-3.2349288
6713,-35.189228,-0.77878636
6714,-36.686954,-3.5403562
6715,-36.78729,-3.4323058
6716,-34.898743,0.0019372578
6717,-34.881218,-4.6826825
6718,-35.090076,-3.3480217
6719,-34.633427,-6.388221
6720,-34.427692,-3.3096175
6721,-35.90092,-3.3458443
6722,-34.036015,-3.2825346
6723,-36.748867,-2.4882565
6724,-36.37165,-4.8816752
6725,-35.14313,-8.002093
6726,-34.32153,-1.8112085
6727,-33.847256,-5.6742287
6728,-34.963474,-4.7892294
6729,-33.34904,-5.2695436
6730,-31.054573,-5.3828964
6731,-31.888412,-3.4605165
6732,-30.838589,-3.7589893
6733,-32.05502,-4.194602
6734,-34.36643,-5.49266
6735,-32.925865,-4.305837
6736,-34.95869,-3.8412268
6737,-33.106728,-2.4488344
6738,-34.74121,-3.487909
6739,-33.65296,-3.8067129
6740,-32.328335,-5.93248
6741,-34.00528,-5.5317245
6742,-32.6023,-4.0012274
6743,-32.07494,-2.4886253
6744,-35.200726,-4.083029
6745,-33.016716,-5.6854568
6746,-32.625217,-1.0894364
6747,-34.390827,-2.6421869
6748,-37.45163,-6.383344
6749,-36.95013,-4.4474936
6750,-36.030697,-3.4668021
6751,-35.437042,-3.1770835
6752,-34.35643,-4.1113567
6753,-36.685936,-1.8429085
6754,-34.404728,-3.403645
6755,-34.603,-2.3271062
6756,-35.540276,-1.953457
6757,-35.528046,-2.7684946
6758,-33.149166,-5.037728
6759,-33.275097,-4.5275955
6760,-34.865032,-4.4400506
6761,-32.86572,-4.627933
6762,-35.28806,-3.909838
6763,-35.042362,-4.841448
6764,-34.817818,-4.116021
6765,-35.58957,-2.6528494
6766,-34.98422,-4.60092
6767,-34.686966,-2.8878832
6768,-34.860077,-5.984391
6769,-35.27818,-4.881169
6770,-35.31315,-3.887807
6771,-34.19513,-6.615277
6772,-35.282814,-3.618063
6773,-35.858494,-3.1382513
6774,-35.88315,-5.830692
6775,-35.24056,-3.3285697
6776,-34.357174,-5.535817
6777,-35.07347,-6.821688
6778,-33.60462,-2.034949
6779,-34.040943,-4.418396
6780,-34.294582,-4.2040863
6781,-34.64966,-4.825354
6782,-34.40398,-2.7330756
6783,-35.08053,-6.8073416
6784,-34.486675,-4.107615
6785,-34.84798,-2.5741162
6786,-35.251675,-6.0973134
6787,-33.2708,-3.3566394
6788,-31.733461,-2.8426077
6789,-32.460064,-6.1964464
6790,-31.756851,-4.6334214
6791,-30.49724,-2.8550951
6792,-32.014526,-4.2517643
6793,-31.668938,-3.384634
6794,-34.517815,-3.893765
6795,-34.194824,-7.389912
6796,-34.230408,-6.101096
6797,-32.329308,-5.1775823
6798,-35.00262,-2.1716022
6799,-34.32408,-6.665567
6800,-34.958607,-4.2353992
6801,-34.736053,-4.7587423
6802,-35.254658,-2.5694444
6803,-35.279057,-1.8638403
6804,-35.21374,-2.8239515
6805,-34.78862,-3.5225136
6806,-35.33004,-4.843233
6807,-34.142933,-7.132917
6808,-35.69033,-2.6198075
6809,-35.28128,-3.0692043
6810,-36.593864,0.119017996
6811,-35.399624,-1.8495513
6812,-36.454723,-2.9178042
6813,-36.137207,-3.7926545
6814,-36.16023,-3.0578547
6815,-34.250153,-3.3216834
6816,-35.535908,-4.7993774
6817,-35.20695,-5.7213497
6818,-35.215763,-2.27438
6819,-35.418835,-3.6111493
6820,-33.550415,-4.815642
6821,-33.53846,-2.873401
6822,-32.633797,-3.5796678
6823,-34.86246,-3.293747
6824,-35.019154,-3.1026404
6825,-35.104034,-3.306008
6826,-34.991104,-0.9000497
6827,-34.197834,-3.1814306
6828,-36.318058,-0.4475627
6829,-34.462395,-5.8972683
6830,-36.060993,-2.360734
6831,-34.647247,-2.4832993
6832,-36.602802,-5.5119605
6833,-35.817776,-5.80096
6834,-33.522835,-4.022934
6835,-35.49283,-5.6780233
6836,-32.725597,-1.9701636
6837,-34.77658,-0.7806355
6838,-35.519558,-3.5309217
6839,-36.42252,-3.903403
6840,-36.435497,-6.9390445
6841,-36.5396,-6.7299876
6842,-35.84987,-4.164145
6843,-36.186718,-6.217176
6844,-34.44395,-3.590328
6845,-34.8146,-1.425819
6846,-35.60918,-7.372911
6847,-36.27955,-4.5672607
6848,-34.462902,-0.22665325
6849,-35.903725,-4.599318
6850,-34.746994,-3.3104568
6851,-34.872444,-4.000902
6852,-37.165966,-3.1814036
6853,-36.102654,-0.5327673
6854,-35.266956,-2.1790743
6855,-34.11354,-1.9233989
6856,-37.551212,-5.540369
6857,-34.773064,0.031605013
6858,-33.18495,-4.541013
6859,-34.90676,-2.9139488
6860,-36.51919,-2.3105822
6861,-33.793312,-6.3848753
6862,-32.95858,-0.99728334
6863,-35.242157,-2.270183
6864,-33.373306,-4.5937676
6865,-33.87845,-3.2386134
6866,-34.219967,-3.094372
6867,-33.665634,-6.2106266
6868,-34.304493,-5.3151803
6869,-33.953888,-5.377457
6870,-33.745705,-0.7991409
6871,-35.582317,-0.6885423
6872,-33.590187,-4.173615
6873,-33.975986,-5.2036963
6874,-35.851475,-4.0199924
6875,-35.683994,-0.1880469
6876,-35.10461,-2.1613426
6877,-35.260487,-2.772973
6878,-34.059834,-5.271176
6879,-34.068577,-3.6121774
6880,-34.184113,-2.3404546
6881,-34.444202,-4.2408834
6882,-35.039677,-1.9637377
6883,-33.885414,-1.4418129
6884,-33.700092,-2.6568542
6885,-33.64556,-1.0499144
6886,-34.69253,-3.0971916
6887,-33.48301,-1.243105
6888,-35.35951,-2.9637306
6889,-33.993134,-3.6724095
6890,-34.87455,-3.2028534
6891,-34.388023,-3.1565583
6892,-33.295063,-2.8098125
6893,-34.581497,-1.8938031
6894,-35.489445,-2.5703375
6895,-34.701252,-4.0711055
6896,-35.505676,-4.390036
6897,-35.556393,-3.7358158
6898,-34.268356,-4.628952
6899,-35.057495,-3.1946414
6900,-35.14284,-3.0900943
6901,-35.174725,-4.610551
6902,-35.79239,-6.1518297
6903,-34.400436,-4.82224
6904,-35.083847,-4.2100906
6905,-34.50675,-6.7490063
6906,-35.04326,-5.8780193
6907,-33.68724,-2.6388867
6908,-32.63539,-4.5607786
6909,-35.29076,-5.447679
6910,-33.59672,-7.7461963
6911,-34.924744,-4.7601056
6912,-36.19441,-6.8699574
6913,-35.657887,-4.8673267
6914,-34.254246,-7.9320364
6915,-33.84333,-9.26329
6916,-34.558956,-6.100916
6917,-34.624634,-10.864427
6918,-33.544025,-4.16343
6919,-35.25566,-6.836968
6920,-35.782948,-6.7665815
6921,-34.992477,-8.22291
6922,-33.37418,-7.0131073
6923,-34.520912,-7.3799014
6924,-33.86697,-7.4985476
6925,-36.421856,-7.611958
6926,-34.180317,-8.349164
6927,-33.573277,-6.382155
6928,-36.5031,-7.9219604
6929,-36.120407,-7.454531
6930,-33.22478,-5.56357
6931,-33.464046,-6.014565
6932,-33.896282,-4.7619004
6933,-35.1531,-7.364556
6934,-35.391705,-5.940953
6935,-34.8663,-6.1976924
6936,-34.46421,-4.3551807
6937,-36.503613,-5.4262605
6938,-35.14749,-7.1511755
6939,-35.269764,-3.190096
6940,-33.012505,-4.0590043
6941,-35.167534,-2.9352016
6942,-33.049072,-3.9715555
6943,-32.436947,-1.8793104
6944,-33.214104,-5.4923525
6945,-34.6392,-6.0510836
6946,-33.917057,-5.5182433
6947,-33.353645,-5.1335177
6948,-33.568108,-5.78684
6949,-33.695038,-5.0181775
6950,-32.585815,-8.337315
6951,-34.944874,-4.522693
6952,-34.692406,-3.750806
6953,-34.507435,-3.1759686
6954,-34.59262,-4.655478
6955,-34.62908,-4.5081487
6956,-32.775417,-5.349838
6957,-34.169495,-4.7148943
6958,-32.410744,-4.6677127
6959,-33.693134,-3.3181076
6960,-33.63137,-3.9830651
6961,-33.6662,-4.753092
6962,-34.099514,-6.7009344
6963,-35.123947,-5.089727
6964,-35.3706,-7.039781
6965,-33.27667,-1.6557959
6966,-32.355995,-1.9670135
6967,-32.81643,-2.4246829
6968,-34.23585,-3.1904047
6969,-34.16751,-3.8081503
6970,-35.055073,-1.3272927
6971,-35.817417,-4.191377
6972,-34.696598,-4.333676
6973,-34.653126,-4.985447
6974,-35.660645,-5.4732585
6975,-35.05318,-3.8515365
6976,-33.86129,-5.776639
6977,-32.941414,-5.997742
6978,-34.55715,-7.714688
6979,-33.684868,-8.078903
6980,-34.602028,-4.5473194
6981,-35.011116,-4.228518
6982,-35.48098,-3.256518
6983,-35.17159,-0.21643095
6984,-35.00852,-2.112166
6985,-34.253582,-1.3219321
6986,-36.013935,-2.4081886
6987,-34.745834,-4.356673
6988,-35.432022,-1.7731082
6989,-35.004044,-6.616042
6990,-36.093674,-3.683075
6991,-33.92565,-3.1274822
6992,-36.795357,-4.093878
6993,-36.17862,-3.859175
6994,-35.91599,-3.2168367
6995,-35.821632,-5.0199766
6996,-36.517963,-8.01752
6997,-36.121296,-8.449066
6998,-35.47249,-2.5874076
6999,-33.878975,-5.660639
7000,-32.44761,-4.4793634
7001,-33.665646,-6.4492264
7002,-31.535448,-4.927598
7003,-32.843307,-6.4500623
7004,-31.283455,-5.324734
7005,-34.57706,-5.3523846
7006,-30.168911,-7.6544485
7007,-32.69527,-4.6175895
7008,-31.454536,-4.1051006
7009,-34.01923,-4.479743
7010,-31.017485,-5.6361623
7011,-34.477455,-3.5894697
7012,-32.43358,-3.5218096
7013,-32.16647,-4.6347218
7014,-31.552528,-4.666379
7015,-32.766476,-5.979363
7016,-32.73613,-6.700062
7017,-32.49179,-4.0771985
7018,-32.850365,-4.9641705
7019,-34.381844,-7.551481
7020,-32.175137,-5.2711353
7021,-33.706985,-4.194571
7022,-32.865,-6.6585994
7023,-34.410923,-5.5698256
7024,-32.9188,-3.7670934
7025,-30.20141,-3.6156042
7026,-30.971031,-1.4147834
7027,-30.962406,-7.319309
7028,-30.868967,-7.36924
7029,-30.606686,-7.2412615
7030,-26.447847,-6.6519256
7031,-30.071466,-5.7998304
7032,-30.103073,-3.967222
7033,-32.144375,-8.460861
7034,-30.040438,-7.6035132
7035,-30.067366,-4.400882
7036,-31.74715,-5.685877
7037,-34.25692,-5.81839
7038,-32.02479,-6.6619077
7039,-34.97515,-2.301971
7040,-32.087524,-5.783552
7041,-29.309727,-5.699964
7042,-32.161194,-6.1013565
7043,-29.96187,-3.8270726
7044,-29.55212,-5.93982
7045,-28.874453,-4.305061
7046,-28.80712,-7.7825103
7047,-31.876371,-5.8975854
7048,-31.84579,-6.4388075
7049,-31.568253,-7.7149177
7050,-31.898014,-3.4153752
7051,-30.68026,-7.841147
7052,-30.42,-3.7191308
7053,-29.976479,-2.4155934
7054,-30.475744,-6.54402
7055,-30.108727,-5.6741076
7056,-28.287645,-7.0051327
7057,-30.609833,-5.492296
7058,-28.986631,-2.729082
7059,-30.767622,-4.909426
7060,-30.075138,-2.3863015
7061,-32.03959,-5.12831
7062,-30.65006,-4.167824
7063,-29.91586,-4.6173477
7064,-28.7148,-4.433519
7065,-28.72469,-5.7976174
7066,-30.0219,-6.5999827
7067,-31.957308,-5.0129337
7068,-34.006107,-5.838141
7069,-31.570246,-9.263329
7070,-30.96674,-5.676663
7071,-31.383432,-8.389168
7072,-33.03478,-4.635033
7073,-33.06688,-6.642102
7074,-31.04949,-7.734539
7075,-33.750412,-6.9643354
7076,-31.182709,-7.9499393
7077,-33.72313,-5.912815
7078,-30.452925,-5.8008738
7079,-32.513535,-5.7864027
7080,-32.74954,-6.722952
7081,-29.924623,-6.0247912
7082,-33.218754,-7.467554
7083,-34.089306,-7.059939
7084,-33.22034,-6.630714
7085,-32.67023,-5.2263155
7086,-31.136068,-6.251339
7087,-34.602646,-7.485095
7088,-29.912788,-5.787471
7089,-34.519505,-7.6423573
7090,-33.257607,-7.572135
7091,-34.894176,-6.8776045
7092,-32.209846,-5.974573
7093,-33.72941,-7.526932
7094,-36.05808,-5.2379713
7095,-36.461998,-9.270174
7096,-34.74752,-4.7542334
7097,-34.32311,-6.078256
7098,-34.611958,-3.907327
7099,-35.980564,-1.7457833
7100,-35.438,-5.4149966
7101,-33.49322,-5.109199
7102,-32.96144,-5.520194
7103,-36.021072,-2.5151684
7104,-34.722515,-5.1804214
7105,-34.33637,-5.622921
7106,-34.93449,-7.3562765
7107,-35.11018,-4.028152
7108,-32.900784,-6.8192163
7109,-33.63441,-4.4247594
7110,-35.228134,-5.363031
7111,-35.89544,-2.600521
7112,-35.694572,-3.2496185
7113,-35.408905,-8.777812
7114,-34.084274,-7.6564016
7115,-35.15183,-5.284822
7116,-35.35849,-5.58587
7117,-34.72195,-5.6013036
7118,-34.14096,-4.782535
7119,-33.52199,-4.4779844
7120,-34.175453,-6.0106606
7121,-33.69814,-3.8036366
7122,-35.079483,-8.029108
7123,-33.7936,-4.370618
7124,-35.50071,-4.3452497
7125,-33.579773,-3.294354
7126,-34.988132,-6.3358836
7127,-36.521904,-5.070926
7128,-35.455338,-6.6229286
7129,-35.84991,-5.5320225
7130,-34.487633,-4.865512
7131,-34.89635,-2.800847
7132,-33.702427,-6.6624746
7133,-34.627598,-5.7414775
7134,-35.188957,-6.5242014
7135,-36.645386,-5.028545
7136,-34.86321,-6.775344
7137,-34.439472,-6.144448
7138,-39.236298,-5.886395
7139,-34.463802,-5.7128706
7140,-36.044296,-5.4963913
7141,-35.308243,-5.9869413
7142,-34.878292,-5.3809896
7143,-36.078537,-6.7466
7144,-34.16439,-6.3485975
7145,-32.453407,-6.689659
7146,-32.574715,-5.7811756
7147,-34.00613,-5.212839
7148,-33.05413,-5.5585613
7149,-32.31978,-6.714376
7150,-33.937305,-5.194662
7151,-32.733337,-4.5750937
7152,-34.41668,-2.4029398
7153,-30.814106,-4.2665076
7154,-32.435978,-3.162335
7155,-32.492382,-7.6733212
7156,-33.02455,-3.8141515
7157,-32.79202,-4.2765884
7158,-34.090218,-4.8510175
7159,-34.352158,-5.5240407
7160,-34.57764,-2.651167
7161,-34.830433,-0.9733115
7162,-33.890743,-4.6593304
7163,-35.333454,-3.2423503
7164,-34.643906,-3.644729
7165,-34.805443,-2.2404833
7166,-33.899452,-3.8974557
7167,-33.7202,-4.0662756
7168,-35.893024,-4.7339096
7169,-32.50708,-1.6319011
7170,-36.52937,-3.544074
7171,-33.358627,-3.2154372
7172,-33.929516,-6.647188
7173,-35.30559,-6.2640915
7174,-36.38791,-6.348761
7175,-33.252174,-5.8393607
7176,-33.305428,-4.865443
7177,-35.388332,-2.9305038
7178,-34.696632,-3.4595776
7179,-33.110775,-1.9933833
7180,-33.42215,-4.315201
7181,-32.375805,-3.795866
7182,-34.07856,-5.2311335
7183,-34.376846,-5.62606
7184,-35.486206,-6.581878
7185,-36.44859,-5.38016
7186,-32.623203,-1.5118726
7187,-34.052208,-4.7855926
7188,-33.961674,-5.580535
7189,-33.938465,-6.400634
7190,-34.68883,-6.1110597
7191,-29.914833,-5.2448864
7192,-32.879642,-3.799138
7193,-33.360992,-2.2886415
7194,-33.664555,-4.8989415
7195,-33.638752,-8.18893
7196,-34.390915,-5.698188
7197,-34.42109,-4.892145
7198,-34.374817,-7.441028
7199,-35.964485,-6.34358
7200,-33.23404,-5.7305226
7201,-35.811947,-6.4381948
7202,-35.929756,-3.8403044
7203,-33.548496,-4.0005956
7204,-33.84729,-3.243789
7205,-35.26952,-3.9790447
7206,-34.830425,-4.9091425
7207,-36.135155,-6.3459635
7208,-34.310562,-6.317995
7209,-34.964535,-4.313272
7210,-36.762817,-2.159896
7211,-34.52852,-5.3505807
7212,-34.59446,-4.2734733
7213,-34.836338,-3.6596115
7214,-35.817467,-2.2730374
7215,-36.16004,-4.3416557
7216,-34.31632,-3.8966632
7217,-33.670776,-1.7925551
7218,-34.031784,-3.0413618
7219,-34.446545,-6.1160283
7220,-33.424213,-2.9177608
7221,-35.900047,-3.5926383
7222,-36.324837,-3.966618
7223,-36.380676,-5.447114
7224,-35.62609,-7.2360706
7225,-36.32839,-4.534117
7226,-37.208748,-3.8116496
7227,-34.657604,-3.6086729
7228,-35.922543,-4.390862
7229,-35.73208,-5.9750605
7230,-35.196323,-2.5872924
7231,-36.30682,-2.461731
7232,-34.494164,-4.409727
7233,-35.34658,-4.3864436
7234,-36.143925,-4.1777024
7235,-36.152866,-4.341915
7236,-36.211002,-6.1712017
7237,-35.026356,-4.8531213
7238,-34.640354,-5.9636455
7239,-35.14188,-7.2601304
7240,-34.83382,-5.093031
7241,-34.088005,-7.25894
7242,-34.292656,-5.1667595
7243,-35.14435,-7.713999
7244,-34.368237,-7.389178
7245,-37.084637,-6.4354367
7246,-37.240284,-7.056386
7247,-35.84528,-7.391182
7248,-35.623066,-7.848953
7249,-35.391537,-9.647757
7250,-33.118015,-8.501231
7251,-36.828327,-6.8424907
7252,-36.164124,-4.0605836
7253,-36.43485,-7.3830767
7254,-35.779236,-7.34246
7255,-34.696793,-9.161308
7256,-33.226868,-11.45184
7257,-34.234417,-7.6942534
7258,-35.261673,-8.211939
7259,-36.242992,-7.547918
7260,-34.234455,-9.83227
7261,-33.469894,-8.985397
7262,-35.093292,-7.047255
7263,-35.174297,-4.74631
7264,-35.30311,-7.119208
7265,-34.583225,-3.6504722
7266,-35.51956,-3.9406865
7267,-36.50082,-5.192506
7268,-37.051937,-3.8588731
7269,-33.498753,-4.3787336
7270,-35.829723,-5.8690696
7271,-36.805992,-7.023335
7272,-35.88652,-6.345132
7273,-33.049034,-4.4465947
7274,-35.93534,-6.332836
7275,-35.715115,-5.6014442
7276,-34.63508,-3.5771468
7277,-35.309135,-6.739232
7278,-35.502476,-5.6835423
7279,-36.217087,-4.033664
7280,-35.47453,-6.0750847
7281,-36.497406,-6.382396
7282,-34.964386,-3.2292228
7283,-34.6243,-6.237324
7284,-36.26753,-2.8563669
7285,-34.891483,-5.798219
7286,-35.20907,-6.2417636
7287,-35.01524,-5.449049
7288,-34.740623,-6.3465285
7289,-37.599857,-1.6846335
7290,-33.770607,-6.935764
7291,-34.71091,-2.2571347
7292,-34.132633,-5.2888885
7293,-35.928997,-7.235584
7294,-35.134323,-3.6551447
7295,-34.990974,-3.8537931
7296,-35.061363,-5.652282
7297,-35.621502,-6.940696
7298,-35.65103,-6.0066657
7299,-36.192272,-4.892135
7300,-35.307625,-4.65171
7301,-35.457943,-2.6540072
7302,-33.99128,-6.0490003
7303,-34.575993,-5.143077
7304,-33.812943,-2.9516144
7305,-34.410847,-4.719424
7306,-35.161083,-4.2439156
7307,-33.440266,-1.2682155
7308,-32.260124,-5.0761676
7309,-33.319923,-4.3811283
7310,-35.415802,-4.767346
7311,-34.90643,-6.8878665
7312,-33.444206,-3.98834
7313,-36.323425,-7.4802904
7314,-36.2934,-5.598987
7315,-36.643562,-5.5053587
7316,-37.001564,-5.1928005
7317,-35.981495,-5.7619233
7318,-35.235718,-8.509537
7319,-35.25346,-4.656135
7320,-33.92536,-6.0565233
7321,-34.618736,-4.115431
7322,-33.06432,-3.810473
7323,-33.240932,-4.091518
7324,-34.19714,-4.555857
7325,-35.375385,-6.5875373
7326,-34.165787,-6.1088247
7327,-33.99288,-6.8436923
7328,-36.040737,-6.609634
7329,-35.83838,-5.2985597
7330,-34.887035,-2.3953757
7331,-35.455994,-6.010748
7332,-34.63281,-5.281789
7333,-35.19956,-9.278522
7334,-34.885918,-6.571341
7335,-35.13466,-5.9804688
7336,-35.61988,-7.408435
7337,-35.01325,-2.60368
7338,-35.41615,-7.3515506
7339,-34.248085,-8.167252
7340,-33.74315,-7.130972
7341,-36.33192,-6.464991
7342,-35.305786,-3.6684139
7343,-35.619026,-6.6046677
7344,-34.92577,-4.993012
7345,-36.247997,-6.4378614
7346,-34.84632,-7.441925
7347,-34.212803,-6.3652644
7348,-34.43396,-4.150475
7349,-36.313244,-4.807
7350,-34.974243,-5.1693115
7351,-34.47483,-6.0637
7352,-34.30504,-8.263497
7353,-34.3888,-3.887901
7354,-34.88991,-6.8482094
7355,-34.50765,-5.072466
7356,-34.721333,-2.003114
7357,-32.453983,-6.877147
7358,-35.369396,-3.7629738
7359,-33.155968,-5.9041286
7360,-32.508583,-5.902606
7361,-31.913538,-8.101775
7362,-34.13549,-4.7717314
7363,-34.87871,-3.3343532
7364,-32.091652,-3.963595
7365,-30.368456,-5.9762692
7366,-31.74814,-5.644096
7367,-31.340437,-2.9046035
7368,-31.050394,-5.9397306
7369,-33.239876,-6.360615
7370,-33.489933,-4.951827
7371,-34.716274,-3.3329613
7372,-36.021923,-4.8683834
7373,-33.76816,-4.300965
7374,-34.465294,-6.615913
7375,-33.763744,-5.8181252
7376,-33.862877,-4.5610275
7377,-35.70198,-4.437178
7378,-32.16307,-4.2821417
7379,-33.17861,-3.5705469
7380,-33.228462,-4.0831933
7381,-33.34923,-4.8598986
7382,-31.738688,-3.504684
7383,-34.58004,-5.1264997
7384,-33.208782,-5.999175
7385,-31.778421,-5.230084
7386,-29.923996,-4.1550813
7387,-32.24701,-5.5219426
7388,-29.607029,-2.52104
7389,-31.152153,-5.1154943
7390,-32.482628,-6.513188
7391,-29.91186,-6.1738667
7392,-28.116045,-5.4042225
7393,-29.4315,-3.5778573
7394,-30.104158,-5.7175274
7395,-32.03844,-3.281439
7396,-30.341028,-5.073346
7397,-32.202137,-4.9900994
7398,-29.999084,-3.376446
7399,-29.980831,-4.452503
7400,-30.556229,-4.63821
7401,-28.78387,-2.1741536
7402,-30.777737,-2.3613765
7403,-31.366629,-4.4132037
7404,-30.074762,-3.6584358
7405,-29.202278,-5.932267
7406,-25.596498,-5.0575275
7407,-24.43773,-3.1745274
7408,-30.1713,-3.258281
7409,-27.813255,-3.6109738
7410,-27.69959,-4.84604
7411,-30.341988,-5.8029275
7412,-29.401436,-4.0186195
7413,-27.75058,-4.132919
7414,-31.075964,-5.2845235
7415,-28.548191,-3.8020797
7416,-30.480473,-5.297944
7417,-33.192722,-4.177111
7418,-28.820915,-6.245398
7419,-33.754105,-1.345193
7420,-34.38653,-6.4738884
7421,-35.60403,-2.6936326
7422,-36.31879,-1.2755193
7423,-35.861633,-2.1026342
7424,-36.300617,-3.0708034
7425,-35.32348,-4.8012486
7426,-36.39971,-5.194299
7427,-34.75461,-4.3019757
7428,-36.03849,-5.8024273
7429,-35.52703,-5.2483044
7430,-35.824085,-4.0155196
7431,-34.952515,-6.635965
7432,-36.282486,-5.652767
7433,-35.252197,-7.1362724
7434,-33.218037,-6.9081407
7435,-34.03125,-4.7629833
7436,-36.413174,-5.396948
7437,-33.70743,-6.1076
7438,-34.359592,-5.403396
7439,-35.540874,-7.205019
7440,-36.92629,-4.5582066
7441,-34.133965,-5.1306205
7442,-34.929443,-4.6983447
7443,-34.374355,-6.9059415
7444,-32.702114,-5.9462585
7445,-34.040398,-3.3921049
7446,-32.25132,-3.9615312
7447,-34.016476,-5.8620787
7448,-33.40501,-5.083284
7449,-32.28292,-4.0176897
7450,-34.606186,-6.993947
7451,-31.457739,-5.826475
7452,-33.60134,-6.4013395
7453,-34.305443,-4.4195333
7454,-35.091496,-5.4354935
7455,-36.569458,-3.103163
7456,-35.202503,-5.458233
7457,-33.725372,-7.722937
7458,-33.46557,-5.933444
7459,-34.59708,-2.7344067
7460,-32.368664,-6.840716
7461,-36.036713,-3.9549341
7462,-32.943863,-0.9954314
7463,-33.197613,-2.501262
7464,-32.45241,-3.0595446
7465,-35.16838,-5.139988
7466,-34.430973,-5.276441
7467,-34.611664,-4.8266273
7468,-34.29924,-4.03169
7469,-36.148544,-2.1279106
7470,-32.798866,-2.7293599
7471,-32.143703,-3.0577872
7472,-34.24483,-3.690613
7473,-34.81934,-2.6419084
7474,-36.587463,-3.6454196
7475,-35.252605,-3.7892828
7476,-32.790703,-0.90040714
7477,-33.966953,-1.5691534
7478,-34.070797,-2.380953
7479,-34.964256,-1.9592315
7480,-33.584602,-5.2705164
7481,-36.06613,-4.446038
7482,-32.289146,-4.343043
7483,-34.754597,-6.4994082
7484,-34.434635,-5.0062065
7485,-32.660725,-4.0569634
7486,-33.863613,-0.47442457
7487,-35.60788,-3.911452
7488,-35.272434,-3.1718795
7489,-34.879433,-2.9854052
7490,-34.990242,-1.3062592
7491,-33.17732,-2.9877596
7492,-35.441765,-1.3694507
7493,-33.99324,-3.9506948
7494,-35.01129,-4.613341
7495,-33.94072,-4.850367
7496,-34.3624,-4.1005316
7497,-32.39104,-4.079569
7498,-34.989895,-2.8068726
7499,-33.89991,-1.0173126
7500,-32.94157,-3.1255095
7501,-33.434074,-0.4982875
7502,-33.3876,-6.29986
7503,-33.32182,-3.5866103
7504,-32.682007,-5.305319
7505,-34.154835,-3.6412332
7506,-32.373653,-2.8756938
7507,-33.339863,-5.3175297
7508,-33.840343,-4.2820964
7509,-35.532417,-5.0545506
7510,-34.128754,-5.07337
7511,-35.512726,-6.670657
7512,-36.15351,-3.780653
7513,-35.586483,-4.8320894
7514,-35.445904,-3.974022
7515,-32.034843,-5.811393
7516,-34.433548,-5.7740397
7517,-33.36676,-5.936193
7518,-35.162178,-9.124423
7519,-33.16741,-6.205432
7520,-33.42519,-5.91384
7521,-34.65112,-8.010689
7522,-33.70824,-5.9049416
7523,-33.31433,-6.7613235
7524,-33.616177,-6.836919
7525,-34.05049,-6.9714394
7526,-32.438652,-7.5968914
7527,-32.996986,-3.8490636
7528,-33.535168,-8.937771
7529,-34.35056,-4.8165383
7530,-35.081573,-3.735531
7531,-33.101505,-7.056958
7532,-33.987026,-6.4616494
7533,-33.395428,-4.047486
7534,-34.685043,-3.820091
7535,-35.838886,-0.047129177
7536,-36.00364,-2.0052068
7537,-34.808083,-1.7518377
7538,-35.161198,-2.472279
7539,-34.473175,-1.0585685
7540,-34.294895,-2.7570803
7541,-33.891586,-1.6199336
7542,-33.803158,-3.7074997
7543,-34.110943,-0.64459115
7544,-34.062874,-2.555497
7545,-32.06726,-7.1718507
7546,-34.088486,-5.325864
7547,-35.14508,-3.620009
7548,-33.24449,-1.7230464
7549,-33.223507,-2.5727866
7550,-34.089237,-1.8795393
7551,-33.203617,-2.2166646
7552,-34.742493,-5.0197535
7553,-33.582985,-3.8371851
7554,-33.198593,-4.4671493
7555,-33.30296,-3.7095487
7556,-36.015232,-7.1609178
7557,-35.990368,-3.8652747
7558,-32.934177,-5.0745726
7559,-35.721066,-3.1013386
7560,-32.569263,-4.5302925
7561,-33.710495,-2.8806283
7562,-33.838665,-4.685527
7563,-34.40053,-4.210933
7564,-33.776413,-3.3259373
7565,-32.835106,-5.551321
7566,-33.41344,-4.367183
7567,-33.411568,-2.9505992
7568,-34.999428,-3.1071064
7569,-33.922173,-6.104481
7570,-34.849224,-2.29569
7571,-36.245945,-4.0570154
7572,-34.34592,-2.8957956
7573,-34.343197,-4.3586164
7574,-33.223988,-6.5911794
7575,-34.65615,-3.1080537
7576,-33.912865,-5.3001523
7577,-35.631668,-4.9712605
7578,-35.103203,-4.929276
7579,-34.686104,-3.2358682
7580,-34.486507,-2.7927918
7581,-35.293682,-4.1633754
7582,-34.130394,-0.6392686
7583,-34.28664,-4.3189545
7584,-33.796165,-5.196204
7585,-35.89536,-1.9523324
7586,-34.60405,-3.851689
7587,-34.241943,-3.1381483
7588,-32.96385,-2.9276927
7589,-33.18467,-0.54129523
7590,-32.97075,-0.5382779
7591,-34.071075,-2.5318577
7592,-32.455643,-1.3256851
7593,-32.38188,-2.2936277
7594,-33.55232,-1.5482504
7595,-33.063416,-1.8146917
7596,-31.729164,-3.0760827
7597,-34.344418,-2.0866728
7598,-35.081676,-2.2961214
7599,-35.48203,-4.5455832
7600,-35.110424,-2.850903
7601,-32.54852,-4.7761364
7602,-34.104946,-4.3258467
7603,-31.551235,-2.7721899
7604,-31.594618,-3.8455987
7605,-33.507896,-2.709585
7606,-33.43813,-5.1791096
7607,-33.739124,-2.7628298
7608,-33.16995,-1.6768929
7609,-31.16454,-1.364299
7610,-33.328022,-3.2450652
7611,-33.399223,-1.5775305
7612,-33.73998,-4.413845
7613,-33.650234,-1.9999653
7614,-33.509785,-2.2047505
7615,-32.53654,-5.119738
7616,-35.149338,-3.555118
7617,-34.21978,-2.8899279
7618,-32.677483,-4.3463945
7619,-33.945114,-1.9540243
7620,-34.558838,-2.9693573
7621,-34.40708,-1.9835913
7622,-34.413567,-2.3216124
7623,-34.78569,-2.032596
7624,-36.838783,-4.1712337
7625,-33.88518,-2.673384
7626,-36.11712,-5.624526
7627,-34.896114,-5.8078604
7628,-33.767914,-3.0617406
7629,-36.55094,-4.4315434
7630,-36.48051,-2.163883
7631,-33.87646,-1.0393292
7632,-35.143726,-4.206133
7633,-33.748642,-2.8058038
7634,-32.78279,-3.9215224
7635,-33.362114,-3.2499986
7636,-32.675117,-2.2795517
7637,-33.387844,-4.0802164
7638,-34.533386,-3.00528
7639,-34.07084,-5.2533503
7640,-33.681194,-1.5146527
7641,-33.003468,-4.567345
7642,-34.466568,-1.2748585
7643,-34.65729,-4.3378806
7644,-34.646935,-2.5720305
7645,-33.335655,-2.5496507
7646,-35.15289,-1.479175
7647,-32.822716,-2.3692634
7648,-34.535217,-3.164348
7649,-35.99204,-2.2271671
7650,-34.68895,-3.2243736
7651,-35.51908,-3.182256
7652,-34.777225,-4.5498962
7653,-35.82815,-3.3298128
7654,-36.0004,-5.596698
7655,-34.347897,-3.0616908
7656,-37.14237,-5.684631
7657,-36.27349,-5.142626
7658,-35.185993,-5.7080092
7659,-34.810654,-4.999811
7660,-33.937897,-6.192174
7661,-33.58848,-3.6236084
7662,-35.446236,-2.3249373
7663,-33.256893,-4.287028
7664,-35.440445,-5.6103206
7665,-34.033176,-5.2772393
7666,-33.861202,-5.250707
7667,-34.117607,-6.844682
7668,-34.793392,-4.317881
7669,-33.37577,-3.1512053
7670,-34.398903,-3.6329756
7671,-32.517796,-2.673117
7672,-34.536705,-4.5871415
7673,-34.389828,-4.9348717
7674,-35.098083,-1.4453456
7675,-34.561726,-2.692181
7676,-34.278717,-1.530361
7677,-33.59568,-3.8954978
7678,-35.66169,-3.8428814
7679,-37.297783,-2.192658
7680,-34.70712,-5.0761065
7681,-35.72853,-6.8266907
7682,-35.680077,-7.9493227
7683,-33.852432,-4.069701
7684,-35.144478,-1.0153095
7685,-34.668747,-1.9233832
7686,-32.489536,-0.4150968
7687,-33.835213,-1.8532441
7688,-34.109226,-3.1226423
7689,-33.903175,-1.5065066
7690,-35.56787,-4.4661474
7691,-35.68283,-3.3539596
7692,-34.68944,-1.709527
7693,-33.796043,-2.370387
7694,-33.920265,-2.0297399
7695,-34.985996,-4.7966976
7696,-32.72672,-5.0556993
7697,-33.74962,-5.314939
7698,-33.834354,-1.8345094
7699,-35.246265,-1.1945138
7700,-34.85562,-1.7638477
7701,-34.17334,-3.872676
7702,-34.39873,-3.2789776
7703,-35.106045,-4.86742
7704,-34.069603,-4.9299617
7705,-34.466057,-3.5043159
7706,-34.174408,-2.0102973
7707,-34.358097,-1.5403385
7708,-33.611954,-2.584156
7709,-35.156128,-3.801037
7710,-32.78977,-3.1849217
7711,-35.60701,-3.388624
7712,-35.209255,-2.0841475
7713,-32.95742,-5.05181
7714,-33.518597,-1.378778
7715,-34.82626,-4.1367745
7716,-33.81549,-5.5649137
7717,-34.3429,-4.69718
7718,-32.182487,-3.7527184
7719,-35.654034,-2.5978265
7720,-35.802044,-3.0293207
7721,-34.04481,-6.1417546
7722,-35.130787,-5.6143703
7723,-35.64453,-6.247151
7724,-35.076504,-3.2621665
7725,-35.292805,-4.4846005
7726,-34.10203,-5.4666033
7727,-33.080128,-6.919255
7728,-35.040524,-5.236649
7729,-34.899574,-4.1827636
7730,-34.63901,-4.9380946
7731,-34.314472,-1.2653608
7732,-35.39389,-2.3680274
7733,-34.202824,-6.713084
7734,-32.962257,-7.435549
7735,-33.032333,-4.133964
7736,-32.495438,-5.1540656
7737,-34.731083,-0.64681506
7738,-33.81977,-5.6592436
7739,-34.08093,-1.6411867
7740,-35.838223,-2.6647727
7741,-35.21785,-2.5487733
7742,-35.344894,-3.2489412
7743,-37.34813,-2.9887245
7744,-36.572334,-4.155357
7745,-36.784813,-1.9413421
7746,-37.230137,-4.237669
7747,-31.336159,-5.7137938
7748,-33.29859,-3.5549824
7749,-35.12504,-1.6259886
7750,-35.985504,-3.653229
7751,-36.161053,-1.0424677
7752,-34.088844,-1.1579143
7753,-35.104595,-3.5002217
7754,-36.044346,-1.473295
7755,-37.56044,-0.9992285
7756,-36.06458,-2.3128936
7757,-37.546875,-2.3471208
7758,-35.967342,0.6465222
7759,-35.943897,-4.536212
7760,-35.428436,-5.2130523
7761,-34.469795,-3.3780577
7762,-35.665493,-2.7393389
7763,-36.65882,-2.1492267
7764,-36.363605,-2.773122
7765,-36.8813,-3.7118456
7766,-33.63377,-3.3516939
7767,-37.211506,-1.8284016
7768,-36.346695,-3.4477575
7769,-36.177032,-4.4306154
7770,-34.98827,-2.6125853
7771,-36.31219,-2.114222
7772,-36.261387,-3.8236017
7773,-35.575104,-1.7513702
7774,-34.344154,-4.702535
7775,-36.20772,-1.7231376
7776,-34.916584,-4.806316
7777,-34.994495,-6.314692
7778,-33.78972,-2.150862
7779,-35.504776,-7.1124477
7780,-34.94505,-6.3569536
7781,-34.4127,-7.0035086
7782,-35.40638,-3.6859004
7783,-33.050106,-3.5354397
7784,-35.358223,-5.3921824
7785,-34.09845,-2.6365187
7786,-34.27956,-5.316353
7787,-32.70901,-3.0347202
7788,-35.37305,-4.356496
7789,-34.184402,-1.4244766
7790,-35.195545,-4.409961
7791,-33.118572,-4.31836
7792,-33.942818,-6.777003
7793,-33.706627,-7.8412023
7794,-33.866714,-7.2831564
7795,-32.564594,-7.224162
7796,-32.27846,-8.133474
7797,-31.638817,-7.547767
7798,-33.95939,-7.214915
7799,-33.393158,-9.1525955
7800,-34.62648,-4.9235334
7801,-35.345016,-4.9055862
7802,-35.42981,-3.3128645
7803,-34.452866,-3.250749
7804,-33.908203,-4.268151
7805,-35.25043,-2.7850542
7806,-35.246895,-2.8597004
7807,-35.82806,-6.4186354
7808,-34.968494,-7.0988846
7809,-36.53534,-4.579979
7810,-37.357437,-5.080021
7811,-37.00338,-6.5249414
7812,-36.566566,-5.1037407
7813,-34.642418,-5.1220655
7814,-33.92549,-4.3712935
7815,-32.484386,-4.48211
7816,-35.731945,-3.8264463
7817,-35.25007,-5.955063
7818,-35.235992,-5.7604775
7819,-35.881123,-4.7418876
7820,-35.751114,-1.296072
7821,-33.82725,-2.369263
7822,-33.471333,-5.359212
7823,-33.30157,-5.652472
7824,-32.775097,-5.687509
7825,-34.48417,-4.823134
7826,-35.242737,-4.2661667
7827,-35.09303,-7.1027403
7828,-36.4213,-5.8597474
7829,-34.081314,-6.4559207
7830,-32.869926,-10.13689
7831,-31.562958,-8.5239935
7832,-33.158756,-6.8790045
7833,-32.130825,-8.722566
7834,-31.98325,-7.6696315
7835,-31.357107,-7.117321
7836,-30.296387,-9.003279
7837,-29.721985,-5.6556225
7838,-34.53917,-6.9355564
7839,-33.691307,-6.568807
7840,-33.302574,-4.758362
7841,-33.792446,-6.260067
7842,-34.90359,-5.326386
7843,-34.69266,-6.1968274
7844,-34.218403,-4.45619
7845,-33.33473,-2.9310894
7846,-33.964287,-4.2775106
7847,-33.201946,-1.8395017
7848,-34.49846,-5.035046
7849,-33.710716,-4.808219
7850,-33.131866,-4.220806
7851,-33.16755,-7.4641595
7852,-29.384653,-4.2874947
7853,-31.467758,-4.5123835
7854,-32.997116,-5.2372236
7855,-34.32937,-5.0154176
7856,-33.558243,-5.1637325
7857,-33.601154,-5.4307942
7858,-32.304222,-3.2925777
7859,-31.955666,-4.8324156
7860,-34.076717,-4.4816947
7861,-32.675842,-4.5301642
7862,-32.338955,-7.2735457
7863,-32.012104,-5.807136
7864,-33.05309,-2.9114935
7865,-30.197887,-5.2630444
7866,-31.612997,-7.417263
7867,-33.504234,-5.3722553
7868,-32.921154,-4.794177
7869,-32.943504,-4.74926
7870,-32.079033,-6.7146525
7871,-34.18857,-7.8970814
7872,-32.570343,-5.536399
7873,-30.903885,-4.55772
7874,-31.01508,-2.6453383
7875,-32.116993,-4.6497617
7876,-32.36545,0.23001975
7877,-33.151104,-4.7836537
7878,-29.94641,-5.2146053
7879,-31.626982,-7.3946443
7880,-32.002346,-5.1768856
7881,-31.232763,-3.1067414
7882,-31.059628,-5.626925
7883,-29.035309,-3.221188
7884,-30.79767,-4.2715225
7885,-31.93609,-1.9650915
7886,-31.543377,-3.0900114
7887,-33.68493,-7.593197
7888,-31.10247,-8.648977
7889,-30.507885,-7.872776
7890,-28.326555,-3.61883
7891,-30.506647,-4.6057734
7892,-31.871479,-6.2069926
7893,-29.214745,-5.4966674
7894,-29.89429,-7.5957146
7895,-32.898434,-6.882142
7896,-31.385328,-5.820989
7897,-33.010868,-5.669914
7898,-35.91602,-6.0013175
7899,-31.318575,-6.6695514
7900,-32.51715,-6.57685
7901,-31.732975,-7.6768527
7902,-31.648758,-3.987354
7903,-32.858246,-4.346359
7904,-31.104769,-3.532218
7905,-33.124695,-6.1234083
7906,-32.65333,-6.019356
7907,-34.479954,-5.799684
7908,-32.867435,-3.0229993
7909,-35.885513,-3.1633308
7910,-35.254986,-4.0559773
7911,-35.620396,-5.474409
7912,-34.241703,-4.1135726
7913,-33.95503,-5.6341825
7914,-32.875942,-3.4026706
7915,-32.79572,-3.9388206
7916,-31.553904,-5.071161
7917,-30.808,-3.914802
7918,-31.610422,-7.7003145
7919,-31.947783,-6.882232
7920,-32.101337,-6.457115
7921,-31.176315,-4.564435
7922,-32.800297,-4.73705
7923,-33.4425,-5.4378586
7924,-33.059425,-6.049461
7925,-33.569355,-8.510367
7926,-34.604458,-4.1157093
7927,-35.10575,-4.150442
7928,-33.0427,-3.4071467
7929,-33.472527,-2.0226774
7930,-32.08473,-1.605502
7931,-34.690426,-0.11518935
7932,-32.71613,-1.6572576
7933,-33.732136,-4.1177673
7934,-32.942303,-1.0410064
7935,-31.451303,-0.9899647
7936,-31.963844,-0.6184798
7937,-30.900967,-4.1123605
7938,-32.027027,-3.8579783
7939,-32.31773,-4.148125
7940,-30.603579,-2.0952594
7941,-31.77355,-3.4276261
7942,-31.154562,-3.9923382
7943,-33.406258,-4.3238187
7944,-31.79235,-5.4714746
7945,-31.047869,-1.8435727
7946,-33.283733,-1.975151
7947,-32.44859,-0.47807667
7948,-33.201977,2.328652
7949,-34.204617,-1.3820916
7950,-32.90694,-0.010700127
7951,-31.31267,0.68104047
7952,-32.66411,-3.5923758
7953,-30.789316,-1.3079404
7954,-33.172188,-0.4591815
7955,-32.836926,-5.343533
7956,-35.411427,-2.407868
7957,-33.899773,-3.6877985
7958,-33.738617,0.56841105
7959,-33.91405,-1.2780615
7960,-33.34915,-3.8372447
7961,-31.560532,-2.9822762
7962,-30.282005,-0.9745871
7963,-30.932123,-2.0280936
7964,-33.292355,1.1005203
7965,-31.790548,-1.4828348
7966,-31.893103,0.0858191
7967,-31.130697,-2.471428
7968,-29.575161,-0.8487282
7969,-30.606974,-0.6687902
7970,-30.444185,-4.8165784
7971,-30.745382,-5.7428837
7972,-31.022207,-3.2610922
7973,-32.1831,-4.304774
7974,-30.312508,-4.6876106
7975,-31.444073,-2.1909664
7976,-30.738811,-4.1870356
7977,-32.516666,-3.621887
7978,-31.062359,-1.9552985
7979,-28.708263,-2.1540005
7980,-30.422068,-4.902397
7981,-32.259415,-5.2494273
7982,-30.552763,-1.933376
7983,-34.03391,-2.3658075
7984,-33.129864,-2.6022193
7985,-34.438107,-3.8553927
7986,-34.33237,-2.9684172
7987,-34.951035,-2.2717423
7988,-33.234837,-0.23169139
7989,-34.918888,-2.597112
7990,-34.142574,-3.2826285
7991,-32.682007,-3.9032664
7992,-32.88541,-2.555013
7993,-33.820988,-4.723018
7994,-34.219746,-5.447142
7995,-33.301632,-6.2661796
7996,-33.937138,-6.655869
7997,-35.430058,-4.544114
7998,-31.825235,-4.757045
7999,-34.66954,-5.28939
8000,-34.401108,-4.8338957
8001,-32.785408,-3.086581
8002,-34.19475,-4.1092577
8003,-34.222713,-4.599854
8004,-32.991627,-4.5109167
8005,-33.175034,-0.54093856
8006,-33.129147,-3.0307224
8007,-34.21379,-4.3225513
8008,-34.693993,-3.0165834
8009,-33.77927,-4.374431
8010,-34.160007,-2.1479154
8011,-35.502136,-4.2459593
8012,-33.7193,-4.6045885
8013,-34.18786,-6.4646373
8014,-33.26221,-5.2170963
8015,-31.69424,-6.0258503
8016,-34.29016,-4.39462
8017,-32.298862,-3.2024693
8018,-32.516434,-3.9768643
8019,-32.33679,-3.1487184
8020,-32.65042,-2.3618891
8021,-33.06316,-4.666785
8022,-34.45229,-3.4880376
8023,-32.369022,-3.3242383
8024,-30.238811,-7.32207
8025,-32.173206,-1.2743257
8026,-30.920969,-3.379886
8027,-32.793594,-2.1623843
8028,-33.03024,-2.9314885
8029,-30.927437,-0.45507687
8030,-31.70225,-4.532872
8031,-32.394894,-7.0352726
8032,-31.295858,-4.443983
8033,-32.167973,-4.2388635
8034,-29.697414,-3.291529
8035,-29.791939,-2.8316832
8036,-31.895172,-4.322
8037,-29.989267,-5.757618
8038,-32.685516,-2.0734172
8039,-32.078247,-3.0201402
8040,-32.872852,-3.6180665
8041,-34.53756,-4.285869
8042,-33.13124,-4.119925
8043,-32.20294,-6.3688793
8044,-35.604874,-4.0038424
8045,-33.488663,-3.3246126
8046,-34.896492,-3.3462949
8047,-33.102856,-2.3917782
8048,-34.21501,-1.1575228
8049,-33.014175,-4.3254194
8050,-34.034298,-2.3407943
8051,-34.537556,-3.9567301
8052,-34.175472,-1.1619809
8053,-33.83733,-1.9510258
8054,-33.027256,-3.9559467
8055,-33.325974,-4.898347
8056,-33.759468,-4.5329742
8057,-34.496647,-5.9349403
8058,-33.009804,-6.0244975
8059,-33.545563,-0.9045006
8060,-32.948544,-1.6415995
8061,-32.647633,0.21369956
8062,-34.824375,0.36258453
8063,-33.30818,-2.5408878
8064,-34.07279,-2.3461776
8065,-32.78874,-2.1577272
8066,-34.639477,-6.2622337
8067,-34.219997,-3.465504
8068,-33.754875,-2.9537787
8069,-32.6408,-5.797159
8070,-33.332573,-6.3222866
8071,-32.598045,-3.0271585
8072,-34.160503,-6.0017095
8073,-35.090717,-3.0669563
8074,-35.533916,-3.1876168
8075,-34.48889,-3.0102227
8076,-34.324623,-3.8809755
8077,-33.2585,-3.7512672
8078,-35.07785,-3.6836011
8079,-35.66737,-4.3239727
8080,-34.6895,-2.84949
8081,-33.92635,-3.6686037
8082,-32.60161,-2.466335
8083,-33.24028,-2.7697582
8084,-34.288223,-3.4318547
8085,-34.233944,-1.4782262
8086,-33.003094,-2.0458326
8087,-32.115173,-0.20416833
8088,-33.396626,-1.9858756
8089,-34.495323,-4.713162
8090,-32.76502,-4.741169
8091,-33.012722,-5.7314773
8092,-33.004707,-7.9560895
8093,-33.19441,-5.5499425
8094,-33.54985,-5.5056086
8095,-33.42607,-5.05418
8096,-31.911478,-4.9884133
8097,-35.009853,-3.8784275
8098,-33.706326,-7.150719
8099,-34.60005,-7.511843
8100,-35.12015,-8.254016
8101,-34.937843,-8.844356
8102,-33.579605,-7.29588
8103,-34.476585,-4.9563537
8104,-34.955296,-3.9371738
8105,-34.07225,-3.3599656
8106,-32.965416,-3.3743124
8107,-33.911457,-7.7148523
8108,-33.44003,-6.989369
8109,-34.328815,-6.339751
8110,-32.839542,-5.0955176
8111,-33.14748,-5.1712914
8112,-34.747173,-6.1235766
8113,-33.21809,-5.379212
8114,-33.75045,-3.8041344
8115,-34.507805,-4.8559117
8116,-32.72111,-8.333223
8117,-34.626114,-5.0879183
8118,-34.070465,-7.759092
8119,-34.547657,-4.8264017
8120,-35.69251,-8.620337
8121,-35.532436,-4.363611
8122,-34.143906,-3.8546329
8123,-33.688614,-4.8683357
8124,-35.61786,-4.044894
8125,-34.46413,-6.110623
8126,-33.254177,-3.7610712
8127,-34.07019,-3.8218331
8128,-34.03445,-5.496114
8129,-35.407253,-5.5161953
8130,-33.3999,-7.405581
8131,-34.074657,-7.427364
8132,-32.159264,-4.9107604
8133,-33.239147,-4.87389
8134,-32.36413,-5.1018558
8135,-33.313274,-5.6987243
8136,-33.35328,-4.6647506
8137,-32.852592,-5.3811617
8138,-32.94694,-2.5787544
8139,-34.111877,-1.7636131
8140,-34.076027,-4.9238973
8141,-32.79724,-3.9899273
8142,-34.700493,-5.658992
8143,-34.866276,-1.8960944
8144,-35.718998,-6.0330186
8145,-33.915184,-4.435345
8146,-34.7658,-5.5141664
8147,-33.064823,-6.1949916
8148,-34.87036,-3.3228557
8149,-35.87195,-4.315329
8150,-35.475082,-4.97532
8151,-33.958374,-3.7287517
8152,-35.28747,-5.886995
8153,-35.56136,-4.005868
8154,-33.999825,-5.0461407
8155,-34.07171,-5.460312
8156,-34.532307,-4.843953
8157,-34.940083,-1.219267
8158,-32.64455,-0.10857784
8159,-34.036003,-2.348451
8160,-33.557728,-0.943371
8161,-35.58725,-2.510842
8162,-34.090286,-4.613246
8163,-34.125885,-5.1094704
8164,-34.09863,-2.553082
8165,-34.4901,-6.0147595
8166,-34.713802,-4.9718995
8167,-34.293858,-4.82292
8168,-33.71788,-3.8534575
8169,-34.93401,-2.896332
8170,-32.112034,-5.073741
8171,-33.119312,-4.158809
8172,-34.961727,-6.2398777
8173,-35.62149,-1.9444113
8174,-33.625103,-5.4474607
8175,-34.302605,-3.90397
8176,-34.743088,-4.5825486
8177,-33.95227,-1.893808
8178,-34.96891,-2.9456627
8179,-33.521244,-1.021255
8180,-32.25338,-2.7778158
8181,-33.823013,-1.7083682
8182,-33.918144,-3.3669167
8183,-34.38944,-0.6331037
8184,-34.277905,-3.5151906
8185,-32.673447,-3.9216595
8186,-33.312237,-1.7078296
8187,-34.828617,-2.698571
8188,-33.83895,-1.0886449
8189,-34.16062,-0.004847739
8190,-33.296326,-3.217576
8191,-34.17996,-2.9356744
8192,-33.63631,-3.1297626
8193,-33.896313,-3.2974017
8194,-34.113827,-2.7550964
8195,-32.271915,-4.0020766
8196,-31.85593,-5.8403606
8197,-34.076244,-4.6712966
8198,-34.8265,-4.529497
8199,-34.26685,-3.2068737
8200,-33.16749,-3.507309
8201,-33.448032,-4.307224
8202,-33.92856,-4.55594
8203,-32.76342,-3.1268504
8204,-33.850727,-4.543367
8205,-33.366714,-4.4203377
8206,-33.412144,-6.0772977
8207,-34.86697,-2.5502405
8208,-33.208828,-2.640854
8209,-31.81564,-2.3410478
8210,-33.15712,-1.2670074
8211,-34.429157,-2.7903705
8212,-34.767735,-3.2366736
8213,-32.87642,-3.8984172
8214,-32.882236,-5.4786897
8215,-33.539463,-3.0960848
8216,-31.543337,-3.6951957
8217,-33.446243,-6.0958943
8218,-33.545864,-6.9816117
8219,-34.73364,-5.201111
8220,-33.30936,-4.879298
8221,-33.49685,-5.1569304
8222,-34.2343,-7.7050796
8223,-33.729404,-4.613914
8224,-32.661266,-5.6032453
8225,-33.944122,-4.0540533
8226,-35.070408,-8.379805
8227,-31.769808,-7.2957788
8228,-34.35868,-7.869317
8229,-33.68237,-4.26796
8230,-32.400658,-3.001869
8231,-33.41535,-4.5547748
8232,-32.655586,-3.276268
8233,-30.956955,-3.402403
8234,-32.109398,-3.0266004
8235,-33.178295,-3.0931993
8236,-31.184088,-5.3231807
8237,-34.103764,-4.8118043
8238,-31.535757,-5.4521875
8239,-32.839832,-4.4760394
8240,-32.134876,-5.573012
8241,-32.258457,-4.888752
8242,-34.389946,-4.731931
8243,-32.41875,-7.4591465
8244,-33.459957,-2.9465299
8245,-33.830647,-5.9855924
8246,-34.254314,-6.087406
8247,-32.802586,-5.166319
8248,-34.427246,-2.4174864
8249,-33.28923,-6.2191176
8250,-34.06359,-4.7995787
8251,-34.85844,-3.7363071
8252,-33.211746,-4.665605
8253,-33.1688,-3.4538398
8254,-32.965435,-5.6131635
8255,-33.477467,-6.787203
8256,-31.657652,-3.9211855
8257,-33.50269,-4.975498
8258,-32.914825,-3.4841826
8259,-31.013561,-4.236682
8260,-33.44325,-3.7305057
8261,-32.336525,-5.5141244
8262,-34.808804,-7.5871544
8263,-34.374874,-7.2399917
8264,-34.253384,-5.980462
8265,-34.060673,-6.739516
8266,-34.004086,-4.5588913
8267,-35.474045,-5.3410454
8268,-34.857864,-5.9546027
8269,-34.787014,-7.140689
8270,-33.134136,-8.652418
8271,-33.74702,-5.3263655
8272,-33.002605,-4.844364
8273,-32.44301,-10.371574
8274,-32.189648,-5.447779
8275,-32.89742,-5.8998156
8276,-32.261673,-4.1217465
8277,-34.0816,-3.558907
8278,-32.690678,-5.3053107
8279,-34.501556,-6.380369
8280,-33.93408,-3.7194355
8281,-32.72867,-4.140771
8282,-33.51342,-6.708091
8283,-33.631794,-5.6848555
8284,-31.47708,-2.5109205
8285,-34.31487,-5.7006774
8286,-33.45774,-7.5696025
8287,-33.420567,-5.8811374
8288,-33.56536,-3.8387208
8289,-33.500393,-7.1453104
8290,-33.59548,-5.693384
8291,-34.17642,-5.0110245
8292,-34.57236,-6.1318126
8293,-32.731926,-4.106768
8294,-33.263428,-3.9024704
8295,-32.232906,-4.1440563
8296,-33.348335,-4.589539
8297,-33.538185,-5.90154
8298,-32.48811,-6.306093
8299,-33.575157,-3.341804
8300,-34.390385,-4.9283347
8301,-33.47304,-1.53296
8302,-33.097206,-5.122077
8303,-34.089787,-5.1856174
8304,-32.939777,-5.663331
8305,-33.158012,-6.7875204
8306,-32.182728,-7.481581
8307,-32.202065,-4.0631394
8308,-33.59625,-3.6498756
8309,-33.168087,-5.028545
8310,-34.745674,-5.242983
8311,-33.888103,-1.438729
8312,-34.425457,-7.7936883
8313,-31.50836,-7.451275
8314,-33.321507,-8.396022
8315,-33.870506,-9.863496
8316,-32.035732,-7.2172008
8317,-35.29954,-6.1063395
8318,-33.60388,-4.0556345
8319,-34.11118,-7.924557
8320,-33.766663,-5.375047
8321,-32.03713,-6.162576
8322,-33.828876,-5.2243743
8323,-33.804787,-5.680596
8324,-33.235134,-7.1338515
8325,-32.829216,-7.4015164
8326,-32.689816,-7.3351283
8327,-33.855,-5.6315436
8328,-34.44643,-6.8226166
8329,-32.948364,-7.12747
8330,-32.497528,-6.5820756
8331,-33.43485,-8.425983
8332,-33.413937,-9.210686
8333,-34.16235,-7.129376
8334,-32.49983,-9.129542
8335,-33.874897,-7.8456907
8336,-33.75438,-8.294362
8337,-32.695484,-5.863729
8338,-33.85356,-7.5163994
8339,-33.454792,-7.6052804
8340,-32.648422,-5.765047
8341,-33.543373,-7.791082
8342,-32.317604,-7.7891846
8343,-34.36635,-7.875528
8344,-33.747047,-8.4321165
8345,-32.321606,-4.6840973
8346,-33.126705,-5.99495
8347,-33.81432,-6.7407913
8348,-33.245914,-8.261335
8349,-32.051212,-7.334448
8350,-33.961483,-6.5088315
8351,-33.546516,-7.837023
8352,-33.626564,-5.69007
8353,-32.998795,-6.9294863
8354,-33.75438,-7.8858604
8355,-34.66651,-4.406558
8356,-33.97284,-3.7968533
8357,-34.38831,-6.3585467
8358,-32.89299,-6.8518605
8359,-32.80477,-6.3266435
8360,-33.72539,-7.8161077
8361,-34.219624,-6.464568
8362,-33.618275,-2.658445
8363,-32.522232,-7.165642
8364,-34.18109,-5.366747
8365,-32.2727,-6.97439
8366,-33.98692,-5.3226743
8367,-34.26804,-5.791516
8368,-34.737114,-6.720314
8369,-35.93664,-7.418733
8370,-33.450047,-6.2321253
8371,-34.99002,-5.5316687
8372,-35.316578,-5.204238
8373,-33.962948,-6.8491387
8374,-33.964306,-8.515439
8375,-34.378872,-7.488032
8376,-32.838516,-7.1361575
8377,-32.809536,-6.6176395
8378,-33.611748,-5.071925
8379,-34.17388,-4.747813
8380,-33.48733,-5.3367705
8381,-32.744102,-2.9734979
8382,-35.209362,-3.930046
8383,-34.884644,-2.7374635
8384,-33.609478,-3.952979
8385,-36.710968,-2.8799849
8386,-34.85449,-6.177521
8387,-34.827007,-3.629303
8388,-34.93122,-6.813691
8389,-34.39279,-2.9932094
8390,-34.811882,-6.460826
8391,-34.99737,-7.223352
8392,-33.754795,-7.2036257
8393,-34.736694,-6.738335
8394,-33.226402,-4.391888
8395,-34.314342,-5.9425635
8396,-35.217922,-3.7279105
8397,-33.289925,-3.3643236
8398,-34.49702,-5.4858737
8399,-35.316597,-4.134303
8400,-33.649197,-6.0224047
8401,-37.90501,-3.0968366
8402,-35.8683,-0.48835325
8403,-34.96349,-2.6167989
8404,-36.477436,-1.754514
8405,-34.415897,-2.7561722
8406,-33.666866,-3.0229797
8407,-34.169453,-4.595166
8408,-34.48094,-4.5944633
8409,-34.481243,-1.7123312
8410,-36.987194,-1.3338846
8411,-35.464027,-3.4172068
8412,-35.69842,-2.7774322
8413,-34.6542,-4.2608542
8414,-36.65697,1.2361823
8415,-34.30164,-1.6358418
8416,-37.21801,-3.6280212
8417,-35.460793,-5.884881
8418,-35.83508,-7.179481
8419,-37.061962,-4.0583677
8420,-34.522564,-5.4073453
8421,-33.098057,-6.1612797
8422,-34.88632,-5.792134
8423,-34.540623,-5.288496
8424,-34.586056,-7.240654
8425,-35.950714,-5.8528404
8426,-36.636063,-4.852504
8427,-36.24467,-1.9151151
8428,-34.902958,-3.7187576
8429,-34.177666,-3.657604
8430,-35.706665,-4.306639
8431,-34.636147,-5.994615
8432,-33.899178,-4.1411057
8433,-36.13769,-6.6879873
8434,-35.950256,0.2288143
8435,-34.568344,-1.2192701
8436,-35.76762,-0.78582335
8437,-35.541267,-1.0751051
8438,-35.710842,-2.776346
8439,-35.850937,-3.9263453
8440,-34.986202,-0.6176646
8441,-32.729538,-3.9798517
8442,-35.36422,-5.648482
8443,-36.603207,-2.8549945
8444,-35.64301,-3.836786
8445,-34.382187,-4.299422
8446,-37.019035,-2.5030308
8447,-34.91806,-3.1662858
8448,-36.120884,-4.0193567
8449,-37.576218,-5.14944
8450,-34.087364,-3.4215276
8451,-34.989346,-4.0199404
8452,-34.685955,-3.8502834
8453,-35.388508,-4.4883766
8454,-34.908768,-5.8993926
8455,-34.017838,-3.9080362
8456,-34.970276,-5.51936
8457,-34.826344,-7.7253237
8458,-34.345734,-3.9232225
8459,-34.711052,-4.327799
8460,-36.01196,-4.2184277
8461,-35.018906,-5.597521
8462,-36.518032,-5.396844
8463,-34.53189,-4.312237
8464,-35.13195,-2.7522829
8465,-34.665615,-2.3587568
8466,-32.957207,-1.3942322
8467,-35.739044,-3.247967
8468,-36.382633,-0.5729072
8469,-35.33971,-1.0807806
8470,-36.344795,0.87823135
8471,-36.3585,-2.987629
8472,-34.802002,-2.1754658
8473,-34.14196,-4.1154847
8474,-35.743027,-2.701785
8475,-34.644833,-4.589926
8476,-34.581596,-3.0255086
8477,-36.58165,-5.3184094
8478,-34.416798,-4.088249
8479,-33.836803,-4.2590914
8480,-33.57399,-6.1587305
8481,-34.156384,-4.8288226
8482,-33.824512,-3.4511418
8483,-33.42944,-4.7261157
8484,-33.451046,-5.41792
8485,-34.101837,-7.0245934
8486,-33.850952,-7.012333
8487,-35.373882,-8.3460045
8488,-33.500492,-5.443642
8489,-34.811577,-3.1574035
8490,-33.211826,-6.1165614
8491,-35.610798,-5.1389217
8492,-36.024223,-4.175217
8493,-34.622753,-5.9446316
8494,-33.74083,-5.7728353
8495,-34.7014,-3.5852892
8496,-34.215122,-5.318041
8497,-33.959534,-4.7910485
8498,-33.600727,-5.751683
8499,-33.6634,-2.7034407
8500,-33.07763,-2.5833104
8501,-33.8201,-0.61254025
8502,-35.31159,-3.9408224
8503,-34.976765,-4.553665
8504,-35.065243,-3.435829
8505,-33.015446,-3.314434
8506,-33.514004,-3.2446764
8507,-34.807846,-2.3243673
8508,-35.20932,-1.2273735
8509,-32.30963,-5.2181196
8510,-34.157917,-2.418061
8511,-33.6801,-1.9533414
8512,-33.03821,-2.4751215
8513,-34.315918,-1.097817
8514,-34.410202,-1.3576586
8515,-33.948917,-5.3696494
8516,-32.03972,-3.647684
8517,-33.3559,-4.0961494
8518,-32.80262,-4.0406575
8519,-31.314419,-4.66186
8520,-34.54443,-4.228189
8521,-33.978374,-5.971582
8522,-32.95551,-2.778525
8523,-33.83992,-6.6981997
8524,-32.761997,-5.578478
8525,-32.886982,-4.8250966
8526,-34.53774,-4.117421
8527,-32.47217,-2.157753
8528,-34.95354,-4.471964
8529,-33.635212,-4.3549027
8530,-35.228313,-6.778912
8531,-33.290527,-6.2068977
8532,-34.389954,-5.0917997
8533,-32.157356,-4.016999
8534,-33.954224,-4.6728144
8535,-33.166664,-4.6722546
8536,-34.44868,-3.4952857
8537,-32.291836,-5.6627984
8538,-33.557377,-4.5445404
8539,-32.801163,-5.1378255
8540,-33.13084,-4.6369057
8541,-33.193687,-6.512727
8542,-31.941444,-6.1569057
8543,-32.347668,-6.219536
8544,-33.35782,-4.2375484
8545,-33.89592,-5.300595
8546,-33.82249,-1.6613959
8547,-32.693653,-4.54292
8548,-34.02194,-2.2542248
8549,-35.006058,-3.5643117
8550,-35.106537,-5.4728975
8551,-35.606693,-4.5575056
8552,-32.651134,-3.378537
8553,-32.682102,-5.4364986
8554,-33.45115,-5.58591
8555,-33.420788,-8.129617
8556,-33.094025,-7.378496
8557,-33.302277,-4.543558
8558,-32.42578,-6.205375
8559,-33.529423,-5.3835545
8560,-33.4338,-3.8290007
8561,-33.55435,-4.89036
8562,-34.53101,-4.895142
8563,-34.68775,-5.386803
8564,-32.54494,-4.739014
8565,-33.068108,-4.5363493
8566,-34.634945,-2.1513412
8567,-32.99684,-5.224673
8568,-33.943768,-3.67544
8569,-33.39251,-3.1789777
8570,-33.907463,-3.827979
8571,-32.53268,-6.653775
8572,-34.64034,-8.505091
8573,-34.634243,-5.01105
8574,-35.209156,-5.583413
8575,-33.139687,-6.8360295
8576,-33.09543,-3.9645386
8577,-33.60449,-2.9983985
8578,-32.144455,-4.964413
8579,-33.796577,-3.236608
8580,-33.37655,-5.9950204
8581,-32.886055,-4.291393
8582,-34.445423,-5.36341
8583,-33.448456,-4.0592875
8584,-33.158157,-3.8754559
8585,-33.639797,-5.244651
8586,-33.076096,-4.430289
8587,-32.895947,-6.6539016
8588,-33.498318,-5.366086
8589,-33.01729,-4.593697
8590,-33.094692,-3.6684735
8591,-31.741474,-3.5811148
8592,-32.63173,-4.3389177
8593,-32.074497,-6.375097
8594,-33.509453,-4.9547973
8595,-32.9575,-4.872577
8596,-32.698776,-6.93672
8597,-32.170383,-5.0582805
8598,-35.271652,-5.415054
8599,-33.39153,-5.169835
8600,-33.91802,-4.4502745
8601,-33.66789,-3.654867
8602,-33.284107,-5.16051
8603,-35.740917,-7.4494557
8604,-33.984165,-5.452572
8605,-34.08772,-8.142005
8606,-32.46881,-4.8405557
8607,-33.410763,-4.5629973
8608,-33.880653,-4.5526195
8609,-34.139587,-3.8390508
8610,-33.983456,-6.1285524
8611,-33.85106,-5.4399633
8612,-33.822735,-7.3529515
8613,-32.094227,-7.143926
8614,-31.966345,-4.476172
8615,-32.179745,-6.8017116
8616,-33.08556,-6.1520634
8617,-33.559284,-4.591336
8618,-32.880917,-3.6844378
8619,-32.40807,-3.80344
8620,-33.318703,-4.8824353
8621,-33.18117,-7.265774
8622,-33.655834,-8.439996
8623,-32.71712,-6.5674853
8624,-31.826466,-6.0627255
8625,-34.290417,-5.494518
8626,-34.387863,-2.7802508
8627,-34.267582,-2.8663116
8628,-32.402843,-4.730479
8629,-32.36511,-5.5363083
8630,-31.15428,-8.030016
8631,-33.426178,-6.282307
8632,-34.139862,-5.6666136
8633,-34.137337,-5.5760074
8634,-33.449326,-3.7125401
8635,-34.20711,-4.5782127
8636,-34.258778,-5.536691
8637,-33.19222,-4.216802
8638,-32.838673,-2.8104773
8639,-34.254616,-3.7304127
8640,-34.128685,-2.575385
8641,-32.96883,-0.4056755
8642,-32.823044,-5.4382977
8643,-31.93391,-2.4116955
8644,-32.817825,-3.888151
8645,-34.101067,-3.5513148
8646,-33.109848,-6.146145
8647,-32.24642,-0.91573715
8648,-33.409557,-5.2908893
8649,-34.439175,-6.0518374
8650,-32.9215,-2.5642097
8651,-34.490665,-3.607427
8652,-33.79607,-7.1366115
8653,-35.313065,-2.9646742
8654,-33.42821,-3.9197242
8655,-33.123016,-6.521451
8656,-33.305065,-4.5286446
8657,-35.164738,-3.9445777
8658,-34.1932,-2.8001995
8659,-32.761723,-4.7739024
8660,-33.83946,-5.203384
8661,-34.483257,-6.3504143
8662,-32.683872,-2.0565655
8663,-33.11968,-4.0889792
8664,-34.26083,-3.2797346
8665,-34.207905,-1.8748453
8666,-34.921658,-2.9072804
8667,-34.67825,-1.1464567
8668,-34.650448,-2.8828602
8669,-33.359753,-4.2465987
8670,-32.72995,0.41925982
8671,-34.11636,-3.8499453
8672,-34.419613,-3.731137
8673,-34.638844,-3.0996697
8674,-33.353935,-2.9630399
8675,-34.526127,-0.46029106
8676,-33.894028,-0.9019421
8677,-31.29921,-5.0429254
8678,-33.678947,-2.8064775
8679,-33.547924,-2.1581206
8680,-32.890278,-3.8570635
8681,-32.439495,-3.2848456
8682,-33.7981,-3.2211661
8683,-34.521812,-5.2085085
8684,-33.35867,-5.9197083
8685,-35.253956,-4.9491873
8686,-31.921698,-2.2580879
8687,-34.51492,-4.261375
8688,-34.453136,-4.392658
8689,-36.545986,-6.0683765
8690,-33.704258,-3.7404683
8691,-34.022507,-3.8123457
8692,-33.916847,-3.4285383
8693,-33.112446,-6.3790364
8694,-31.632946,-1.7188143
8695,-32.373196,-4.1719356
8696,-32.19492,-4.6381416
8697,-32.954494,-2.1149125
8698,-32.441765,-2.4935563
8699,-31.261572,-3.1774666
8700,-33.011826,-3.3630974
8701,-34.022938,-2.0586119
8702,-34.413975,-2.633361
8703,-33.2915,-0.58100504
8704,-34.813126,-4.3913727
8705,-33.11522,-5.1126723
8706,-32.376705,-3.0167782
8707,-32.045002,-2.547786
8708,-33.09294,-1.3988429
8709,-32.474617,-3.1124835
8710,-33.23678,-2.5930076
8711,-33.31983,-1.4475023
8712,-34.34364,-2.3251395
8713,-33.369545,1.276591
8714,-32.010887,-2.2625513
8715,-34.36279,-5.6237507
8716,-32.76232,-3.3907244
8717,-32.164837,-3.446059
8718,-33.7722,-5.7852683
8719,-33.704258,-6.245826
8720,-34.82353,-5.8196344
8721,-33.820793,-3.804068
8722,-34.53466,-4.0679684
8723,-33.95001,-2.4984083
8724,-35.39056,-5.198198
8725,-34.417152,-2.255311
8726,-32.937603,-5.1891484
8727,-34.461456,-3.47834
8728,-33.090164,-2.5259492
8729,-34.195152,-5.236648
8730,-34.59234,-7.6350865
8731,-33.661865,-5.607008
8732,-34.061474,-3.9918923
8733,-34.031048,-3.1929295
8734,-34.057564,-3.933741
8735,-35.21864,-5.4195714
8736,-33.41523,-4.9165573
8737,-33.463543,-5.9690075
8738,-33.157017,-5.1049204
8739,-33.253735,-5.4376154
8740,-32.68609,-4.017176
8741,-32.277725,-7.138676
8742,-32.79971,-4.6690187
8743,-32.908855,-3.38536
8744,-34.395264,-1.2986617
8745,-32.914547,-5.8141694
8746,-33.931797,-2.7960474
8747,-33.77238,-1.4282274
8748,-32.49337,-7.5310793
8749,-33.882633,-5.60049
8750,-34.878223,-4.592555
8751,-33.154537,-4.260304
8752,-33.713875,-6.9029336
8753,-32.282005,-4.5510297
8754,-32.793346,-4.3510513
8755,-32.95844,-2.2817082
8756,-33.28069,-7.6596913
8757,-33.14028,-5.6998878
8758,-33.059467,-3.9384801
8759,-33.026073,-3.966848
8760,-35.695103,-3.9016192
8761,-33.996616,-5.1713376
8762,-33.377567,-2.8222382
8763,-32.242542,-6.9981923
8764,-32.924164,-4.941807
8765,-33.486572,-4.581511
8766,-32.93027,-2.1507084
8767,-32.372395,-1.3865111
8768,-32.10018,-4.286702
8769,-31.982351,-6.9475217
8770,-32.288532,-3.4682598
8771,-32.42134,-6.884157
8772,-32.028725,-2.4999785
8773,-33.629047,-5.3570848
8774,-33.7205,-7.4591365
8775,-35.18692,-4.3164396
8776,-33.19906,-6.2530437
8777,-32.463345,-6.1112328
8778,-34.564247,-3.686735
8779,-32.942055,-4.404381
8780,-35.728462,-3.6297808
8781,-34.12862,-5.804669
8782,-32.65623,-3.3701994
8783,-31.662836,-4.050814
8784,-33.779793,-2.893225
8785,-33.34767,-1.8703754
8786,-34.290413,-2.4933665
8787,-33.680817,-3.6433947
8788,-33.280075,-2.3018975
8789,-32.668217,-3.241674
8790,-32.77692,-0.76450336
8791,-33.6002,-1.2626654
8792,-35.341488,-1.7988088
8793,-33.090668,-1.8916132
8794,-33.94658,-3.3600655
8795,-34.590874,-3.6281292
8796,-31.702358,-2.8984394
8797,-34.93052,-1.9828811
8798,-32.82627,-1.5039004
8799,-32.907207,-2.9658582
8800,-31.264202,-4.1038976
8801,-32.811764,-2.9323869
8802,-33.02735,-4.179055
8803,-33.732857,-3.65678
8804,-34.726276,-2.729691
8805,-34.05783,-1.0783169
8806,-31.339884,-0.4312754
8807,-33.180157,-0.3463835
8808,-33.28044,-2.8508294
8809,-32.775036,0.03615194
8810,-32.403126,-0.8369213
8811,-32.339344,1.0990673
8812,-32.417984,-0.6903673
8813,-33.89418,0.05018612
8814,-33.385086,0.33675298
8815,-32.57459,-1.5512996
8816,-32.4269,-2.0290864
8817,-30.498997,0.02178079
8818,-33.220963,-1.1369841
8819,-32.582413,-5.387656
8820,-34.068897,-3.639088
8821,-33.46697,-1.604078
8822,-32.92487,-2.6667147
8823,-33.81625,-4.16886
8824,-32.448082,-3.0036542
8825,-34.492603,-1.7711959
8826,-33.681164,-1.9533753
8827,-35.75307,-3.721576
8828,-33.201866,-2.497106
8829,-32.66442,-3.7533367
8830,-33.17329,-1.8069799
8831,-34.776306,-2.14592
8832,-33.65208,-0.64651686
8833,-32.39306,-2.9024217
8834,-33.223495,-4.4753327
8835,-32.35229,-1.0589675
8836,-32.936516,-2.968674
8837,-34.14262,-1.0537891
8838,-32.59355,-3.1163027
8839,-32.271225,-3.5852962
8840,-35.80124,-0.30225584
8841,-35.519993,0.12560107
8842,-34.018425,1.7371333
8843,-34.486942,-1.2004273
8844,-33.3106,-1.5045737
8845,-33.96284,-2.819702
8846,-33.394806,-1.1451477
8847,-34.036476,-3.7995472
8848,-34.941154,-4.99406
8849,-33.66347,-3.0455925
8850,-31.584377,-3.2043722
8851,-34.104088,-4.288289
8852,-33.38019,-3.6862032
8853,-32.670437,-6.0316877
8854,-32.79219,-3.838569
8855,-35.21636,-4.0531044
8856,-33.1111,-2.742154
8857,-31.944302,-3.255855
8858,-32.089622,-4.114924
8859,-33.089405,-0.18240531
8860,-33.26776,-3.0163612
8861,-34.72437,-5.0590425
8862,-32.705776,-4.941011
8863,-33.295746,-2.3652875
8864,-32.5251,-6.835777
8865,-32.325623,-3.938145
8866,-32.9424,-3.425517
8867,-33.619095,-4.837303
8868,-31.941086,-4.312492
8869,-33.68088,-2.0492387
8870,-33.01956,-2.7891395
8871,-32.977757,-3.2176178
8872,-33.385468,-1.5539738
8873,-32.001827,-1.2857721
8874,-33.767136,-1.6855372
8875,-31.803633,-0.923888
8876,-33.001263,-4.026055
8877,-33.54506,-2.450784
8878,-33.691536,-1.5944015
8879,-31.047218,-1.5991404
8880,-32.262527,-1.451461
8881,-32.52071,-5.841409
8882,-33.88222,-0.10564681
8883,-32.081688,-0.9830832
8884,-32.748234,-2.6242707
8885,-32.03424,-3.688776
8886,-32.34142,-2.3140764
8887,-32.4974,-3.0403852
8888,-32.998573,-2.6766717
8889,-33.79972,-4.929858
8890,-34.3397,-6.078545
8891,-33.557827,-4.297228
8892,-33.963017,-4.1123543
8893,-32.54329,-6.2503743
8894,-33.76347,-0.96168864
8895,-34.11368,-4.186357
8896,-34.27555,-4.6490183
8897,-33.078926,-5.1574616
8898,-33.39533,-2.9608703
8899,-34.65923,-3.941179
8900,-34.099655,-2.8267856
8901,-33.523167,-6.7191772
8902,-34.639053,-2.5665112
8903,-33.447342,-3.4431336
8904,-32.957775,-3.097303
8905,-33.794567,-4.326546
8906,-32.51009,-5.343733
8907,-33.759235,-4.021281
8908,-33.261528,-2.853775
8909,-33.46001,-4.0053706
8910,-34.139824,-4.601128
8911,-31.996084,-3.19264
8912,-34.247242,-3.7953196
8913,-33.398426,-2.7608795
8914,-33.009796,-3.8467424
8915,-33.42874,-4.5891266
8916,-33.367203,-4.0372114
8917,-33.16222,-4.383205
8918,-33.31624,-1.1791716
8919,-33.802372,-1.8118641
8920,-33.296925,-2.208344
8921,-33.597145,-5.481458
8922,-32.450798,-4.4107075
8923,-33.41595,-6.533375
8924,-32.081203,-4.015343
8925,-33.654266,-5.7904644
8926,-33.842224,-5.89127
8927,-33.345127,-5.020897
8928,-32.814262,-5.141463
8929,-32.62517,-4.122038
8930,-32.48642,-5.400727
8931,-34.57663,-6.0316095
8932,-33.277237,-3.541677
8933,-33.22115,-4.6346445
8934,-33.382973,-2.2223904
8935,-32.475746,0.24332362
8936,-32.29114,-5.2572236
8937,-34.487446,-2.726617
8938,-35.525574,-2.933484
8939,-33.706226,-2.7490733
8940,-33.601982,-4.728273
8941,-33.31095,-3.3626785
8942,-32.949913,-2.1966145
8943,-32.78033,-2.019868
8944,-34.091824,-1.6361866
8945,-33.61235,-3.9825928
8946,-33.65517,-4.97059
8947,-33.366776,-5.0555105
8948,-32.304283,-4.3843694
8949,-33.010723,-4.9254117
8950,-31.733755,-4.306195
8951,-34.40487,-4.4354157
8952,-32.361973,-2.59599
8953,-33.374866,-2.7606478
8954,-32.61029,-1.7857978
8955,-32.581448,-2.4057298
8956,-34.344513,-5.1398425
8957,-32.62371,-1.7799873
8958,-33.38069,-3.4649591
8959,-32.10647,-2.6381154
8960,-30.791674,-3.1330934
8961,-30.651863,-3.9025874
8962,-34.30966,0.46625704
8963,-31.054667,-3.648682
8964,-30.53937,-3.6530788
8965,-29.676487,-1.978346
8966,-29.522865,-3.358233
8967,-33.173332,-3.6900523
8968,-32.82023,-4.8172092
8969,-32.863796,-5.721448
8970,-32.82355,-2.7968166
8971,-32.535942,-4.959852
8972,-32.092503,-5.9041758
8973,-32.700268,-2.8745441
8974,-32.858482,-6.6520576
8975,-32.86082,-2.1290236
8976,-33.247715,-3.7326005
8977,-31.788214,-3.0725243
8978,-33.829586,-2.7486663
8979,-32.6907,-3.4665036
8980,-32.543533,-1.4627404
8981,-32.34803,-2.7278101
8982,-32.606247,-1.6436162
8983,-34.074726,-5.5318003
8984,-32.864323,-2.0273786
8985,-32.998936,-5.6890554
8986,-32.761368,-0.29122287
8987,-32.523666,-4.1576543
8988,-32.746582,-4.822153
8989,-32.654842,-2.5563626
8990,-32.15002,-3.8046916
8991,-31.783691,-3.5108876
8992,-31.603363,-5.409095
8993,-33.129444,-3.17097
8994,-34.547646,-5.2899456
8995,-31.378527,-6.779316
8996,-33.192936,-4.646796
8997,-32.894142,-3.8215437
8998,-32.835396,-3.731804
8999,-33.24541,-4.2119155
9000,-33.10393,-3.1178946
9001,-31.95267,-3.4005418
9002,-32.543354,-5.7588634
9003,-34.715866,-6.122529
9004,-31.72477,-6.449116
9005,-33.825687,-5.5136557
9006,-31.720737,-4.38145
9007,-31.889038,-3.280232
9008,-31.179382,-1.7691371
9009,-32.560894,-6.157329
9010,-30.612549,-3.620058
9011,-32.264748,-2.3235593
9012,-29.996695,-2.8115275
9013,-25.82985,-0.06305867
9014,-26.909342,0.60808915
9015,-28.504707,1.2518616
9016,-27.847157,-5.151413
9017,-26.953753,-4.1969633
9018,-26.485495,-3.4150836
9019,-27.521912,-4.3380747
9020,-25.873505,-4.1562867
9021,-27.005522,-2.807992
9022,-25.464495,-2.0519514
9023,-26.444984,-2.5679946
9024,-26.110073,-2.321797
9025,-28.498207,-2.44675
9026,-28.845364,-3.790764
9027,-30.838362,-3.8758068
9028,-30.780184,-1.0795224
9029,-30.108969,-4.4030843
9030,-29.095064,-0.76704496
9031,-27.499472,0.4488608
9032,-29.581821,-2.5965838
9033,-30.107718,-1.002784
9034,-28.22566,-3.4162579
9035,-29.815004,-2.6398814
9036,-26.268396,-3.388884
9037,-25.692268,-4.893105
9038,-25.918272,-5.4267764
9039,-28.194427,-6.313489
9040,-27.565002,-3.5201075
9041,-32.211155,-6.067872
9042,-30.324476,-3.3837042
9043,-30.81623,-3.900309
9044,-31.197586,-4.8677125
9045,-30.926153,-7.173943
9046,-32.868843,-5.9375
9047,-31.226503,-5.2063775
9048,-32.52675,-4.729199
9049,-31.815823,-4.490617
9050,-31.642267,-4.8688593
9051,-33.177876,-6.101414
9052,-31.357023,-4.6718593
9053,-30.8984,-2.2789898
9054,-31.864702,-5.1440086
9055,-33.139286,-4.368231
9056,-34.63497,-2.89404
9057,-33.584183,-4.67916
9058,-33.073284,-4.334224
9059,-33.811623,-2.386165
9060,-33.584248,-2.6824677
9061,-33.907005,-2.6700659
9062,-31.455826,-1.0358353
9063,-34.076736,-1.3286897
9064,-33.646065,-3.8115282
9065,-34.484917,-5.942256
9066,-33.83517,-3.7813156
9067,-32.889744,-2.530229
9068,-35.042854,-0.8352755
9069,-33.81212,-5.0242424
9070,-33.31724,-4.314749
9071,-31.713928,-4.9176717
9072,-31.400127,-2.789656
9073,-33.026894,-1.5648296
9074,-33.10126,-4.018116
9075,-31.062456,0.026998863
9076,-32.99724,0.012939432
9077,-32.805126,-2.2254636
9078,-33.357155,-4.457183
9079,-33.532566,-2.0114794
9080,-34.353256,-1.7019112
9081,-32.009907,-0.2643351
9082,-32.681957,0.101686
9083,-35.07046,-2.4815755
9084,-32.063744,-1.8005736
9085,-34.282696,-3.6489892
9086,-33.916157,-3.4499495
9087,-33.20005,1.2757717
9088,-34.68525,0.3883208
9089,-32.210403,-2.5228715
9090,-33.06041,-4.597052
9091,-32.000515,-2.7288916
9092,-33.02276,-1.5033041
9093,-34.85467,-2.561197
9094,-35.558765,-2.5539699
9095,-35.15882,-2.57863
9096,-34.74629,-0.807703
9097,-34.994766,-3.9944656
9098,-35.986317,-2.1702993
9099,-33.938988,-1.1895295
9100,-34.122547,-1.4804673
9101,-34.19266,-4.577114
9102,-33.58357,-3.5543225
9103,-36.14432,-7.6927805
9104,-34.618336,-7.5089583
9105,-36.1751,-4.0834002
9106,-36.60796,-5.352287
9107,-35.00111,-2.978205
9108,-37.750595,-3.6019073
9109,-36.888092,-0.9002073
9110,-34.748177,-2.0439398
9111,-34.350803,-5.536949
9112,-34.633633,-1.0904706
9113,-35.121357,-2.7846694
9114,-34.66386,-4.3578644
9115,-34.786846,-5.4844465
9116,-34.336464,-2.9463506
9117,-33.57448,-1.4884788
9118,-34.05318,-3.8061028
9119,-36.423557,-4.3832
9120,-34.44235,-3.8294008
9121,-34.17601,-3.293604
9122,-31.212727,-1.519469
9123,-35.17006,-2.595712
9124,-30.997696,-2.9089415
9125,-34.347527,0.9287864
9126,-32.94857,-3.400867
9127,-30.286295,-3.1527743
9128,-30.296839,-3.2278752
9129,-34.22421,-3.312376
9130,-33.26052,-1.3358867
9131,-29.547577,-0.09404914
9132,-28.831436,0.7978333
9133,-33.07669,-1.642733
9134,-33.43516,0.8639898
9135,-29.03265,-2.2808545
9136,-32.19437,-3.0844817
9137,-28.990376,-1.5221343
9138,-29.709599,-5.3684263
9139,-30.423124,-4.0930924
9140,-25.910059,-4.237393
9141,-27.026855,-2.9900448
9142,-28.946465,-1.2507772
9143,-28.793964,-1.2510787
9144,-25.718853,-2.944413
9145,-28.876562,-3.2132618
9146,-28.968784,-4.334197
9147,-29.412313,-3.0637453
9148,-23.414013,-4.117688
9149,-23.851124,-4.3865004
9150,-23.727339,-1.9363526
9151,-24.676668,0.14976901
9152,-25.984499,-3.3875818
9153,-20.15367,-1.5256896
9154,-25.281406,-2.300669
9155,-24.886774,-3.6029177
9156,-23.470396,-4.9564414
9157,-24.563463,-4.1590805
9158,-24.978628,-5.0918436
9159,-25.223196,-2.741814
9160,-25.350863,-2.3019953
9161,-26.55346,-4.6724567
9162,-22.90588,-3.7418823
9163,-21.602612,-4.254984
9164,-23.864895,-3.0819137
9165,-23.839115,-4.3482018
9166,-24.710619,-4.683121
9167,-25.650984,-1.3999801
9168,-27.18416,0.22267401
9169,-27.412737,-2.4551878
9170,-30.034452,-3.276676
9171,-26.231596,-5.229477
9172,-25.809649,-2.1507444
9173,-25.239212,-1.0817298
9174,-23.00912,-4.491167
9175,-24.4289,-5.022846
9176,-27.413076,-3.7878118
9177,-26.336931,-4.824563
9178,-23.588694,-3.4924352
9179,-21.501041,-4.396294
9180,-22.109198,-4.8135104
9181,-18.062899,-7.050583
9182,-19.676775,-5.2218027
9183,-22.129429,-4.082143
9184,-15.345449,-6.1146393
9185,-21.067621,-3.7686903
9186,-19.48488,-3.9538214
9187,-17.735174,-6.55976
9188,-19.165678,-6.427034
9189,-17.738367,-4.8226233
9190,-16.677383,-5.38494
9191,-15.692072,-3.3966484
9192,-14.187705,-4.8885803
9193,-18.470087,-5.41079
9194,-20.041525,-3.7792704
9195,-19.494734,-3.9397507
9196,-15.17103,-7.949803
9197,-19.466858,-5.831607
9198,-19.701431,-5.826741
9199,-18.929169,-4.566931
9200,-19.02554,-2.5936403
9201,-19.26946,-5.870326
9202,-24.08225,-3.1153054
9203,-25.893219,-4.970491
9204,-27.257673,-5.512227
9205,-25.848316,-5.804701
9206,-26.037657,-3.9925125
9207,-26.383848,-5.921374
9208,-23.961605,-5.6696186
9209,-27.857985,-5.0008025
9210,-27.165476,-5.3249726
9211,-26.098763,-6.299092
9212,-26.079178,-3.5001993
9213,-24.939142,-3.129016
9214,-23.380083,-3.0711384
9215,-24.453678,-4.4905224
9216,-24.986685,-5.1597877
9217,-25.135542,-3.2557626
9218,-22.4632,-1.9469572
9219,-26.077902,-3.3393347
9220,-25.690578,-6.902468
9221,-26.853674,-2.2350922
9222,-26.364517,-3.4759028
9223,-26.396988,-4.424798
9224,-28.917175,-6.6867285
9225,-23.786747,-3.8450806
9226,-26.282942,-2.6169577
9227,-24.988821,-3.9455166
9228,-25.787046,-6.2522454
9229,-25.153717,-4.4184527
9230,-25.486736,-4.685324
9231,-27.297146,-5.928573
9232,-27.454445,-2.8309782
9233,-26.998236,-3.2103925
9234,-26.870373,-4.2383947
9235,-29.230904,-7.0070343
9236,-26.790194,-5.98037
9237,-26.124418,-6.3556476
9238,-24.942045,-5.473382
9239,-26.387339,-3.032981
9240,-27.706772,-5.7416515
9241,-29.430473,-5.1929536
9242,-29.408638,-3.9272792
9243,-31.180384,-4.0030994
9244,-31.637054,0.14182813
9245,-31.975471,-0.7283643
9246,-31.638685,-0.41828403
9247,-31.671232,-2.5955398
9248,-30.70703,-4.165869
9249,-29.53863,-2.5009072
9250,-30.224209,-3.2297475
9251,-31.499413,-3.8006358
9252,-28.87713,-1.8627149
9253,-31.36758,-3.371363
9254,-32.237648,-4.7401834
9255,-33.518177,-4.180615
9256,-34.218254,-2.5714371
9257,-32.802948,-3.6094463
9258,-32.09908,-5.506265
9259,-32.19997,-3.8312006
9260,-32.590267,-2.477629
9261,-32.63625,-3.5478637
9262,-32.052914,-4.3022976
9263,-32.390118,-5.818906
9264,-31.203794,-4.308015
9265,-29.2697,-4.0214777
9266,-29.512196,-5.3360276
9267,-31.259527,-4.3845167
9268,-32.57258,-5.9414973
9269,-30.65003,-7.2122374
9270,-33.14235,-6.5872765
9271,-30.586042,-5.063014
9272,-34.26442,-6.3885603
9273,-31.352854,-7.2787166
9274,-29.988743,-6.2960606
9275,-29.994268,-4.566323
9276,-30.834667,-6.9425716
9277,-32.90194,-6.9064364
9278,-32.575245,-4.0811343
9279,-33.501312,-5.5736313
9280,-33.721165,-6.5482163
9281,-32.60751,-3.6035092
9282,-31.157637,-4.489105
9283,-32.40747,-4.8538337
9284,-29.451189,-3.9048564
9285,-26.899172,-1.558453
9286,-27.496115,-0.5693783
9287,-25.69335,-3.2804372
9288,-28.295197,-4.034433
9289,-29.943195,-5.310106
9290,-24.381111,-4.4589086
9291,-25.27739,-5.805777
9292,-24.426119,-2.0132375
9293,-23.841248,-4.4280562
9294,-18.014196,-0.6165238
9295,-16.336397,-0.9727237
9296,-12.777171,-0.44521314
9297,-15.557973,-1.8764737
9298,-12.432334,-1.8005018
9299,-21.544533,-3.595889
9300,-11.459007,-2.6286492
9301,-12.409912,-1.4520564
9302,-12.35943,-2.5233338
9303,-16.586245,-4.7502284
9304,-12.804701,-3.8341932
9305,-13.311371,-5.3741317
9306,-13.394423,-4.252527
9307,-15.118336,-2.7344682
9308,-16.341984,-2.4222767
9309,-19.948092,-0.74748397
9310,-19.033438,-1.9912097
9311,-17.503618,-4.84038
9312,-14.730749,-6.014616
9313,-17.235836,-4.4334993
9314,-18.965906,-2.4988396
9315,-15.761051,-4.7850223
9316,-15.157988,-1.0536236
9317,-20.506256,-0.78549933
9318,-21.481339,-0.99861383
9319,-14.744073,-3.5004776
9320,-18.731178,-2.4797199
9321,-16.505836,-1.9405888
9322,-18.451443,-6.7388754
9323,-20.42514,-4.527193
9324,-19.349688,-1.3572776
9325,-17.95616,-2.1563463
9326,-18.263304,-1.6150122
9327,-16.299747,-3.468337
9328,-18.741278,-1.3369404
9329,-17.16634,-1.700509
9330,-15.992473,-3.0376492
9331,-14.05628,-2.9548717
9332,-19.686378,-1.714853
9333,-22.560762,-2.2145233
9334,-22.112339,-4.3006325
9335,-20.469296,-6.2577214
9336,-15.710836,-5.6660795
9337,-14.885447,-5.872437
9338,-16.360247,-4.069562
9339,-15.815252,-4.8054833
9340,-13.992211,-4.445411
9341,-12.448898,-6.098855
9342,-17.544676,-6.32276
9343,-16.541443,-4.9557037
9344,-21.253376,-3.0034642
9345,-17.990454,-6.069136
9346,-14.592458,-1.8209239
9347,-16.332901,-3.466843
9348,-20.039246,-4.6607556
9349,-26.131079,-2.5980625
9350,-20.988386,-6.50624
9351,-17.663979,-2.8194222
9352,-15.417006,-3.9391997
9353,-19.804058,-4.8401637
9354,-16.920261,-5.8139496
9355,-17.51928,-3.6224723
9356,-17.643585,-3.720058
9357,-15.148419,-5.490591
9358,-13.287659,-5.612935
9359,-10.176448,-5.6129475
9360,-13.908687,-5.8126235
9361,-13.937292,-7.601515
9362,-16.22293,-5.5118337
9363,-17.091589,-4.88367
9364,-15.123498,-5.0909986
9365,-16.67708,-5.9360876
9366,-15.238505,-7.948666
9367,-13.140898,-6.679314
9368,-12.221129,-6.5580654
9369,-12.138972,-7.7295485
9370,-13.163393,-7.32729
9371,-13.156417,-7.904709
9372,-11.8556795,-8.455175
9373,-15.983159,-7.6512566
9374,-13.715632,-10.90407
9375,-11.101347,-6.521373
9376,-10.9101095,-8.795667
9377,-10.595885,-10.279893
9378,-12.943694,-7.3648744
9379,-14.029223,-5.9687347
9380,-16.19653,-2.8528647
9381,-14.88603,-7.927757
9382,-15.105582,-5.6505675
9383,-10.967784,-5.8378816
9384,-9.725714,-4.614223
9385,-11.591225,-8.115118
9386,-12.011261,-7.279974
9387,-10.365078,-7.561183
9388,-10.529847,-3.9249082
9389,-13.0130005,-6.679532
9390,-14.890717,-6.4065404
9391,-15.097084,-8.57427
9392,-12.915744,-4.31901
9393,-14.685379,-3.7782261
9394,-11.123315,-3.9509313
9395,-12.438341,-5.525424
9396,-14.45977,-6.152609
9397,-15.347772,-7.705811
9398,-14.370538,-7.5581765
9399,-11.530301,-7.9501896
9400,-9.118034,-4.941802
9401,-8.419459,-6.855846
9402,-8.286809,-5.5180893
9403,-10.23242,-5.239843
9404,-10.518021,-5.031514
9405,-8.683302,-6.856708
9406,-13.404528,-6.4023128
9407,-18.816036,-5.1078877
9408,-17.772541,-7.6259594
9409,-17.489035,-5.9140553
9410,-11.357793,-9.692128
9411,-10.663745,-6.6021323
9412,-7.4700418,-6.1214967
9413,-7.157841,-6.2105093
9414,-10.944703,-7.86508
9415,-5.2115865,-6.843023
9416,-4.506814,-8.367999
9417,-5.7361007,-7.527825
9418,-6.4198484,-5.5884748
9419,-7.456794,-5.1821966
9420,-6.1789913,-6.4002914
9421,-9.283415,-7.7418056
9422,-8.381563,-6.221062
9423,-10.3879595,-6.45331
9424,-11.981596,-5.6601615
9425,-11.003169,-4.7704763
9426,-7.4819674,-9.056223
9427,-8.532561,-6.577837
9428,-8.422391,-2.2976882
9429,-9.189573,-5.6343265
9430,-8.135075,-5.1423006
9431,-5.584518,-8.234444
9432,-7.1385784,-5.5797358
9433,-9.323977,-5.5871964
9434,-10.946276,-5.7392406
9435,-9.5939665,-5.9463634
9436,-9.009829,-7.0392866
9437,-10.075588,-5.515052
9438,-10.921179,-3.9090884
9439,-9.323701,-4.5031486
9440,-9.765052,-5.2472925
9441,-9.278526,-5.819237
9442,-12.949214,-6.650688
9443,-10.219531,-2.345778
9444,-12.295038,-8.022715
9445,-8.31991,-7.898255
9446,-10.013656,-8.535508
9447,-10.637451,-9.558504
9448,-13.499976,-6.2744007
9449,-9.791444,-4.7505217
9450,-9.33357,-6.88899
9451,-9.286855,-2.1143079
9452,-10.856212,-3.14681
9453,-12.81504,-1.1917583
9454,-13.420125,-1.4744452
9455,-11.741944,-1.4926566
9456,-11.19362,-2.4320111
9457,-9.0349,-2.4459844
9458,-9.27791,4.678125
9459,-10.978947,1.2046893
9460,-10.96565,2.5036054
9461,-8.52371,2.5382955
9462,-11.252444,0.09549635
9463,-8.536031,1.4408187
9464,-10.261891,2.0480046
9465,-11.183413,2.1447115
9466,-9.948988,1.0647784
9467,-10.008911,1.1784906
9468,-10.574,9.883557
9469,-11.577081,7.800059
9470,-10.924211,1.951752
9471,-11.066527,4.648281
9472,-12.6209545,1.9036776
9473,-12.98438,2.0416963
9474,-13.790838,3.6346009
9475,-17.661194,2.1546896
9476,-13.039863,0.62261134
9477,-10.175114,0.87968695
9478,-7.718326,2.7472699
9479,-8.618125,-0.07261386
9480,-10.457297,-2.168484
9481,-10.285352,-0.9297622
9482,-10.648063,1.040836
9483,-5.678363,1.4854797
9484,-9.177334,4.2774153
9485,-6.8522415,3.314509
9486,-6.6359696,-0.36866713
9487,-4.805088,-0.5350723
9488,-5.400469,-0.7584492
9489,-6.940029,-1.097976
9490,-10.4737015,1.2399247
9491,-12.341508,2.7051046
9492,-12.672062,2.0718052
9493,-14.874355,-0.4589785
9494,-15.395006,1.9104266
9495,-8.648813,1.0657212
9496,-10.041563,8.4813595
9497,-9.143043,3.9517133
9498,-13.158421,4.8431773
9499,-13.433579,2.3995097
9500,-9.740112,1.4903278
9501,-9.566854,4.794602
9502,-12.397849,5.7104206
9503,-11.159212,1.3972163
9504,-10.663388,1.8308125
9505,-9.409225,2.6106882
9506,-10.009459,2.7047017
9507,-10.325523,3.64966
9508,-12.500427,0.82589245
9509,-10.864271,-2.022506
9510,-10.366442,0.2012139
9511,-14.8507395,2.289475
9512,-14.331231,-1.5000974
9513,-12.434006,2.3492134
9514,-10.765463,3.70097
9515,-12.512206,3.7299376
9516,-12.211643,6.892521
9517,-10.544992,1.8046402
9518,-16.72847,3.5163598
9519,-18.082758,4.468092
9520,-15.617287,5.4737983
9521,-16.808498,1.5153675
9522,-11.746609,3.1975243
9523,-11.643196,6.575841
9524,-10.953088,5.6795955
9525,-13.357006,6.419209
9526,-9.608354,5.6177015
9527,-8.393886,3.059962
9528,-12.506446,7.105073
9529,-11.4444475,5.009851
9530,-14.663387,5.4015126
9531,-13.0380125,6.5094147
9532,-15.9660845,8.87337
9533,-11.474451,7.3987293
9534,-12.986288,8.750751
9535,-10.009135,9.710808
9536,-11.935102,8.632696
9537,-11.799924,7.270681
9538,-9.931955,6.930248
9539,-8.265714,7.5085225
9540,-13.40848,7.4979043
9541,-15.418435,10.873514
9542,-11.66243,7.6468678
9543,-13.512524,9.881663
9544,-10.766552,9.479934
9545,-12.693177,5.480443
9546,-11.744178,7.7232347
9547,-6.8230596,6.942298
9548,-10.221772,6.5078735
9549,-10.158196,7.6396966
9550,-14.905957,4.184705
9551,-9.126653,5.35912
9552,-8.872977,3.87611
9553,-8.909211,4.4528275
9554,-9.827613,3.280043
9555,-11.509124,5.2304025
9556,-11.69856,6.853966
9557,-9.040066,8.557285
9558,-11.541269,6.204628
9559,-9.316601,5.7807646
9560,-10.940239,5.81463
9561,-9.495562,4.2364416
9562,-11.583794,8.1862335
9563,-12.465158,2.5832448
9564,-9.297763,7.0476203
9565,-11.902046,3.5185895
9566,-5.832458,0.8377065
9567,-7.8576984,-0.049273655
9568,-6.7748675,3.8544173
9569,-6.2445254,4.104063
9570,-6.862234,4.2091026
9571,-4.682113,6.4273553
9572,-10.4068,7.527143
9573,-8.800477,6.886843
9574,-6.0060554,8.615395
9575,-9.577356,3.856932
9576,-6.304282,4.4977794
9577,-7.459731,5.5871506
9578,-7.678552,3.2891533
9579,-12.467268,-0.9426568
9580,-10.230996,3.8128119
9581,-9.088926,8.929092
9582,-9.079576,5.6091824
9583,-10.079567,3.6245306
9584,-7.655767,3.424305
9585,-9.845404,5.385471
9586,-9.412922,4.9233556
9587,-9.540181,3.2176616
9588,-11.039581,5.8764052
9589,-9.186624,2.9650166
9590,-8.31205,2.6801481
9591,-8.220056,2.4125254
9592,-5.0151653,6.717239
9593,-5.828115,4.5389605
9594,-6.715438,3.95133
9595,-5.3744316,4.8315253
9596,-8.016052,3.0386505
9597,-8.250837,5.586907
9598,-8.134433,3.583456
9599,-6.18731,5.1748147
9600,-6.8130155,2.712762
9601,-7.8535714,6.275939
9602,-5.240247,5.147834
9603,-5.994288,7.133201
9604,-5.4232283,9.883911
9605,-6.090956,7.0547934
9606,-6.0573072,15.244413
9607,-6.6844187,7.8787704
9608,-7.521817,7.1723614
9609,-6.9831805,6.1140437
9610,-4.7699814,7.763523
9611,-6.8912945,7.058888
9612,-7.4989405,8.775983
9613,-6.700251,5.9310627
9614,-4.723976,8.46406
9615,-5.3650346,1.1777049
9616,-6.687328,1.4405795
9617,-6.7853403,3.9087179
9618,-7.237499,6.1593056
9619,-7.8184094,5.2279773
9620,-4.722138,7.877712
9621,-5.441556,5.8947678
9622,-6.7055917,8.659666
9623,-7.3415895,3.3553782
9624,-6.950886,9.053497
9625,-9.304966,3.5629354
9626,-7.6415277,7.1301107
9627,-5.7588453,5.8953424
9628,-8.007242,0.25792572
9629,-6.011767,4.5113034
9630,-4.5316596,1.754708
9631,-5.86482,2.2053742
9632,-6.516938,3.062617
9633,-6.6600633,2.385234
9634,-7.199707,6.1428924
9635,-6.474094,6.1130047
9636,-4.934515,9.463865
9637,-2.47593,4.9974546
9638,-5.3841677,2.4722662
9639,-4.49922,3.9973962
9640,-7.6592293,6.0774026
9641,-3.503501,2.9654472
9642,-6.4609895,3.3284786
9643,-4.9583025,3.588975
9644,-3.867353,4.608831
9645,-5.380675,3.7244062
9646,-4.5863347,3.30228
9647,-6.399226,4.0058336
9648,-4.556867,7.3997316
9649,-3.400522,3.601283
9650,-4.5973563,4.7109294
9651,-8.16041,3.0160954
9652,-6.007806,1.997083
9653,-4.613571,2.081884
9654,-4.86897,1.9617056
9655,-7.0955653,3.2308187
9656,-6.485994,2.8520706
9657,-5.9251184,5.9842606
9658,-5.1783442,6.8605165
9659,-5.917228,5.540655
9660,-7.544748,3.5684907
9661,-7.744326,5.264548
9662,-6.825031,1.5965501
9663,-6.5111194,4.5086884
9664,-4.189679,6.0669456
9665,-6.823794,3.8800719
9666,-6.9530764,-1.2002908
9667,-9.094395,0.0024404991
9668,-7.4430428,4.010065
9669,-4.4700804,2.448697
9670,-2.9431167,1.7739514
9671,-4.653769,3.3940914
9672,-4.7495575,1.3996007
9673,-6.130297,-1.6952069
9674,-4.88058,2.0050707
9675,-5.5403624,1.1899127
9676,-7.0902348,3.5886114
9677,-7.56798,3.886964
9678,-6.0356336,-0.3916373
9679,-5.7337265,3.5226781
9680,-5.0712337,2.6191974
9681,-4.8318176,2.9473403
9682,-4.06161,-0.69451356
9683,-4.5030074,3.1935675
9684,-4.890311,2.1779163
9685,-3.2180874,3.9074073
9686,-5.7507195,2.2809546
9687,-6.3240504,2.7257195
9688,-5.1782007,2.0715663
9689,-5.642195,1.4551388
9690,-8.35005,3.2477405
9691,-6.5396137,3.0874927
9692,-8.744117,-1.2681016
9693,-5.517714,0.7051658
9694,-3.8564916,0.33817485
9695,-7.368897,0.2479484
9696,-7.4539304,-1.8949274
9697,-6.392337,-3.5813713
9698,-8.1501045,-6.291353
9699,-8.234894,-7.4555073
9700,-7.8970633,-4.844194
9701,-6.904303,-6.192627
9702,-7.4136767,-4.6136036
9703,-7.20076,-3.9261172
9704,-5.9133677,-5.6356373
9705,-6.9795055,-5.006326
9706,-4.832698,-6.467653
9707,-6.4092603,-5.619611
9708,-6.9275355,-3.8888433
9709,-5.7178173,-1.5178171
9710,-6.581311,-5.064057
9711,-6.272591,-4.9995966
9712,-6.8750644,-4.7509108
9713,-6.9890313,-4.5183263
9714,-5.2807765,-5.476274
9715,-6.4296126,-6.4982986
9716,-4.765544,-9.041026
9717,-5.31413,-4.4709373
9718,-5.656632,-7.2227955
9719,-6.480875,-8.272985
9720,-6.1638274,-5.2526016
9721,-5.296478,-6.670655
9722,-4.4637356,-7.1629853
9723,-6.328896,-3.841845
9724,-5.1871524,-4.510344
9725,-6.989482,-6.698008
9726,-5.740911,-6.369055
9727,-7.329269,-5.554983
9728,-5.295014,-7.3925123
9729,-6.238133,-4.690902
9730,-8.842629,-6.2770543
9731,-8.5973,-5.9782033
9732,-7.271558,-6.055438
9733,-5.526048,-6.544888
9734,-7.9613876,-2.513544
9735,-5.7592072,-4.539553
9736,-8.035919,-2.8552763
9737,-6.7640963,-3.8813937
9738,-4.89685,-4.960906
9739,-7.4441857,-5.014368
9740,-6.0673766,-4.7651105
9741,-5.4677424,-4.119183
9742,-6.110923,-5.2852783
9743,-6.4979396,-0.77746964
9744,-7.347192,0.3623955
9745,-3.758062,-5.648584
9746,-7.002996,-5.1132417
9747,-5.6940093,-4.2330136
9748,-7.570791,-6.492903
9749,-7.426822,-5.9209776
9750,-7.7716136,-4.7315826
9751,-7.832271,-5.892465
9752,-8.846545,-6.392755
9753,-8.834806,-8.509197
9754,-11.524046,-6.327559
9755,-12.028974,-4.2262616
9756,-14.11939,-5.03354
9757,-10.518985,-6.6793485
9758,-8.645563,-6.0553713
9759,-5.4249954,-2.629339
9760,-6.701184,-1.7838016
9761,-3.5954583,-5.838932
9762,-6.036076,-1.9737825
9763,-5.9266715,-4.0119
9764,-6.9948587,-0.76891434
9765,-5.150969,-5.1414065
9766,-4.1039696,-6.0723214
9767,-2.5711703,-3.4450016
9768,-1.6027055,-5.1985707
9769,-3.51647,-4.0808697
9770,-3.4437888,-5.3101134
9771,-7.9597526,-3.8457985
9772,-4.502132,-2.0712225
9773,-2.4752169,-3.6211097
9774,-4.8358264,-2.6480806
9775,-5.8356986,-3.5977254
9776,-4.016397,-3.9373517
9777,-11.048962,-6.508988
9778,-12.51307,-3.8928978
9779,-16.26352,-6.0479355
9780,-8.344465,-5.0084653
9781,-8.496566,-6.2578487
9782,-7.0826483,-6.1922693
9783,-8.678624,-4.732433
9784,-11.244054,-4.0623956
9785,-5.4925656,-5.033877
9786,-2.693643,-4.2643523
9787,-2.4374084,-4.267521
9788,-3.7708368,-2.997003
9789,-3.3233726,-5.083742
9790,-0.020498864,-4.102564
9791,-1.8046972,-2.9783106
9792,-1.4569807,-1.6416712
9793,0.37186736,-4.524933
9794,0.0020813753,-4.6334047
9795,-2.959945,-5.748643
9796,0.030682929,-5.169805
9797,-3.3582742,-4.1148725
9798,-5.1005564,-3.6467927
9799,-0.8605444,-3.1215925
9800,-1.3952689,-3.2271166
9801,-0.86983204,0.0264012
9802,0.66165346,-5.541341
9803,-2.2719574,-4.2690077
9804,-1.0351272,-5.1058908
9805,-1.9478189,-7.4042845
9806,-0.11548688,-5.9713006
9807,-0.7562574,-4.9813633
9808,-2.3017986,-5.6251154
9809,-4.120535,-2.3779943
9810,-1.7759427,-4.9068956
9811,-1.9549383,-4.221711
9812,-2.3772686,-4.208908
9813,-2.0605125,-5.077386
9814,-1.8658286,-6.8618684
9815,0.4152672,-4.5552545
9816,-0.15848638,-4.7835655
9817,-2.5118904,-7.5490923
9818,-3.8567739,-6.9078283
9819,-4.865741,-4.437614
9820,-6.8491273,-1.5292931
9821,-7.9337215,-8.219873
9822,-4.8016768,-7.961424
9823,-2.5906897,-5.573392
9824,-7.8951206,-4.769709
9825,-6.4202003,-5.0099587
9826,-5.9043965,-5.3055773
9827,-3.4308927,-6.1812425
9828,-6.304963,-5.217011
9829,-4.8053684,-4.3066583
9830,-5.3130403,-5.565438
9831,-2.107462,-2.7256126
9832,-3.166673,-8.859482
9833,-3.130379,-3.6364448
9834,-5.6943636,-4.163207
9835,-2.2093816,-5.841539
9836,1.5506413,-3.5044963
9837,-2.1692476,-2.8668988
9838,-0.18824485,-3.2436833
9839,-1.5611413,-4.729024
9840,-3.8664174,-7.566798
9841,-2.1679795,-3.9343598
9842,-0.84609145,-5.7009525
9843,-0.7202417,-4.4803357
9844,-2.3855388,-6.4786115
9845,-2.500976,-4.738602
9846,-0.27018908,-5.750223
9847,0.223622,-7.8106246
9848,0.0020275596,-4.897655
9849,-2.8476832,-5.4502797
9850,-3.1654232,-7.423913
9851,-3.4615664,-4.7076955
9852,-6.417464,-3.1199517
9853,-4.066616,-4.4542084
9854,-7.297042,-6.247352
9855,-6.2511926,-5.982882
9856,-5.4161754,-2.9583747
9857,-4.461619,-5.352093
9858,-4.579258,-4.1627903
9859,-2.885093,-8.592959
9860,-3.5830238,-5.2185264
9861,-5.0290904,-2.852459
9862,-3.1511862,-4.695765
9863,-1.5873898,-4.45742
9864,0.6172601,-5.4791155
9865,2.7552829,-6.8214293
9866,0.36460382,-4.460245
9867,-0.045653194,-3.4027476
9868,-2.5666466,-5.111961
9869,-0.9357,-7.1253915
9870,0.1776739,-2.7346668
9871,-2.7610924,-4.25499
9872,-5.0919013,-4.160709
9873,-5.0143156,-6.5566683
9874,0.2181349,-5.9049053
9875,-0.027660204,-6.0729513
9876,1.1843733,-7.061673
9877,-3.6786082,-3.5760527
9878,-6.4206905,-7.3395295
9879,-4.510404,-5.52841
9880,-7.61063,-3.5932755
9881,-6.6709504,-3.9451318
9882,-5.6677446,-5.4102836
9883,-5.52238,-1.2094992
9884,-2.995701,-1.8669269
9885,-3.0020247,-4.580555
9886,-2.4776971,-3.1840353
9887,-4.3214726,-3.779856
9888,-4.1589303,-1.6853923
9889,-6.7832522,-4.26877
9890,-5.4936657,-5.722874
9891,-2.8340023,-3.4505584
9892,-3.5080428,-2.5497367
9893,-1.8372287,-5.477924
9894,-4.17622,-6.2218785
9895,-4.1042957,-3.6803784
9896,-3.3316996,-4.6763153
9897,-3.8602786,-6.811301
9898,-1.5896674,-3.7469184
9899,-4.973375,-5.559247
9900,-3.541427,-7.787529
9901,-4.810232,-7.564972
9902,-5.6208754,-5.99329
9903,-4.641178,-8.604544
9904,-5.3876905,-6.789706
9905,-4.8452573,-6.6375833
9906,-3.3309476,-4.367505
9907,-4.6689363,-6.7789392
9908,-4.9644113,-3.755913
9909,-4.077181,-4.4003572
9910,-6.922831,-4.104887
9911,-6.0888405,-3.2983348
9912,-5.799072,-4.919193
9913,-8.21139,-0.21197993
9914,-7.866324,-2.780755
9915,-6.0545173,-1.2043175
9916,-4.0461106,-1.2681142
9917,-2.699001,-4.1023297
9918,-2.187934,-7.533509
9919,-1.5488415,-4.6796923
9920,-3.3132372,-7.8061695
9921,-3.9193175,-4.147978
9922,-1.6740379,-6.7077036
9923,-3.0672789,-7.0398703
9924,-4.3821406,-6.868683
9925,-4.5575624,-6.334703
9926,-5.671668,-5.478666
9927,-2.027473,-5.460208
9928,-1.510775,-5.296488
9929,-1.1636765,-7.399209
9930,-0.7382,-5.812838
9931,0.30941156,-7.4533
9932,1.2684156,-6.6630664
9933,3.011101,-5.881431
9934,3.331031,-7.423097
9935,1.222305,-5.1321993
9936,3.006608,-5.504048
9937,2.4992862,-7.9407043
9938,1.3102485,-6.1199617
9939,1.9718785,-3.5918863
9940,1.4421875,-6.3229465
9941,0.77854526,-7.529393
9942,2.631984,-3.4645007
9943,5.1422215,-5.210602
9944,3.1961884,-7.6794763
9945,4.9171867,-6.6763406
9946,2.166233,-9.447276
9947,1.6045619,-7.0666323
9948,2.9614642,-6.113275
9949,0.3097912,-6.5078015
9950,1.4033527,-7.596082
9951,1.3168873,-4.8076496
9952,1.5446988,-6.9176254
9953,1.887587,-6.0976334
9954,-0.56528866,-3.3013647
9955,0.07325528,-6.2698584
9956,-0.32464463,-2.5156136
9957,-0.44887328,-3.2403195
9958,-1.0339515,-5.77798
9959,-0.7149087,-6.3474903
9960,-0.12535119,-6.578464
9961,-1.1663146,-5.2811007
9962,-1.5316789,-6.550842
9963,1.0121751,-5.6477942
9964,-0.12801881,-4.782329
9965,-0.34246048,-6.0669665
9966,-0.8591118,-7.19265
9967,-1.1063045,-2.2125936
9968,-1.8681743,-3.3541934
9969,0.39064348,-7.3747277
9970,0.46173146,-5.5365777
9971,1.2342498,-7.372534
9972,1.3500599,-6.126467
9973,0.71684456,-5.725872
9974,-2.6990194,-6.3882036
9975,-0.21112357,-6.33529
9976,-0.8123974,-3.4643588
9977,-0.53256977,-5.568495
9978,-1.3765901,-4.6320415
9979,1.2276772,-6.649473
9980,0.45974052,-6.275029
9981,0.32316732,-5.57591
9982,0.74955493,-4.5317774
9983,0.847151,-6.215261
9984,0.77736,-4.6758304
9985,0.80637187,-3.2982888
9986,2.35835,-6.8949885
9987,0.61110324,-4.8301234
9988,1.8463111,-3.6887364
9989,1.0104653,-4.6929383
9990,0.55942976,-4.5272326
9991,2.992032,-6.329146
9992,0.23468797,-7.673021
9993,2.2694316,-6.1653705
9994,1.5238657,-5.0209856
9995,0.7313639,-5.0133915
9996,-0.14730665,-5.9459047
9997,-2.4696977,-3.580452
9998,-1.7401663,-5.737229
9999,-1.0213102,1.5223523
10000,0.50215364,-1.0731874
10001,2.2621837,-1.314354
10002,-0.12757452,0.2617844
10003,0.673175,-1.343507
10004,1.0294055,-1.2695359
10005,-1.1378827,-3.6369233
10006,0.3224883,-2.5598652
10007,-1.3838067,-4.0272512
10008,1.0646837,-2.9455805
10009,3.0545692,-4.4513083
10010,1.7219476,-8.291708
10011,1.4861465,-4.9633546
10012,-0.048260625,-5.946731
10013,1.9564325,-4.24237
10014,-0.009612102,-5.0154295
10015,-1.9549626,-4.8881583
10016,-0.75214744,-3.734215
10017,-2.3196352,-2.5331852
10018,-2.4018753,-5.1970205
10019,-1.1732082,-5.0266876
10020,0.8285749,-6.305633
10021,-1.0425385,-4.4076405
10022,1.0982461,-6.10545
10023,-0.98304105,-2.4164767
10024,0.92748696,-7.590457
10025,-2.0491614,-9.59688
10026,0.7872065,-4.037126
10027,-0.9528206,-8.346083
10028,-2.9922385,-3.8443046
10029,-1.0289495,-5.169703
10030,0.26856503,-5.6343617
10031,-0.15898512,-6.602487
10032,-1.5935827,-10.268784
10033,-0.52814305,-6.080776
10034,-0.7323044,-3.4864857
10035,-0.12216186,-6.393572
10036,0.3671374,-8.626555
10037,2.2703319,-6.852546
10038,1.0915022,-9.319898
10039,0.9688667,-6.518481
10040,1.5830041,-4.8786845
10041,0.89335316,-7.414633
10042,-0.78958476,-4.958272
10043,1.1223565,-5.507375
10044,0.16146953,-2.5688908
10045,-0.7662745,-1.55422
10046,2.50495,0.95669454
10047,2.576225,-2.9994366
10048,2.4088674,-8.075112
10049,1.1433436,-9.420897
10050,-0.25449237,-3.5536041
10051,1.7839053,-9.37628
10052,0.9232653,-5.7496543
10053,2.326265,-8.1232
10054,-0.97188133,-5.20292
10055,-1.0206615,-5.053931
10056,0.38589147,-8.110806
10057,2.5804017,-8.065068
10058,1.2987527,-7.738997
10059,0.48381212,-10.628909
10060,1.3491206,-11.070375
10061,1.1896106,-11.763153
10062,1.3232938,-11.976536
10063,-0.80639225,-12.591755
10064,0.04184837,-12.16497
10065,0.60577327,-10.470041
10066,-0.45527995,-12.577965
10067,2.1210237,-12.76629
10068,1.2661357,-11.8908
10069,-0.61507225,-11.75597
10070,0.7680702,-8.579581
10071,1.6631917,-11.581869
10072,1.7233452,-13.621127
10073,0.45625338,-12.75064
10074,0.6627043,-17.059917
10075,0.48136044,-11.877968
10076,1.0121759,-9.256324
10077,1.8030033,-11.38481
10078,1.5239419,-8.526032
10079,0.17483287,-8.977467
10080,1.463831,-7.7609253
10081,1.8247985,-8.71299
10082,0.22536427,-9.966954
10083,1.1166549,-11.033802
10084,-0.40171564,-6.433299
10085,-1.0599447,-5.5666647
10086,-0.08983041,-7.1416016
10087,0.84005326,-3.6896577
10088,-0.60693204,-5.5427723
10089,1.2243044,-6.424577
10090,0.16251944,-4.7340684
10091,0.97774565,-8.153462
10092,-2.7355132,-8.947699
10093,0.18225314,-6.968665
10094,-0.00014631594,-6.311603
10095,-2.2688494,-5.619434
10096,1.3673114,-8.67032
10097,-1.5854641,-5.5289307
10098,-1.9609334,-6.938014
10099,-1.2191213,-7.353751
10100,-1.2174624,-7.684285
10101,0.82649964,-6.3083234
10102,-0.9875378,-8.346768
10103,-0.6890969,-8.010087
10104,-0.4964157,-8.309675
10105,0.22173385,-8.236513
10106,0.86161387,-6.6163554
10107,-1.1512923,-10.008948
10108,1.0768534,-6.9493823
10109,0.8110546,-8.345787
10110,-1.3132612,-6.3217263
10111,-0.16639988,-7.324321
10112,-1.0993725,-7.21281
10113,-1.7585081,-6.3957944
10114,-0.060278516,-4.625195
10115,-0.21638396,-10.470341
10116,0.70201814,-9.080612
10117,1.1077551,-8.753558
10118,-1.4096059,-6.2354555
10119,1.5015476,-5.4876375
10120,-0.58187306,-2.4385202
10121,0.6161347,-4.9064474
10122,0.10051592,-8.994997
10123,1.5257468,-7.6962156
10124,-1.581597,-6.4004397
10125,-2.6801767,-4.9518614
10126,-2.6933746,-6.705073
10127,-3.6921039,-8.081385
10128,-4.024951,-5.6641583
10129,-3.0758188,-9.818108
10130,-2.6513405,-5.5246596
10131,-2.0206404,-7.099583
10132,-0.93732315,-9.837922
10133,-0.0041768537,-7.5691237
10134,-0.4832213,-10.065666
10135,0.2696116,-9.702712
10136,0.4967891,-7.8852177
10137,-0.0664257,-6.3183875
10138,2.506033,-8.63455
10139,1.2150493,-9.179294
10140,1.6023539,-6.600073
10141,-0.42687088,-10.4002
10142,-2.739893,-10.130969
10143,-0.71862406,-7.6498947
10144,1.6579477,-10.934577
10145,0.5250269,-6.6643863
10146,-0.3165622,-8.178128
10147,0.36132935,-3.3709052
10148,-0.1086462,-6.775833
10149,-0.119935185,-4.0185847
10150,-1.9335582,-5.271427
10151,-4.938327,-8.258708
10152,-5.882265,-6.4122615
10153,-4.551372,-7.45303
10154,-2.0652282,-5.5497413
10155,-2.30996,-5.333056
10156,-2.8536236,-5.5833154
10157,0.71450156,-3.0154867
10158,-0.3479638,-8.008708
10159,-2.861779,-5.1850724
10160,-1.3997977,-3.441597
10161,-2.1550791,-4.7751856
10162,0.35349265,-6.1932044
10163,-0.1833134,-4.587536
10164,-5.4719076,-4.631026
10165,-3.9664533,-3.1330035
10166,-5.880697,-4.9319086
10167,-2.9352038,-5.2526274
10168,-1.5934575,-7.6897755
10169,-4.7841196,-4.31247
10170,-3.23041,-6.1577697
10171,-3.01873,-4.842113
10172,-3.1921766,-5.5392003
10173,-5.4449244,-5.5335937
10174,-5.9715595,-4.3001738
10175,-0.14818554,-5.237653
10176,-0.5240352,-7.9857287
10177,-0.2808174,-10.1171055
10178,0.8187267,-10.306732
10179,-0.20870137,-7.6054482
10180,2.0147126,-10.348675
10181,1.3048325,-10.819431
10182,-1.0966172,-9.387481
10183,-1.3347589,-11.629337
10184,-0.16227359,-11.169998
10185,0.95122635,-12.098562
10186,1.5859808,-10.966012
10187,1.5872072,-12.485659
10188,3.0485344,-11.884338
10189,-0.7473482,-13.876145
10190,0.672153,-11.837604
10191,-4.648528,-11.738667
10192,-0.6526961,-13.031239
10193,-1.7229093,-10.131745
10194,-2.7021666,-12.513123
10195,-4.234138,-11.842787
10196,-4.1615586,-13.181629
10197,-2.6730084,-12.543646
10198,-4.8791194,-12.731716
10199,-2.1180334,-9.636665
10200,-4.619733,-11.969066
10201,-0.7622631,-13.241067
10202,1.4051453,-13.437674
10203,1.2925372,-10.814533
10204,0.25599158,-10.7121
10205,-4.4805264,-8.968644
10206,-2.580392,-9.248248
10207,-2.4922552,-9.08016
10208,-1.4207951,-9.3083725
10209,0.26313758,-7.9994974
10210,-1.2842463,-11.400147
10211,-1.488136,-11.239876
10212,-2.5611098,-9.600586
10213,-3.5266733,-13.371835
10214,-4.8573785,-12.089477
10215,-2.425287,-9.373048
10216,-1.5082513,-10.888621
10217,-4.0733166,-12.7477
10218,-5.966269,-10.525316
10219,-13.066653,-9.826252
10220,-10.807597,-9.26005
10221,-8.131534,-11.71192
10222,-11.372514,-10.902716
10223,-5.702028,-12.637594
10224,-4.980944,-12.237998
10225,-2.5413744,-14.169241
10226,-1.7026602,-11.338598
10227,1.1794747,-10.300861
10228,-2.2429786,-13.166228
10229,-9.604708,-11.034951
10230,-4.6628346,-10.501204
10231,-2.316316,-11.10335
10232,-0.47477314,-12.717922
10233,-3.6702144,-14.253073
10234,-5.0145044,-11.196888
10235,-5.233826,-12.067739
10236,-2.4201458,-10.374108
10237,-1.2802103,-10.4821415
10238,0.24512598,-11.786787
10239,1.6170793,-13.087004
10240,-2.5230346,-14.104409
10241,-2.2568884,-12.097093
10242,0.37480992,-13.387573
10243,-2.1910117,-13.33178
10244,-0.6941349,-9.562247
10245,-1.6153209,-13.675796
10246,-4.402116,-12.311386
10247,-4.5481024,-8.616539
10248,-4.9815106,-12.23972
10249,-6.066286,-9.397996
10250,-4.700681,-13.520288
10251,-2.3880293,-12.533473
10252,2.2369702,-13.681111
10253,-3.0780082,-11.688037
10254,-1.4289573,-13.250917
10255,-2.1764407,-14.298812
10256,-0.7533483,-15.659637
10257,-2.2249846,-15.447654
10258,-3.1229656,-10.512275
10259,-0.6957989,-10.353886
10260,-2.1534905,-10.696891
10261,-2.0191238,-12.602482
10262,-4.9077272,-10.358338
10263,-2.0317013,-9.335168
10264,-2.4416816,-11.189049
10265,-1.1932921,-10.992726
10266,-2.8486302,-10.076477
10267,-2.179995,-10.980351
10268,-2.517865,-8.51933
10269,-2.5093815,-12.146385
10270,-1.6615841,-12.169596
10271,-1.424953,-12.666099
10272,-2.4991386,-12.228581
10273,-0.4426649,-12.99243
10274,-3.9709017,-16.296455
10275,-2.8735564,-15.455231
10276,-0.78969955,-9.3706
10277,0.2538911,-9.263215
10278,-0.81784636,-8.353828
10279,-0.9620675,-10.906484
10280,-2.8631334,-7.9842215
10281,0.8308535,-12.231733
10282,0.34639695,-12.182882
10283,-1.4547544,-12.128437
10284,-2.334459,-11.758055
10285,-0.12749639,-10.173657
10286,-1.2803684,-11.949657
10287,-0.8757479,-10.58147
10288,-0.1224441,-8.55953
10289,-1.2893713,-11.188925
10290,-2.1624637,-12.004348
10291,-2.3924634,-10.182275
10292,-0.9775756,-8.288835
10293,-2.5734477,-11.507828
10294,-4.377172,-10.082558
10295,-1.6407001,-11.508437
10296,-1.8745607,-9.520969
10297,-0.56410056,-8.778128
10298,-0.6766344,-9.429909
10299,-7.1489134,-8.92721
10300,-4.768883,-9.6676655
10301,-4.6631308,-11.660345
10302,-3.9636831,-9.208077
10303,-4.6020303,-8.844858
10304,-2.3490932,-9.762584
10305,-2.5783706,-10.382526
10306,-4.559073,-9.705973
10307,-4.064701,-9.979018
10308,-2.204692,-10.50485
10309,-3.289732,-12.380189
10310,-3.2822995,-11.990105
10311,-3.2472985,-11.649583
10312,-4.122422,-12.434277
10313,-1.8837594,-10.159584
10314,-4.158907,-11.881285
10315,-1.6409552,-10.141986
10316,-1.6559501,-10.0565195
10317,-5.525496,-9.103206
10318,-4.262541,-7.9515643
10319,-3.3833973,-7.719497
10320,-1.8414242,-6.90666
10321,-3.2051318,-7.848592
10322,-4.3488574,-6.998666
10323,-3.0582502,-7.0516167
10324,-2.2289963,-6.7920995
10325,-4.401636,-8.973049
10326,-4.203302,-11.337165
10327,-5.0378876,-15.899618
10328,-4.60552,-14.325564
10329,-3.1511273,-14.005514
10330,-6.710334,-9.179413
10331,-3.2365544,-9.013881
10332,-4.772375,-10.849488
10333,-1.9624947,-12.448604
10334,0.84062773,-11.404008
10335,-0.86922324,-11.400015
10336,-0.4737265,-12.536241
10337,1.0853753,-13.719533
10338,1.9612893,-13.238161
10339,-0.6177412,-8.760247
10340,-2.6930423,-10.46297
10341,-2.615293,-9.41406
10342,-3.2377667,-9.464574
10343,-3.6698024,-9.419857
10344,-1.4385492,-7.269044
10345,-3.1284306,-5.91976
10346,-1.0219166,-5.4475226
10347,-3.9060285,-10.489558
10348,-4.4407864,-7.7272196
10349,-2.6525223,-6.5473175
10350,-2.3843186,-8.313915
10351,-1.8889902,-3.499441
10352,-1.1702906,-7.46034
10353,-1.9275446,-7.9049554
10354,-4.8283615,-7.179733
10355,-2.860969,-7.41103
10356,-2.0311599,-7.375179
10357,-4.9651475,-5.240986
10358,-5.851819,-5.299458
10359,-3.315384,-5.5200415
10360,-2.8718524,-4.2024713
10361,-6.5435166,-4.5825715
10362,-6.1774535,-6.179392
10363,-3.1002173,-7.6656237
10364,-2.5480897,-9.120442
10365,-2.305854,-6.162182
10366,-1.7952127,-7.030247
10367,-3.2042375,-5.154873
10368,-2.0444088,-6.0311007
10369,-3.2972357,-3.825737
10370,-2.625944,-5.6914725
10371,-3.836363,-6.53127
10372,-2.7862563,-6.0587306
10373,-4.15937,-7.267702
10374,-3.4394894,-7.132648
10375,-3.1767135,-5.901722
10376,-3.5599482,-4.4869967
10377,-3.4267929,-5.7622075
10378,-4.5424356,-5.56045
10379,-3.6695597,-4.3266635
10380,-4.091815,-5.8319225
10381,-1.8788543,-11.403449
10382,-2.905658,-9.831521
10383,-4.1266503,-5.42452
10384,-7.007046,-7.568404
10385,-4.7964725,-6.623371
10386,-3.5615618,-6.348257
10387,-7.8500905,-5.8272777
10388,-8.401507,-4.822481
10389,-7.0642385,-8.774723
10390,-5.391964,-7.032646
10391,-4.9379373,-6.943675
10392,-6.1709294,-6.0303717
10393,-4.1438646,-9.17745
10394,-7.032855,-2.7541568
10395,-6.0139112,-7.448294
10396,-7.494334,-4.2963777
10397,-8.652568,-4.072927
10398,-5.2982807,-6.350779
10399,-7.5250325,-2.234901
10400,-8.153552,-7.0815496
10401,-3.9458067,-4.5809684
10402,-5.794773,-6.729996
10403,-6.6271954,-6.950602
10404,-2.293539,-4.2761707
10405,-4.431597,-6.2375364
10406,-2.0011063,-6.0618215
10407,-5.041762,-6.8476815
10408,-3.0968375,-4.1760273
10409,-4.85268,-6.945723
10410,-5.689634,-5.488846
10411,-8.430483,-6.653886
10412,-5.3351374,-5.772558
10413,-4.504604,-6.7683682
10414,-4.870119,-7.205209
10415,-4.773231,-5.9444957
10416,-7.156909,-4.9845576
10417,-4.129019,-4.8545985
10418,-1.9878645,-5.515357
10419,-2.9590101,-3.9551067
10420,-6.3747997,-3.9688318
10421,-5.6321383,-5.88172
10422,-3.3008118,-3.9268317
10423,-6.51912,-6.1042466
10424,-3.7784724,-8.09502
10425,-4.566898,-7.354116
10426,-4.1742864,-6.496495
10427,-4.0261025,-8.321799
10428,-2.204975,-7.111302
10429,-1.0247394,-5.3379536
10430,-2.6247103,-6.391034
10431,-1.9862812,-4.577372
10432,-3.028685,-6.3914943
10433,-5.440435,-6.3847632
10434,-3.918958,-4.481682
10435,-5.453057,-6.7114606
10436,-5.419361,-7.488502
10437,-2.623099,-5.5249677
10438,-2.77822,-6.3573666
10439,-3.6576438,-4.8348393
10440,-3.6474142,-6.1579986
10441,-5.1159396,-5.44936
10442,-4.99193,-9.65156
10443,-4.5872035,-7.863448
10444,-4.5239997,-7.8420835
10445,-5.032518,-7.401071
10446,-5.6823535,-5.4554167
10447,-5.89231,-5.3664346
10448,-2.5214305,-7.457142
10449,-3.8913357,-7.7271276
10450,-4.394241,-6.274361
10451,-3.82902,-5.69104
10452,-3.8544471,-7.8681307
10453,-4.02187,-6.2368226
10454,-4.036292,-5.030976
10455,-2.235177,-7.435161
10456,-3.2508965,-5.1802077
10457,-7.4267106,-5.657296
10458,-7.816064,-7.0359535
10459,-6.6304398,-7.438038
10460,-10.441745,-5.474014
10461,-8.114716,-4.9098907
10462,-11.459054,-5.646477
10463,-6.785789,-8.502459
10464,-9.212296,-5.8595595
10465,-10.927523,-5.3817434
10466,-9.271432,-5.21185
10467,-10.609037,-4.9067326
10468,-9.423014,-7.4871993
10469,-8.135704,-7.034311
10470,-12.172721,-6.340967
10471,-8.991223,-6.912766
10472,-8.429472,-9.128428
10473,-8.665761,-8.351656
10474,-5.485281,-5.808246
10475,-6.656136,-4.0384264
10476,-5.640763,-5.140507
10477,-7.889101,-5.4513645
10478,-6.6685305,-6.7136273
10479,-5.8932066,-6.8762
10480,-8.704271,-7.3083105
10481,-8.619481,-7.063391
10482,-8.210861,-5.212066
10483,-7.9599752,-5.0763216
10484,-7.721366,-6.1019335
10485,-6.841121,-7.031639
10486,-7.458324,-3.6952243
10487,-7.4053144,-5.2836056
10488,-5.3407955,-5.1377296
10489,-7.4442034,-6.097144
10490,-9.159233,-4.305325
10491,-4.5925565,-6.1160297
10492,-4.0337667,-5.9131355
10493,-4.279811,-4.8496637
10494,-8.478113,-3.8700085
10495,-4.8281574,-5.9933267
10496,-6.942763,-5.9400206
10497,-9.269257,-5.488322
10498,-7.386458,-3.482003
10499,-7.0058055,-6.4467087
10500,-7.8900714,-3.5189202
10501,-9.261359,-6.538872
10502,-9.539534,-4.919278
10503,-8.241263,-5.606081
10504,-6.722237,-6.928097
10505,-7.56744,-6.841059
10506,-10.10244,-7.7698684
10507,-11.059781,-6.304567
10508,-9.48499,-4.844667
10509,-6.4704638,-5.9942913
10510,-8.8146715,-7.824
10511,-6.566483,-2.6095972
10512,-6.9256287,-2.941497
10513,-5.2283673,-7.670127
10514,-8.093363,-4.8093276
10515,-8.908208,-4.2000456
10516,-7.6870155,-6.152603
10517,-9.451662,-4.702355
10518,-9.252332,-3.4711187
10519,-8.284841,-2.932848
10520,-10.403,-5.232045
10521,-8.723137,-4.872351
10522,-7.950401,-3.1604037
10523,-10.560706,-2.8122854
10524,-8.85338,-5.6822042
10525,-7.812662,-5.1030493
10526,-5.821789,-2.0693607
10527,-8.045226,-2.0933254
10528,-5.1049047,-2.9828095
10529,-9.83613,-5.6049337
10530,-9.508879,-1.4930512
10531,-6.7942076,-7.739012
10532,-6.9350266,-3.1408744
10533,-6.4812922,-4.5529547
10534,-8.21993,-2.7447455
10535,-7.196097,-6.111721
10536,-13.516576,-2.3659062
10537,-11.4125395,-3.3782256
10538,-10.13891,-4.3056407
10539,-12.167214,-4.8374996
10540,-10.069814,-6.5002937
10541,-11.127432,-4.5469584
10542,-11.586504,-2.6790302
10543,-12.947009,-4.7759476
10544,-11.75519,-3.0641828
10545,-8.559105,-4.3970547
10546,-8.63515,-4.1762023
10547,-7.425031,-2.6854641
10548,-5.7537413,-2.946726
10549,-6.603097,-6.6249566
10550,-5.889579,-6.712527
10551,-6.371453,-3.9667735
10552,-5.743212,-5.497562
10553,-5.780041,-3.9302015
10554,-4.3989606,-1.4795358
10555,-6.473945,-4.50525
10556,-10.633198,-7.469502
10557,-7.31257,-3.6692111
10558,-12.756436,-4.898868
10559,-10.422777,-3.9543147
10560,-9.456775,-7.520677
10561,-9.331982,-6.686675
10562,-6.919824,-6.445441
10563,-6.995679,-4.2797375
10564,-5.902733,-8.201276
10565,-2.856994,-3.9310606
10566,-3.9584932,-4.880748
10567,-4.119161,-4.920688
10568,-4.110063,-3.307681
10569,-9.780863,-4.5293126
10570,-8.831243,-5.69175
10571,-6.960078,-5.5808387
10572,-5.113246,-5.1779175
10573,-4.04863,-4.9005904
10574,-3.3329515,0.41260204
10575,-2.0384295,-4.8500886
10576,-5.338361,-6.4763236
10577,-2.928724,-7.5905395
10578,-6.5327106,-7.3878303
10579,-9.319256,-6.9339495
10580,-5.428073,-5.591058
10581,-4.831116,-4.827867
10582,-6.388569,-6.463187
10583,-5.6204515,-5.748204
10584,-6.0203886,-5.266184
10585,-5.66809,-5.6938043
10586,-5.9267673,-3.7543137
10587,-5.196527,-5.8609695
10588,-5.5322943,-3.8790538
10589,-4.9543753,-2.548167
10590,-4.9320064,-6.008627
10591,-5.278842,-6.1898108
10592,-5.8936934,-4.1401434
10593,-6.627225,-4.5365787
10594,-6.760726,-3.5591862
10595,-5.701345,-3.8657558
10596,-6.2042274,-3.7770536
10597,-5.402363,-3.9590452
10598,-6.469916,-0.041173417
10599,-9.318219,-0.78056276
10600,-6.8084946,-4.211871
10601,-5.8576226,-5.4896555
10602,-4.9736757,-5.6399145
10603,-5.6149907,-5.380309
10604,-4.9371367,-6.7235503
10605,-1.9583541,-5.2745223
10606,-4.8121533,-3.3935053
10607,-3.088635,-2.33462
10608,-6.0559397,-6.1688924
10609,-6.43349,-4.426316
10610,-7.0114064,-4.9089985
10611,-3.887492,-8.146091
10612,-6.128851,-5.7650294
10613,-4.6677036,-7.206601
10614,-6.7771454,-5.927821
10615,-5.8262205,-7.8693337
10616,-4.6157937,-7.472789
10617,-4.867074,-6.1244044
10618,-5.087586,-5.874697
10619,-7.652244,-4.750821
10620,-9.438408,0.117531516
10621,-5.449811,-2.596241
10622,-8.948868,0.26346672
10623,-9.236923,-1.6684443
10624,-4.7098746,-0.4144516
10625,-7.1574793,-1.7231678
10626,-2.510225,-3.2458992
10627,-5.838424,-1.7758763
10628,-2.78488,-2.8315222
10629,-3.5782595,-1.3365357
10630,-6.232392,-0.5359596
10631,-6.598557,-2.8682425
10632,-5.580437,-4.733915
10633,-7.176882,-4.216762
10634,-6.9988003,-6.162019
10635,-5.398549,-6.0633125
10636,-4.442319,-6.0119123
10637,-5.6834016,-6.3062706
10638,-5.6627455,-6.6077
10639,-6.1680555,-8.326633
10640,-8.339386,-6.794699
10641,-3.3971593,-8.511417
10642,-6.57365,-5.1432385
10643,-6.142488,-5.726844
10644,-7.6006756,-7.8604217
10645,-6.1194477,-7.429127
10646,-6.542804,-3.3633375
10647,-7.0965695,-5.4638925
10648,-5.4486003,-6.98203
10649,-6.795971,-4.4425087
10650,-4.90544,-3.8086975
10651,-5.022199,-7.946202
10652,-7.786861,-6.190897
10653,-5.4238253,-4.4582944
10654,-7.404835,-5.528409
10655,-7.031986,-4.287735
10656,-4.3782573,-8.983055
10657,-4.431874,-7.635907
10658,-5.8516006,-5.604768
10659,-5.728175,-6.6155424
10660,-2.5557969,-5.604944
10661,-7.049109,-5.932569
10662,-4.74741,-5.4256825
10663,-5.123622,-2.381015
10664,-4.076887,-4.803912
10665,-3.1476264,-4.596974
10666,-5.142158,-3.4935505
10667,-5.264532,-7.444277
10668,-5.7853813,-4.7494683
10669,-10.165275,-4.4500422
10670,-11.020934,-5.9304433
10671,-13.393678,-7.4386578
10672,-12.838737,-2.3705602
10673,-13.573579,-4.890159
10674,-9.291133,-3.6125722
10675,-10.284477,-2.230413
10676,-8.788022,-0.6108981
10677,-9.402839,-3.8904667
10678,-9.960903,-3.3235908
10679,-10.6594,-3.556066
10680,-10.33299,-3.521621
10681,-11.964818,-2.0522182
10682,-16.185232,0.15185413
10683,-8.6473875,-1.9335717
10684,-6.1036153,-4.9851403
10685,-8.650163,-5.750962
10686,-6.4348917,-3.3629384
10687,-9.868075,-5.753622
10688,-7.4493365,-7.5569954
10689,-8.887637,-5.6952763
10690,-10.6024,-6.474444
10691,-7.1966615,-7.5595446
10692,-6.0477843,-6.4422116
10693,-8.2684965,-3.366433
10694,-8.772442,-3.9166062
10695,-8.16851,-2.7526414
10696,-6.959067,-3.3791707
10697,-8.110776,-5.6203017
10698,-7.8612494,-5.2790723
10699,-14.83104,-3.525725
10700,-11.588206,-4.181301
10701,-11.51143,-4.628081
10702,-11.226396,-4.2431917
10703,-8.198675,-3.0967977
10704,-7.829726,-3.7204611
10705,-9.333174,-3.805184
10706,-8.640765,-2.2451978
10707,-7.6683493,-0.37773794
10708,-9.4692135,-5.029519
10709,-10.42045,-1.7832768
10710,-10.165966,-4.2759223
10711,-12.006684,-3.4004908
10712,-11.20273,-3.681084
10713,-7.5100636,-4.9665847
10714,-7.579251,-0.33152115
10715,-8.519048,-4.5375533
10716,-9.932834,-1.8344647
10717,-10.845487,-3.4146113
10718,-8.033138,-2.7869165
10719,-7.4798136,-1.3960915
10720,-6.4897075,-2.2252173
10721,-8.340344,-5.129979
10722,-6.582174,-1.0491943
10723,-11.212947,-1.6284399
10724,-11.444187,-4.4484963
10725,-9.812783,-1.5251105
10726,-7.49342,-3.260729
10727,-9.481472,-1.6943418
10728,-8.604089,-2.3891187
10729,-7.852837,-4.0211306
10730,-5.1152763,-4.817543
10731,-6.7002363,-5.051908
10732,-6.9914017,-4.5472393
10733,-4.536798,-6.577857
10734,-6.6482077,-6.6127257
10735,-6.975325,-3.658254
10736,-6.430881,-1.4177612
10737,-5.737257,-2.6347995
10738,-6.617564,-1.3752586
10739,-3.653403,1.3080394
10740,-3.549673,-4.896153
10741,-4.565266,-2.7882073
10742,-5.4897847,-0.7919256
10743,-5.619371,-0.75587213
10744,-6.1384172,1.2105203
10745,-4.5764794,-0.05174749
10746,-9.777867,1.3564892
10747,-6.8394613,-0.2585948
10748,-4.4968677,1.3520691
10749,-3.7015975,-1.9223999
10750,-4.613816,3.545913
10751,-4.7932444,3.2497294
10752,-3.7676563,1.390498
10753,-6.455549,2.2606196
10754,-4.83053,3.9966698
10755,-8.936039,4.341006
10756,-7.3317227,-0.10865701
10757,-8.548785,0.7858795
10758,-7.2663836,2.4525535
10759,-8.782399,-1.2813796
10760,-3.8578162,-3.5552363
10761,-5.762461,-4.449116
10762,-6.5572977,-0.64661604
10763,-5.9534454,-4.1466107
10764,-7.914737,-1.720991
10765,-7.045935,-1.4779917
10766,-6.2425776,-0.8083565
10767,-7.6396923,-1.6346595
10768,-7.989834,-2.797646
10769,-6.7000117,-4.051208
10770,-5.8481627,-3.2505732
10771,-7.8540063,-4.5292764
10772,-9.616793,-4.257424
10773,-7.953755,-4.052805
10774,-4.8355756,-4.065988
10775,-6.4800725,-2.3486176
10776,-5.9088287,-2.1159213
10777,-7.053532,-5.1314216
10778,-6.801448,-0.90663385
10779,-7.698087,-2.355398
10780,-7.9162445,-0.9565531
10781,-8.416848,-2.6118574
10782,-5.949312,-3.8592985
10783,-8.042849,-5.448187
10784,-9.565211,-4.9387074
10785,-7.4699802,-4.297154
10786,-6.9953,-2.909072
10787,-9.068909,-4.132484
10788,-6.1311917,-2.2968173
10789,-7.2000866,-2.8708782
10790,-12.7711315,-3.2959604
10791,-6.0421586,-2.7575777
10792,-6.162788,-4.3275456
10793,-8.602455,-1.0670036
10794,-8.264804,-6.4345236
10795,-7.6600327,-4.456651
10796,-7.0703344,-5.032232
10797,-10.536428,-4.9644327
10798,-5.9717727,-6.226674
10799,-8.247168,-3.295765
10800,-9.268527,-4.799931
10801,-8.106676,-4.18906
10802,-7.8465424,-4.045113
10803,-7.542044,-6.2775793
10804,-8.615403,-2.9779758
10805,-6.432359,-3.883027
10806,-7.5907116,-2.1610358
10807,-7.010498,-2.9822528
10808,-6.8513727,-2.6285949
10809,-6.7472525,-4.683172
10810,-9.269331,-5.461697
10811,-9.654279,-6.792377
10812,-9.251811,-6.533816
10813,-9.432606,-4.2791286
10814,-8.97879,-8.300825
10815,-7.9490147,-5.8188252
10816,-10.009246,-6.215659
10817,-9.313911,-8.353512
10818,-8.017088,-5.8096714
10819,-6.7039757,-6.1649365
10820,-7.4086924,-3.8345125
10821,-7.4133005,-5.3755374
10822,-8.695788,-3.6301959
10823,-8.668793,-3.3146381
10824,-8.716388,-4.6986547
10825,-7.945143,-6.2289715
10826,-9.583157,-4.476148
10827,-8.179554,-3.6788595
10828,-9.538519,-0.8325569
10829,-10.263867,-1.3540176
10830,-8.675752,-3.8825066
10831,-7.8575454,-3.4902651
10832,-8.907117,-6.986779
10833,-8.642453,-1.8577971
10834,-7.987187,-7.356902
10835,-9.274423,-5.195882
10836,-5.7328734,-0.17364298
10837,-7.597323,-3.6858835
10838,-8.845602,-4.9526176
10839,-6.0267596,-3.153465
10840,-6.9598374,-5.84558
10841,-8.740789,-3.706777
10842,-8.6996975,-3.0223665
10843,-7.9805174,-4.2428584
10844,-7.7029123,-3.8413982
10845,-8.936343,-6.8835635
10846,-8.392019,-9.25566
10847,-6.919608,-5.770755
10848,-9.0574255,-6.070574
10849,-7.6685824,-4.6070433
10850,-6.2578917,-5.1676764
10851,-7.989303,-2.2634022
10852,-8.30749,-2.9142008
10853,-8.824518,-3.1334534
10854,-8.807557,-4.573899
10855,-6.9280357,-2.8968356
10856,-9.579661,-2.5178385
10857,-6.53673,-5.6315994
10858,-5.5429044,-5.1004925
10859,-5.1402497,-7.398428
10860,-7.389941,-5.0092716
10861,-4.5225263,-4.793261
10862,-5.4978967,-3.8862534
10863,-8.416503,-6.165442
10864,-7.1120415,-1.6735411
10865,-6.546835,-1.9459938
10866,-7.6321406,-0.5668683
10867,-5.782964,-2.9122612
10868,-7.6410093,-3.0566134
10869,-8.441584,-4.8463755
10870,-5.7942386,-3.8425028
10871,-8.9230585,-4.912598
10872,-8.811128,-0.7811762
10873,-6.525048,-0.5781361
10874,-7.3403225,-3.1109056
10875,-5.3911295,-4.21365
10876,-5.6411324,-1.5129597
10877,-8.629684,-1.5327152
10878,-10.68172,0.7255853
10879,-10.7849865,-4.359359
10880,-8.986205,-1.699928
10881,-10.834417,-2.4934957
10882,-7.872006,-2.236008
10883,-11.198333,-3.1263235
10884,-12.286561,-5.2827783
10885,-11.823024,-1.4687685
10886,-13.46735,-3.0346205
10887,-11.276876,-3.3684661
10888,-11.651152,-5.5862207
10889,-12.496645,-4.4890294
10890,-12.019972,-3.4657207
10891,-9.44206,-4.6445475
10892,-7.3270106,-4.32802
10893,-8.01006,-1.9214045
10894,-7.2499957,-3.133945
10895,-6.2055526,-3.2340128
10896,-5.1456594,-5.9555254
10897,-5.6647654,-5.4296927
10898,-6.535361,-4.489346
10899,-4.919833,-5.01368
10900,-6.92811,-6.0936313
10901,-6.7001033,-7.880757
10902,-5.3191667,-5.584961
10903,-4.1472,-4.708894
10904,-4.115252,-5.565217
10905,-3.8105855,-6.388313
10906,-2.8418179,-8.536033
10907,-4.884596,-7.4744835
10908,-6.5608764,-3.8252373
10909,-6.251243,-5.6833687
10910,-4.912453,-6.285008
10911,-4.34205,-6.7852397
10912,-2.4947894,-5.0171247
10913,-5.6687193,-3.4987993
10914,-5.9208035,-0.6606082
10915,-6.389686,-2.7301111
10916,-7.387358,-4.7530785
10917,-8.552673,-5.103857
10918,-8.605093,-6.1450405
10919,-7.6961265,-8.0496235
10920,-9.67998,-5.3797636
10921,-8.143628,-7.897678
10922,-9.304049,-5.6712117
10923,-5.435335,-4.5654473
10924,-6.5264225,-6.4369216
10925,-4.118139,-5.043549
10926,-4.172675,-8.173647
10927,-4.6765227,-5.981973
10928,-5.045506,-6.8967776
10929,-3.4848857,-3.0008624
10930,-3.5701246,-0.66650915
10931,-5.7478275,-2.5531867
10932,-5.655858,-1.8156487
10933,-3.8709083,-3.8714206
10934,-4.360069,-1.6981676
10935,-4.893992,-4.448111
10936,-5.437739,-4.275638
10937,-6.218863,-1.8577123
10938,-8.909364,-4.106366
10939,-9.812235,-5.5289154
10940,-8.070463,-5.0866375
10941,-10.130314,-5.524189
10942,-8.965808,-3.3816667
10943,-10.33441,0.15203832
10944,-6.1646266,-5.0807853
10945,-8.153916,-3.2971842
10946,-6.8942647,-3.472755
10947,-7.793728,-4.1098056
10948,-11.393477,-2.604376
10949,-10.785828,-2.7445216
10950,-9.865839,-4.236975
10951,-11.527856,-4.370269
10952,-11.571955,-3.6344287
10953,-8.790618,-5.0560637
10954,-6.3338223,-4.638355
10955,-5.515956,-5.835513
10956,-4.573261,-4.09787
10957,-4.777795,-2.1630785
10958,-4.3863826,-4.210237
10959,-5.265021,-1.0989773
10960,-6.4689417,-0.22106147
10961,-4.7498107,-3.1694767
10962,-4.6344533,-2.915027
10963,-5.013093,-4.00873
10964,-5.63457,-4.718786
10965,-4.366957,-4.2567244
10966,-4.49329,-4.702467
10967,-6.385296,-3.5583193
10968,-4.1975327,-2.7036488
10969,-10.706099,-4.108554
10970,-11.569032,-4.913194
10971,-9.540243,-5.9075537
10972,-7.507892,-5.116556
10973,-8.571756,-4.130951
10974,-9.99863,-4.665355
10975,-11.669188,-7.4194083
10976,-7.846272,-4.7345605
10977,-6.25152,-4.8604956
10978,-7.2418556,-6.0643177
10979,-8.83977,-7.252085
10980,-5.678692,-5.415455
10981,-4.970008,-5.2319903
10982,-8.037843,-5.586818
10983,-6.05176,-4.643847
10984,-1.1827066,-5.6392436
10985,-1.1514299,-4.837533
10986,-3.8276238,-4.9849744
10987,-1.5523088,-3.7309933
10988,-4.4440703,-4.665818
10989,-5.686755,-3.3241005
10990,-5.9095964,-4.9735804
10991,-6.956441,-4.887444
10992,-4.3363886,-5.1064115
10993,-4.7662406,-6.1337776
10994,-7.4023266,-6.4247746
10995,-5.888907,-7.137389
10996,-5.5298033,-3.7128043
10997,-4.621933,-5.611853
10998,-5.006028,-3.1236506
10999,-6.053446,-3.6368966
11000,-9.475306,-3.687786
11001,-11.266579,-4.132623
11002,-9.211742,-3.9043093
11003,-15.198112,-2.2910018
11004,-12.306649,-6.117411
11005,-12.851903,-5.0734763
11006,-10.137998,-4.5049276
11007,-4.6631694,-7.0516224
11008,-3.9886096,-1.1774822
11009,-1.834216,-4.4516764
11010,-3.1742377,-5.4319687
11011,-1.9493632,-5.430509
11012,-2.8511567,-5.6539345
11013,-3.0590348,-4.1242604
11014,-6.2258897,-5.9085565
11015,-6.3432536,-1.9354353
11016,-4.2918773,-3.4845262
11017,-3.5451097,-3.6574886
11018,-5.8692646,-5.588931
11019,-1.5424504,-2.9503522
11020,-2.5049868,-4.5651793
11021,-6.090078,-5.186788
11022,-8.309404,-5.419597
11023,-6.199697,-1.7969867
11024,-3.7696936,-6.4158974
11025,-3.158205,-3.298813
11026,-5.0395956,-2.97814
11027,-5.1718526,-8.150593
11028,-4.826646,-4.9661584
11029,-5.4597883,-7.0534205
11030,-6.1958437,-3.631172
11031,-3.2098763,-2.6572304
11032,-3.321462,-7.569764
11033,-3.0848486,-5.803938
11034,-3.2529418,-5.5653915
11035,-7.084463,-6.522716
11036,-5.141508,-5.024064
11037,-5.8471947,-3.9395697
11038,-6.449593,-3.1665013
11039,-7.4971766,-6.470283
11040,-4.7042637,-5.7768607
11041,-4.470974,-3.7304246
11042,-2.3873184,-2.8709567
11043,-2.7741566,-4.3902297
11044,-3.1836183,-5.261041
11045,0.09611463,-4.9260106
11046,-4.1872306,-4.5553966
11047,-4.5365105,-7.4953403
11048,-5.678805,-5.277098
11049,-2.9321628,-3.7005472
11050,-2.9250896,-5.603022
11051,-2.305188,-4.4296165
11052,-3.2770402,-4.2156644
11053,-3.3911564,-6.8254337
11054,-2.789604,-2.9764137
11055,-3.4039626,-3.1919453
11056,-3.5149329,-5.4157047
11057,-5.3804183,-4.348883
11058,-2.7259672,-6.0584383
11059,-3.7357576,-6.0719943
11060,-3.8316274,-4.676913
11061,-2.5092578,-7.604998
11062,-3.9498317,-5.254436
11063,-3.8369186,-7.3352036
11064,-4.5350757,-7.6100445
11065,-4.129056,-7.213181
11066,-3.8740168,-6.9551997
11067,-2.620143,-6.8706903
11068,-5.137142,-6.227401
11069,-9.4665,-5.5293517
11070,-6.137143,-5.616678
11071,-3.6561935,-5.9372106
11072,-4.19162,-4.844252
11073,-5.20323,-2.1765647
11074,-4.720955,-5.106205
11075,-4.2976894,-5.531345
11076,-5.243109,-6.4601307
11077,-5.527297,-7.5758066
11078,-2.4863408,-1.14176
11079,-1.5162988,-4.2398515
11080,-1.6594154,-5.8915033
11081,-0.8587198,-2.8877
11082,-2.1183646,-2.8429112
11083,-5.096333,-2.1378284
11084,-6.12941,-1.6025822
11085,-4.1392226,-3.1374338
11086,-4.872189,-3.2156165
11087,-2.4189608,-2.243248
11088,-2.9545283,-3.6077714
11089,-5.1605167,-2.747326
11090,-5.3391247,-1.8531222
11091,-3.0586536,-6.7834244
11092,-5.8448343,-8.588798
11093,-5.78927,-6.6071053
11094,-6.8732924,-4.434473
11095,-5.445353,-3.895041
11096,-5.6961284,-6.1179247
11097,-5.9120145,-4.9554777
11098,-5.3922124,-5.4942646
11099,-6.212265,-5.484823
11100,-2.8884795,-5.2697406
11101,-3.3085895,-6.701336
11102,-2.137016,-6.803688
11103,-3.1383357,-6.6474094
11104,-4.6109543,-6.3159485
11105,-3.877616,-4.9562674
11106,-1.6299223,-6.960494
11107,-2.8842418,-6.592848
11108,-2.697,-5.726163
11109,-2.8427966,-7.0745554
11110,-0.4457713,-3.9700208
11111,-5.0598025,-4.707574
11112,-4.396194,-5.4968586
11113,-3.5001948,-6.9045067
11114,-5.181341,-5.8952713
11115,-3.2475047,-5.5284286
11116,-4.2525406,-4.010894
11117,-3.4140425,-5.9862514
11118,-4.857584,-5.583442
11119,-6.859876,-2.8186014
11120,-7.0108895,-3.7461798
11121,-4.8778896,-4.8350177
11122,-3.630606,-5.3786902
11123,-0.98245394,-4.5024567
11124,-3.3166518,-6.451857
11125,-4.361702,-6.441903
11126,-2.6217568,-5.851029
11127,-2.2625184,-5.1313906
11128,-6.125257,-5.9257855
11129,-2.571182,-2.977318
11130,-4.099303,-5.246921
11131,-3.7913644,-4.1209874
11132,-3.6033843,-7.6598654
11133,-5.181848,-4.5169015
11134,-4.641573,-5.8656607
11135,-5.4043818,-4.3417416
11136,-2.230062,-3.9970167
11137,-5.5762076,-4.077214
11138,-2.0461047,-5.253795
11139,-1.3624922,-5.879711
11140,-1.702948,-2.8301847
11141,0.39635804,-6.1965556
11142,1.8035413,-4.896729
11143,-1.8489652,-5.464863
11144,-0.8787943,-7.491624
11145,0.60878986,-6.3320074
11146,-0.5848706,-7.7206564
11147,-0.4772403,-5.7905087
11148,0.79371136,-6.5780478
11149,-1.0291591,-5.6865473
11150,0.5938674,-8.198009
11151,-1.3106731,-6.7688193
11152,-1.6982421,-5.6790643
11153,-1.9213982,-7.7816772
11154,1.8647987,-7.3400326
11155,-1.6692563,-6.4607544
11156,0.26925352,-3.9936087
11157,0.43650967,-2.8244138
11158,-3.0355809,-5.946261
11159,-0.5297896,-4.1575823
11160,-1.2135379,-4.19586
11161,-1.6438597,-5.0516915
11162,-2.9861333,-4.32391
11163,-1.4950519,-6.9489055
11164,-2.4494407,-7.827014
11165,-3.4664361,-9.217016
11166,-5.245635,-7.4246264
11167,-1.973051,-9.815912
11168,-0.32434607,-10.743216
11169,-3.395953,-6.682173
11170,-3.3812058,-9.588763
11171,-1.9573939,-14.063478
11172,-3.2076192,-13.418859
11173,-3.9843595,-11.932163
11174,-0.76750964,-11.461799
11175,-0.99427414,-11.000331
11176,0.0944085,-10.189859
11177,-0.25782093,-11.082712
11178,-0.9035111,-10.256614
11179,1.0393691,-8.251544
11180,-0.2413701,-11.96877
11181,1.1653284,-8.878073
11182,0.18340923,-7.366933
11183,-0.27595446,-8.724505
11184,-0.3923681,-10.185281
11185,-1.7293392,-11.507356
11186,-1.403813,-9.879046
11187,-2.4997876,-9.641441
11188,-1.0893854,-11.466786
11189,-0.4994965,-10.475844
11190,-3.3272407,-9.019913
11191,-3.4441946,-7.2112393
11192,-4.6899643,-10.063197
11193,-1.8006071,-8.706108
11194,-3.9586751,-7.1175594
11195,-2.8262758,-11.010882
11196,-5.4147286,-6.1364317
11197,-5.296763,-8.567956
11198,-8.812461,-9.104283
11199,-6.480792,-8.552929
11200,-6.8249836,-7.114182
11201,-6.8857193,-7.7148314
11202,-5.0787725,-6.87433
11203,-5.076269,-8.871013
11204,-5.482053,-6.71655
11205,-4.7007046,-12.034701
11206,-3.7251415,-10.681308
11207,-1.4109378,-8.486266
11208,-3.3861094,-7.0383496
11209,-5.7532406,-7.2885346
11210,-8.081908,-7.7693577
11211,-2.8304055,-10.57437
11212,-3.4468393,-7.785957
11213,-4.9431977,-10.88088
11214,-2.4349856,-9.212002
11215,-4.56098,-10.189317
11216,-3.278885,-7.1104317
11217,-2.4665785,-9.312055
11218,-1.6409265,-9.657089
11219,-3.4316626,-10.146532
11220,-4.062849,-8.224922
11221,-1.8026264,-11.534847
11222,-4.717184,-11.885877
11223,-3.213059,-8.697444
11224,-3.4798586,-7.9159107
11225,-5.531503,-9.351603
11226,-2.5936263,-8.371377
11227,-4.586173,-10.693
11228,-3.2030866,-8.679749
11229,-1.6272197,-8.258913
11230,-4.1484127,-11.517238
11231,-8.173837,-8.77651
11232,-4.929472,-6.144991
11233,-4.3538637,-10.257885
11234,-2.9477022,-5.571817
11235,-0.9499683,-7.7887735
11236,-1.7547128,-9.719294
11237,-1.9893848,-11.521908
11238,0.2140554,-8.84401
11239,-1.1512221,-11.128249
11240,-2.7924473,-10.240661
11241,-1.1617556,-11.626583
11242,-1.9842205,-9.786293
11243,-2.3883264,-9.531609
11244,-2.1402087,-8.640157
11245,-0.37203842,-11.997409
11246,-1.4307427,-8.826282
11247,-1.1822691,-9.209719
11248,-1.6306081,-12.058806
11249,0.106865846,-12.149065
11250,-0.8529648,-12.436799
11251,-1.6350131,-11.954617
11252,-2.0505774,-9.838196
11253,0.2947551,-9.4848175
11254,1.6182553,-10.438436
11255,-1.2578505,-13.417126
11256,-0.8569254,-12.783489
11257,-3.000438,-16.807302
11258,-4.0436716,-13.601915
11259,-1.0978616,-12.196274
11260,-0.74089026,-11.454285
11261,0.8806632,-12.84906
11262,-0.84096444,-11.052012
11263,0.59688073,-12.428015
11264,-0.43544623,-12.13516
11265,0.13472185,-10.544675
11266,-2.0684106,-11.596784
11267,-1.3522094,-8.587015
11268,-0.22541307,-6.9028563
11269,-1.5897049,-8.2212105
11270,-0.8336731,-6.3303084
11271,-0.36906812,-7.5218177
11272,-0.8625261,-8.304294
11273,-0.07615052,-7.464273
11274,-2.801675,-7.9877243
11275,1.803785,-5.461371
11276,-0.06777143,-7.873754
11277,0.5130092,-6.8793297
11278,-0.9119222,-6.6151237
11279,-1.887753,-6.652816
11280,1.2921736,-7.954578
11281,0.6600233,-6.665143
11282,-1.1839403,-9.107768
11283,-1.5853041,-7.8648806
11284,0.79228646,-9.593019
11285,-2.82794,-7.1278605
11286,-0.4470086,-5.821719
11287,1.0742953,-8.26798
11288,-0.92721134,-7.8593173
11289,-1.2633743,-5.5043983
11290,-1.9671862,-6.8495293
11291,-0.06519071,-7.2830997
11292,0.58760786,-8.304145
11293,-0.8566118,-8.501286
11294,-2.9399898,-7.700489
11295,-0.051006433,-8.250751
11296,-2.3908968,-8.36008
11297,-0.49020112,-7.8549194
11298,-0.75421655,-5.3415256
11299,0.9136939,-7.2540793
11300,0.067533806,-7.4647202
11301,-1.3228483,-11.470913
11302,-1.143542,-8.0579195
11303,0.037528515,-11.33501
11304,0.202781,-9.440061
11305,-0.8022881,-7.4050407
11306,-2.1169026,-9.977589
11307,-0.2937081,-9.710231
11308,-1.6209621,-10.759065
11309,0.10326367,-9.511152
11310,-2.2300115,-7.629776
11311,-1.911115,-7.7839704
11312,-2.7199922,-7.371836
11313,-1.1039623,-7.5561624
11314,-4.306444,-9.655811
11315,-2.3518002,-9.479704
11316,-2.3572848,-8.549343
11317,-0.7191181,-8.729365
11318,-0.8403532,-7.661964
11319,0.011898628,-8.28587
11320,-1.4645238,-9.085799
11321,-1.396476,-5.063267
11322,-0.65163,-3.479571
11323,-0.90281004,-8.700492
11324,-0.38635808,-8.81946
11325,-0.47569445,-12.174519
11326,0.19509535,-10.577212
11327,1.4970795,-12.193917
11328,-1.3206565,-12.589195
11329,-1.4806858,-11.14537
11330,0.33595192,-9.515955
11331,0.98101425,-10.494177
11332,-0.46062514,-11.24058
11333,-1.2223946,-9.575156
11334,-1.0880684,-10.777221
11335,1.0356975,-9.568625
11336,-0.93244904,-9.434262
11337,-1.5039274,-9.622408
11338,-3.0537455,-11.050468
11339,-1.9732828,-11.660522
11340,-2.8482018,-10.693192
11341,-5.0504837,-11.6744
11342,-4.072399,-11.823729
11343,-3.2967868,-7.4305153
11344,-2.0878596,-7.291612
11345,-0.869026,-11.420572
11346,-2.725922,-8.769556
11347,-4.061027,-8.989497
11348,-5.129692,-10.931696
11349,-7.440563,-7.0094113
11350,-4.682886,-5.453637
11351,-3.4995804,-8.145758
11352,-2.6089616,-7.787628
11353,-3.7023146,-8.084355
11354,-1.9308043,-7.0494943
11355,-1.1463767,-8.374556
11356,-3.329788,-9.353704
11357,-3.371003,-8.867601
11358,-5.057942,-8.492915
11359,-3.2097547,-9.966877
11360,-1.0206091,-5.114311
11361,-0.07193947,-7.512513
11362,-0.010272384,-8.669807
11363,-2.4312413,-6.4847717
11364,-1.6646475,-10.153468
11365,-6.2407002,-10.721976
11366,-5.358223,-7.542004
11367,-4.1038346,-10.612933
11368,-5.132136,-9.275615
11369,-6.249957,-9.925744
11370,-8.198712,-8.083151
11371,-7.3412566,-10.730013
11372,-6.965545,-9.009717
11373,-9.392643,-10.129494
11374,-6.5897694,-11.1148
11375,-7.402001,-10.448501
11376,-9.60805,-11.36839
11377,-8.745237,-7.8098874
11378,-7.2829547,-9.172899
11379,-7.412696,-7.672677
11380,-10.048797,-7.358773
11381,-9.803036,-9.345236
11382,-7.445491,-4.6846886
11383,-6.8177,-6.2210865
11384,-7.377925,-8.931258
11385,-6.1359663,-5.682919
11386,-5.5147133,-7.720481
11387,-5.8041096,-7.980161
11388,-5.7575645,-10.048313
11389,-3.9967375,-9.524892
11390,-6.822214,-8.13838
11391,-7.4792247,-8.008074
11392,-9.174505,-9.1223
11393,-8.265048,-9.921
11394,-9.469854,-9.551547
11395,-7.9403844,-8.295442
11396,-8.5797,-9.650873
11397,-11.278971,-7.242342
11398,-11.828064,-9.80131
11399,-10.1661825,-8.341034
11400,-12.027196,-6.07205
11401,-13.022276,-6.725485
11402,-13.535869,-7.6400347
11403,-14.732519,-5.9233384
11404,-12.231582,-5.9775333
11405,-11.483744,-5.8755255
11406,-12.20988,-8.307527
11407,-9.3232765,-10.224754
11408,-9.070879,-8.708665
11409,-11.816484,-9.024972
11410,-8.426785,-8.41553
11411,-7.533367,-11.622875
11412,-8.919137,-8.135576
11413,-6.529553,-7.742773
11414,-5.827423,-10.458437
11415,-2.6744728,-9.860207
11416,-3.0870998,-8.996876
11417,-2.749907,-9.793475
11418,-3.0562618,-9.820744
11419,-3.4363089,-7.464745
11420,-4.138576,-10.928658
11421,-5.4909644,-9.265852
11422,-3.965247,-9.713437
11423,-6.062105,-10.444968
11424,-3.4121428,-5.7757683
11425,-1.2535135,-8.870799
11426,-0.95853573,-8.69923
11427,-1.3497441,-7.6849823
11428,-2.2853062,-7.63711
11429,-3.9479737,-9.306407
11430,-1.9282064,-6.6018195
11431,-0.9683286,-9.786109
11432,-2.9613285,-7.2741575
11433,-2.4931984,-6.3696094
11434,-0.8825817,-6.23905
11435,-3.8105624,-6.8184123
11436,-0.33584797,-7.2224374
11437,-1.7466476,-5.8714514
11438,-1.6783487,-7.0230823
11439,-0.19737467,-6.450799
11440,1.1377884,-7.532083
11441,-1.5083402,-6.444216
11442,-2.8679576,-4.5876865
11443,-3.3134418,-5.7750554
11444,-2.3109362,-6.5342994
11445,-1.9292734,-7.5320745
11446,-1.8505465,-6.578149
11447,-4.2636237,-6.3932447
11448,-6.3299236,-5.950054
11449,-1.96571,-7.4679565
11450,-1.7551489,-4.332196
11451,-3.380875,-4.345267
11452,-4.236867,-6.693021
11453,-3.631419,-6.6583695
11454,-2.0355186,-4.983902
11455,-2.3527343,-7.6093693
11456,-2.4185228,-7.5609365
11457,-3.4835618,-5.9395647
11458,-3.1519759,-8.300085
11459,-3.8147612,-11.028387
11460,-2.675614,-11.711257
11461,-5.7982993,-11.271882
11462,-1.4663321,-11.096369
11463,-4.4584446,-11.281612
11464,-4.237164,-10.390753
11465,-2.3769302,-10.595995
11466,-2.6372137,-7.596881
11467,-1.2727591,-10.176127
11468,-1.6606171,-13.442406
11469,-0.70377594,-14.918767
11470,-1.0815268,-14.7789955
11471,-0.47212887,-6.0943584
11472,-1.2486955,-5.808549
11473,-3.1868148,-5.7825403
11474,-2.4095323,-8.272665
11475,-2.9286947,-8.429335
11476,-1.3823342,-6.788493
11477,-1.2341235,-7.686539
11478,-1.7885703,-6.0543385
11479,-3.9882264,-6.786149
11480,-4.204872,-8.498962
11481,-4.139019,-10.153897
11482,-3.9008324,-10.596988
11483,-1.916635,-7.266199
11484,-5.966975,-2.0201988
11485,-0.7186516,-3.1322792
11486,-1.9189596,-6.9373837
11487,-1.384496,-5.114293
11488,-0.9742986,-9.397075
11489,-3.4464288,-8.433508
11490,-3.234976,-7.13811
11491,-4.8576264,-8.198877
11492,-5.345478,-8.703174
11493,-6.292237,-6.9918246
11494,-6.5728936,-9.244124
11495,-3.1995142,-7.3215036
11496,-4.0034704,-9.185323
11497,-3.0132754,-8.713838
11498,-3.308262,-10.072403
11499,-6.2179084,-10.42942
11500,-4.861892,-11.960541
11501,-3.7094162,-9.639196
11502,-2.7925742,-11.154863
11503,-3.6016457,-12.629507
11504,-4.211382,-11.092857
11505,-3.0171459,-10.268302
11506,-4.41783,-10.660981
11507,-8.2618475,-9.106507
11508,-5.766671,-10.572056
11509,-6.7496786,-9.519741
11510,-7.831561,-8.540081
11511,-2.7380455,-9.090752
11512,-0.36926225,-3.3704515
11513,-2.416578,-5.5030856
11514,-2.742566,-6.46244
11515,0.5490037,-3.347401
11516,-4.1707897,-6.015784
11517,-2.1503925,-6.1404343
11518,-5.1718364,-4.8679132
11519,-2.4909334,-4.024317
11520,-3.0119765,-7.746074
11521,-2.5743973,-8.3995075
11522,-0.96209586,-6.5162787
11523,-4.0605764,-6.4003453
11524,-1.4699987,-5.748835
11525,-1.962365,-5.5901394
11526,-3.3929496,-2.5902147
11527,-1.5875198,-0.26492566
11528,0.05160811,-5.0966196
11529,-2.0555773,-3.8300402
11530,-3.346861,-6.343039
11531,-3.0365427,-2.028517
11532,-1.0807124,-4.370281
11533,-0.48149374,-8.692443
11534,-3.4758823,-4.5514674
11535,-1.4265203,-4.3337107
11536,-1.4426191,-5.0025167
11537,-1.0231761,-4.975799
11538,-4.8938518,-4.6068735
11539,-2.4675312,-4.9372897
11540,-1.6554925,-2.5245607
11541,-0.78754306,-4.1619024
11542,-3.187679,-3.6996436
11543,-1.0522892,-3.2820141
11544,-1.0862788,-4.172065
11545,-2.378748,-2.0506942
11546,-4.2975364,-1.6972681
11547,-3.010147,-1.708525
11548,-4.042919,-2.0828545
11549,-3.573938,-5.2550874
11550,-3.88007,-5.5215483
11551,-1.7722397,-2.8769205
11552,-1.0731342,-5.7948327
11553,-0.8915874,-2.524134
11554,-3.3026714,-7.30202
11555,-3.207014,-6.0700493
11556,-1.5605891,-4.3510957
11557,-3.298464,-6.170446
11558,-3.486097,-4.980759
11559,-4.2944818,-2.9266987
11560,-3.0204005,-4.266393
11561,-3.9446852,-4.1385407
11562,0.70712423,-4.542952
11563,-0.57682854,-3.2749033
11564,-0.8277957,-4.3252573
11565,-0.4118444,-2.6759949
11566,-1.1887506,-3.0082784
11567,-0.7218193,-1.882982
11568,-1.8827162,-1.8993846
11569,-0.47356713,-2.3904283
11570,0.34292004,-2.1337113
11571,-0.57471675,-3.9564028
11572,-2.692712,-1.9675263
11573,-3.3900752,-2.887415
11574,-3.5891745,-2.283309
11575,-1.348103,-6.0974317
11576,-2.8814948,-4.8559656
11577,-4.341594,-2.3274658
11578,-3.622065,-4.8297234
11579,-5.8579984,-4.668668
11580,-6.044072,-5.4077024
11581,-5.264662,-4.9088554
11582,-3.5488102,-3.9981134
11583,-4.400741,-4.8767633
11584,-3.2155313,-6.5260515
11585,-1.646741,-6.1379514
11586,-2.8859615,-2.8285296
11587,-1.1915987,-2.8001192
11588,-2.4749315,-3.6073556
11589,-1.7410494,-4.049579
11590,-1.914393,-3.474289
11591,-0.8521436,-3.5456932
11592,-3.8683376,-3.805633
11593,-3.4878874,-2.4822874
11594,-3.0316482,-4.8016376
11595,-4.801046,-5.0775914
11596,-4.731951,-2.7719104
11597,-1.6481886,-2.1661916
11598,-3.1757243,-1.8388206
11599,-4.878118,-5.1442113
11600,-6.1581755,-5.6373105
11601,-7.3086123,-7.126257
11602,-3.205076,-4.7472577
11603,-7.6568723,-3.4497395
11604,-7.0240383,-4.1649423
11605,-6.707901,-4.5488925
11606,-6.203202,-3.5765572
11607,-7.2199616,-3.5051084
11608,-5.4034753,-5.3494296
11609,-4.2216077,-5.977863
11610,-4.2823906,-5.4549956
11611,-1.8551714,-5.0033507
11612,-1.3569385,-4.5622263
11613,-1.521483,-6.3987975
11614,-2.8163855,-5.5144043
11615,-5.3010764,-4.826527
11616,-6.910179,-2.6476955
11617,-3.0356143,-4.6302805
11618,-6.807814,-5.9793935
11619,-4.9010267,-5.1719337
11620,-6.201464,-3.885943
11621,-5.2281523,-6.987213
11622,-3.0410185,-4.094805
11623,-6.4771075,-6.411141
11624,-4.1340055,-3.7635047
11625,-4.493588,-3.0482392
11626,-2.8769863,-3.0766687
11627,-3.754787,-3.611139
11628,-5.2482085,-3.441331
11629,-6.9929285,-3.6075516
11630,-10.175731,-4.2542334
11631,-6.7967734,-5.1178355
11632,-8.228561,-3.6922715
11633,-5.948345,-5.2839875
11634,-6.8558984,-6.377956
11635,-7.152025,-6.648057
11636,-12.705631,-4.24575
11637,-7.8188534,-7.9778914
11638,-7.2994328,-4.817878
11639,-7.3879566,-3.3932405
11640,-7.415889,-5.4487357
11641,-4.070802,-6.706754
11642,-5.790442,-5.212421
11643,-6.228812,-5.296976
11644,-6.6295986,-5.7354174
11645,-6.59141,-3.4928718
11646,-3.8269956,-4.762408
11647,-8.043966,-4.7100677
11648,-7.733849,-3.527559
11649,-8.495143,-5.9104843
11650,-6.415357,-7.8686795
11651,-8.8891735,-3.1318955
11652,-6.4217362,-6.7415895
11653,-7.823237,-3.5694122
11654,-2.7084289,-3.9560432
11655,-5.1954684,-5.897745
11656,-7.529912,-5.2130594
11657,-5.6558337,-4.7377157
11658,-7.138494,-5.2176566
11659,-6.429411,-3.4294777
11660,-4.7063527,-4.9570384
11661,-5.2985415,-5.4593673
11662,-1.848694,-4.695587
11663,-4.2007008,-3.169939
11664,-6.0509033,-5.0202513
11665,-6.637123,-8.253818
11666,-6.2080965,-6.5328298
11667,-4.7095313,-3.2809343
11668,-4.9207726,-3.5435724
11669,-5.448751,-0.989573
11670,-6.023841,-6.0582376
11671,-7.231227,-5.3907914
11672,-5.9170322,-4.3669853
11673,-5.4438934,-4.752957
11674,-5.070128,-5.759104
11675,-4.326162,-7.4362698
11676,-5.4542,-4.6635966
11677,-4.787371,-6.199628
11678,-4.0557323,-3.9413078
11679,-4.059662,-6.713218
11680,-2.2901247,-6.712853
11681,-5.0097237,-2.7356005
11682,-7.8623,-2.2058458
11683,-11.6260805,-3.1352959
11684,-9.238815,-4.939573
11685,-8.869518,-4.708786
11686,-5.982115,-2.1355612
11687,-6.701078,-1.4748597
11688,-5.4931107,-2.8848948
11689,-7.504738,-3.927127
11690,-6.886837,-3.0532014
11691,-4.7561493,-3.2369683
11692,-8.787609,-3.2908719
11693,-8.435081,-1.9074025
11694,-7.5199227,-6.46801
11695,-7.4367137,-6.1940904
11696,-7.91529,-4.500526
11697,-8.877073,-5.918282
11698,-7.814715,-6.720695
11699,-7.905266,-3.9821875
11700,-9.285119,-5.2698455
11701,-9.759158,-4.618851
11702,-6.7196107,-4.554254
11703,-8.672069,-6.167787
11704,-11.42609,-5.2620845
11705,-13.150428,-5.8569164
11706,-12.059609,-4.5735044
11707,-7.671155,-6.7518826
11708,-9.776854,-2.2305613
11709,-8.978818,-5.1936045
11710,-11.709887,-6.711324
11711,-12.083341,-4.618782
11712,-11.175523,-7.310335
11713,-10.798101,-4.672745
11714,-11.137216,-5.275266
11715,-9.88393,-4.053286
11716,-13.974518,-2.4552255
11717,-14.023077,-4.4897447
11718,-14.431272,-2.3443837
11719,-10.7127,-3.510462
11720,-10.975957,-0.545133
11721,-12.958205,-4.8691845
11722,-12.499303,-5.534521
11723,-12.823961,-4.2375436
11724,-14.374623,-7.6278114
11725,-14.852854,-5.489357
11726,-10.405802,-6.140824
11727,-9.496885,-4.6860094
11728,-8.329805,-4.50402
11729,-9.258517,-6.635657
11730,-6.9851284,-5.9980683
11731,-5.5458384,-5.9798956
11732,-3.9900906,-4.811202
11733,-7.483822,-3.666233
11734,-6.8431754,-4.9917393
11735,-6.0545,-6.844841
11736,-7.0599656,-5.552449
11737,-5.9246225,-2.7960403
11738,-9.541117,-7.301136
11739,-8.178047,-3.8125377
11740,-8.7515745,-3.3541365
11741,-6.931603,-6.870304
11742,-6.343828,-7.2280154
11743,-7.7731133,-5.617318
11744,-7.6635847,-4.5682034
11745,-9.251097,-5.3955307
11746,-9.154448,-6.1816497
11747,-8.629772,-5.395904
11748,-6.7896304,-6.9957757
11749,-8.202867,-4.908
11750,-7.9781094,-4.746653
11751,-10.403697,-4.914211
11752,-8.283994,-5.2874274
11753,-7.5976954,-3.3578503
11754,-10.079997,-3.9800177
11755,-9.925697,-1.8702236
11756,-9.263593,-3.7123203
11757,-10.050456,-5.3838463
11758,-8.395113,-5.8377056
11759,-9.705472,-5.6723523
11760,-6.590662,-5.865926
11761,-9.757934,-6.4531198
11762,-11.007957,-4.951287
11763,-10.486869,-3.3855658
11764,-9.294033,-4.369885
11765,-11.161261,-5.4167686
11766,-4.927099,-6.555245
11767,-9.566495,-5.5816727
11768,-8.90475,-5.9894714
11769,-7.4315524,-4.5606227
11770,-10.015315,-6.3843894
11771,-10.001811,-5.882502
11772,-7.3462095,-4.4777822
11773,-5.4891105,-4.909401
11774,-6.802232,-7.4102607
11775,-4.0020037,-4.3982363
11776,-5.4999228,-6.0042477
11777,-6.3335238,-6.044749
11778,-4.4127626,-4.451498
11779,-3.901881,-5.4003468
11780,-4.0869446,-5.2637854
11781,-7.4954853,-5.2611265
11782,-7.799407,-3.8710907
11783,-6.758421,-4.3144164
11784,-6.588833,-5.1509767
11785,-7.1495695,-3.879054
11786,-7.1963625,-6.725475
11787,-8.488639,-6.602937
11788,-7.2986917,-5.0993567
11789,-5.7469263,-4.1090565
11790,-7.043985,-5.3962865
11791,-9.242801,-0.9000362
11792,-7.5704145,-3.4061487
11793,-5.090578,-3.026452
11794,-7.1730733,-3.7452788
11795,-6.32037,-3.4117084
11796,-9.327176,-4.936691
11797,-8.0514145,-2.9009364
11798,-9.0269,-3.9356804
11799,-8.889463,-4.353978
11800,-6.2481265,-1.9454395
11801,-7.164526,-4.452998
11802,-6.0243797,-4.133535
11803,-6.2142296,-6.575312
11804,-7.5429015,-6.499648
11805,-3.2559514,-6.212661
11806,-8.141536,-6.298265
11807,-7.576286,-4.033386
11808,-6.1390944,-6.098422
11809,-5.3432026,-6.194628
11810,-8.758278,-8.130148
11811,-6.5933685,-5.5994325
11812,-6.467165,-4.7117
11813,-5.9919147,-5.1922145
11814,-5.789529,-6.699089
11815,-5.1189547,-4.8580136
11816,-4.006394,-4.0112386
11817,-1.4678447,-8.517113
11818,-1.0680172,-7.481369
11819,-4.21825,-2.7851353
11820,-7.538292,-4.0922437
11821,-4.9393015,-7.2642455
11822,-3.342999,-5.155487
11823,-2.982048,-3.4594774
11824,-2.531701,-2.1439345
11825,-2.1528363,-2.5779917
11826,-4.474074,-4.528098
11827,-2.2656968,-4.2829733
11828,-6.372943,-4.965508
11829,-4.4782786,-6.516935
11830,-10.082863,-4.1503596
11831,-10.172013,-3.5452497
11832,-2.8650885,-3.7096968
11833,-1.9931209,-2.5607727
11834,-4.4901366,-3.2879233
11835,-2.4077053,-5.070038
11836,-3.012048,-6.559525
11837,-5.6305504,-4.866594
11838,-4.419671,-3.822718
11839,-1.2437751,-6.2237587
11840,1.3983369,-7.287511
11841,-0.22172043,-8.549102
11842,0.8326168,-5.4442644
11843,-3.406414,-4.071349
11844,-3.0784879,-3.9576917
11845,-4.8113117,-6.470483
11846,-3.8236039,-4.86294
11847,-4.43035,-7.019924
11848,-2.885266,-2.9598598
11849,-3.4140265,-8.231831
11850,-4.4061813,-5.2471952
11851,-1.3161262,-4.1290245
11852,-2.204172,-3.198415
11853,-4.789317,-6.218737
11854,-1.5817845,-5.149822
11855,-3.1105716,-5.34012
11856,-2.2698438,-3.0911098
11857,-2.8094378,-6.457711
11858,-1.9085859,-4.6583476
11859,-1.2876272,-7.0183473
11860,-2.6534448,-2.8406377
11861,-2.1852198,-4.3990965
11862,-2.878318,-7.1997538
11863,-2.088251,-4.1187468
11864,-0.654379,-2.6728044
11865,-2.1051779,-1.5678177
11866,0.06298602,-0.7735283
11867,-1.5953885,-5.9307027
11868,-1.2295674,-5.0898943
11869,-0.7224553,-3.5146916
11870,-0.42208174,-2.1784484
11871,0.44304547,-4.5231
11872,-2.389093,-5.165923
11873,-2.0773516,-3.7555003
11874,-4.275892,-2.3134673
11875,-3.8273885,-7.3975773
11876,-4.7809362,-4.338033
11877,-2.6277764,-5.7046576
11878,-1.4315642,-4.3285766
11879,-2.7349758,-4.0865264
11880,-4.477247,-5.086578
11881,-2.2603118,-5.8317246
11882,-2.4321547,-5.8214607
11883,-2.896004,-7.4240255
11884,-6.3154893,-3.3527765
11885,-4.282793,-4.1343484
11886,-2.9186685,-5.9094453
11887,-4.1812057,-6.454069
11888,-2.8439415,-8.5129175
11889,-1.2570786,-7.4135976
11890,-2.4711452,-3.4321442
11891,-2.4257066,-5.5259433
11892,-5.1063075,-7.3451777
11893,-4.239085,-4.294666
11894,-3.833625,-7.3013086
11895,-4.140251,-6.766454
11896,-3.2704265,-4.0779757
11897,-3.1978319,-6.951036
11898,-0.50577545,-6.4912767
11899,-0.7502609,-5.371515
11900,-3.2153695,-6.3501854
11901,-2.6926076,-5.683542
11902,-2.375957,-5.5458913
11903,-8.006938,-6.58116
11904,-10.162136,-8.341269
11905,-8.086935,-4.7636814
11906,-10.111351,-4.9751663
11907,-5.8952436,-5.7132444
11908,-7.2369604,-8.281487
11909,-6.140532,-7.0169253
11910,-4.951238,-7.852189
11911,-8.804396,-5.857621
11912,-8.574358,-5.7236576
11913,-5.1068926,-5.251451
11914,-4.7505245,-4.923543
11915,-6.7434435,-5.0957003
11916,-7.772175,-3.5943327
11917,-7.0030046,-1.8678001
11918,-7.1951957,-5.7240615
11919,-9.196637,-5.0165277
11920,-11.432288,-5.457613
11921,-12.401892,-4.11035
11922,-11.590642,-4.777942
11923,-13.411443,-5.242677
11924,-10.294026,-5.906614
11925,-12.423241,-5.4123707
11926,-12.295284,-5.9633417
11927,-10.723342,-6.3475
11928,-14.50928,-7.830395
11929,-12.484883,-6.8008113
11930,-8.620058,-6.274179
11931,-7.8029556,-5.7053266
11932,-15.9637575,-7.448382
11933,-15.425021,-6.2563014
11934,-10.777512,-7.8085184
11935,-10.729967,-3.2124803
11936,-15.371908,-6.350026
11937,-18.870949,-6.990127
11938,-17.709133,-5.8685493
11939,-17.494665,-3.558282
11940,-17.668865,-2.5105805
11941,-18.62962,-3.9977782
11942,-17.627848,-5.102187
11943,-14.544326,-3.7818317
11944,-11.611826,-5.589433
11945,-12.132698,-6.9731793
11946,-10.8296995,-5.081164
11947,-7.571415,-8.306896
11948,-10.798324,-6.022273
11949,-13.275608,-7.626072
11950,-12.514885,-7.220267
11951,-11.377917,-6.2351484
11952,-11.807907,-4.4433584
11953,-6.6416497,-6.616598
11954,-5.81157,-6.3310523
11955,-3.5416698,-5.5231194
11956,-3.7918527,-5.1252294
11957,-4.667319,-6.063955
11958,-4.2416263,-8.203079
11959,-2.1785963,-5.317585
11960,-2.845893,-4.3955135
11961,-3.2629428,-4.533131
11962,-2.9018226,-6.5311933
11963,-7.4789453,-5.4764814
11964,-7.015899,-2.4182286
11965,-6.3763885,-6.0493093
11966,-7.7753754,-6.4899783
11967,-9.849642,-3.1995628
11968,-5.716815,-4.1421776
11969,-5.655578,-4.3140144
11970,-2.5386026,-3.1750114
11971,-2.979559,-3.3429518
11972,-3.6627874,-3.5682034
11973,-2.3085794,-4.7447486
11974,-5.432554,-4.7992167
11975,-1.7951314,-6.127751
11976,-3.082944,-5.3309407
11977,-3.156553,-6.414822
11978,-1.2630175,-4.878007
11979,-1.226434,-9.801507
11980,-0.10021122,-8.014559
11981,0.316387,-6.951314
11982,-2.598661,-5.173913
11983,-5.1278133,-4.3141327
11984,-4.803006,-4.648525
11985,-7.7200274,-1.8669605
11986,-12.751433,-1.7903428
11987,-13.114236,-4.216964
11988,-14.205952,-2.615223
11989,-10.474106,-5.714064
11990,-11.205473,-4.4530864
11991,-8.686286,-2.0881782
11992,-9.615168,-4.2468324
11993,-8.90052,-3.4904053
11994,-7.089862,-3.7145784
11995,-8.176455,-3.057824
11996,-8.018527,-1.3752224
11997,-9.404634,-5.859111
11998,-9.358048,-6.485881
11999,-6.4374247,-5.646567
12000,-5.323077,-2.6411085
12001,-7.555469,-5.6635756
12002,-6.292261,-5.6997223
12003,-6.124218,-3.3478878
12004,-8.029081,-3.975046
12005,-8.793575,-7.005743
12006,-6.7593427,-7.0890527
12007,-6.6662025,-7.5022945
12008,-6.5052695,-8.056675
12009,-6.1704106,-8.651676
12010,-6.4545345,-6.1457806
12011,-3.075464,-5.9797506
12012,-3.2227292,-7.704095
12013,-3.841939,-6.728467
12014,-6.887426,-5.168858
12015,-7.6012573,-5.0566754
12016,-8.995528,-4.47484
12017,-7.798314,-8.945058
12018,-10.128709,-5.8395495
12019,-10.030341,-5.620927
12020,-11.147514,-4.450725
12021,-10.303458,-8.812804
12022,-8.147898,-5.7185235
12023,-10.466051,-6.7315044
12024,-13.602417,-5.1847396
12025,-9.125155,-5.2384906
12026,-8.25635,-6.107042
12027,-8.732318,-6.5220714
12028,-8.409494,-6.330419
12029,-10.707207,-4.3938475
12030,-4.4011393,-7.6269264
12031,-8.38734,-7.1220694
12032,-10.618786,-3.8690746
12033,-11.296357,-5.7416377
12034,-10.683572,-6.0309186
12035,-6.1962214,-4.850642
12036,-6.2682858,-4.670238
12037,-6.3898025,-6.7101727
12038,-8.665225,-6.8528657
12039,-8.97786,-7.1632104
12040,-5.25051,-5.841248
12041,-4.1246142,-3.7508652
12042,-5.8752174,-6.9759855
12043,-4.524455,-6.744776
12044,-7.425972,-9.044906
12045,-3.0384986,-7.716826
12046,-1.5507756,-5.102572
12047,-1.2590798,-9.001471
12048,-3.2551472,-7.281753
12049,-2.9490461,-8.714191
12050,-2.2660837,-6.177968
12051,-3.2348123,-7.514827
12052,-3.6652365,-4.901181
12053,-1.4179238,-2.370539
12054,-1.3201758,-5.589191
12055,-3.965329,-5.3019314
12056,-0.664738,-4.1922994
12057,-2.0781915,-6.0837216
12058,-2.903972,-3.1376288
12059,-0.560978,-6.2161665
12060,-4.22383,-5.6580505
12061,-1.6892574,-8.643298
12062,-4.4555836,-9.321221
12063,-3.9128268,-8.872152
12064,-4.076127,-4.7057056
12065,-2.5152237,-6.861016
12066,-2.897885,-5.5791025
12067,-4.237004,-7.0491414
12068,-1.8342109,-4.8381147
12069,-2.1736999,-9.08993
12070,-1.8325114,-8.483635
12071,-1.4872808,-8.38622
12072,-1.7843201,-3.9865806
12073,-2.45634,-7.5888953
12074,-3.8407154,-3.989211
12075,-1.9821695,-4.469142
12076,-2.4518235,-7.812051
12077,-5.340992,-2.1848984
12078,-2.652277,-4.6884418
12079,-3.566366,-4.327412
12080,-5.973962,-4.595809
12081,-2.3683202,-5.314178
12082,-1.5273733,-3.8430023
12083,-6.283462,-5.1387305
12084,-1.7580106,-5.269066
12085,-0.43495417,-1.4744923
12086,-2.039532,-9.085992
12087,-3.7762952,-5.842098
12088,-2.2324224,-8.547776
12089,-5.4293413,-4.517497
12090,-6.33269,-3.2679198
12091,-6.647995,-7.4453287
12092,-5.5599866,-5.8537593
12093,-4.9389167,-6.922825
12094,-6.220355,-6.681464
12095,-10.771473,-4.453459
12096,-8.797797,-4.3682423
12097,-9.791341,-1.4454426
12098,-8.770402,-5.5831795
12099,-11.866456,-6.6540904
12100,-9.343406,-3.581332
12101,-9.869022,-5.195024
12102,-7.578084,-3.769348
12103,-9.814374,-5.750478
12104,-6.909155,-6.7195764
12105,-7.9762473,-5.924263
12106,-9.736317,-4.450275
12107,-10.964829,-4.3449
12108,-8.070255,-4.116193
12109,-9.811933,-5.7996764
12110,-9.298928,-1.4637445
12111,-10.408161,-5.7785916
12112,-12.142849,-5.785706
12113,-10.509644,-5.588743
12114,-11.84485,-4.488069
12115,-11.516751,-2.8710315
12116,-8.835798,-4.0511594
12117,-7.8031163,-5.6833563
12118,-7.006321,-6.765235
12119,-4.0330296,-7.0065417
12120,-7.5238647,-3.6148672
12121,-7.834268,-3.7383409
12122,-7.279977,-6.2089577
12123,-8.846341,-5.2722626
12124,-6.892745,-7.416484
12125,-9.073944,-4.5614724
12126,-8.993894,-5.0094776
12127,-8.220039,-6.1274014
12128,-9.279709,-6.27058
12129,-11.49388,-5.4704432
12130,-10.1727085,-2.837412
12131,-7.912301,-3.7511175
12132,-7.0133824,-2.321982
12133,-7.286619,-5.2505593
12134,-5.3488393,-5.9622917
12135,-6.603316,-2.9822438
12136,-6.2505074,-4.629478
12137,-8.322186,-4.5627537
12138,-11.581729,-4.910167
12139,-7.819777,-5.585895
12140,-9.920053,-5.0470886
12141,-6.602389,-5.5643973
12142,-8.009865,-4.58176
12143,-8.160915,-6.7992015
12144,-8.270501,-4.41385
12145,-11.180933,-4.169078
12146,-9.7015505,-7.133513
12147,-15.237208,-3.9290464
12148,-14.0687685,-5.176842
12149,-12.687466,-7.048507
12150,-13.447711,-4.7008853
12151,-7.7500567,-8.408141
12152,-4.414983,-7.529142
12153,-7.1498914,-7.5874286
12154,-7.6518216,-8.554106
12155,-5.62041,-9.028923
12156,-5.710545,-9.154529
12157,-5.678929,-7.5620756
12158,-9.983844,-8.079473
12159,-10.356878,-6.924144
12160,-5.8385153,-8.984286
12161,-8.716805,-6.996525
12162,-8.398049,-6.7167864
12163,-10.00634,-5.048656
12164,-11.509452,-4.955783
12165,-10.025952,-8.468037
12166,-7.9422116,-7.483247
12167,-8.461867,-4.4625144
12168,-8.457549,-7.025964
12169,-6.8766904,-5.72991
12170,-4.828989,-6.671113
12171,-6.923128,-8.3763
12172,-6.686337,-6.947349
12173,-5.9787183,-4.8571305
12174,-7.734514,-6.887015
12175,-7.734521,-4.9427648
12176,-6.771507,-6.671226
12177,-9.135769,-5.827675
12178,-7.7278113,-6.2844987
12179,-6.6678267,-5.974875
12180,-8.166999,-6.311267
12181,-6.3019085,-2.8560429
12182,-5.445022,-5.020488
12183,-5.691647,-5.572694
12184,-7.350013,-5.474767
12185,-9.660711,-5.9940953
12186,-7.939919,-8.827898
12187,-6.736526,-5.092299
12188,-6.4442205,-8.039164
12189,-7.5004625,-5.555058
12190,-6.9336834,-7.0522766
12191,-8.088292,-2.5858943
12192,-12.016587,-3.725372
12193,-10.83547,-3.6349638
12194,-9.546576,-4.7004814
12195,-10.282337,-3.538618
12196,-9.962348,-2.3043723
12197,-11.410042,-3.7230833
12198,-9.767581,-1.6072041
12199,-12.740059,-5.817783
12200,-14.435536,-3.587584
12201,-8.24835,-4.1084614
12202,-11.846009,-5.605316
12203,-9.200194,-4.70151
12204,-9.55449,-5.6717505
12205,-4.525856,-1.1728003
12206,-5.134457,-5.2023892
12207,-8.704944,-3.5720754
12208,-7.5035896,-4.0837564
12209,-9.338209,-5.5783467
12210,-8.054427,-6.3535414
12211,-10.170447,-5.6171565
12212,-11.90547,-7.585232
12213,-12.446961,-1.3734405
12214,-11.499071,-4.2989917
12215,-6.758909,-4.552059
12216,-8.254333,-1.009489
12217,-5.62573,-6.9185343
12218,-8.23863,-5.6181116
12219,-8.629155,-3.4701076
12220,-8.647721,-1.6466732
12221,-6.4480553,-4.665299
12222,-9.328182,-2.9395695
12223,-8.632688,-4.4826527
12224,-6.760006,-3.446912
12225,-7.4888773,-4.33277
12226,-7.6494627,-5.0250125
12227,-5.9985247,-5.1102324
12228,-7.02891,-2.9113941
12229,-7.3238583,-5.0188375
12230,-5.711519,-7.308135
12231,-5.5836353,-4.9224834
12232,-5.5917974,-3.5051749
12233,-9.206093,-2.9445224
12234,-10.082994,-5.540247
12235,-10.813297,-6.7543616
12236,-8.832258,-5.690453
12237,-5.527917,-4.986843
12238,-4.8474197,-4.488681
12239,-7.548332,-1.7319946
12240,-5.6108994,-6.804678
12241,-3.1891987,-7.1244016
12242,-6.5460253,-4.5730124
12243,-4.034091,-2.730967
12244,-1.279785,-7.0351224
12245,-3.0468159,-6.846344
12246,-4.189775,-3.9489856
12247,-4.686505,-2.5637445
12248,-5.246961,-6.223226
12249,-0.5444434,-4.609376
12250,-0.94651157,-5.7019787
12251,-3.0324678,-3.914448
12252,-0.77240556,-4.6240396
12253,-0.7668054,-4.729131
12254,-2.7363527,-6.065925
12255,-0.8237629,-5.039529
12256,1.8250269,-4.413449
12257,-0.741501,-3.9820898
12258,1.1870254,-5.582621
12259,-0.85712916,-6.5914626
12260,-1.179375,-5.300282
12261,-1.5687963,-6.4643683
12262,-0.35728258,-4.5447617
12263,-2.342985,-5.882021
12264,-1.9735044,-3.5562582
12265,-1.2097262,-9.617227
12266,-2.6124175,-5.467251
12267,-0.14294098,-3.3205972
12268,1.3583716,-3.0191777
12269,-0.93584716,-3.2199836
12270,0.5337464,-3.2158089
12271,-0.7407188,0.77243984
12272,-1.3307357,-6.5898647
12273,-1.7602636,-4.962879
12274,-1.400056,-4.427722
12275,-0.3762893,-4.848617
12276,-0.68153363,-5.634605
12277,-0.22423287,-3.5314949
12278,0.81592613,-4.48491
12279,-1.3945335,-4.7948775
12280,0.32924613,-3.4777064
12281,-2.3606277,-3.03152
12282,-0.4378502,-5.6633267
12283,1.4302824,-6.4940124
12284,-0.6447891,-1.2613262
12285,0.32538888,-3.5866876
12286,-1.7270676,-5.375592
12287,-1.5844487,-6.042911
12288,0.5534938,-4.884922
12289,2.1152937,-5.1091814
12290,1.6476629,-4.890594
12291,2.3009071,-5.383954
12292,1.5328437,-4.819769
12293,1.661207,-7.603088
12294,2.703032,-6.266107
12295,-0.62875795,-4.7635984
12296,1.7602302,-2.6368003
12297,1.174585,-7.304163
12298,1.5271896,-4.468353
12299,0.13849755,-5.2763376
12300,-1.8338685,-7.2529697
12301,-2.2654083,-5.8270025
12302,-1.2273138,-7.9482074
12303,-1.4591,-5.4670095
12304,0.89203775,-6.8950825
12305,0.18947509,-5.6979685
12306,-2.6101563,-7.068534
12307,-3.5589838,-6.4136863
12308,-4.6871705,-7.961403
12309,-1.7776098,-5.831316
12310,-2.7016807,-3.3318503
12311,-6.54291,-8.741065
12312,-4.681018,-6.5984316
12313,-6.5676765,-5.1121426
12314,-8.124731,-5.4469905
12315,-4.76215,-7.429346
12316,-8.033904,-7.549423
12317,-5.90203,-7.5264874
12318,-5.378396,-6.8549037
12319,-5.256864,-6.052209
12320,-7.9608994,-5.446582
12321,-7.3558383,-6.266636
12322,-8.490954,-4.847191
12323,-7.3138824,-5.353172
12324,-7.2680774,-9.062534
12325,-11.791295,-7.178445
12326,-11.041364,-4.1471376
12327,-7.1097713,-6.1480217
12328,-11.902682,-6.2354946
12329,-8.817607,-6.7099967
12330,-10.382437,-6.066178
12331,-8.059895,-2.3200898
12332,-8.885307,-2.7115018
12333,-10.946969,-6.0529814
12334,-11.596852,-5.6562815
12335,-11.373895,-8.315841
12336,-13.449732,-5.057449
12337,-7.4439225,-5.690711
12338,-8.595994,-7.439463
12339,-3.957094,-3.2803576
12340,-0.7699444,-5.296891
12341,-3.7588325,-4.6302123
12342,-4.709912,-3.9870105
12343,-2.8550925,-4.365112
12344,0.299612,-3.1263697
12345,-2.4599054,-5.0959115
12346,-2.1888804,-5.691729
12347,-1.0842412,-4.601247
12348,0.6175435,-5.319603
12349,0.19465572,-4.2876644
12350,-0.015874213,-3.2817044
12351,-1.8646098,-2.663402
12352,-4.900192,-5.23647
12353,-3.0336664,-4.6366153
12354,-3.401998,-6.3521004
12355,-2.831055,-4.997203
12356,0.7189516,-5.232709
12357,0.06157388,-6.305295
12358,0.20965166,-6.7763877
12359,0.38459763,-5.189222
12360,0.6238681,-6.7191877
12361,-0.14217864,-7.6506786
12362,-0.3893545,-3.6295805
12363,0.71256524,-5.9094434
12364,1.0176222,-3.8708959
12365,-0.1298333,-2.246265
12366,0.41966146,-3.8341036
12367,-1.0246494,-4.8553677
12368,-1.0859449,-4.3052487
12369,-0.8719709,-3.4512444
12370,-0.93534964,-3.9993327
12371,0.007341151,-5.323514
12372,0.62722737,-5.2435436
12373,-0.859947,-5.486528
12374,0.9785335,-5.2479053
12375,-0.45750684,-5.1388316
12376,-0.8617,-8.39035
12377,-1.5752445,-7.564033
12378,-0.7723611,-6.9788337
12379,0.9637545,-5.5222096
12380,0.727175,-7.868416
12381,1.0405234,-5.8961434
12382,0.37388134,-8.5406475
12383,1.3990456,-6.738292
12384,1.6601081,-7.883989
12385,1.3732226,-4.3513007
12386,1.1601169,-5.4691224
12387,1.3042601,-5.6694016
12388,0.830063,-5.7524166
12389,-0.39330697,-5.2995133
12390,0.4661896,-6.859087
12391,0.94546896,-7.606639
12392,1.9032853,-8.523192
12393,0.101461954,-4.088768
12394,0.9206385,-9.110551
12395,0.8301645,-6.3055477
12396,0.08710238,-4.952261
12397,-2.0864313,-5.184753
12398,-1.0799016,-4.3577633
12399,-2.2340145,-1.4361686
12400,-1.1309321,-6.3071456
12401,-2.1725984,-4.6463046
12402,-1.2743144,-1.8498285
12403,0.6524145,-4.6787844
12404,0.32418588,-3.1454575
12405,-0.5880798,-2.5468674
12406,0.8594924,-3.0327039
12407,2.3354712,-4.381161
12408,2.1501617,-4.804124
12409,1.5009637,-5.4002376
12410,3.1017745,-5.9043746
12411,-0.12485731,-5.3141236
12412,3.06217,-1.8338078
12413,3.3883638,-1.3903985
12414,1.6668516,-2.8852224
12415,3.099295,-5.0199394
12416,2.3668258,-4.644709
12417,4.159441,-4.1257563
12418,3.0387943,-4.618119
12419,4.894648,-6.5313435
12420,4.8518863,-5.4184446
12421,1.3891826,-6.447674
12422,3.5226812,-4.7011194
12423,4.4478755,-4.5228925
12424,2.4810412,-5.470519
12425,3.2052016,-4.420238
12426,2.7605681,-4.7419987
12427,4.4529457,-2.6680198
12428,3.1163392,-4.0357366
12429,3.9541788,-2.304551
12430,2.2520545,-4.1757083
12431,1.10875,-3.436716
12432,3.5203102,-4.6511416
12433,0.83202434,-6.9101276
12434,2.2218237,-3.9664297
12435,4.180541,-6.8471127
12436,3.6910906,-4.582554
12437,2.4467664,-4.0132923
12438,3.2232506,-2.2162793
12439,3.5677552,-3.290607
12440,3.2453387,-5.7613597
12441,5.64983,-4.3851247
12442,5.84039,-5.153511
12443,4.2901945,-2.0792894
12444,4.7413363,-2.0929012
12445,5.7238135,-4.8157597
12446,2.5708983,-1.7140585
12447,3.1856732,-2.898646
12448,2.6386902,-2.9460022
12449,3.9910312,-3.3212998
12450,3.1389062,-4.6341915
12451,3.8643386,-5.3075995
12452,3.473246,-5.378282
12453,3.3568022,-4.656208
12454,2.1209664,-4.951335
12455,4.030752,-2.0770035
12456,6.1462746,-4.9444613
12457,5.3714213,-3.344952
12458,5.9324145,-1.6469835
12459,3.7293985,-1.0743635
12460,2.564747,-5.3873444
12461,2.4671056,-5.034368
12462,1.0087672,-4.684867
12463,2.5178282,-6.8457026
12464,4.29729,-5.7438955
12465,4.2886853,-4.4763412
12466,3.192131,-3.8831434
12467,4.6829104,-0.8663218
12468,4.164902,-2.467535
12469,5.478803,-4.802528
12470,4.523818,-4.711538
12471,2.7130308,-4.4208994
12472,4.5704527,-5.217925
12473,2.2441113,-4.625875
12474,4.5238714,-2.836558
12475,3.179112,-5.512692
12476,5.1465106,-3.5578208
12477,2.4922776,-3.7981198
12478,2.079802,-5.3973455
12479,3.3977227,-6.968725
12480,2.9056613,-5.8560205
12481,3.2388127,-4.088725
12482,1.9981074,-4.6841
12483,1.7315195,-7.1773562
12484,3.8925657,-6.873226
12485,1.4450653,-3.9710007
12486,1.642773,-5.165064
12487,4.6606693,-3.4023983
12488,2.777493,-3.396791
12489,1.8602397,-7.4965596
12490,2.0280564,-7.5635896
12491,3.1904454,-5.385554
12492,2.4949315,-8.244324
12493,2.0204206,-7.1423044
12494,0.66292655,-6.7525697
12495,1.8559896,-9.719085
12496,2.3720024,-7.90151
12497,0.40942073,-5.72275
12498,2.0928705,-5.3578095
12499,1.8815839,-4.521774
12500,0.675424,-7.0275955
12501,0.66376555,-9.371714
12502,-0.69819397,-8.190885
12503,2.3564837,-7.005608
12504,0.7979375,-5.4537015
12505,1.898391,-7.156957
12506,0.5567018,-4.820498
12507,-0.41363996,-5.5532374
12508,-0.101651445,-6.85268
12509,-1.0107679,-7.631934
12510,-0.28785837,-9.04958
12511,0.42164585,-7.187207
12512,-0.32807955,-7.912113
12513,0.016520131,-7.3083477
12514,0.12502106,-5.7796483
12515,-0.28086266,-9.928108
12516,0.05104499,-7.3730273
12517,0.40796262,-6.5576487
12518,0.6563655,-9.131087
12519,-0.599062,-6.866649
12520,-0.28821617,-7.182816
12521,-0.36981407,-7.3823533
12522,-3.053582,-4.9249463
12523,-1.4671003,-9.083802
12524,-1.8001914,-7.9188957
12525,-0.30606648,-6.3891273
12526,-0.3422544,-10.156735
12527,1.216236,-5.650601
12528,-2.336481,-7.6400514
12529,-1.8689277,-6.7126894
12530,-1.39674,-7.256968
12531,-0.7426846,-11.2223625
12532,-1.7442826,-10.428536
12533,-0.71200293,-9.896849
12534,0.3212834,-6.731245
12535,0.21355814,-6.2747827
12536,0.4521354,-4.929015
12537,-1.6725681,-5.8857284
12538,-1.8752615,-4.779535
12539,-1.630371,-5.15148
12540,-1.3391376,-6.2595224
12541,-4.1919556,-4.1655
12542,-3.1718032,-5.7876663
12543,-0.088060305,-6.8984027
12544,-1.8456122,-5.354339
12545,1.4924223,-6.5897875
12546,0.1574689,-8.591572
12547,-1.0246247,-7.291017
12548,-1.4927254,-6.6367397
12549,-0.9071788,-6.851426
12550,-2.9275453,-7.055519
12551,-0.23502293,-8.30575
12552,1.104053,-7.585978
12553,-0.26413184,-6.975825
12554,0.15743352,-4.8055396
12555,-1.3485974,-5.6581125
12556,0.15835191,-7.152909
12557,0.32565722,-7.9505324
12558,-0.4781496,-8.307876
12559,-1.8163741,-7.2674007
12560,-2.3813846,-5.4990687
12561,-0.9960889,-9.3812065
12562,-0.25342456,-9.765696
12563,-1.3755392,-10.31271
12564,0.5825433,-8.883487
12565,-0.71893775,-7.765845
12566,-0.6451252,-9.578818
12567,-2.5109422,-9.904881
12568,-1.8342144,-8.187467
12569,-1.7941504,-11.937236
12570,-4.7820826,-11.843102
12571,-6.0261602,-11.630605
12572,-5.4580336,-8.260761
12573,-3.3858366,-11.836814
12574,-0.7599724,-8.58773
12575,-3.488801,-4.675874
12576,-1.9164764,-9.544889
12577,-1.026542,-8.3574705
12578,-1.8103771,-8.120569
12579,0.6284274,-6.0262203
12580,-0.61315924,-9.543984
12581,2.0722833,-7.647085
12582,1.0025592,-8.033321
12583,0.7365555,-7.809144
12584,0.07431308,-9.890264
12585,-1.7045972,-8.386647
12586,-4.1335917,-8.67133
12587,-5.6621056,-6.776106
12588,-1.9871492,-8.355079
12589,-7.2590475,-9.053148
12590,-6.6255255,-8.070975
12591,-7.8288054,-6.2709513
12592,-7.9413195,-8.10477
12593,-4.982482,-7.5248327
12594,-7.146433,-8.157023
12595,-4.148155,-6.2482944
12596,-3.7311087,-3.295687
12597,-1.7542055,-6.457867
12598,-0.3006388,-3.7212362
12599,-3.196491,-3.6256263
12600,-1.2916862,-3.4479597
12601,0.29061937,-4.810122
12602,1.6707094,-6.750167
12603,1.1101545,-7.283564
12604,-0.21829426,-5.5208197
12605,1.8984525,-8.399312
12606,2.5426662,-8.219238
12607,1.0632113,-7.817939
12608,-0.09444783,-7.8919187
12609,0.31546837,-6.92701
12610,1.3683841,-5.2572565
12611,-0.8559512,-6.243708
12612,-4.2970457,-5.254407
12613,2.9674208,-4.67946
12614,2.4180903,-4.863176
12615,3.4270594,-2.8796766
12616,2.8995974,-6.4026036
12617,2.4176939,-5.633342
12618,1.7716672,-7.683302
12619,3.5353138,-4.9858475
12620,0.7000202,-7.6319213
12621,1.9636858,-6.700489
12622,1.4795074,-7.105664
12623,0.7868928,-7.5108805
12624,-1.9115058,-7.156338
12625,0.022145832,-8.733387
12626,2.4134297,-9.867463
12627,-0.10448869,-5.8289766
12628,-1.956935,-7.8738484
12629,-2.608414,-6.5164022
12630,-1.9253376,-3.4505777
12631,-1.7339908,-5.407868
12632,-0.4991159,-5.750133
12633,-1.7858567,-7.3445477
12634,-3.7031105,-7.416561
12635,-4.348503,-6.6343317
12636,-1.3724303,-7.1491413
12637,-1.0363954,-9.919264
12638,-4.935227,-7.4760656
12639,-8.177248,-8.107914
12640,-2.2095082,-9.058304
12641,-1.6926774,-8.432157
12642,0.35888386,-9.046845
12643,-0.4870644,-8.114601
12644,-3.2847338,-8.384839
12645,-1.7673546,-8.635785
12646,-1.2263451,-10.03993
12647,-1.6639957,-8.266719
12648,-2.1950648,-5.662002
12649,-3.9437704,-7.258581
12650,2.6420875,-7.8612247
12651,0.5375925,-5.0733123
12652,1.3581735,-4.217525
12653,1.1634055,-6.6885076
12654,0.6544028,-7.353635
12655,2.8963382,-6.344549
12656,2.9640331,-6.6415353
12657,2.8813477,-6.9132833
12658,1.522552,-5.0233026
12659,1.8052086,-7.0608773
12660,-0.36183688,-8.306656
12661,0.81169647,-5.442203
12662,0.9937001,-7.351049
12663,2.496374,-5.749546
12664,1.5413222,-3.6411061
12665,3.1206076,-7.4949884
12666,-0.01136749,-7.917732
12667,0.62688327,-6.3883967
12668,1.425005,-5.620309
12669,1.8537731,-10.441269
12670,1.2980294,-5.699441
12671,-0.5505007,-5.423248
12672,2.2698302,-8.395942
12673,3.2440324,-8.796583
12674,2.7859719,-5.6994276
12675,3.3571162,-6.5505466
12676,0.040632196,-9.441339
12677,2.0751243,-7.3042297
12678,0.08389931,-8.281104
12679,1.6982661,-7.803512
12680,0.3395701,-7.365495
12681,2.5908208,-8.05115
12682,0.58380777,-6.0246263
12683,-0.29171228,-7.316586
12684,0.25275812,-7.3883896
12685,-0.8945314,-7.4220138
12686,-2.5170736,-6.348798
12687,-6.5698724,-6.543011
12688,-3.169859,-8.265926
12689,-0.98334664,-8.195227
12690,-2.5933957,-5.1386147
12691,-4.4909015,-5.2740264
12692,-0.36765558,-6.8879485
12693,-1.1281749,-8.076288
12694,-5.8911276,-4.8402305
12695,-4.521341,-8.157042
12696,-1.0185083,-6.9318504
12697,-2.3497667,-2.1750531
12698,-2.608141,-5.2885394
12699,-0.9250865,-5.655216
12700,-4.7669044,-6.9401183
12701,-6.024641,-2.9626389
12702,-2.881269,-8.877018
12703,-1.6862378,-5.1035933
12704,-1.980096,-4.7139072
12705,1.294474,-4.139446
12706,-3.938266,-2.5945857
12707,-0.59860575,-3.1414673
12708,-1.7472396,-6.8292093
12709,-0.97483677,-7.6861143
12710,2.337487,-7.0603004
12711,-5.060734,-6.7854834
12712,-6.080541,-5.191511
12713,-3.179145,-4.733427
12714,-2.6589406,-6.39835
12715,-1.9335922,-3.5944223
12716,1.3061271,-4.567659
12717,-0.99586934,-8.37699
12718,-1.6393235,-5.1359005
12719,-2.3266199,-6.496015
12720,-1.235024,-6.0737953
12721,-2.1329863,-8.207515
12722,-1.1860826,-6.80197
12723,-3.709224,-6.2149434
12724,-4.7595525,-4.600633
12725,-4.266301,-6.8060575
12726,-4.9122725,-4.6290345
12727,-6.504471,-8.726828
12728,-5.3782096,-6.592022
12729,-7.804514,-6.346496
12730,-4.9608846,-5.5979943
12731,-4.522519,-4.073151
12732,-3.3156917,-6.4523625
12733,-1.956969,-6.636872
12734,-0.26255518,-6.699653
12735,-0.94142705,-7.0516396
12736,-7.467898,-4.859884
12737,-4.5878663,-6.0261593
12738,-1.311968,-6.2990675
12739,0.5925056,-5.7985706
12740,-3.7036262,-4.4192834
12741,-2.8179386,-7.4743805
12742,-5.5802097,-8.20921
12743,-2.9194276,-8.34667
12744,-1.7250506,-8.38122
12745,-0.55032825,-6.5741925
12746,-5.294122,-6.181084
12747,-2.5047793,-6.584526
12748,-5.9607377,-8.352609
12749,-3.3619783,-6.472072
12750,-2.749583,-9.079
12751,-0.99813676,-5.642133
12752,-1.4316157,-6.008276
12753,-0.9160921,-6.925904
12754,-2.508089,-5.80794
12755,-3.5418367,-4.901342
12756,-4.358439,-6.6124606
12757,-3.3518403,-6.488348
12758,-4.718232,-5.618129
12759,0.025877222,-3.0168414
12760,1.8591491,-5.2289867
12761,2.1610556,-6.0158467
12762,0.9463894,-7.2271795
12763,1.8985627,-4.615786
12764,3.4454937,-5.5986447
12765,4.174882,-8.190399
12766,1.3851867,-6.1257
12767,0.7498613,-6.814113
12768,-1.2918499,-7.6229734
12769,0.8222533,-8.578719
12770,3.8408659,-6.6359615
12771,3.0440829,-6.925547
12772,1.9563175,-6.86035
12773,3.8129556,-7.073848
12774,2.4069812,-6.435633
12775,3.4716387,-6.4395804
12776,4.6480684,-6.065701
12777,0.6165368,-6.3174195
12778,-0.99923944,-7.8070803
12779,-2.0824602,-5.3219504
12780,-2.12121,-9.332829
12781,-2.4046202,-4.9742994
12782,-3.6884673,-5.2344627
12783,-3.4489653,-7.6183767
12784,-2.9204874,-9.199284
12785,-2.6496973,-7.3986616
12786,-0.94066364,-9.806422
12787,-1.4088075,-10.12667
12788,0.42058066,-8.814385
12789,-0.5919157,-5.6700544
12790,-1.501478,-7.265569
12791,-0.8209443,-7.8647394
12792,-3.6500394,-7.3960047
12793,-3.4271593,-5.5146284
12794,-3.9911268,-6.626832
12795,-5.699115,-4.95198
12796,-5.40458,-6.2242956
12797,-4.4651756,-4.9658995
12798,-5.2032466,-8.404425
12799,-1.4101948,-8.117787
12800,-3.10361,-7.778989
12801,-0.6580965,-6.1114573
12802,-1.4233181,-6.67814
12803,-4.4696035,-4.282089
12804,-4.241404,-8.389482
12805,-1.7472712,-6.536831
12806,0.9187641,-6.627745
12807,-2.3301575,-9.368374
12808,0.107126415,-9.010306
12809,-1.3505216,-9.168242
12810,-5.5985103,-8.6769085
12811,-3.6359878,-7.9796343
12812,-0.64635855,-8.492795
12813,-3.9174368,-6.9235497
12814,-5.0899024,-6.413416
12815,-3.6027668,-5.704046
12816,-6.2057543,-6.592513
12817,-4.1474876,-5.7174163
12818,-2.634971,-8.118778
12819,-3.7657237,-4.367292
12820,-1.0126445,-7.763456
12821,-0.25291443,-5.000651
12822,1.0583574,-7.0771985
12823,2.047882,-8.829106
12824,3.201343,-6.816573
12825,-0.14381026,-8.961508
12826,-0.24887706,-9.410142
12827,-1.003567,-8.581312
12828,-2.4407458,-7.3470263
12829,-1.5714402,-5.5422053
12830,-1.9796163,-8.979573
12831,-1.6245793,-6.056905
12832,-1.0225486,-6.190169
12833,1.1566015,-8.26448
12834,-0.5607514,-7.5675826
12835,1.1080502,-4.868361
12836,-0.48402786,-9.103216
12837,1.2385699,-11.007532
12838,-0.14053905,-10.065668
12839,2.0250275,-8.451115
12840,-2.3605034,-8.4500885
12841,-1.1808444,-6.418773
12842,-2.7882438,-7.5639715
12843,-1.7075742,-7.1481476
12844,-1.7923644,-7.3236985
12845,-0.11972215,-7.5617747
12846,-0.6606609,-6.1588964
12847,0.07072353,-5.931486
12848,-2.6924608,-3.6553438
12849,-0.25517824,-7.747913
12850,-2.951176,-5.533062
12851,0.10981325,-8.747565
12852,2.05351,-8.178875
12853,1.7802545,-11.113074
12854,-2.232006,-8.158011
12855,-2.2884326,-6.7200675
12856,0.35924983,-4.6791587
12857,1.1437628,-6.872824
12858,-1.567163,-6.152611
12859,-1.0998129,-7.669663
12860,-2.7715304,-7.792702
12861,-0.3297859,-6.9313602
12862,-4.2779036,-6.122417
12863,-2.088911,-6.005468
12864,-3.7271686,-8.381983
12865,-0.7765075,-9.766902
12866,-0.25704595,-6.3510284
12867,-1.3830703,-7.8306236
12868,-3.8863468,-8.513501
12869,-1.8964155,-8.522395
12870,-1.489089,-9.006128
12871,-2.6033719,-8.059663
12872,-1.910158,-6.8428936
12873,-2.0307074,-5.904728
12874,-1.8314966,-10.729113
12875,-1.4362571,-10.511133
12876,-2.694644,-7.339642
12877,-4.5753317,-7.9818063
12878,-1.7313408,-7.267328
12879,-1.1380217,-8.680928
12880,-0.69720125,-7.7385955
12881,-1.1249135,-10.133479
12882,-1.3571733,-12.491163
12883,-1.0383848,-11.387986
12884,-1.8605461,-9.979403
12885,-0.30884296,-7.861516
12886,0.12334515,-11.483077
12887,-2.6980774,-9.530671
12888,-2.768555,-10.118517
12889,-0.44027057,-7.737756
12890,0.84300005,-12.331288
12891,0.17164664,-7.226164
12892,-0.80339324,-9.003087
12893,-0.84442896,-10.42852
12894,1.3974619,-11.9600725
12895,0.49239355,-9.973062
12896,0.7895589,-8.319194
12897,-1.9001392,-9.624796
12898,0.030011686,-8.6193905
12899,-0.087209344,-10.532986
12900,-4.8371873,-8.278931
12901,-6.943918,-11.104266
12902,-4.341324,-12.069375
12903,-6.3668075,-10.3276615
12904,-5.843136,-10.568741
12905,-6.3224473,-11.150063
12906,-2.4895267,-12.08895
12907,-1.3348343,-11.353675
12908,-3.6651444,-12.53685
12909,-2.1132681,-11.9128275
12910,-0.61750895,-9.859141
12911,-4.9715986,-9.052933
12912,-4.1968765,-7.365614
12913,-5.1721,-6.983657
12914,-2.3961236,-9.911951
12915,0.4422689,-6.2717376
12916,-2.286607,-10.392503
12917,-2.7537975,-11.621093
12918,0.7413747,-13.461776
12919,-1.213474,-9.805992
12920,-3.707657,-9.7864485
12921,0.7466741,-10.259557
12922,0.9081714,-7.787026
12923,0.45898703,-10.702826
12924,0.19852446,-13.170955
12925,-4.4709706,-9.966191
12926,-5.840928,-11.07264
12927,-6.6367946,-9.884559
12928,-6.9161973,-8.556211
12929,-3.9234254,-7.1277823
12930,-3.9814978,-8.3481045
12931,-2.5786939,-9.267526
12932,-3.7043843,-9.929473
12933,-7.887164,-10.268219
12934,-4.845604,-10.700542
12935,-4.4608707,-7.2448025
12936,-4.652908,-7.3993626
12937,-4.102274,-9.25979
12938,-3.9062912,-10.229444
12939,-2.7650774,-11.69404
12940,-3.1657834,-7.8241353
12941,-1.7331499,-7.7167706
12942,-1.2874566,-7.0123835
12943,0.33390433,-10.048815
12944,-1.8266021,-6.1482587
12945,-2.0419037,-6.8910074
12946,-4.9256735,-7.334605
12947,-4.614885,-8.701618
12948,-2.6314662,-8.287565
12949,-3.3881798,-8.291605
12950,-4.938226,-8.103052
12951,-2.8106108,-6.5571923
12952,-3.0541399,-6.042438
12953,-8.89251,-6.1143913
12954,-8.447288,-8.174231
12955,-6.0665736,-7.0983176
12956,-7.85573,-10.133566
12957,-7.52049,-12.130621
12958,-5.5860353,-10.421016
12959,-4.1291246,-9.98619
12960,-1.7766807,-12.13958
12961,-2.9900582,-8.208308
12962,-1.5516354,-7.850983
12963,0.13298067,-11.485573
12964,1.9847766,-7.7059608
12965,-4.1486154,-12.115237
12966,-2.4486473,-9.177133
12967,-2.3433726,-7.606563
12968,-0.47436097,-11.465185
12969,-2.158366,-11.693391
12970,1.4575689,-8.798826
12971,-0.5071782,-10.986099
12972,2.6950104,-7.5933685
12973,2.1898873,-10.526464
12974,-0.2658738,-10.142174
12975,2.1704767,-10.81487
12976,0.6914334,-9.19907
12977,5.9367876,-9.055704
12978,4.77212,-11.112578
12979,-2.1569948,-10.095894
12980,-4.925039,-11.404853
12981,-1.2933159,-15.021976
12982,-1.6551405,-11.753081
12983,-2.7513664,-11.051517
12984,-1.9404416,-9.861416
12985,-1.3075781,-7.9088154
12986,-4.52751,-11.454196
12987,-1.9118811,-9.424837
12988,-1.0609254,-12.067883
12989,-3.877766,-12.223546
12990,-0.35047233,-12.966488
12991,1.492865,-12.162933
12992,2.7254639,-13.617165
12993,1.8441885,-11.52815
12994,0.61196065,-9.232586
12995,-0.91991925,-7.081699
12996,2.2730699,-8.365446
12997,2.9810495,-9.44286
12998,1.5264312,-11.748113
12999,3.327672,-11.189549
