Frame,PC1,PC2
0,6.759801,-5.096963
1,7.4304624,-5.291787
2,5.8563194,-6.6720386
3,6.8403273,-4.602849
4,6.715518,-8.534058
5,6.129152,-9.207127
6,5.510578,-6.5494366
7,5.6611223,-5.5725117
8,6.695579,-6.383814
9,5.808659,-7.139647
10,4.534452,-7.4282346
11,5.79999,-7.106101
12,5.6686172,-6.665651
13,6.3470106,-4.9827456
14,6.814416,-5.4224234
15,7.6318216,-9.829976
16,4.361603,-6.356598
17,7.657234,-6.0999155
18,6.0522385,-8.120895
19,5.8182693,-7.538347
20,5.054845,-7.1308684
21,7.046974,-6.8734574
22,5.5660625,-5.436337
23,6.5446534,-6.705258
24,6.1550627,-8.961862
25,6.4789767,-6.840746
26,5.956559,-5.430886
27,6.7706704,-6.0440683
28,7.0660567,-6.2588096
29,6.3096795,-4.2549176
30,5.6924496,-2.9457276
31,6.848849,-8.274827
32,6.746471,-6.638835
33,5.0175996,-5.561883
34,6.3358436,-4.2089267
35,7.144992,-7.7955155
36,5.568172,-4.536235
37,6.6000953,-6.927544
38,6.3509903,-5.166345
39,6.3451138,-6.698437
40,8.074721,-5.7825084
41,8.181321,-6.873361
42,7.5065937,-4.1937146
43,7.8292522,-5.3175387
44,7.646178,-4.150536
45,8.49446,-5.5241256
46,6.6141624,-9.073557
47,4.8954167,-3.9228864
48,7.362815,-7.2804127
49,5.453889,-7.1844363
50,3.1281157,-8.878965
51,7.3182087,-8.314212
52,5.8036814,-8.812062
53,6.3169823,-6.139276
54,5.955631,-8.258063
55,6.5074697,-6.2909575
56,6.987961,-4.7278543
57,6.9474125,-4.8945136
58,6.4314933,-4.8571935
59,6.700739,-4.20954
60,5.2680535,-4.9956264
61,4.5674734,-3.0866985
62,6.905225,-4.580804
63,6.679808,-5.032682
64,7.691059,-4.49195
65,6.941499,-3.0779808
66,8.161374,-4.18414
67,6.6549635,-5.1065426
68,4.487596,-3.311921
69,4.9741797,-6.560595
70,8.064215,-5.096785
71,5.470604,-5.405491
72,5.4459233,-4.961553
73,6.43748,-5.622424
74,5.9959583,-3.2948093
75,6.0769987,-4.464469
76,6.7732854,-2.6743312
77,6.561406,-4.3422284
78,5.731677,-6.1951666
79,6.503677,-5.000182
80,7.7579336,-5.6307564
81,6.793124,-5.138577
82,6.1940064,-3.7176015
83,6.336821,-6.820771
84,7.1621556,-2.8924706
85,8.511359,-4.4522777
86,8.214151,-2.934281
87,6.237473,-2.3662484
88,7.528837,-4.6930795
89,6.6953635,-3.6213129
90,4.788509,-0.23369916
91,5.685334,-1.9702084
92,8.241665,-1.1332716
93,7.049199,-1.7181146
94,7.8181596,-2.6947203
95,8.516025,-4.9093814
96,7.300028,-3.785887
97,6.7158246,-4.1699033
98,6.2023177,-1.4815369
99,8.734907,-0.9760635
100,9.233501,-2.6754487
101,6.2902293,-2.4321353
102,8.701326,-3.9346457
103,8.702396,-4.547927
104,5.0870934,-4.52837
105,4.0160375,-4.5538335
106,5.1925426,-4.1814346
107,6.134264,-5.520646
108,5.8675013,-3.6235244
109,4.463754,-5.137171
110,5.2780886,-1.0395601
111,2.0363514,-3.5138092
112,4.912542,-4.812736
113,6.315725,-2.4894912
114,5.4693813,-5.0183344
115,4.453894,-4.474822
116,4.5480585,-4.8664074
117,5.435242,-4.6712008
118,4.705258,-4.5617704
119,5.0868835,-4.4448404
120,4.7789497,-6.1299396
121,4.982639,-4.1159534
122,4.996447,-4.3857718
123,4.805947,-3.274376
124,5.4712625,-4.545574
125,4.701708,-3.1762598
126,3.7222397,-2.7609727
127,6.313955,-3.195348
128,7.1147575,-3.3167517
129,4.9529953,-5.0131865
130,6.0115056,-4.547712
131,5.4578047,-5.039622
132,6.1218085,-7.3585854
133,7.1320934,-5.832314
134,6.654098,-3.9410877
135,5.5045547,-1.4262081
136,7.0540123,-2.42083
137,6.3328104,-3.9870555
138,4.6374493,-1.9023081
139,6.1760993,-2.8955572
140,7.1498895,-3.1946502
141,7.163471,-0.7938709
142,2.9038794,-1.8266385
143,6.663035,-6.486617
144,5.7536254,-5.00846
145,4.608928,-3.8735037
146,5.372513,-2.8064368
147,6.4773016,-1.6038247
148,6.2384825,-2.5957532
149,7.6161823,-5.8470836
150,5.5488386,-4.1679554
151,6.2754145,-5.4117613
152,5.28319,-4.0877867
153,7.0935,-3.5424094
154,7.3697157,-3.2309012
155,6.527856,-2.55258
156,5.815066,-2.5795288
157,6.3124394,-0.96037
158,7.4059973,-3.3647437
159,6.766611,-4.934109
160,5.540609,-5.8112288
161,6.135013,-3.2729902
162,6.524822,-2.554802
163,5.7240586,-3.3602757
164,6.854058,-2.5007193
165,6.0281825,-0.9036944
166,6.835744,-3.648384
167,5.712901,-2.6390972
168,7.56838,-1.3932326
169,5.814361,-3.068347
170,6.471257,-3.6681414
171,8.910732,-4.1625166
172,8.419423,-4.349517
173,7.8699284,-6.5782146
174,7.3816404,-2.544953
175,5.6038747,-3.8156922
176,7.917786,-2.9685843
177,7.29437,-2.4388652
178,7.5874205,-4.808304
179,7.183415,-4.4696674
180,6.391843,-4.6757317
181,6.721504,-4.6945825
182,7.4681005,-2.2566016
183,5.9486227,-2.0338511
184,7.8220854,-4.3239517
185,6.93514,-2.7463336
186,7.1277094,-3.2419353
187,5.7510514,-5.399568
188,8.119471,-5.665957
189,6.250234,-3.9665086
190,7.3764935,-6.22321
191,6.1809335,-1.115408
192,6.029605,-4.980257
193,4.8687444,-3.168776
194,6.8124213,-7.8930554
195,6.2781234,-4.8749557
196,5.77353,-5.936826
197,7.699889,-2.8742754
198,6.9171686,-7.166491
199,6.207217,-5.5357614
200,7.1919856,-6.004055
201,6.878433,-7.359746
202,6.188226,-6.6850185
203,7.663308,-6.6016917
204,6.791484,-8.415733
205,6.59232,-5.6784186
206,7.8498554,-7.1771293
207,8.885232,-10.046122
208,6.6351786,-6.2568755
209,7.2402096,-2.840337
210,6.6516333,-5.716087
211,8.971323,-4.222678
212,6.843268,-4.486916
213,5.88123,-4.855238
214,7.340698,-4.236714
215,7.4907293,-7.838631
216,5.6794844,-4.756772
217,7.8120556,-2.779102
218,7.1618567,-2.7133257
219,6.3308682,-1.6111064
220,6.5247793,-3.8316696
221,8.158552,-3.730951
222,7.0756536,-5.098421
223,9.142131,-5.269119
224,6.907069,-5.2288904
225,6.7139564,-5.6186023
226,5.9081283,-3.9881406
227,7.1660275,-1.9939165
228,6.3922844,-1.9426538
229,6.5100656,-2.4411845
230,5.0477185,-4.050224
231,6.4530487,-5.0319953
232,6.1657147,-5.018297
233,6.924638,-4.533182
234,6.8905134,-2.5030077
235,5.52261,-2.9911861
236,7.1282883,-3.9353707
237,5.8294044,-5.209033
238,7.9750023,-4.918872
239,5.7491236,-4.3320937
240,5.185361,-4.0137324
241,6.064413,-4.3501
242,8.151905,-3.189871
243,5.4993296,-3.1280067
244,6.9384704,-4.0389256
245,6.423748,-4.8722744
246,4.39569,-5.712488
247,4.1655927,-4.1269946
248,8.000687,-2.8137066
249,7.109233,-3.4218957
250,6.232624,-3.7487445
251,7.5810523,-2.716786
252,7.8730917,-4.795402
253,6.3692603,-4.7699594
254,4.6397433,-4.401485
255,6.3782263,-3.3374555
256,6.4214745,-4.071976
257,7.9315586,-4.5544915
258,6.426946,-5.4300942
259,5.5122676,-2.0907047
260,4.695664,-1.060787
261,6.8179445,-3.1306262
262,5.14354,-2.669557
263,7.2516108,-2.541413
264,6.2098126,-3.733996
265,6.6756754,-3.4846814
266,5.6085424,-5.049137
267,7.046517,-4.9210377
268,6.877346,-3.2098627
269,4.6682706,-3.6500745
270,5.0261087,-4.063197
271,7.537391,-5.18275
272,8.0714855,-6.535486
273,6.633348,-5.245942
274,6.9069176,-4.8413253
275,6.6773043,-2.845477
276,6.9146543,-2.2787957
277,7.208705,-5.2871957
278,7.4330354,-3.4535823
279,8.179654,-2.8736804
280,7.2599754,-3.1738744
281,5.819996,-1.2702636
282,7.0867033,-1.9352208
283,6.9003997,-3.6420162
284,6.059731,-1.9796311
285,4.9508276,-4.903441
286,6.8708344,-4.057032
287,6.916178,-3.9489932
288,7.1301513,-4.5508947
289,5.35553,-5.3320665
290,7.1222234,-5.2321434
291,3.7076259,-3.8646412
292,4.539012,-2.23106
293,4.776656,-3.927669
294,7.0817494,-3.314827
295,7.1615944,-6.7395544
296,7.102958,-4.222965
297,5.888226,-2.997603
298,6.4371142,-3.5549965
299,6.7580924,-2.6225293
300,6.667492,-2.0822718
301,5.5564795,-2.177196
302,4.7737656,-3.2200966
303,5.9246483,-3.3521514
304,6.075137,-2.295699
305,5.465142,-4.4794526
306,5.1833744,-2.1212845
307,4.6911807,-2.8938913
308,6.8490663,-4.6022887
309,6.889121,-4.0615945
310,7.7136045,-3.7377975
311,6.178516,-1.62059
312,5.9515653,-0.14013079
313,6.1383166,-2.611029
314,6.815979,-0.8416017
315,5.849083,-1.6067823
316,5.249669,-3.490247
317,4.5006466,-2.3544047
318,5.9396243,-2.6953971
319,5.6962395,-4.232829
320,5.765828,0.35355806
321,5.712425,-5.071979
322,4.877974,-2.741186
323,4.8413754,-2.7409751
324,6.4601083,-4.8135786
325,6.2288675,-2.1952703
326,4.6345234,-3.950575
327,6.000087,-3.6597836
328,6.6868463,-3.6456635
329,6.189399,-0.07995184
330,7.753269,-2.5234265
331,6.805465,-1.294444
332,6.7602925,-1.3608383
333,7.3209667,-1.5780272
334,5.854699,-4.786795
335,4.2920628,-3.5183465
336,7.15386,-4.5311337
337,4.8257003,-2.160024
338,6.7925024,-1.2567555
339,6.455203,-3.0299623
340,5.4844484,-2.5082095
341,5.156097,-4.276839
342,6.949138,-6.2347617
343,5.0172205,-2.1462626
344,4.0344915,-2.8234956
345,4.714949,-2.295138
346,4.6243157,-4.702073
347,4.747961,-2.1242428
348,4.3232803,-1.5092949
349,5.9753585,-3.2839131
350,5.318621,-3.8183508
351,6.0225086,-2.972156
352,8.193718,-4.8266115
353,5.7668867,0.03576476
354,6.691413,-4.893945
355,6.3318863,-4.0881276
356,6.675493,-0.0070400666
357,6.5625706,-4.25118
358,5.154922,-2.1044383
359,3.3101513,-1.1258414
360,5.510969,-3.3478334
361,5.2548995,-3.642937
362,5.471557,-4.5552683
363,6.239913,-4.0790005
364,5.457575,-4.717084
365,4.594486,-3.8504713
366,6.8735733,-1.1765047
367,5.740593,-3.3581545
368,3.9893813,-2.667199
369,4.863817,-4.683549
370,5.69687,-1.9683663
371,5.3748894,-4.078517
372,4.241066,-2.3245866
373,5.829592,-4.51987
374,4.8328376,-3.8695545
375,4.042242,-2.7731142
376,5.3851027,-5.132225
377,3.7122402,-4.1721463
378,3.2949831,-5.2791405
379,5.1140494,-5.16668
380,5.6300507,-1.4694014
381,4.785404,-4.399967
382,5.170978,-3.5503967
383,6.843907,-5.7778053
384,5.1548758,-2.8168435
385,4.303424,-3.7829928
386,5.3661547,-4.647819
387,5.1162972,-2.5633516
388,4.8595977,-2.891943
389,5.4425983,-4.6969943
390,4.978838,-0.024206778
391,5.5192666,-4.5451202
392,6.5925703,-3.0994856
393,6.718273,-4.2997804
394,5.7196736,-6.402887
395,8.19798,-4.136437
396,7.794621,-5.0528917
397,7.577312,-5.924707
398,6.8983226,-7.5751743
399,6.625337,-6.249977
400,5.1363606,-4.4372907
401,6.071756,-5.110011
402,5.592747,-3.94967
403,7.2544723,-4.266784
404,5.879739,-2.8631365
405,5.923338,-6.472897
406,6.6267676,-2.3681533
407,6.301463,-5.956659
408,6.2512336,-5.350182
409,4.881338,-5.692769
410,6.0496926,-4.4551954
411,6.3517995,-5.2738433
412,6.2581735,-2.2882216
413,5.4620175,-3.0234318
414,5.6321754,-3.6012273
415,6.4240274,-3.5867772
416,5.6753106,-3.825963
417,4.794464,-3.636876
418,5.2626457,-3.6960363
419,5.192899,-3.1193693
420,4.833693,-6.6513333
421,4.1113462,-2.7390547
422,4.0666037,-5.354248
423,6.4115453,-3.482586
424,6.8743334,-6.1937723
425,4.896286,-6.5340357
426,5.775347,-4.8768225
427,4.2870517,-6.4432993
428,4.298843,-5.377415
429,5.3581004,-4.919159
430,4.8994346,-5.309875
431,4.999919,-2.9067028
432,4.7497554,-4.215608
433,6.1753044,-4.8098297
434,7.516411,-6.005737
435,5.577693,-8.894237
436,5.8582525,-6.069248
437,5.942344,-4.5306897
438,3.2308693,-1.9626638
439,6.168106,-3.5030682
440,5.771783,-3.3031852
441,6.4256325,-5.4836864
442,5.3773484,-4.818859
443,5.438693,-3.8511355
444,3.7142575,-1.4898678
445,2.4570436,-2.1187274
446,2.9789398,-4.921997
447,5.498882,-3.5430324
448,5.7395988,-4.2697554
449,6.405517,-3.4005072
450,6.6069126,-5.1306257
451,5.5485663,-5.316708
452,2.396519,-4.3234563
453,2.949986,-3.2369978
454,4.181581,-3.0775352
455,5.5985785,-3.6875072
456,6.9357443,-8.181434
457,3.9520562,-8.683381
458,4.853225,-4.81405
459,6.1146126,-5.0054755
460,5.30161,-4.4756145
461,5.440745,-3.519134
462,5.5882487,-7.4418354
463,4.0874796,-3.5607345
464,3.9405973,-6.0024548
465,3.4871566,-6.0492606
466,6.070219,-3.7770183
467,3.4034643,-3.8145967
468,4.3558426,-4.889695
469,3.7825546,-2.342789
470,4.832631,-5.960605
471,5.173071,-7.1184244
472,4.4741106,-4.2580132
473,4.2261586,-5.88104
474,3.878903,-3.7040274
475,4.568897,-5.196296
476,3.7039492,-2.8686547
477,4.8369093,-4.430567
478,3.052245,-4.080975
479,2.761819,-3.2767384
480,4.688755,-7.302174
481,7.027364,-5.0863376
482,6.341194,-5.6284256
483,5.0223517,-6.670302
484,5.671297,-3.5257888
485,5.775371,-7.387628
486,6.514046,-5.501936
487,4.224864,-1.687207
488,5.053568,-4.867703
489,6.156341,-2.8210578
490,5.942406,-3.9482033
491,6.0080714,-5.6976285
492,4.7306447,-3.9536185
493,7.982642,-4.104651
494,4.6865287,-5.517621
495,4.7494802,-6.5362334
496,7.509566,-1.9598258
497,3.8155804,-5.6672006
498,5.408248,-4.0471745
499,5.524962,-6.4362516
500,5.5923223,-6.393938
501,6.734495,-5.558696
502,8.501856,-7.1593385
503,5.061846,-6.4200454
504,5.83093,-7.5033665
505,4.478121,-7.198073
506,7.759644,-7.474459
507,7.166576,-6.7515006
508,8.603341,-6.4780746
509,7.385121,-5.555528
510,7.887812,-5.1221633
511,6.187871,-6.3836656
512,8.389594,-5.6703796
513,4.539118,-4.354774
514,5.761862,-5.6337557
515,3.0778673,-2.837018
516,6.4762635,-4.407477
517,6.790361,-4.6580644
518,4.6654363,-4.095064
519,6.2428145,-4.8328195
520,6.548335,-5.8503494
521,6.386309,-3.9115071
522,5.421896,-1.8042653
523,5.682782,-5.652669
524,6.2186236,-5.3245497
525,5.5782857,-6.227448
526,6.6437364,-6.649149
527,4.3593416,-7.497341
528,7.101061,-7.5743227
529,4.0552545,-7.269277
530,6.1908245,-4.377237
531,6.800723,-5.7882214
532,6.2507777,-4.7339926
533,5.6190634,-8.108927
534,4.8030987,-6.2893567
535,5.7052917,-5.6039305
536,6.062398,-6.860113
537,5.9509315,-7.292965
538,4.5004063,-7.600179
539,5.2635245,-5.795372
540,4.281438,-6.976901
541,4.566567,-5.9214807
542,6.9936013,-4.0108066
543,7.583471,-6.0013433
544,5.54026,-3.947896
545,7.598834,-5.5693803
546,7.846835,-6.484004
547,8.553294,-9.024239
548,7.992381,-6.1450477
549,6.65397,-3.4650743
550,7.2400665,-6.899508
551,4.593856,-3.083542
552,5.2990994,-5.285581
553,6.6877775,-4.782995
554,5.4126015,-6.8628144
555,3.3539038,-5.085135
556,3.2535028,-5.2060533
557,5.478389,-5.5692124
558,4.194716,-6.854438
559,3.795368,-2.6948075
560,4.549976,-4.0814853
561,2.957749,-3.4944613
562,2.7850492,-2.2849307
563,8.139054,-1.809653
564,4.5548034,-3.5179863
565,6.7796407,-1.6896051
566,3.9395003,-3.9763427
567,2.9894197,-4.8310266
568,5.628543,-3.2692497
569,2.1974056,-6.049499
570,5.790209,-6.1392565
571,4.4582286,-4.3982296
572,3.4834943,-4.8165746
573,5.392867,-4.5245957
574,5.7753215,-6.775403
575,5.193098,-5.3236537
576,3.7614408,-4.4138975
577,3.9069402,-6.496997
578,3.6570718,-5.176774
579,2.4036863,-3.3676043
580,3.2192297,-4.455311
581,5.641046,-3.4051332
582,4.0324664,-5.2923274
583,3.1885517,-2.7954338
584,6.117709,-2.4567676
585,1.7983435,-8.072709
586,1.885717,-4.8109174
587,3.7537527,-4.503767
588,3.7402558,-3.4603121
589,4.458586,-5.563694
590,4.793166,-4.822605
591,1.9511535,-2.9961634
592,4.523249,-4.8751616
593,3.2056124,-2.0481417
594,3.7670612,-4.2862988
595,2.618611,-4.828878
596,3.787116,-2.4086668
597,3.9614756,-5.376459
598,3.6436677,-3.0297673
599,3.8382502,-3.7746606
600,4.353692,-2.5151534
601,4.4175158,-4.268552
602,5.0665035,-5.6011777
603,6.6048694,-4.6652555
604,6.688142,-8.569365
605,5.9808774,-6.1284842
606,5.253065,-6.581793
607,6.1958823,-5.1306777
608,3.7965484,-7.0532784
609,4.4609194,-5.3074217
610,7.5147967,-5.0847673
611,7.1695523,-5.887424
612,4.400686,-3.6283545
613,4.960421,-5.1485605
614,4.305053,-4.8521466
615,5.128839,-6.4245524
616,6.47196,-6.1643744
617,5.116178,-7.847619
618,5.2344174,-5.1889215
619,6.165421,-5.1010537
620,5.5021925,-3.5234277
621,4.9332676,-5.3352637
622,5.618654,-4.899966
623,6.3649764,-7.198999
624,5.003832,-9.720421
625,3.9660187,-6.564566
626,7.4036036,-9.613294
627,4.5036626,-5.6879916
628,5.7045493,-8.559054
629,5.48851,-6.282918
630,5.303013,-7.2416644
631,5.771588,-7.678837
632,6.2014585,-3.7193286
633,7.8056254,-4.2770925
634,6.5935493,-7.3142147
635,6.029225,-3.1459436
636,6.4369664,-2.7949705
637,6.7992544,-5.8516455
638,6.7659674,-7.059571
639,6.1602726,-6.2718096
640,6.4570675,-5.1672845
641,6.3939056,-6.2793508
642,6.250305,-4.963391
643,6.3981967,-4.2186728
644,6.88834,-6.9440904
645,6.252899,-6.6290393
646,6.2005467,-3.1587248
647,6.9490275,-3.981623
648,7.032389,-6.7813587
649,8.376187,-6.7205114
650,5.2179265,-3.0246506
651,6.262203,-3.4700816
652,7.2613206,-3.9695218
653,6.3042045,-4.9650545
654,7.3922296,-4.0034018
655,6.4889126,-5.4878936
656,6.0301495,-3.587527
657,6.1727476,-4.765239
658,6.702864,-6.62264
659,3.770133,-7.0449047
660,6.231778,-3.8720167
661,9.391309,-8.029344
662,6.407834,-6.6190343
663,6.9657164,-7.575855
664,6.832058,-5.9480457
665,5.551263,-4.7295885
666,6.2666464,-4.740454
667,6.1782675,-6.439387
668,7.5410113,-7.384026
669,7.1922946,-4.288559
670,6.8809247,-4.3293386
671,7.053939,-4.059177
672,8.3900385,-7.1139097
673,7.452407,-5.8633857
674,5.862491,-5.019133
675,7.760858,-5.4245925
676,8.091316,-4.860006
677,8.275221,-5.382206
678,8.315096,-4.770368
679,7.120276,-6.515996
680,7.537836,-9.081523
681,6.9279747,-7.9243345
682,5.9672966,-6.962898
683,5.673161,-6.215069
684,8.363121,-7.4626417
685,8.312152,-4.898242
686,6.6642075,-5.629388
687,5.1676016,-8.351798
688,4.459212,-5.4290543
689,7.174015,-7.1275425
690,5.77013,-5.4066114
691,7.2785563,-6.258389
692,6.6743164,-7.500103
693,4.9083533,-4.222427
694,6.7786355,-9.627489
695,8.775262,-6.1983685
696,6.2993817,-7.5739746
697,6.222691,-6.615549
698,8.536005,-5.353003
699,5.535859,-5.5964203
700,7.382323,-4.8263845
701,5.2990937,-6.245691
702,5.9972477,-3.883104
703,8.746171,-5.597356
704,8.571284,-4.231082
705,5.284028,-6.9341
706,8.050737,-7.4740624
707,6.546307,-6.8478155
708,4.751445,-4.240944
709,5.062404,-4.657914
710,6.8926454,-4.082993
711,9.233338,-3.6720235
712,6.533465,-4.66809
713,5.7987676,-4.040985
714,4.864475,-5.1723456
715,6.8962016,-7.180924
716,6.821821,-8.125056
717,5.103507,-4.11028
718,5.3281164,-4.27045
719,4.6955185,-3.7199354
720,6.102022,-0.77546144
721,7.551684,-6.383401
722,6.1975074,-7.165739
723,8.246728,-7.374945
724,7.7356324,-6.1342096
725,6.20233,-6.00635
726,6.445363,-3.9185774
727,7.7938733,-5.3703017
728,5.7894197,-3.2433739
729,6.099712,-7.911438
730,6.9474106,-7.2254586
731,6.9524293,-5.8656945
732,9.366301,-4.327885
733,6.234181,-5.467161
734,7.207739,-3.6891763
735,5.0711865,-3.880527
736,7.243666,-7.6821103
737,6.4241133,-7.4951534
738,5.622016,-8.685256
739,6.499584,-10.242481
740,6.3358316,-8.251999
741,6.578828,-6.7547836
742,5.5859904,-6.8843465
743,5.2294445,-6.354315
744,8.634235,-4.6982307
745,5.347635,-6.290282
746,7.9849586,-7.496262
747,8.340127,-6.701265
748,8.000884,-9.529374
749,6.2298436,-10.2983
750,7.602646,-8.21784
751,7.805629,-6.9398136
752,6.6975374,-7.0869384
753,7.3480077,-7.101896
754,6.3277974,-7.1401453
755,7.5427504,-5.0950747
756,7.342762,-6.657318
757,7.536398,-7.1666226
758,6.055237,-7.8921695
759,7.674761,-6.7031593
760,8.927525,-4.8596287
761,7.0918427,-7.112276
762,5.9134746,-9.118702
763,7.955741,-5.478511
764,7.4402514,-6.3381715
765,7.427935,-7.9020896
766,6.0293026,-9.731905
767,6.0252466,-5.526655
768,6.777293,-7.859135
769,7.8864794,-7.839538
770,5.26986,-4.071876
771,6.081752,-4.8286204
772,6.0264344,-4.581431
773,6.3305187,-7.0341907
774,8.596172,-6.503835
775,8.576497,-1.7510587
776,6.776331,-2.451146
777,5.1941776,-3.234126
778,7.933703,-5.204282
779,8.792527,-4.6637383
780,6.523254,-6.6657147
781,6.1032853,-6.373063
782,5.921276,-6.4644465
783,5.9663143,-4.0247393
784,7.896924,-5.6758137
785,4.938369,-5.6648583
786,5.4411173,-6.2966056
787,5.392147,-5.7195096
788,7.147734,-8.415807
789,3.8670402,-3.7629755
790,8.806493,-5.3370924
791,5.993519,-3.7991967
792,7.1543174,-4.621798
793,6.678805,-3.4714165
794,8.677923,-8.101227
795,7.71564,-5.832297
796,9.227894,-7.4776807
797,6.5553656,-7.3554745
798,6.375391,-7.7514987
799,5.24754,-5.459335
800,7.9985857,-6.7322197
801,5.5281568,-4.6168823
802,4.927846,-3.6642177
803,7.2954297,-5.646719
804,5.5641084,-7.6497903
805,7.1855416,-4.533952
806,5.50372,-7.987597
807,5.726709,-5.7557178
808,5.686846,-5.1851745
809,5.480126,-4.632924
810,4.1542745,-4.7159
811,5.772411,-6.053325
812,6.0936804,-5.070327
813,7.536967,-2.6485312
814,4.7069855,-3.2996674
815,5.6686373,-3.9676094
816,4.8937078,-3.8758085
817,6.8609495,-2.8844855
818,5.662318,-3.23257
819,6.855517,-1.6125593
820,6.599499,-3.4389303
821,6.311538,-4.9610105
822,6.372192,-4.512715
823,6.033395,-3.5034387
824,5.5879836,-4.022961
825,6.6782975,-4.1321115
826,4.2089705,-2.6417308
827,5.551509,-3.8826125
828,6.4591193,-3.0365875
829,8.136831,-3.3992703
830,8.281241,-3.9708068
831,6.9885983,-2.7966058
832,7.5859556,-2.2630029
833,7.147698,-2.4876118
834,5.2522397,-3.3109126
835,5.8096147,-3.568409
836,5.963002,-1.8767587
837,6.082259,-1.8501472
838,4.669403,-3.987524
839,5.3016186,-2.9477038
840,6.479477,-3.0022748
841,4.5885305,-4.4097953
842,5.979092,-2.4589188
843,5.165528,-1.5259998
844,5.9024754,-3.3517208
845,4.6166463,-4.711254
846,3.8819067,-2.9330554
847,4.522718,-2.04351
848,2.1628325,-4.1128726
849,6.8235273,-3.20757
850,5.4768972,-6.17062
851,6.6388245,-5.102535
852,5.8203697,-4.657057
853,3.607026,-6.7622557
854,5.757671,-5.5031385
855,3.8312821,-4.505858
856,5.7574368,-4.707268
857,5.8788705,-2.589831
858,6.7518244,-1.9379898
859,4.658156,-2.585694
860,6.1048694,-5.763311
861,5.2266684,-4.988891
862,6.5110607,-4.765259
863,7.1805105,-6.7769685
864,5.3848457,-6.0074234
865,4.84353,-6.3925247
866,6.695318,-3.2161365
867,7.084046,-4.5660834
868,5.5539436,-2.1374273
869,4.687684,-3.9186392
870,5.905901,-4.721126
871,2.8087473,-3.3994846
872,5.2243085,-3.7488294
873,4.2360535,-4.8922276
874,5.0911717,-3.1225836
875,4.619796,-5.0519
876,8.263745,-5.9748487
877,6.217626,-7.363537
878,6.1406817,-4.058331
879,5.4350195,-8.112987
880,5.414145,-5.639088
881,7.0614314,-8.965222
882,6.227177,-3.7908444
883,7.075409,-5.5069237
884,3.8603997,-3.9007921
885,6.983606,-3.2485142
886,4.282785,-3.8464935
887,6.9711375,-7.254809
888,4.412651,-4.2673116
889,4.7323008,-3.5619109
890,4.7291923,-1.069664
891,7.6928344,0.38286045
892,4.8589687,-1.3839874
893,6.1366,-5.4307866
894,6.861864,-4.0192924
895,4.90708,-5.853817
896,7.5702705,-4.3385925
897,6.1789417,-2.7913496
898,7.0458684,-2.7965288
899,6.350609,-6.9513664
900,5.8924384,-3.9208248
901,5.6930814,-7.457577
902,5.829076,-4.916803
903,6.375923,-7.518551
904,6.916397,-3.6873934
905,4.850997,-3.4250991
906,4.474348,-4.0363665
907,5.231889,-4.4731655
908,2.1513872,-3.7204437
909,3.2117455,-2.4779077
910,4.5965633,-2.9398053
911,3.529565,-3.4522467
912,5.083025,-1.9980173
913,3.4297018,-5.900548
914,5.631448,-3.3402474
915,2.7491808,-5.6460643
916,5.1598363,-2.777362
917,6.999011,-6.0291886
918,6.211679,-5.183955
919,5.9599876,-5.7913055
920,3.5138755,-3.3029723
921,2.6039512,-4.0748143
922,3.8236609,-5.91852
923,3.4240909,-5.360022
924,5.1045513,-7.861518
925,4.3014092,-8.214421
926,4.991292,-6.550349
927,5.9358687,-5.420614
928,5.8020563,-8.526683
929,4.760985,-6.3697596
930,4.0433545,-6.950549
931,5.3066564,-7.3102045
932,3.9356225,-6.908795
933,5.269872,-4.445542
934,6.096525,-3.8984756
935,6.281877,-4.2705708
936,4.3126125,-5.2023063
937,7.579189,-4.7513294
938,6.7213864,-2.639144
939,5.539357,-1.3045416
940,5.4148393,-4.4801536
941,6.166568,-4.3016524
942,6.409051,-2.6480393
943,5.487004,-1.7716138
944,6.075477,-4.212634
945,5.6343403,-4.662634
946,7.808889,-5.325414
947,6.5456824,-4.19858
948,8.270604,-4.571174
949,6.9942217,-2.986504
950,7.2350364,-4.275542
951,4.3215055,-4.1778665
952,5.234222,-2.9277008
953,4.91806,-3.1704767
954,6.356737,-3.9408946
955,4.568416,-4.587832
956,5.7508516,-4.3260403
957,6.0736995,-3.5896738
958,4.010224,-2.70341
959,5.551414,-2.9510894
960,5.3499675,-4.366425
961,4.6587706,-3.8437278
962,6.804836,-5.814889
963,5.701516,-2.6310189
964,6.0100965,-7.1118565
965,4.7107043,-4.318882
966,5.346919,-4.1388063
967,6.1201253,-4.65313
968,7.1795897,-4.6190424
969,7.2427316,-4.2859883
970,3.8419392,-3.4007914
971,4.9580193,-5.829298
972,5.1952095,-6.3230166
973,5.4627223,-4.516877
974,6.5174704,-6.333517
975,6.253922,-5.706739
976,3.6042256,-8.771351
977,5.5042615,-5.5142336
978,6.0161834,-7.737303
979,5.84132,-6.6008897
980,6.73202,-8.428694
981,6.228396,-3.9766736
982,7.7281127,-6.5307074
983,6.6067348,-4.3805485
984,8.388741,-4.291259
985,6.5672665,-2.3959124
986,7.656938,-6.652944
987,5.1351576,-6.0825095
988,6.5166836,-2.0576375
989,6.8811355,-1.441305
990,7.3960867,-2.751549
991,4.924557,-5.5087013
992,6.844119,-3.9414759
993,5.9047065,-6.6074166
994,4.498132,-4.5305276
995,5.3431,-5.3563733
996,5.8292136,-3.5846055
997,6.9288898,-4.889021
998,7.526515,-2.8626742
999,5.9439254,-2.8036888
1000,7.660207,-4.91454
1001,5.062073,-4.1526318
1002,4.7337456,-5.2825494
1003,5.3389654,-4.4253473
1004,7.283212,-6.2574315
1005,7.367888,-6.9837933
1006,6.064374,-4.709123
1007,5.145081,-4.876464
1008,5.6163177,-6.326999
1009,6.9138064,-3.5986702
1010,5.7592607,-3.142136
1011,5.2608943,-4.196826
1012,7.415577,-4.536565
1013,6.9794393,-3.2056613
1014,4.4235206,-4.0094194
1015,6.0348425,-4.089046
1016,5.2495785,-2.9992266
1017,6.2599053,-2.6129727
1018,5.362445,-4.601011
1019,4.2086806,-5.2392125
1020,3.8603966,-4.1111636
1021,3.9260209,-3.3366017
1022,3.2892237,-6.5694995
1023,5.388479,-4.5291786
1024,6.482557,-6.508745
1025,6.893729,-6.7443957
1026,4.2154274,-6.642687
1027,4.4832344,-5.006506
1028,6.2517443,-7.9296823
1029,3.8867,-5.253622
1030,5.76846,-6.1152115
1031,4.9673753,-3.5865114
1032,7.1697326,-6.5248094
1033,4.7368464,-5.26229
1034,4.1130075,-4.7925396
1035,6.1128316,-2.7620773
1036,6.4849615,-3.8664265
1037,3.5467262,-4.95266
1038,4.727436,-3.856544
1039,5.53122,-6.4493585
1040,4.545982,-4.4442663
1041,3.683415,-4.572672
1042,2.6297717,-3.188662
1043,5.2805953,-3.2489316
1044,2.4564488,-5.889155
1045,5.5064497,-5.2637815
1046,6.448453,-5.3013687
1047,7.4754496,-5.134404
1048,5.774314,-8.911294
1049,6.4183483,-8.517921
1050,8.067611,-8.292112
1051,5.434726,-3.65157
1052,6.608298,-6.677233
1053,6.691668,-4.4865856
1054,6.1753855,-7.4124274
1055,5.6130915,-7.0089445
1056,5.962678,-4.344535
1057,6.469284,-6.1189847
1058,6.270415,-3.2098455
1059,5.234685,-2.3345356
1060,5.36747,-3.9091356
1061,5.74568,-4.042198
1062,5.1581445,-4.4827976
1063,5.8143625,-5.685817
1064,8.546109,-4.914904
1065,6.0826926,-3.236577
1066,5.550327,-5.136057
1067,6.5921955,-5.3540807
1068,4.9799795,-6.280658
1069,4.167008,-6.2595644
1070,5.791807,-4.9236293
1071,5.1617045,-5.439031
1072,4.909389,-7.9140563
1073,5.5499854,-6.00306
1074,5.596705,-8.620031
1075,5.7458158,-8.060019
1076,5.3742375,-6.9076314
1077,6.529436,-5.5437136
1078,6.9188957,-6.404328
1079,7.8186116,-8.675577
1080,5.905046,-3.0218618
1081,7.387716,-4.2319455
1082,6.394608,-5.913317
1083,6.9412932,-6.7880673
1084,6.7404385,-6.430543
1085,5.470758,-3.5347345
1086,5.9734583,-4.9537954
1087,8.154993,-5.3941474
1088,7.0260534,-4.0346026
1089,7.192396,-4.01137
1090,7.5981574,-4.965017
1091,6.9603524,-6.493262
1092,7.013,-5.0960345
1093,6.064409,-4.3450136
1094,5.945855,-8.834553
1095,5.8191633,-5.4492307
1096,5.4579635,-5.6784134
1097,6.437143,-2.9851224
1098,9.165523,-5.031988
1099,7.6708484,-5.2137084
1100,7.273148,-4.609079
1101,6.3947034,-6.416804
1102,6.733932,-5.172238
1103,6.155018,-5.726792
1104,5.885354,-4.939545
1105,7.079201,-5.2374744
1106,5.1273546,-7.0389752
1107,4.8349476,-4.750565
1108,5.596089,-4.195736
1109,4.6664658,-5.2370567
1110,6.4949217,-7.424378
1111,6.602579,-2.1786134
1112,6.306405,-6.7387633
1113,6.9782634,-5.7735944
1114,4.671584,-4.9577894
1115,6.8428884,-4.6931314
1116,5.816666,-5.651709
1117,5.6165247,-6.047837
1118,7.659622,-6.7337966
1119,4.1309543,-7.8618298
1120,5.700839,-6.6411743
1121,6.424535,-5.26403
1122,6.828412,-6.125369
1123,5.693961,-3.4995058
1124,5.409298,-1.8010132
1125,5.843041,-3.747607
1126,6.682815,-5.0607495
1127,6.8352466,-3.2670555
1128,5.6800284,-3.4195168
1129,5.158758,-0.6318154
1130,6.213797,-4.3231273
1131,6.7065153,-3.390093
1132,6.2514772,-2.2969477
1133,5.8743787,-1.7819974
1134,6.670281,-2.6621952
1135,5.1280837,-3.892518
1136,6.27351,-2.702143
1137,6.464352,-5.0694
1138,8.369966,-3.2161627
1139,7.3578906,-0.1647374
1140,7.72503,-2.540377
1141,7.082045,-2.9298098
1142,7.9416375,-2.6206172
1143,7.251892,-3.019387
1144,6.946353,-1.3995315
1145,6.359439,-3.348637
1146,5.961657,-2.6453485
1147,7.19951,-1.1190442
1148,6.6170096,-2.650279
1149,7.452261,-3.4107409
1150,7.4004273,-4.599089
1151,6.9979434,-5.621849
1152,5.909568,-4.3812466
1153,6.9704957,-5.315099
1154,5.62246,-4.6306634
1155,6.59544,-5.604719
1156,6.5036564,-2.680239
1157,5.012147,-3.9306068
1158,8.643357,-4.485583
1159,6.6081767,-5.095212
1160,6.302101,-3.5003796
1161,7.468779,-2.8947608
1162,7.2282066,-3.6813085
1163,5.621381,-0.45373133
1164,5.970503,-0.11247876
1165,5.8191924,-3.9024405
1166,6.2675543,-3.3896644
1167,7.684484,-2.4826186
1168,6.3047194,-2.188484
1169,7.8792505,-3.4625823
1170,5.232293,-1.7025642
1171,7.19094,0.40774202
1172,6.5899363,-5.831052
1173,6.035712,-2.8133583
1174,5.07251,-4.5745134
1175,6.8952208,-3.5323792
1176,5.008045,-2.513911
1177,7.7113223,-2.6515682
1178,6.1003394,-5.6382465
1179,6.128046,-0.45132482
1180,7.590998,-2.3919253
1181,6.4366603,-2.5850825
1182,5.5638704,1.0209059
1183,4.226714,-2.4893527
1184,7.0644245,-1.817521
1185,5.1218276,-3.8736897
1186,5.764024,-2.3151317
1187,6.1321406,0.17343286
1188,5.360039,-3.2780163
1189,3.4934971,-3.0894542
1190,7.1668606,-3.6339362
1191,7.276631,-1.1082957
1192,4.8890758,-0.052741237
1193,5.902841,-2.7334967
1194,7.354638,-3.068534
1195,8.888451,-2.245893
1196,6.4927645,-2.421425
1197,5.7778544,-3.8179374
1198,6.26952,-4.0473566
1199,7.222711,-1.976458
1200,7.143057,-4.9238925
1201,6.094164,-3.5968854
1202,4.5748763,-2.3717458
1203,6.3169923,-6.175967
1204,8.616172,-1.6159289
1205,7.1757107,-2.9916875
1206,5.882814,-5.201315
1207,5.695944,-3.323789
1208,6.3321114,1.0797014
1209,8.090196,-4.7980027
1210,6.816009,-2.8380926
1211,6.8085485,-3.9460657
1212,6.7074585,-3.3734357
1213,6.634308,-4.1070023
1214,6.349746,-3.7401586
1215,7.4586387,-0.8524994
1216,7.5121784,-2.274791
1217,6.0441985,0.97311944
1218,5.550432,-0.8637742
1219,6.7991056,-0.5511557
1220,6.5531836,-1.9130902
1221,6.718546,-2.2036963
1222,4.8992605,-3.3990958
1223,6.107288,-6.0053005
1224,5.4105687,-6.071896
1225,5.58042,-5.1401353
1226,4.8656354,-3.8846798
1227,4.952086,-1.8789412
1228,5.2113423,-2.5657268
1229,6.803405,0.5172855
1230,6.4706006,-2.516099
1231,6.1125393,-2.488641
1232,5.259053,-2.2241418
1233,5.5373707,-1.8086609
1234,6.5072374,-1.4584373
1235,5.9570866,-3.9140742
1236,6.1161227,-3.7966206
1237,7.141423,-4.102832
1238,6.2398095,-0.869019
1239,6.706197,0.6312813
1240,8.594954,-2.8117526
1241,8.248525,-2.6875906
1242,7.1034274,-3.251496
1243,7.5461245,-3.310749
1244,7.200088,-2.2895827
1245,8.401368,-2.1956825
1246,6.537144,0.26308593
1247,6.929809,-3.13199
1248,6.1702986,0.15526159
1249,6.943885,-2.933112
1250,5.8483477,-0.8359926
1251,6.772721,0.5423627
1252,5.468637,0.4988941
1253,6.0376124,-1.2496544
1254,7.678586,0.4625883
1255,7.1796927,2.1402876
1256,7.2096553,1.0822878
1257,6.569882,-2.3060985
1258,5.193838,-0.6812736
1259,5.266774,0.5405857
1260,6.2765865,0.0378549
1261,5.8900833,2.6736593
1262,5.887834,1.5571103
1263,6.0949187,-3.3219006
1264,4.533207,0.16244054
1265,7.2392597,-3.2594793
1266,5.4174376,0.49301615
1267,6.071551,-1.1795578
1268,6.349368,0.21354958
1269,4.8683577,-2.2516065
1270,5.750377,-0.5158431
1271,8.645417,1.0077014
1272,7.175478,1.0641133
1273,7.3233976,0.04529569
1274,5.980517,-0.78230053
1275,5.8864007,1.0526192
1276,6.599482,-0.8183566
1277,8.106302,0.08929299
1278,7.6981597,0.24237841
1279,6.514642,-2.2220342
1280,7.3163705,1.6084099
1281,6.8815312,1.5591174
1282,8.442006,0.676481
1283,6.943515,0.4019743
1284,7.65443,0.37777624
1285,7.961275,0.27068508
1286,6.462838,-0.031629648
1287,7.9437757,0.98645985
1288,6.726331,1.3232925
1289,7.5340877,-0.4610776
1290,7.661186,1.0690377
1291,6.040189,2.2817652
1292,8.045257,-0.3872847
1293,7.2737503,0.47194302
1294,9.676373,0.6388713
1295,8.642393,-3.853588
1296,5.823246,0.8806143
1297,6.6021447,-3.4610844
1298,7.312862,-1.4064586
1299,6.2180734,-0.814978
1300,6.772249,1.5530022
1301,6.5986085,-1.0726075
1302,8.047112,1.6675402
1303,6.425099,2.085193
1304,6.8868136,3.3998783
1305,7.262051,3.5945756
1306,8.234819,5.356402
1307,7.496893,2.1686575
1308,7.0059996,5.0159
1309,8.225022,4.328784
1310,7.395596,3.6455123
1311,6.9968023,2.1788294
1312,6.7312384,5.110658
1313,6.4878554,5.290761
1314,7.345081,9.779059
1315,7.7617774,5.8248515
1316,8.819535,3.399477
1317,8.843984,2.314784
1318,7.8363566,4.413379
1319,6.6968193,2.8365614
1320,6.4387684,3.2051818
1321,7.00999,0.92860484
1322,7.3102465,1.8287395
1323,6.8979487,-0.98735654
1324,7.2171893,-2.682084
1325,7.511743,-2.998868
1326,6.9964585,-4.5078025
1327,5.763605,-3.9083881
1328,7.3282695,-2.676773
1329,7.34952,-2.722654
1330,7.6442833,-2.4040546
1331,6.0356264,-0.6070131
1332,6.6606236,-3.8517191
1333,6.6686807,-3.401742
1334,6.5498343,-3.231556
1335,6.239845,-2.1240437
1336,5.270344,-0.6067258
1337,5.344494,-4.1444135
1338,6.104767,-3.855387
1339,5.5914516,0.3791876
1340,5.6221623,-0.42865342
1341,6.409165,-2.5313146
1342,5.814379,0.3188124
1343,5.2801924,-1.0691324
1344,4.867344,-2.6898918
1345,7.194385,-1.4014902
1346,8.359771,-2.710445
1347,5.7703176,1.0703382
1348,6.292617,-1.3434398
1349,6.3772407,0.9009206
1350,6.6075625,-0.45902768
1351,7.836957,-1.7628387
1352,5.7175655,-0.3145007
1353,7.2579923,-0.8476991
1354,7.1352925,-0.76984274
1355,6.8372736,-0.12766042
1356,5.0053744,0.043150943
1357,7.285602,-1.604948
1358,7.2071476,-2.0047467
1359,7.4539537,-4.4710407
1360,6.0007997,-1.5066625
1361,7.4538035,-2.6701427
1362,6.253697,-0.6094012
1363,6.38114,-0.39399588
1364,8.846184,-1.5186177
1365,7.38806,-0.59339297
1366,6.530972,0.095225394
1367,5.91552,2.2667058
1368,5.700383,1.9886532
1369,8.166646,3.5611582
1370,6.903198,2.304773
1371,6.5010667,2.5424085
1372,7.7398233,3.8056026
1373,6.631531,3.1315246
1374,8.211255,1.4434788
1375,6.6734858,-1.9383552
1376,7.3579507,-1.1532991
1377,8.638567,0.20510331
1378,7.874083,3.347261
1379,8.213178,4.218121
1380,7.279141,4.2932506
1381,7.118511,5.5435014
1382,6.8747506,3.5135489
1383,6.3086085,2.5369928
1384,7.836344,1.3500173
1385,7.2651353,-3.5970309
1386,6.81014,3.102671
1387,7.972808,2.872278
1388,9.067335,4.040947
1389,9.043211,0.40785387
1390,7.6100373,1.2279733
1391,9.322232,2.0234823
1392,9.178168,4.2149587
1393,9.628575,1.8760612
1394,9.702442,3.0517457
1395,6.869188,1.7350801
1396,9.015483,1.5394837
1397,7.41138,4.481457
1398,8.298654,-0.2850687
1399,8.579831,0.029949514
1400,7.9085093,5.263349
1401,9.683237,3.8850284
1402,8.509067,4.6239185
1403,7.737974,5.221058
1404,7.941192,3.198375
1405,8.850322,-2.9637353
1406,6.5939546,-0.078348905
1407,7.3245354,-2.2856407
1408,5.6345205,-1.5928825
1409,5.7774043,-1.1805401
1410,6.834362,0.9540815
1411,6.306636,0.7287599
1412,5.9633923,-1.2588195
1413,7.4528303,-0.90782267
1414,4.94705,0.043312963
1415,8.156054,0.10825318
1416,6.7981105,-1.4098405
1417,7.740984,-3.143458
1418,5.359384,-2.2135377
1419,6.7396035,0.11205682
1420,7.0380664,-2.0426028
1421,8.0139885,-1.7324284
1422,6.9215484,-1.2341934
1423,5.3370843,-2.2259471
1424,7.6257906,-1.7793026
1425,6.930858,-0.9636461
1426,7.0068192,0.7191928
1427,6.9186454,-0.8443253
1428,6.7521667,-1.7304648
1429,7.4522476,-0.18214884
1430,6.206923,-2.512601
1431,6.9561787,-1.6791638
1432,7.155232,-0.25653034
1433,5.6189046,-1.571672
1434,6.595033,-1.7511077
1435,6.1886435,-0.49873886
1436,5.5330243,0.8645836
1437,7.329187,-3.495162
1438,4.5588613,0.4218755
1439,7.3467717,-2.7810204
1440,6.81927,-5.2513366
1441,6.596089,-1.8493228
1442,6.8657126,-1.1797352
1443,7.495784,-0.6901303
1444,6.982778,-2.1634467
1445,5.4539413,-1.7763926
1446,5.870337,0.09889295
1447,7.1720705,-3.9368203
1448,5.274429,-2.0617728
1449,6.200049,-2.586663
1450,6.2694755,-3.4931693
1451,6.5750184,-6.045116
1452,7.21394,-4.7649765
1453,6.2386546,-0.91142875
1454,3.925155,-3.0840485
1455,6.069235,-3.3572319
1456,5.621451,-0.8908402
1457,6.149033,-1.6472797
1458,6.879022,0.09035233
1459,5.3956428,-1.0760167
1460,4.8381615,-1.1605648
1461,5.90343,-1.4836389
1462,4.5227056,-1.5784667
1463,6.8371773,-3.9494143
1464,6.245681,-1.7766056
1465,6.2796702,-2.2789652
1466,6.812028,-3.0667825
1467,5.6316886,-0.19730136
1468,5.1720624,-2.243055
1469,5.8045387,-1.2044293
1470,5.571666,-3.3239152
1471,6.5829825,-1.7769114
1472,6.3731465,-2.4004102
1473,6.9044566,-1.3684654
1474,7.4483776,-4.1806064
1475,6.392324,-0.29346392
1476,7.019987,-3.2144036
1477,6.92017,-2.6990194
1478,5.150787,-3.0103672
1479,5.3570766,-3.4467928
1480,7.3324246,-2.2321641
1481,6.052048,-3.2547035
1482,6.720772,-0.10973065
1483,6.1510673,-2.7348144
1484,8.1258955,-2.8197691
1485,7.293214,-0.011222818
1486,7.4248514,-1.9118013
1487,7.6370764,-4.5353904
1488,6.5299826,-5.4191017
1489,6.5930057,-6.922845
1490,7.189299,-4.8661904
1491,7.145607,-3.4735906
1492,6.5004435,-4.4334445
1493,7.6949506,-2.8655674
1494,6.830453,-1.6729949
1495,8.348268,-4.631741
1496,9.748389,-2.6081648
1497,7.9434786,-3.986046
1498,7.1822524,-5.719494
1499,6.002082,-1.5081754
1500,7.842058,-2.183665
1501,8.137536,-3.7144167
1502,8.863836,-4.8565474
1503,10.012703,-3.0653567
1504,8.397059,-4.5180335
1505,8.594749,-7.197926
1506,5.2870593,-8.110174
1507,6.759366,-4.169346
1508,7.728792,-3.7401762
1509,6.595915,-4.5244346
1510,6.791384,-3.4677286
1511,7.7805204,-6.2821665
1512,8.104225,-5.5859094
1513,8.716562,-5.451647
1514,7.076884,-3.073868
1515,7.6947803,-5.3901224
1516,8.644826,-5.6590495
1517,8.140281,-6.0872087
1518,8.5174055,-6.4612017
1519,8.059415,-5.588574
1520,8.059788,-2.3608344
1521,7.8764973,-4.188674
1522,7.5186367,-5.7742076
1523,7.9337683,-3.3740199
1524,7.540642,0.41165888
1525,6.2346854,-3.865176
1526,8.161941,-3.8074377
1527,7.906603,-7.0195093
1528,8.248407,-5.258405
1529,7.83503,-7.1868596
1530,7.861685,-5.2722273
1531,5.884923,-4.6519938
1532,6.8947067,-6.0161614
1533,7.6447983,-6.2961035
1534,8.2578745,-2.678342
1535,8.929721,-2.1978087
1536,7.69105,-2.289044
1537,6.2644753,-3.7675974
1538,7.3983607,-5.8083096
1539,5.9010653,-3.7271805
1540,7.3280396,-1.9069034
1541,7.4039483,-2.6628022
1542,8.834769,-3.5944715
1543,7.8818135,-4.2315793
1544,7.5095873,-2.8442626
1545,7.927886,-1.7025062
1546,6.8096642,-4.3922048
1547,8.112814,-4.6351686
1548,7.7482862,-4.6721745
1549,8.340232,-6.4944797
1550,8.050249,-7.9090757
1551,6.640447,-7.424319
1552,7.1440682,-6.258568
1553,7.0333076,-4.872818
1554,7.1284184,-4.8205132
1555,6.866558,-3.508474
1556,6.5051103,-6.5217667
1557,7.7716646,-7.393795
1558,6.8384533,-6.7824774
1559,5.9581738,-5.665892
1560,8.061403,-4.314299
1561,7.7373514,-4.538323
1562,5.0925984,-2.6320884
1563,7.7017636,-4.9127445
1564,6.8543653,-3.5520349
1565,6.194863,-5.3006253
1566,7.0025654,-5.8823442
1567,6.173097,-4.1520076
1568,6.985269,-5.6042624
1569,5.0726314,-2.4587367
1570,4.66297,-6.735442
1571,4.247813,-4.895339
1572,6.476205,-2.2057278
1573,5.3420324,-3.0199559
1574,5.894212,-4.211357
1575,6.9266586,-5.80564
1576,8.423689,-4.1134915
1577,7.2910233,-6.774663
1578,8.885583,-4.622849
1579,7.323199,-6.353482
1580,7.3243117,-4.868857
1581,7.8561816,-4.460861
1582,7.5579095,-7.555335
1583,6.3925586,-4.8124604
1584,7.192159,-2.1730278
1585,6.5253377,-1.573431
1586,6.745142,-5.4664164
1587,8.95843,-6.082353
1588,8.307628,-5.420291
1589,7.938764,-4.014684
1590,5.4437633,-4.8111696
1591,4.9760365,-6.3010406
1592,5.135821,-3.9330056
1593,5.913382,-3.1366923
1594,4.6147933,-3.069068
1595,5.6546516,-3.6250257
1596,5.024144,-2.521855
1597,6.065935,-5.154333
1598,5.455604,-2.054291
1599,6.439566,-1.0514065
1600,6.595393,-3.1213353
1601,7.1312757,0.7029012
1602,4.563411,0.43803257
1603,5.867749,-1.0830415
1604,6.7745733,-1.2865624
1605,5.783877,-3.4843228
1606,6.2014537,-2.028361
1607,7.498004,-2.1991053
1608,6.4292088,-2.3411605
1609,7.3467984,-4.5010085
1610,7.312502,-2.487079
1611,6.0438204,-0.7907737
1612,6.217366,-0.803297
1613,4.219363,-1.1546069
1614,6.114472,-0.13846655
1615,6.3827105,-0.9056671
1616,4.943136,-1.8114146
1617,4.7098794,1.5174736
1618,8.313389,-0.35094857
1619,6.0916996,0.8145023
1620,6.2174563,-3.783695
1621,5.711705,-3.076306
1622,4.7014093,-0.96569765
1623,4.9933825,0.7982485
1624,5.14488,-0.3854799
1625,6.1619415,0.6859639
1626,6.6169105,-0.73625094
1627,4.7379947,-1.2329105
1628,6.4153686,0.36271206
1629,5.3650084,3.3710084
1630,5.6668477,-1.3472967
1631,5.273263,-0.64044017
1632,5.9449534,1.0043811
1633,7.1457257,-0.118441686
1634,7.1900706,-3.437708
1635,5.3373575,0.91604996
1636,6.282714,-1.9319277
1637,6.6842656,-0.43829837
1638,5.804417,1.8559966
1639,7.0118384,1.0609492
1640,5.9684825,2.2809503
1641,6.276749,-0.1644725
1642,4.6981173,-0.24291517
1643,4.48563,-0.5948001
1644,7.450251,-0.016966201
1645,5.5856,-2.9734972
1646,6.2445188,0.46147007
1647,5.8902535,-3.9391596
1648,6.6095505,0.04700545
1649,6.65366,-0.860009
1650,7.8621373,-3.8584225
1651,6.849102,-5.2410336
1652,7.0281396,-7.489248
1653,6.902512,-4.8616605
1654,8.920906,-3.5267835
1655,5.540349,-1.4966606
1656,5.698356,-4.624865
1657,6.567745,-4.8745666
1658,6.1984005,-3.6275444
1659,6.7708154,-5.215001
1660,7.014325,-6.49222
1661,6.5510535,-5.325929
1662,8.317354,-4.2264595
1663,8.215713,-7.1006002
1664,8.127438,-6.1494064
1665,7.4347615,-5.6626997
1666,6.976866,-7.051578
1667,8.515517,-4.372423
1668,6.3644943,-4.5112767
1669,9.271682,-5.028738
1670,6.98147,-0.7158444
1671,5.6074843,-3.5460944
1672,6.8702345,-0.58774215
1673,5.680047,-1.5082222
1674,4.901395,-1.4859641
1675,6.8438787,-4.4803863
1676,7.8765297,-2.4292336
1677,6.577704,-1.877405
1678,6.875949,-2.691749
1679,6.781499,-2.498902
1680,4.489543,-1.3183749
1681,7.082374,-2.6954353
1682,7.548985,2.7088556
1683,8.408713,3.7781243
1684,8.731781,1.8181342
1685,8.515578,-0.3581692
1686,7.4728103,-3.3778641
1687,8.657135,0.1050449
1688,6.331063,-1.0293074
1689,6.9835014,-2.2373395
1690,6.951987,-1.6824535
1691,7.215818,-2.1076994
1692,7.3245635,-1.1991243
1693,6.785678,-0.8348565
1694,8.122625,-0.77052814
1695,7.0179033,-0.7594615
1696,7.039197,-5.086311
1697,8.057979,-1.5063665
1698,7.8996453,-4.3553915
1699,7.0806103,-1.8521508
1700,8.731712,-2.0322495
1701,6.5033894,-6.3181424
1702,7.2569885,-5.5680847
1703,6.9640727,-4.1684413
1704,5.955072,-4.485947
1705,6.620431,-5.242217
1706,7.0005293,-5.7574205
1707,7.1376915,-7.482837
1708,6.507288,-5.1351247
1709,7.9713087,-3.783716
1710,7.8413334,-5.187801
1711,6.502959,-3.3051577
1712,6.7143965,-0.33931038
1713,7.0648313,-4.9077406
1714,7.354485,-3.4059749
1715,5.943388,-5.0072575
1716,5.758757,-5.9423337
1717,7.361742,-6.7761135
1718,7.049207,-4.781035
1719,6.619243,-3.8229918
1720,6.8920846,-5.93028
1721,8.6155615,-5.542535
1722,7.8064365,-5.7309356
1723,6.363533,-4.319236
1724,5.691368,-3.0151713
1725,8.686347,-3.6388514
1726,6.825328,-6.3875356
1727,8.147765,-1.0015212
1728,7.1353254,-1.1303691
1729,7.810748,-1.3250011
1730,7.822847,-3.4296827
1731,7.2543344,-4.3947563
1732,7.052647,-4.3324037
1733,7.6728935,-5.080123
1734,8.095704,-1.4459362
1735,7.720682,-2.1714036
1736,7.252325,-2.6988704
1737,6.608423,-1.0403192
1738,8.991955,-4.359352
1739,7.4995728,-3.38515
1740,7.126385,-3.9265308
1741,7.201109,-2.6018467
1742,7.098254,-1.4136349
1743,7.913778,-0.35213116
1744,6.8791556,0.007652912
1745,6.8448133,-1.2681402
1746,7.9821754,-1.7604347
1747,9.237487,-4.2046814
1748,8.099609,-4.424307
1749,7.7800846,-4.4803643
1750,9.854552,-1.7551783
1751,7.509757,-1.4276518
1752,7.7068925,-3.4955437
1753,8.297605,-3.811882
1754,8.38726,-4.854478
1755,8.362662,-3.510015
1756,7.2601333,-5.147955
1757,7.834539,-3.2454848
1758,6.444834,-7.2848225
1759,6.095628,-4.4657826
1760,8.5273075,-6.174032
1761,6.9713407,-1.4590161
1762,6.073358,-5.071212
1763,6.038489,-5.5739517
1764,7.787916,-2.3508205
1765,8.051736,-5.641945
1766,8.018002,-6.7089744
1767,7.1983833,-5.8358383
1768,8.423775,-5.468713
1769,7.2121677,-4.1626782
1770,8.710295,-0.74219424
1771,5.461257,-3.2510834
1772,6.878075,-1.0667224
1773,5.973187,-3.576454
1774,7.075686,-0.95895916
1775,7.6402392,-2.4604173
1776,7.7962856,-4.7733035
1777,6.037862,-2.4136202
1778,7.770889,-3.9221
1779,8.178291,-2.9545846
1780,6.590714,-3.8479297
1781,7.4097404,-4.614307
1782,7.0311975,-6.263439
1783,6.610858,-2.7626822
1784,7.9775186,-3.7678127
1785,7.7372894,-3.7211883
1786,7.1319895,-2.5275695
1787,6.3428817,-1.9649413
1788,6.7411985,-3.723015
1789,6.119163,-4.6929374
1790,5.8957667,-8.620486
1791,6.625286,-1.9630034
1792,6.5268006,-0.84548247
1793,5.6604767,-1.0546691
1794,5.3607674,-3.5816255
1795,5.99689,-6.620255
1796,7.2022834,-1.97681
1797,5.174613,-3.7174153
1798,6.379678,-4.5336957
1799,7.265251,-4.1600037
1800,8.144151,-2.4409418
1801,8.115079,-5.919956
1802,6.038602,-5.1263995
1803,7.402542,-5.6165996
1804,6.9792085,-2.4092107
1805,6.4018717,-4.582009
1806,6.663166,-3.400653
1807,5.9486847,-4.2553344
1808,7.1110835,-4.1811233
1809,8.015021,-1.6081314
1810,6.526207,-1.0999357
1811,6.103837,-3.6807063
1812,5.5344305,-2.580511
1813,5.3098044,-0.889379
1814,6.8680134,-4.662162
1815,5.9419723,-5.5424523
1816,7.1489363,-5.105211
1817,6.155377,-3.7367067
1818,6.4643383,-3.1783075
1819,7.5569253,-2.1591144
1820,5.5738425,-3.2646806
1821,5.86338,-3.3472264
1822,5.518852,-7.669544
1823,5.7624264,-4.7397885
1824,6.9606137,-0.50679183
1825,6.9867377,-2.099695
1826,6.0126305,-0.89074254
1827,5.013507,0.5156969
1828,6.1401124,-1.4766583
1829,7.758505,-1.5538524
1830,7.2601147,-1.2014958
1831,6.674976,-2.6583173
1832,5.9686666,-0.36516723
1833,6.622107,-3.6304467
1834,6.0224757,-3.5209792
1835,6.435035,-3.0825965
1836,5.864795,-3.5206463
1837,6.063208,-2.7948475
1838,4.1244483,-1.9078726
1839,7.049479,-5.69061
1840,6.7558975,-2.4750776
1841,5.0634313,-4.5712447
1842,6.5780487,-3.2666552
1843,6.442941,-3.5787895
1844,6.9707336,-3.3789332
1845,6.773655,-4.815404
1846,6.4282417,-3.9028134
1847,6.205583,-1.3818183
1848,6.7093806,-1.8168281
1849,6.214531,-2.1193004
1850,5.910931,-1.9093487
1851,6.5416856,-4.0390296
1852,6.2451177,-5.2706437
1853,5.702989,-2.8261852
1854,6.1077414,-1.781322
1855,7.285385,-2.388124
1856,6.761688,-2.2963154
1857,7.8683324,-3.8019826
1858,6.454413,-3.9348252
1859,6.0126505,-1.6218307
1860,6.180325,-0.83435273
1861,5.915093,-4.5633225
1862,6.206467,-0.6951437
1863,6.4555826,-3.5044422
1864,6.1835294,-3.132811
1865,6.216008,-3.5995667
1866,6.539211,-0.19560418
1867,3.7997622,-4.7534356
1868,4.5265293,-3.5901542
1869,6.4592195,-3.8146892
1870,7.2192097,-1.4276713
1871,7.0806193,-2.641418
1872,6.5342655,-5.383274
1873,4.9718075,-3.6883729
1874,5.4632893,-5.7806125
1875,6.35296,-2.6449282
1876,6.644055,-4.024393
1877,6.0723095,-2.7582853
1878,7.3677998,-4.668784
1879,6.194601,-6.259233
1880,5.458631,-4.6026464
1881,8.072851,-3.0319831
1882,6.500849,-5.147911
1883,7.690955,-5.407407
1884,5.108583,-5.64273
1885,7.061011,-4.3738613
1886,6.9274163,-7.046029
1887,7.0408335,-8.2823
1888,5.816645,-5.6644373
1889,6.90401,-6.819221
1890,5.3954988,-4.6417823
1891,6.816077,-6.149296
1892,4.5475893,-4.044281
1893,7.1464896,-1.4850763
1894,6.21388,-3.720717
1895,5.8019013,-5.2991
1896,5.902343,-6.4384403
1897,8.057823,-5.5953536
1898,6.3226886,-5.203699
1899,5.9490275,-5.4621716
1900,6.970262,-2.0807097
1901,7.12842,-5.292635
1902,5.2992983,-4.774062
1903,6.9070954,-5.232846
1904,5.512182,-4.54492
1905,7.5319977,-2.6632369
1906,7.709942,-4.525504
1907,6.603239,-4.6544666
1908,5.100066,-3.626594
1909,5.6916914,-3.4550774
1910,6.8963532,-4.2495894
1911,6.770494,-4.3941236
1912,6.90924,-5.8078136
1913,5.039514,-7.948892
1914,4.4149814,-4.8739305
1915,5.0420275,-5.9689355
1916,6.343051,-2.742153
1917,5.806408,-3.9306977
1918,5.8458304,-2.6733801
1919,5.638809,-2.113884
1920,4.534516,-6.0883045
1921,5.455906,-4.0789347
1922,6.1224113,-5.8238597
1923,6.2444825,-1.6028622
1924,6.700625,-1.9104229
1925,5.501802,-1.0732503
1926,6.1309953,-2.4668128
1927,5.7827673,-0.47066623
1928,5.4074726,-5.466737
1929,5.7535133,-3.1823285
1930,6.618491,-4.0900407
1931,6.1695876,-2.3678725
1932,5.5247006,-4.3680024
1933,5.8819914,-1.3338392
1934,5.7888064,-4.8810945
1935,7.1944704,-4.779357
1936,4.681742,-3.0723248
1937,5.661331,-3.5667639
1938,6.408998,-3.8887658
1939,4.671635,-2.0555494
1940,7.118353,-4.697691
1941,6.3088827,-1.9551743
1942,6.5986314,-1.6440743
1943,5.720543,-5.058897
1944,5.8290324,-2.3344104
1945,5.0631194,-2.2433395
1946,5.7703333,-6.252102
1947,5.651748,-3.529379
1948,5.647951,-6.2281866
1949,6.2715783,-5.8760753
1950,3.195439,-0.51008487
1951,4.6993465,-1.6400166
1952,4.7430134,-1.145539
1953,4.5801554,0.882384
1954,5.6734877,-5.127063
1955,5.3445535,-2.4171257
1956,4.4094286,-5.505234
1957,5.382274,-7.259961
1958,5.6811514,-3.4499154
1959,5.569191,-3.8872757
1960,4.872672,-2.9106255
1961,6.429673,-3.105214
1962,5.6058,-2.0181968
1963,3.9566147,-2.1955163
1964,6.395116,-2.3634627
1965,5.920816,-1.6313001
1966,5.8767667,-1.2742683
1967,5.5858216,-5.5765214
1968,3.4806426,-3.1074204
1969,4.0048656,-3.8424032
1970,4.646722,0.21660072
1971,5.839139,-1.219289
1972,5.6811175,-0.9762129
1973,4.736345,-4.7751846
1974,5.034775,-6.386199
1975,6.695264,-2.2056115
1976,7.015037,-2.708631
1977,6.435701,-3.4194174
1978,5.9889946,-2.2340114
1979,6.1540914,-1.6748242
1980,6.2822623,-2.7484863
1981,5.4147377,-3.7266932
1982,5.512373,-3.4306335
1983,2.7069485,-4.071394
1984,4.148717,-4.72843
1985,3.0345056,-2.9123135
1986,5.584718,-1.8653218
1987,6.4973,-2.2850864
1988,4.0808744,-4.4953146
1989,5.1503696,-5.447261
1990,6.9160614,-4.8133407
1991,7.04449,-4.480697
1992,4.884574,-2.5393755
1993,4.184833,-3.7037942
1994,5.8886256,-3.5768845
1995,4.540749,-2.2690537
1996,3.8118112,-5.119112
1997,3.7203894,0.11897947
1998,3.723747,-0.973475
1999,4.1324673,-1.5618362
2000,4.1739497,-1.3691694
2001,4.1359754,-6.31507
2002,3.3295994,-4.868256
2003,3.0520377,-1.388683
2004,5.591649,-4.3190503
2005,5.589354,-4.80868
2006,4.429205,-4.1699
2007,4.395495,-3.982812
2008,3.4134753,-4.9516087
2009,5.093437,-5.9026546
2010,3.4727483,-2.9744859
2011,2.1821198,-3.4463656
2012,2.0489857,-4.9709287
2013,4.6776767,-4.555459
2014,3.439448,-5.0826807
2015,5.1140003,-6.719647
2016,4.7804294,-6.571868
2017,6.069248,-6.658757
2018,4.7721415,-6.3418164
2019,3.9137356,-5.091646
2020,3.5436997,-3.893702
2021,4.0159492,-4.0154963
2022,3.8605168,-3.2019382
2023,2.511629,-2.3425
2024,4.1418467,-4.51005
2025,4.417613,-3.0802975
2026,4.7159405,-3.2892969
2027,4.1300364,-3.7514749
2028,3.7891314,-1.6557837
2029,5.911872,-3.1007526
2030,3.8715236,-1.4127904
2031,5.904533,-3.464124
2032,4.741461,-3.7352996
2033,6.303015,-4.011507
2034,3.9876194,-4.916171
2035,4.3392854,-2.0150385
2036,5.013985,-3.8354347
2037,5.3284526,-3.7839715
2038,5.340398,-5.0127683
2039,4.95014,-0.5078132
2040,7.0806413,-0.3132193
2041,3.9718285,1.2007017
2042,5.044274,-4.2062054
2043,6.174741,-0.93636733
2044,6.347004,-2.0860531
2045,6.8064375,0.6284599
2046,4.6325006,-0.3742718
2047,4.0896072,-2.921217
2048,4.5198092,-3.6247814
2049,5.176555,-2.0316231
2050,5.0807295,0.20991692
2051,6.368794,-3.362839
2052,7.1649528,-3.8866296
2053,5.319177,-1.7496302
2054,5.5433507,-2.7468793
2055,6.471184,-4.435641
2056,5.777936,-2.572001
2057,5.7192993,-3.0313091
2058,5.9691405,-2.2634118
2059,4.3119216,-3.0624938
2060,4.7277,-3.1631396
2061,3.4117804,-1.5927287
2062,5.5427036,-3.1690342
2063,5.8389945,-2.7929716
2064,3.8373551,-1.4126567
2065,4.905787,-1.5586206
2066,4.4568677,-1.8884984
2067,4.762778,-2.4970489
2068,3.9234707,-7.6481705
2069,4.3520346,-1.222177
2070,3.4186943,-5.1926694
2071,5.2309613,-4.9344025
2072,6.086643,-3.4859436
2073,5.0632772,-5.1335196
2074,2.415985,-4.1867876
2075,4.9004216,-3.6928601
2076,3.9581096,-3.4158926
2077,4.0775943,-3.9218655
2078,2.2138615,-5.9377728
2079,4.4837146,-4.1523743
2080,2.2963166,-7.613031
2081,3.357017,-1.5001869
2082,5.813956,0.28510812
2083,1.8779923,-2.5114253
2084,2.88881,-1.4246866
2085,2.532496,-2.0470426
2086,4.3014174,-1.0523314
2087,4.47178,-1.8031257
2088,5.908021,0.03501947
2089,5.412443,-4.549258
2090,6.6780453,-0.55080163
2091,4.3741927,-0.86193264
2092,5.5026026,-1.841429
2093,3.6110005,-2.6001594
2094,4.5557294,-1.5838753
2095,5.63051,-1.8598058
2096,3.95014,-5.6034822
2097,3.1364455,-2.1833668
2098,5.302475,-2.206548
2099,5.9825125,-2.307741
2100,6.170305,-5.41723
2101,5.013165,-5.577588
2102,3.2893908,-4.7017465
2103,2.8014836,-3.1105034
2104,1.8227023,-5.9397564
2105,2.2982848,-4.804864
2106,4.0148993,-5.2645583
2107,2.5858796,-2.4593208
2108,3.9812253,-6.53392
2109,4.278564,-4.305003
2110,4.250928,-5.0759583
2111,3.660767,-2.2847269
2112,3.3869479,-4.5028477
2113,2.9327018,-3.6374698
2114,2.6600904,-5.142405
2115,4.546503,-5.555478
2116,2.4822726,-2.7778945
2117,1.5835449,-5.5893645
2118,2.4234095,-4.55161
2119,3.868247,-3.7550435
2120,3.269671,-4.92916
2121,2.9838107,-3.7074242
2122,3.4221838,-4.2108364
2123,4.20563,-2.6299748
2124,4.04815,-4.3591638
2125,4.284313,-6.330708
2126,4.944375,-2.9783237
2127,4.383163,-5.0834026
2128,3.3559115,-2.4284825
2129,2.6469555,-5.252042
2130,3.4951499,-2.2134492
2131,3.7738843,-3.1122563
2132,5.1738315,-2.9426794
2133,3.2047813,-1.7716154
2134,2.8671572,-0.67216575
2135,4.5418267,1.248744
2136,4.432109,1.3736225
2137,5.9056993,-4.140683
2138,6.7062035,-2.764847
2139,4.0575414,-2.8296444
2140,4.2187715,-4.64892
2141,3.5427816,-3.7705631
2142,4.086594,-3.252445
2143,3.6103907,-1.4891915
2144,2.813196,-3.6509218
2145,3.6939366,-3.817356
2146,3.6189923,-2.6194446
2147,5.711263,-4.34151
2148,3.9050527,-2.2007468
2149,3.872131,-5.4734826
2150,3.3462002,-4.780309
2151,3.9657605,-3.6319747
2152,4.2148786,-4.1085153
2153,5.1551824,-4.186781
2154,4.695497,-3.280104
2155,3.3910058,-3.189639
2156,3.9651558,-3.1604624
2157,5.693267,-4.8139057
2158,3.6675756,-2.832504
2159,3.9047425,-4.7144203
2160,4.0367064,-1.8303735
2161,4.019101,-0.9272123
2162,3.5741796,-3.3442214
2163,3.8339398,-3.612362
2164,3.9920714,-6.192519
2165,2.9283864,-2.206866
2166,5.093247,-4.772897
2167,2.6251242,-4.5218825
2168,3.561452,-4.879167
2169,4.117453,-4.468015
2170,2.4852366,-1.9475417
2171,3.2217176,-3.7331574
2172,4.1545606,-3.5579093
2173,2.5311327,-3.0403097
2174,2.5020154,-4.001484
2175,3.8670046,-3.7462988
2176,3.097577,-6.5489244
2177,4.9395103,-4.925295
2178,2.9608827,-4.6519337
2179,3.5489128,-2.8036692
2180,4.0565724,-3.260128
2181,4.9898086,-1.7100635
2182,4.0529346,-2.7768638
2183,3.6946902,-5.008325
2184,3.903689,-9.016755
2185,2.6012888,-8.048287
2186,4.261891,-6.9098134
2187,2.8790412,-4.7534127
2188,3.0057209,-3.4608738
2189,1.9430407,-2.3435829
2190,3.8394706,-6.4626675
2191,4.361249,-5.815583
2192,5.8390055,-2.7115495
2193,3.1784103,-3.796054
2194,3.1960416,-4.7368326
2195,2.7779455,-7.944662
2196,3.4374325,-6.7438297
2197,2.168477,-8.103672
2198,1.3443469,-4.8171463
2199,3.8641794,-8.325738
2200,2.4851775,-5.2964096
2201,2.2193081,-3.5127928
2202,3.362175,-2.025135
2203,4.2052107,-3.5092657
2204,4.1643834,-4.3675156
2205,4.618552,-6.7642884
2206,4.3258758,-3.7511303
2207,5.1798286,-6.5512123
2208,3.3691275,-5.2608104
2209,4.2416553,-7.082587
2210,4.8784323,-0.50996715
2211,4.8651757,-3.4739616
2212,5.630737,-3.1694171
2213,3.6217966,-1.5771961
2214,2.9013274,-2.8949685
2215,4.10851,-1.6777744
2216,3.550614,-3.3451858
2217,3.938538,-3.4571307
2218,4.980963,-3.2256217
2219,4.0277047,-5.007759
2220,6.968548,-2.3805747
2221,5.1621037,-4.0649114
2222,4.818423,-2.2239957
2223,5.2744617,-1.5024586
2224,4.288817,-1.542503
2225,3.7148745,-2.5458477
2226,3.539592,-3.3058581
2227,5.2759695,-1.0012685
2228,6.203305,-0.87593293
2229,5.746729,-1.4289349
2230,4.891397,1.6076574
2231,5.542057,-1.8643698
2232,5.628376,-1.6195428
2233,4.5346794,-2.1059062
2234,4.704158,-2.5336957
2235,5.1056056,-1.6630882
2236,4.9613605,-4.3166976
2237,4.185797,-2.8523033
2238,4.850704,-4.280898
2239,4.685314,-5.2466164
2240,4.686731,-4.4102283
2241,4.2158837,-4.950441
2242,3.844185,-2.8882053
2243,4.724309,-3.5048974
2244,3.5177677,-5.745938
2245,3.6812978,-2.5690951
2246,4.290955,-4.3976007
2247,6.073838,-2.6200423
2248,6.259813,-3.616992
2249,3.6720376,-5.3200965
2250,2.3278782,-6.320422
2251,2.301557,-6.5461335
2252,2.5273101,-6.8115263
2253,2.8155575,-4.1331244
2254,2.1266494,-3.885228
2255,4.0847006,-0.790445
2256,3.252075,-1.1562581
2257,3.7813036,-0.29066226
2258,2.952246,-0.72910875
2259,4.7012987,-0.9013976
2260,3.749298,-2.5728257
2261,3.8449664,0.9092195
2262,3.3688564,-1.0913166
2263,3.405685,-5.1682625
2264,2.2976656,-0.3985815
2265,3.099071,-2.3825538
2266,3.765311,-2.2241752
2267,4.7881722,-2.6466815
2268,2.937032,-2.9272401
2269,3.8365505,-5.621331
2270,2.5425577,-4.733077
2271,3.2354114,-4.7857814
2272,4.2402315,-3.9322777
2273,5.664659,-0.76822233
2274,3.0130234,-1.8144623
2275,4.529659,-1.136427
2276,3.3235533,-2.291818
2277,3.1078014,-1.9717005
2278,2.4961298,-2.580468
2279,2.8226771,-3.1085632
2280,1.7447897,-2.2354887
2281,3.6680653,-2.981782
2282,4.1290035,-6.054531
2283,4.947494,-4.409735
2284,3.002434,-5.546622
2285,4.2333217,-7.8806996
2286,4.440696,-2.8132935
2287,3.9394586,-3.5400772
2288,4.7700777,-4.247994
2289,5.2272944,-6.809287
2290,2.95965,-2.4083045
2291,4.5521393,-6.9746747
2292,5.5992393,-6.85989
2293,6.1496215,-5.178697
2294,5.2976155,-5.803069
2295,4.922283,-5.553072
2296,5.24748,-2.272789
2297,6.2358665,-4.643656
2298,4.5077558,-3.7233756
2299,4.3027577,-4.1768165
2300,5.7592435,-4.1774473
2301,6.626049,-0.77986217
2302,4.7542973,-1.436499
2303,6.823542,-4.245621
2304,6.154568,-5.055289
2305,7.147246,-3.9396067
2306,5.6231117,-3.32005
2307,6.4424324,-4.7048683
2308,7.3924503,-3.5170565
2309,7.4970927,-3.5777786
2310,7.1385016,-1.8645998
2311,5.552772,-1.643028
2312,4.950078,-5.9732776
2313,5.4506445,-4.310158
2314,5.189222,-5.5411224
2315,5.451267,-8.665306
2316,5.9270616,-4.1203523
2317,3.9342978,-6.2260957
2318,4.5960135,-8.00176
2319,4.1954703,-7.218385
2320,5.603344,-8.043227
2321,5.285299,-9.096525
2322,6.229307,-2.5979788
2323,6.5824885,-6.1287637
2324,5.6008234,-5.3567076
2325,5.4015017,-6.7207427
2326,6.0402436,-4.862021
2327,5.959854,-3.4160573
2328,4.0961123,-5.1179743
2329,4.73316,-4.1712885
2330,4.693942,-3.5473566
2331,3.7644622,-3.830073
2332,4.8791857,-1.7934597
2333,6.0365763,-1.22751
2334,5.280744,-1.0157213
2335,5.627143,0.18491668
2336,3.500927,1.3064729
2337,5.8330874,-0.47427812
2338,6.191067,-1.7592318
2339,7.1326065,0.9747031
2340,4.8930125,-3.5977783
2341,3.4899611,-5.42594
2342,5.6174383,0.42140076
2343,7.622073,-1.2170004
2344,5.6117077,-3.1525543
2345,4.3893833,-2.7207465
2346,4.7722125,-0.27864948
2347,4.7692804,-0.48690298
2348,3.7563252,-1.1846782
2349,4.399233,0.49211597
2350,4.878872,-2.7942064
2351,5.225313,-2.7367716
2352,6.7826366,-1.6408862
2353,7.539011,-4.7238593
2354,5.2241497,-3.0531359
2355,4.7324424,-1.6647171
2356,5.7976437,-1.8923441
2357,6.8551435,0.09311547
2358,8.667616,-0.531571
2359,7.9530754,-2.9159908
2360,8.451526,-1.2524132
2361,6.0715747,-3.2077432
2362,3.3530169,-3.1204863
2363,3.6718705,-1.4821339
2364,7.7338567,-1.3628367
2365,5.0930495,-2.182377
2366,4.870517,-2.4136333
2367,6.283803,-2.6297572
2368,6.192997,-2.592714
2369,7.8522215,-2.7518518
2370,5.418031,-3.8941894
2371,4.9610524,-3.9538124
2372,4.1063747,-4.8939104
2373,5.1382537,-4.7208962
2374,4.964168,-7.0089264
2375,4.477413,-4.4118757
2376,6.765171,-4.083896
2377,4.777184,-4.460979
2378,4.3592873,-6.9223905
2379,5.2474113,-8.594477
2380,6.485545,-4.902898
2381,2.7259662,-1.0239667
2382,3.2553544,-3.6103888
2383,4.053375,-3.2945547
2384,2.9356353,-4.95601
2385,4.0305104,-5.023658
2386,4.711109,-3.2396936
2387,5.6307297,-3.120367
2388,4.7429667,-3.0952845
2389,5.580323,-1.3734978
2390,6.782408,-2.7610986
2391,3.7101018,-2.44369
2392,5.1765404,-3.0325227
2393,4.092375,-6.2768493
2394,5.5295177,-11.029171
2395,7.47146,-8.425425
2396,7.10124,-5.095002
2397,4.974921,-4.546126
2398,5.0551057,-3.427936
2399,6.2674413,-7.3401995
2400,3.9462247,-5.841093
2401,4.2193127,-7.900255
2402,6.3706474,-6.373514
2403,7.136332,-3.9710283
2404,6.9346495,-3.877533
2405,6.8152504,-2.008149
2406,4.4964304,-2.8162208
2407,6.5777707,-3.7757535
2408,5.615507,-4.262253
2409,6.6710386,-1.1073709
2410,5.547789,0.089142166
2411,7.1702423,-0.668432
2412,7.1894193,-3.920784
2413,8.409728,-6.312794
2414,5.2196426,-3.5998793
2415,4.207915,-5.932808
2416,5.681926,-3.5003235
2417,5.037861,-2.3892283
2418,6.051283,-3.3384368
2419,6.6607795,-5.4423003
2420,5.9435296,-4.946061
2421,7.5258913,-4.8417583
2422,7.0265937,-5.223135
2423,7.103811,-4.6996727
2424,5.484313,-4.7763724
2425,5.930172,-4.8388424
2426,6.430329,-6.327572
2427,3.203658,-5.2362947
2428,3.8836725,-7.993139
2429,5.055592,-1.1422274
2430,5.267466,-0.61471605
2431,6.266452,0.9436517
2432,4.921438,1.425226
2433,6.99735,-2.5603857
2434,4.7759056,0.32914844
2435,5.6107364,1.0603989
2436,5.468853,-2.9589071
2437,7.0576644,1.7094455
2438,5.7481,-0.78314483
2439,5.1070952,-0.40205035
2440,6.728958,-3.6563418
2441,4.954776,-2.1294048
2442,6.196399,-2.312243
2443,6.458352,-3.6265476
2444,5.618747,1.3699658
2445,6.441829,1.4780903
2446,7.2080975,0.5349308
2447,4.0724564,-1.1478367
2448,6.673891,-0.78206235
2449,5.0907955,-1.1670903
2450,7.4422436,-3.2051618
2451,3.8370278,-3.1046643
2452,5.0526032,-2.3015387
2453,3.4070845,-2.566505
2454,2.640206,-3.466965
2455,3.6922135,-0.40112317
2456,4.603739,3.580721
2457,5.7871203,4.18216
2458,5.884439,2.399195
2459,5.0335565,5.7810354
2460,5.8837743,5.034768
2461,6.5633655,-0.1679245
2462,5.819487,-1.4534156
2463,4.152605,-5.709925
2464,5.5550966,-8.52599
2465,4.8524957,-6.4646344
2466,4.0295033,-4.6262617
2467,3.8096075,-4.419052
2468,3.8491464,-4.2560606
2469,5.700584,-0.7435918
2470,6.155511,-4.5181336
2471,4.841902,-4.943612
2472,4.1256104,-3.3140888
2473,4.844303,-3.2696667
2474,4.1806216,-4.7007318
2475,4.912273,-5.3547893
2476,5.79877,-3.6444592
2477,6.8670287,-4.443417
2478,4.7122884,-5.1879215
2479,5.7888594,-1.4867225
2480,5.598659,-2.7100377
2481,5.423324,-2.2207456
2482,4.1215343,-5.2456775
2483,5.7218122,-4.6700153
2484,5.386056,-6.78862
2485,5.4199834,-3.5681999
2486,5.7864943,-1.7261066
2487,4.800112,-4.489511
2488,3.9262357,-1.4233855
2489,4.199389,-1.4153774
2490,5.1167073,-3.9168303
2491,6.41226,-4.861637
2492,4.5136104,-4.428603
2493,4.969179,-5.291541
2494,5.671698,-3.23179
2495,4.338979,-4.5904493
2496,4.1272097,-4.627015
2497,5.0084963,-5.7014427
2498,4.92587,-6.295832
2499,5.324714,-1.3952923
2500,4.6788588,-1.115145
2501,5.962459,-2.7199178
2502,5.8347783,-3.9805
2503,4.3587184,-3.8049574
2504,4.651073,-3.6951284
2505,6.642017,-5.2058225
2506,4.596391,-4.2109823
2507,5.2415943,-2.9193673
2508,7.030463,-6.4894753
2509,7.6671724,-4.1793394
2510,6.8346434,-4.4456325
2511,6.9781585,-6.727508
2512,5.582742,-4.1163654
2513,5.9040337,-4.520831
2514,4.4864717,-3.2759876
2515,7.224972,-6.6166253
2516,3.2422247,-6.9118233
2517,5.843301,-5.688291
2518,5.1619177,-5.5770926
2519,6.341977,-5.3009486
2520,3.8224518,-3.6624472
2521,5.558912,-2.6045468
2522,5.549246,-5.663569
2523,5.5458083,-6.456475
2524,6.4329076,-6.54346
2525,5.827881,-6.1942644
2526,5.2361073,-6.06033
2527,7.088629,-5.438151
2528,5.751698,-3.5635483
2529,5.090796,-4.6751995
2530,4.070285,-3.645468
2531,4.6352553,-5.061709
2532,3.9514356,-5.33562
2533,4.5273514,-3.830209
2534,5.5100613,-1.6839253
2535,5.624641,-1.7227155
2536,7.199055,-5.493882
2537,6.0869846,-1.1457617
2538,5.488145,-3.738549
2539,5.6720967,-2.90035
2540,6.334114,0.4607978
2541,4.692995,-1.6429024
2542,5.608848,-2.2350976
2543,5.929267,-3.5921075
2544,4.204534,-2.2563257
2545,6.881904,-2.5849667
2546,5.1975055,-4.2890596
2547,5.749096,-2.6837344
2548,5.682964,-6.0956454
2549,4.449229,-3.0816941
2550,5.393287,-3.8531718
2551,5.4366007,-3.9772642
2552,6.734441,-5.590916
2553,5.6939554,-4.745687
2554,5.2004323,-2.6780672
2555,5.348853,-5.5074997
2556,6.881901,-4.8930593
2557,6.720525,-3.6549625
2558,6.9101195,-3.1672034
2559,4.148515,-3.5047061
2560,6.230337,-3.4002025
2561,4.9585004,-2.2134058
2562,5.038855,-1.0255997
2563,4.4736986,-1.6560037
2564,6.0780187,-4.478189
2565,5.538509,-3.1459436
2566,5.4994245,-4.6728992
2567,4.787467,-4.267521
2568,5.330043,-7.4088316
2569,5.2511144,-5.8467283
2570,4.974942,-3.2268124
2571,4.7423186,-3.5915523
2572,5.664604,-5.5953183
2573,5.7501974,-4.912806
2574,3.8305762,-6.097498
2575,5.2572966,-3.982712
2576,5.326839,-2.7446036
2577,5.238462,-3.6933532
2578,4.42335,-6.4253273
2579,4.352825,-4.5877676
2580,5.934111,-1.962795
2581,5.337743,-5.7618885
2582,5.6757154,-5.42819
2583,6.081954,-5.83644
2584,4.815648,-2.587654
2585,5.5591393,-7.1181674
2586,5.675227,-6.715659
2587,3.5298798,-4.945366
2588,2.312132,-5.266397
2589,5.421218,-4.756076
2590,4.480275,-1.5675726
2591,4.647383,-2.7643764
2592,6.3698354,-3.1533868
2593,5.3957553,-1.7609023
2594,3.1310422,-4.642824
2595,4.888746,-6.397736
2596,6.246371,-7.130326
2597,4.240419,-6.0485406
2598,3.955984,-3.2507784
2599,4.42261,-7.0291977
2600,4.046812,-7.1471643
2601,4.298247,-3.9753385
2602,4.869449,-4.1198487
2603,3.5434518,-3.1567068
2604,5.965341,-2.4191403
2605,5.1067977,-2.8425786
2606,4.768492,-2.754939
2607,4.7966022,-2.2072783
2608,5.9013863,-5.0141444
2609,6.073165,-2.5494945
2610,5.9997473,-1.5408257
2611,5.433774,-2.6221592
2612,4.76732,-3.5757773
2613,5.208233,-6.205908
2614,6.0195723,-4.34812
2615,4.9462976,-3.3113148
2616,5.606955,-5.33467
2617,5.220992,-2.7349386
2618,5.449158,-7.320341
2619,6.5414615,-6.2719984
2620,5.298517,-7.10094
2621,5.949161,-4.344295
2622,4.528994,-6.430396
2623,6.0198812,-5.128434
2624,5.219616,-6.7822633
2625,4.9187417,-5.6279993
2626,4.427908,-5.7256804
2627,6.3223853,-6.7121544
2628,4.564736,-3.5770576
2629,4.043774,-3.675245
2630,5.6400156,-4.2336416
2631,5.8520617,-3.0207944
2632,5.16562,-4.0711393
2633,4.1360683,-2.7795458
2634,5.7874775,-3.6173956
2635,6.145981,-3.0848134
2636,5.2371116,-2.6620698
2637,6.175631,-4.0803337
2638,7.045504,-5.397745
2639,5.874361,-2.061867
2640,7.152368,-5.8748226
2641,7.170386,-7.2166214
2642,6.2725687,-5.5051627
2643,8.034143,-6.787045
2644,7.0450716,-4.430914
2645,7.05627,-4.6395817
2646,6.497114,-3.76434
2647,7.687665,-2.5305796
2648,7.912699,-3.201223
2649,8.143566,-5.1941347
2650,7.014521,-3.3154821
2651,5.1800823,-2.0100572
2652,9.437157,-3.392626
2653,7.5372443,-4.8424997
2654,4.8077154,-5.0217223
2655,8.032094,-1.3358377
2656,6.696627,-2.4509408
2657,7.2418184,0.5665844
2658,7.2801023,-3.802525
2659,7.605392,-5.9238825
2660,8.6509495,-4.617789
2661,7.0883203,-4.4643345
2662,6.9477406,-1.7935197
2663,7.332989,-4.2922397
2664,5.8669844,-3.072181
2665,6.822408,-1.5274942
2666,6.2070513,-2.5777104
2667,6.319847,-4.1861973
2668,6.2298927,-3.867384
2669,7.160249,-2.843333
2670,5.402158,-1.412158
2671,6.268418,-2.7022593
2672,6.60837,-1.0062225
2673,6.9976835,-2.8388398
2674,7.6565194,-2.433223
2675,7.6934514,-4.075398
2676,6.1698465,-1.9991562
2677,7.245089,-2.1560037
2678,6.6141157,-4.5420976
2679,6.3154974,-3.8641908
2680,8.63131,-3.2933006
2681,7.100965,-4.5089273
2682,7.203676,-0.5562149
2683,6.3661556,-3.120326
2684,6.875788,-4.1243286
2685,7.21032,-2.179831
2686,6.3282733,-4.107924
2687,7.221803,-3.1697571
2688,6.522069,-4.6553583
2689,7.043446,-3.5610747
2690,6.3506227,-3.04396
2691,7.16324,-5.818758
2692,6.8689013,-4.3549814
2693,8.165855,-6.336779
2694,7.1773505,-4.4341693
2695,8.537556,-3.2145853
2696,8.413941,-5.544736
2697,7.7630105,-3.33703
2698,7.7968926,-6.6331053
2699,7.9694347,-3.465019
2700,8.219671,-4.0827017
2701,6.823684,-6.9483066
2702,8.79008,-7.6180587
2703,6.392213,-9.602653
2704,7.7607903,-6.022877
2705,5.6326127,-4.6372485
2706,7.6934257,-4.557659
2707,7.1612167,-0.86567086
2708,6.408292,-6.249189
2709,7.037943,-3.775701
2710,7.1072407,-5.704434
2711,6.0117774,-5.73128
2712,6.664829,-4.442136
2713,4.7891703,-4.943143
2714,7.189295,-4.043598
2715,6.991118,-1.4733409
2716,7.3331003,-3.5120595
2717,5.955507,-2.9458451
2718,7.4828205,-4.712411
2719,8.227306,-5.8230596
2720,6.81101,-5.1702924
2721,7.2494836,-4.5414085
2722,5.6494207,-3.4413905
2723,6.517156,-8.219252
2724,5.526451,-4.827571
2725,7.181548,-7.596382
2726,5.8321786,-7.0535674
2727,7.3161364,-1.758983
2728,6.8206515,-2.9870644
2729,7.184643,-4.865209
2730,6.870275,-1.0975255
2731,7.1857295,-3.3306334
2732,6.54516,-6.7855406
2733,7.2528186,-6.357772
2734,6.467048,-5.570083
2735,7.4740696,-5.110071
2736,6.5192275,-5.874353
2737,4.0626874,-1.8757261
2738,6.1735945,-4.5035806
2739,6.7987823,-4.4809823
2740,6.8750653,-5.1144533
2741,7.4187098,-3.265631
2742,9.138339,-3.1009762
2743,7.681292,-5.304743
2744,7.6287594,-6.0974126
2745,9.801236,-3.6016872
2746,6.557022,-5.216256
2747,7.2347493,-3.3570173
2748,9.229418,-2.5535092
2749,7.827377,-7.043757
2750,9.02818,-6.2314706
2751,7.285498,-3.9954162
2752,6.819606,-3.1311607
2753,9.633613,-4.4377713
2754,9.185142,-4.698724
2755,8.490293,-5.789195
2756,7.3853908,-3.3119242
2757,7.825064,-6.8068175
2758,8.425611,-4.7658687
2759,7.313193,-5.334927
2760,9.056645,-5.160682
2761,6.4958177,-3.1793869
2762,7.750822,-6.845592
2763,7.7146482,-8.587355
2764,9.175342,-4.2471347
2765,6.647801,-5.324896
2766,7.808025,-8.113982
2767,6.698829,-7.553843
2768,7.1618285,-6.4544463
2769,7.166649,-6.9030976
2770,4.7543936,-7.6472034
2771,6.6532664,-5.189072
2772,6.8689475,-3.5005217
2773,5.8039412,-3.564561
2774,6.4949713,-4.440005
2775,5.6371207,-6.876631
2776,8.455217,-5.7023787
2777,8.199627,-7.3415256
2778,6.9446144,-3.190506
2779,6.4957495,-5.534073
2780,7.662589,-5.8860493
2781,6.496841,-4.3600516
2782,8.655712,-6.24143
2783,7.304456,-7.597975
2784,7.9798584,-6.4336557
2785,8.953585,-6.1195416
2786,7.2975545,-5.1535068
2787,7.929053,-4.057198
2788,8.9936695,-6.9390306
2789,6.703911,-4.198014
2790,6.706521,-4.7414985
2791,10.222079,-4.454875
2792,6.906299,-5.6152267
2793,7.3075385,-7.039473
2794,8.789734,-8.210507
2795,6.1438684,-7.5736995
2796,8.395046,-6.447909
2797,6.531142,-6.6134133
2798,6.9086905,-4.1286054
2799,6.1464906,-5.0393023
2800,6.8095436,-4.744293
2801,6.9544992,-4.683791
2802,5.988151,-2.227473
2803,7.0338116,-5.8381815
2804,9.217992,-6.1183515
2805,6.70714,-3.9533582
2806,5.5047727,-6.7399435
2807,6.9278684,-4.406706
2808,6.47834,-5.330445
2809,5.4053817,-6.3241696
2810,6.979656,-5.2590623
2811,7.3260493,-5.530376
2812,7.593883,-5.891767
2813,5.310584,-6.9711967
2814,6.8336487,-8.997841
2815,5.9224153,-5.2614737
2816,6.5334225,-5.9588423
2817,5.4435773,-0.12377513
2818,7.065973,-2.7095299
2819,5.8295045,-6.3901143
2820,5.7370067,-1.8518519
2821,5.8765836,-1.054441
2822,4.894929,3.1156647
2823,6.5848804,2.2075987
2824,8.847752,1.802081
2825,8.747731,3.1026149
2826,7.04477,2.0227036
2827,8.116782,2.4830341
2828,7.9405575,1.619808
2829,7.5853686,3.626311
2830,6.061562,2.7794657
2831,8.641542,-1.2351487
2832,9.182684,0.96697074
2833,9.165355,-3.4933846
2834,6.9341702,-3.5716636
2835,7.000598,-4.7929845
2836,8.255734,-4.0797915
2837,8.508515,-0.70684594
2838,7.4726787,-2.0648265
2839,10.191526,-3.352574
2840,8.686225,0.73937565
2841,8.003711,-0.23726213
2842,7.6915555,2.5601814
2843,7.0411835,4.9503374
2844,8.815668,2.5985906
2845,9.062903,3.5186834
2846,9.140667,3.1805515
2847,8.786478,2.160593
2848,7.5552263,2.0499365
2849,8.469091,-1.0915377
2850,8.957238,1.5049586
2851,8.580188,1.7089117
2852,7.281331,-0.047987655
2853,5.7880197,3.9833977
2854,7.2883253,1.4442986
2855,8.921016,3.9222615
2856,8.558832,1.8041242
2857,9.680997,3.0843575
2858,9.302239,5.785856
2859,7.501932,3.2226162
2860,9.057664,5.6850233
2861,9.258041,0.5083035
2862,7.4473147,-0.23389953
2863,7.9186215,8.224031
2864,6.577796,2.346794
2865,7.421164,2.001411
2866,5.7185087,1.2204059
2867,5.886117,1.3112853
2868,7.2609315,3.1951048
2869,7.946583,0.23103191
2870,9.012979,2.6134493
2871,7.923459,2.574071
2872,9.130855,3.8048713
2873,8.548692,6.260151
2874,8.056914,7.1318283
2875,7.914295,6.5812798
2876,8.455511,4.924253
2877,7.8023944,2.987866
2878,10.047832,8.7484
2879,9.119445,7.1415095
2880,10.4008045,7.9623637
2881,10.02082,7.536968
2882,10.662153,4.860739
2883,9.509955,3.819247
2884,8.580437,2.7117069
2885,8.58008,2.560955
2886,7.2694583,1.4213734
2887,8.751503,0.826952
2888,8.006183,0.7148965
2889,8.840635,2.2549875
2890,10.733279,4.227156
2891,9.913618,0.27641046
2892,10.109133,0.91980016
2893,8.932502,3.32621
2894,9.163534,1.8880976
2895,10.084049,3.344696
2896,9.647972,1.3443451
2897,9.271381,2.9115815
2898,8.442092,0.17514704
2899,10.17026,4.319873
2900,10.006495,6.4350653
2901,9.035775,4.3380423
2902,8.7854,3.945795
2903,9.1626215,3.82754
2904,9.032319,-0.070793144
2905,10.341767,-1.0014417
2906,12.043851,0.5363282
2907,9.280454,0.38077456
2908,10.180609,-2.0291154
2909,9.720947,-1.259209
2910,10.267982,4.914485
2911,9.657236,6.773188
2912,10.046906,2.8465319
2913,8.765732,2.8222775
2914,8.331268,3.1099524
2915,8.472978,0.93991715
2916,12.6678915,2.680213
2917,8.886621,2.6702049
2918,10.10937,0.3994196
2919,9.317252,0.88662225
2920,10.416207,1.1488241
2921,9.966472,6.0204663
2922,10.031986,5.1638465
2923,8.680027,1.0470768
2924,9.457212,-0.6654972
2925,10.235123,4.2739134
2926,8.685211,1.5196955
2927,10.88452,-0.9941849
2928,9.671813,0.46665764
2929,9.756501,5.002156
2930,9.145133,-0.6501432
2931,8.507624,0.105067156
2932,8.759617,0.3183402
2933,6.003511,3.0475907
2934,8.348661,0.18607444
2935,7.771618,-1.6927437
2936,6.9980583,-0.57476205
2937,8.166061,-0.80406415
2938,4.6842356,0.9704806
2939,7.193101,0.37488878
2940,5.6739306,-1.9093388
2941,6.141108,-3.2054536
2942,8.0155525,-2.684831
2943,6.749455,-0.03629044
2944,6.8908267,0.16736937
2945,9.117473,4.98515
2946,6.362058,0.07640941
2947,10.185827,1.2246183
2948,7.6521974,4.4294357
2949,7.452346,3.676426
2950,7.595628,3.1699603
2951,6.1865606,2.2912178
2952,8.772349,1.7893691
2953,5.767801,2.0345893
2954,9.079435,5.2760286
2955,7.2118316,4.163887
2956,7.1919823,5.1633663
2957,8.537797,1.3707616
2958,7.916424,0.9456953
2959,8.068476,1.6820467
2960,6.6826134,-0.40096095
2961,8.531567,1.0498848
2962,7.1209073,4.4198155
2963,6.017143,4.0705667
2964,9.423446,1.1131245
2965,8.484188,1.5573262
2966,8.856757,4.664626
2967,9.405772,3.9126284
2968,6.7190704,5.121007
2969,8.406899,5.3134294
2970,6.2756743,2.9089088
2971,7.041605,3.135699
2972,8.424256,3.1561358
2973,7.531134,6.0568566
2974,7.388819,3.1593692
2975,7.8721414,-0.21254125
2976,7.325849,1.3383987
2977,8.543965,0.92884874
2978,6.92338,3.2318888
2979,7.2928,4.6730547
2980,6.9982324,3.2734628
2981,8.821263,2.6522453
2982,7.820704,3.7064924
2983,8.072152,0.9502184
2984,6.3168488,2.9936109
2985,6.991729,2.8864298
2986,6.3758087,1.8659211
2987,6.9556746,2.5276604
2988,6.7799706,2.5024648
2989,6.011656,2.3263602
2990,9.073402,1.3743898
2991,8.365809,1.4689636
2992,7.4665875,-0.28520992
2993,9.248421,1.0383693
2994,9.385349,0.9956083
2995,7.3645988,1.4128644
2996,5.5702996,2.648732
2997,7.687248,5.5845747
2998,7.773149,2.752064
2999,8.146517,4.473792
3000,7.550975,2.3066187
3001,9.416393,3.8348603
3002,7.0885534,-0.90032184
3003,7.3820796,-1.9916284
3004,7.957225,0.061445348
3005,8.572017,-0.05644952
3006,7.300477,3.2991738
3007,7.657639,-0.6463585
3008,7.361173,-0.99147886
3009,8.227917,2.3536153
3010,8.939584,3.6651063
3011,8.579377,4.469359
3012,8.914427,2.326027
3013,7.1126904,2.4326482
3014,6.800522,5.0152593
3015,7.978392,3.566055
3016,7.2021093,4.6913185
3017,8.320247,3.3584177
3018,8.351395,5.4145055
3019,6.4630466,1.0269198
3020,9.459702,1.3220142
3021,8.121648,2.4063065
3022,7.179586,4.9999957
3023,8.271948,3.3106024
3024,8.7287445,2.7928338
3025,8.784482,3.509893
3026,7.105946,-0.7654981
3027,7.7821264,1.4451423
3028,7.9821706,1.955184
3029,6.4677176,1.127071
3030,7.3970423,3.6409845
3031,6.5919757,4.918191
3032,6.6394277,3.5528216
3033,7.941277,3.4296043
3034,6.5075164,6.968146
3035,6.3409786,6.3184376
3036,7.280717,3.4188993
3037,6.698347,7.1177163
3038,7.003787,4.5969415
3039,7.834025,3.8383422
3040,6.6185346,2.3203135
3041,9.299889,4.6164117
3042,7.5414815,3.376274
3043,6.167993,3.7765985
3044,7.101297,3.914011
3045,7.974396,3.7390466
3046,9.517352,3.1451545
3047,8.526121,2.9359512
3048,7.9303236,4.6899333
3049,8.288098,4.891627
3050,8.083476,3.5610235
3051,6.8572407,4.180601
3052,6.8848724,4.9870996
3053,7.000504,4.088575
3054,9.103198,3.2246075
3055,8.793913,2.0289905
3056,9.221746,4.2939115
3057,8.177138,4.9544034
3058,7.878219,5.0766296
3059,8.513315,3.6197205
3060,8.080776,4.2301183
3061,7.985253,2.1889913
3062,6.851236,1.8297099
3063,8.679028,0.66022307
3064,7.981102,2.6926908
3065,6.87926,0.6037331
3066,7.097101,4.7650146
3067,9.027489,3.4394362
3068,7.1886234,5.1575556
3069,7.8551545,4.398396
3070,7.211612,0.50511116
3071,6.5710444,1.6445266
3072,7.771637,3.240634
3073,5.9777684,3.849814
3074,8.415006,5.0066013
3075,7.2899375,5.1901393
3076,7.494224,2.3608708
3077,8.927368,5.249041
3078,6.2634826,6.789357
3079,7.646696,4.6347733
3080,7.0827336,5.637886
3081,5.6362567,7.098115
3082,5.808006,9.053388
3083,9.366649,7.1383224
3084,7.0867777,6.592265
3085,6.908416,3.4068978
3086,7.333178,6.0261197
3087,7.090321,5.807568
3088,7.091921,4.2099657
3089,7.7684054,5.9062285
3090,8.959269,6.83091
3091,8.83463,6.7834125
3092,8.886694,3.8172455
3093,7.831595,2.2839305
3094,7.2784343,0.86606425
3095,7.162906,3.3314624
3096,6.4102063,4.6579394
3097,5.6435246,7.5320635
3098,7.1345286,4.0370197
3099,5.8127737,3.0203228
3100,8.413593,1.0369315
3101,8.35296,2.8335109
3102,5.856497,4.387808
3103,7.808797,5.524253
3104,7.527513,3.183894
3105,6.189578,5.19995
3106,7.696015,9.007471
3107,6.3302736,5.378474
3108,7.1153507,1.2492627
3109,6.72204,2.980696
3110,8.656961,10.849106
3111,7.460073,4.344758
3112,6.712993,4.105996
3113,8.367671,8.829113
3114,7.6051097,5.924435
3115,7.529927,6.648653
3116,7.3412247,4.551682
3117,6.6038485,3.432098
3118,5.902856,6.660755
3119,6.0226355,8.372118
3120,7.2835803,8.3597765
3121,8.456674,10.745097
3122,7.2948146,6.2791724
3123,7.4859695,10.249037
3124,6.8153462,6.65256
3125,7.524835,7.134442
3126,7.13528,7.679054
3127,7.144498,9.392544
3128,6.0414734,9.662687
3129,7.172839,5.055435
3130,7.5915337,5.4306645
3131,8.417088,8.113973
3132,7.405357,10.3490505
3133,5.3507824,7.7948017
3134,8.392559,9.310676
3135,7.5446696,5.4188843
3136,6.9146385,5.5365386
3137,9.317575,4.4728765
3138,6.87794,9.455745
3139,7.3177214,7.3217306
3140,6.6340003,8.690453
3141,9.067752,8.209331
3142,7.136438,7.4445243
3143,7.8174677,7.093612
3144,7.809942,3.9284236
3145,7.674724,5.5563846
3146,7.63273,3.688402
3147,6.7065077,3.744516
3148,7.399294,2.54308
3149,6.475451,1.8954289
3150,7.9298673,5.8539634
3151,6.691883,7.8194
3152,8.407047,7.512367
3153,8.099324,8.761065
3154,7.501879,8.466358
3155,7.4712334,9.715185
3156,5.892344,8.474414
3157,4.636692,11.66131
3158,5.949705,10.323246
3159,5.9994664,6.301238
3160,6.6625614,9.685168
3161,6.8795524,5.9810586
3162,6.841276,7.003801
3163,7.503062,8.46723
3164,5.50347,7.0755944
3165,8.758868,9.0910425
3166,7.4076605,4.5564437
3167,7.503762,7.785653
3168,7.2641587,8.343703
3169,6.8556566,11.19587
3170,7.6897225,10.133296
3171,7.9739127,8.635892
3172,7.2101903,8.656203
3173,8.005699,7.5789375
3174,7.1760645,11.280214
3175,7.094216,4.3373084
3176,6.6319327,10.384268
3177,6.435757,7.9395685
3178,5.6298585,6.9719176
3179,6.059286,6.018926
3180,7.560393,8.292859
3181,7.064345,6.6981487
3182,6.915816,10.681957
3183,6.7492685,7.4380164
3184,7.713807,7.83684
3185,6.551076,9.245685
3186,6.48749,6.371133
3187,5.9241147,7.6892576
3188,7.076639,6.681039
3189,5.2581854,8.177133
3190,6.5583873,6.980698
3191,6.781031,9.064001
3192,5.3656764,5.234503
3193,4.8226004,7.428072
3194,7.5418053,5.9753466
3195,6.534952,6.205551
3196,8.007131,4.654238
3197,6.1344194,5.7780666
3198,6.594412,4.8112154
3199,6.4269204,2.91391
3200,6.3657675,10.220856
3201,5.502797,7.898203
3202,5.832778,5.6608014
3203,6.763353,4.659097
3204,6.559915,5.5423656
3205,6.7555447,3.801572
3206,6.659449,1.4054457
3207,6.0568,6.8350763
3208,6.010036,3.2878907
3209,4.505043,4.4715652
3210,5.5106854,4.9014716
3211,5.805817,0.82412964
3212,6.283418,3.266785
3213,7.0343404,-2.4694963
3214,5.655561,2.4072351
3215,5.9133353,2.524494
3216,7.7251143,-0.66561556
3217,7.4166446,0.30326244
3218,6.3361955,0.3851985
3219,6.926651,0.6027568
3220,6.1570864,3.9343884
3221,6.3013415,4.0724473
3222,6.541745,3.926522
3223,7.4739532,3.8823884
3224,6.4125886,5.0899734
3225,6.0213537,4.1734548
3226,7.32597,0.3618849
3227,8.100158,3.8051717
3228,6.2409496,2.4265342
3229,6.576582,3.2908745
3230,4.7447176,8.415555
3231,7.8801484,3.7995563
3232,6.864447,4.4042926
3233,5.4674935,5.875644
3234,7.4993706,2.150497
3235,7.0162563,6.521339
3236,5.590672,7.7905025
3237,7.4068317,6.344829
3238,6.755666,4.463809
3239,8.039985,5.6761107
3240,7.7411633,8.197759
3241,7.2529154,5.109353
3242,8.487608,7.2364836
3243,5.7080903,7.8533745
3244,7.8786736,6.8985095
3245,7.292839,4.907538
3246,6.4044027,6.2494316
3247,6.812375,5.78701
3248,6.88009,10.088078
3249,6.872465,6.410798
3250,6.2671714,2.738569
3251,6.835225,1.4702905
3252,8.822072,5.466543
3253,7.912297,2.0361037
3254,6.98763,0.036506727
3255,7.592375,2.6586106
3256,6.9185266,4.1888814
3257,6.3790407,2.1755447
3258,6.9052396,2.941662
3259,8.254631,6.3292227
3260,7.681035,4.7364507
3261,6.8021026,10.564485
3262,7.6887393,8.774117
3263,7.7437453,8.390254
3264,5.3019156,11.46911
3265,7.5423303,14.214979
3266,7.472779,17.135826
3267,6.3212504,11.948808
3268,7.992693,10.219866
3269,8.234167,10.604327
3270,7.0643773,10.279862
3271,7.9028335,12.828277
3272,7.536692,12.178867
3273,6.5903683,12.458879
3274,7.2847,12.584826
3275,6.9203634,10.044317
3276,6.460358,9.670292
3277,6.199728,12.982912
3278,6.5866747,11.998206
3279,6.0637813,12.278091
3280,7.3088956,14.491817
3281,6.6128845,14.992571
3282,6.6032553,12.966855
3283,6.799664,9.498111
3284,6.3092203,10.557669
3285,8.602087,10.298228
3286,6.920543,10.463344
3287,6.615901,13.932009
3288,6.1463,11.113942
3289,6.964637,8.108562
3290,9.029496,13.360081
3291,6.3899755,13.517825
3292,6.1655016,12.165027
3293,6.817474,6.296016
3294,7.08856,7.7631354
3295,6.3923655,10.64706
3296,8.2963085,9.653714
3297,6.542696,8.270816
3298,6.229744,11.721173
3299,7.25676,7.378176
3300,4.0213118,9.438834
3301,4.2329974,11.355091
3302,5.4035926,8.274119
3303,6.0401883,9.969578
3304,3.9917665,10.39066
3305,5.3434753,13.057981
3306,6.2883253,13.622342
3307,6.683141,9.030823
3308,5.8281584,11.736641
3309,6.3145413,9.09036
3310,5.187346,9.51132
3311,6.4988856,8.022011
3312,6.526711,10.22082
3313,4.326738,14.404543
3314,6.3117685,13.59932
3315,7.0302515,8.990774
3316,6.5034065,9.873079
3317,6.0175457,11.721991
3318,5.56589,9.167909
3319,6.0857797,12.928537
3320,5.1582003,14.150988
3321,6.105406,14.5471945
3322,6.2277575,15.006806
3323,5.8316283,15.9362135
3324,5.1134257,14.705102
3325,5.751885,16.13608
3326,6.828372,13.021179
3327,5.152082,13.404849
3328,5.2402735,10.840121
3329,5.4296694,9.429238
3330,5.5662622,10.653007
3331,5.9561324,14.52592
3332,6.4341617,11.230312
3333,3.875366,11.231578
3334,4.234587,9.281702
3335,5.605598,10.362904
3336,4.2412887,13.9556
3337,6.337911,11.225027
3338,6.965322,11.76119
3339,7.283288,11.307556
3340,5.573372,8.312771
3341,6.368494,10.012314
3342,4.858974,15.131782
3343,6.648413,13.329883
3344,4.5957274,13.867339
3345,4.540337,10.6230545
3346,5.857253,15.956125
3347,5.7773285,16.597477
3348,8.383505,10.297875
3349,7.2553997,9.114969
3350,5.8975716,10.678449
3351,7.3051143,10.468485
3352,6.5447316,5.987213
3353,5.7027316,10.820856
3354,5.6226254,11.274933
3355,6.0370936,8.65634
3356,5.740445,12.954211
3357,6.4890285,11.530972
3358,5.5363894,9.074814
3359,6.661179,11.777925
3360,7.4600625,10.492089
3361,5.738741,9.94064
3362,4.9533467,13.357603
3363,7.4433784,9.525667
3364,7.1085143,9.979967
3365,5.69394,10.49657
3366,6.8240657,10.038562
3367,6.9639354,6.8706837
3368,7.452392,9.898143
3369,5.8425293,8.713967
3370,5.7349415,7.658908
3371,5.3617053,7.946273
3372,6.152625,8.070223
3373,6.962534,6.609745
3374,7.6120234,4.6082506
3375,6.4830947,1.3725914
3376,5.5014806,5.3567996
3377,4.651893,8.562877
3378,5.361242,4.743518
3379,5.3315086,5.338416
3380,4.151815,2.0179024
3381,5.0456223,4.336577
3382,6.3466125,3.9213676
3383,6.540039,4.47855
3384,7.384811,4.46384
3385,5.138311,3.9794354
3386,5.525937,3.0521696
3387,5.369689,2.8386428
3388,7.13689,1.3324507
3389,6.070138,0.8369888
3390,6.5484567,-0.06110822
3391,5.3016953,-1.4234303
3392,6.4682503,-4.2828026
3393,7.378399,2.1030643
3394,6.6649237,-0.7288254
3395,5.6865196,-1.4907097
3396,6.701167,-0.7337574
3397,6.685866,-3.6883988
3398,4.944819,0.21872476
3399,5.5348825,4.1062913
3400,7.0519347,3.598605
3401,5.9327717,3.8998868
3402,6.746258,0.5230474
3403,5.6518035,3.5457366
3404,7.571053,3.7181504
3405,5.138018,1.649538
3406,7.466816,-0.58434796
3407,4.9682107,-2.2921119
3408,4.17405,-0.42509156
3409,7.110248,2.493968
3410,6.906639,1.9195117
3411,5.395613,2.935962
3412,6.5803356,0.46237633
3413,7.67395,2.1256394
3414,6.872091,3.203586
3415,6.529347,3.496864
3416,6.789818,2.6776156
3417,6.446683,3.978823
3418,4.8972645,3.4030945
3419,7.3729897,2.1705387
3420,7.0864367,1.7067596
3421,6.864325,-0.85172963
3422,7.636419,7.553622
3423,5.427635,5.457763
3424,7.819114,3.06015
3425,6.089331,4.1311326
3426,7.035921,2.0175116
3427,6.8045406,3.470119
3428,6.2379932,2.3681128
3429,6.747904,3.162862
3430,7.1168995,6.0686355
3431,5.8817477,3.665078
3432,5.5912914,2.7396462
3433,5.321418,0.7660487
3434,6.7335296,4.995657
3435,5.87333,1.3984462
3436,5.583772,-1.8762385
3437,6.8819847,-1.2223511
3438,5.764518,0.20446797
3439,6.464193,0.7655217
3440,7.163502,-1.3753706
3441,6.2723475,-0.9220487
3442,7.109421,-0.35544902
3443,7.1339817,-5.824839
3444,6.7112665,-4.750096
3445,4.410598,-4.9495096
3446,6.6876864,-8.043839
3447,5.1910343,-6.016834
3448,6.6041055,-4.0012465
3449,6.4142275,-7.988711
3450,6.3085003,-3.7100313
3451,7.1957283,-6.0084796
3452,6.457512,-5.0930133
3453,5.1294045,-2.6049273
3454,8.055803,-6.0491076
3455,5.9777575,-5.363128
3456,6.7522473,-7.7409167
3457,7.0967264,-8.348959
3458,8.535018,-4.3610725
3459,8.272575,-5.3682833
3460,7.5721107,-2.1096866
3461,7.1252527,-1.6186838
3462,4.7928925,-0.77041143
3463,6.6126785,3.0107758
3464,7.112329,2.2681081
3465,5.0435877,4.807372
3466,4.2323346,4.366657
3467,4.410721,1.2883863
3468,6.6997137,1.5818355
3469,5.7146273,-0.106371775
3470,6.712107,2.6053987
3471,5.170205,1.9076903
3472,4.898242,5.0818515
3473,5.44208,3.7402456
3474,5.601336,6.4916506
3475,6.089764,4.884297
3476,4.6971045,4.5291533
3477,5.9454756,7.1760926
3478,6.4623723,6.9023795
3479,6.261239,-0.17341879
3480,5.1553717,4.026888
3481,5.194668,4.234843
3482,6.2484612,1.8213241
3483,6.361013,1.7899252
3484,7.2550516,-1.9024683
3485,5.9711337,0.48797968
3486,6.692098,4.0106936
3487,5.1847425,1.710299
3488,5.7346196,4.8526845
3489,4.863547,6.167562
3490,6.520369,5.922168
3491,6.3999286,4.5365977
3492,5.422942,3.7740552
3493,6.3612123,3.9508755
3494,5.497436,6.77512
3495,7.642218,5.3213754
3496,5.3340573,7.244954
3497,6.5754023,6.587341
3498,5.504767,8.775438
3499,5.9094996,6.53408
3500,5.6115994,5.4960666
3501,5.4860396,7.96434
3502,6.5203366,7.841526
3503,6.373285,6.110619
3504,5.2720513,6.4200296
3505,5.159634,4.3151417
3506,5.953311,4.3129954
3507,4.7703247,4.097708
3508,5.782358,5.301466
3509,5.303765,4.300595
3510,6.3954325,4.885327
3511,5.2068157,8.824688
3512,5.38024,6.5263095
3513,5.5470757,6.31974
3514,4.6020274,6.1297317
3515,6.129618,7.445315
3516,6.246621,6.278207
3517,6.0538263,9.840772
3518,6.069266,8.996908
3519,5.3134866,8.581913
3520,8.161911,7.6937923
3521,6.7355714,8.488245
3522,5.33276,4.9012527
3523,5.6064324,5.444939
3524,6.882976,3.1269035
3525,6.500375,7.638194
3526,4.631025,6.7388706
3527,5.0640306,8.500958
3528,5.857902,6.4852123
3529,5.393392,9.287342
3530,4.420858,8.020854
3531,6.7834606,9.924335
3532,6.2931414,6.093817
3533,7.1548777,7.982396
3534,6.6619005,3.9099052
3535,4.551598,1.2206177
3536,5.041508,2.4264748
3537,4.7049737,8.206458
3538,4.2776904,7.674167
3539,6.5251017,5.6057096
3540,5.8442683,0.33158305
3541,4.372233,1.313999
3542,4.6309886,2.6323116
3543,5.2542667,4.6208353
3544,6.320421,5.276624
3545,4.977734,4.5443363
3546,4.0976768,4.547931
3547,4.5203114,2.2152538
3548,5.1584845,1.516736
3549,4.455683,4.0792103
3550,7.118874,4.32577
3551,5.470323,3.970907
3552,5.8030477,5.793877
3553,6.336673,4.621586
3554,5.412636,3.7641554
3555,5.7441797,9.404007
3556,6.6811323,8.282991
3557,7.56677,5.6348763
3558,6.334045,7.812197
3559,7.2921486,6.5397835
3560,6.2754765,6.0391245
3561,5.165863,8.307085
3562,5.474662,8.191207
3563,6.536035,7.8331275
3564,4.9727874,9.072502
3565,5.9170313,6.3958664
3566,5.4771657,7.4588575
3567,6.8856645,12.277297
3568,6.5952334,6.3629603
3569,4.8974557,8.138478
3570,4.88288,9.593668
3571,5.735295,9.35066
3572,3.9567611,9.542052
3573,5.2902417,9.500881
3574,4.0736823,10.517372
3575,4.1376686,10.274204
3576,4.6758056,9.561502
3577,4.938901,10.87232
3578,5.2887187,7.2683206
3579,5.734276,3.7671194
3580,6.7467017,7.640128
3581,5.7518883,10.609989
3582,5.332378,13.421495
3583,4.292303,14.213288
3584,3.477962,15.183959
3585,3.6187975,13.79777
3586,3.6039693,11.80604
3587,3.295942,13.526954
3588,3.854546,14.151681
3589,5.0632215,9.862298
3590,5.4083123,9.985221
3591,4.5795465,16.249298
3592,6.14726,10.659329
3593,4.9802976,11.046694
3594,4.8797827,11.127903
3595,6.2653117,15.517456
3596,5.5935144,16.041256
3597,5.381558,13.967325
3598,3.7956276,13.785383
3599,4.976494,12.716913
3600,3.744577,12.468185
3601,6.0513225,13.150551
3602,3.4763947,12.647445
3603,4.440446,8.894211
3604,5.856689,13.722386
3605,4.7569594,14.879065
3606,5.8239965,17.19012
3607,3.8698053,13.407577
3608,5.224595,16.14589
3609,6.653414,16.499777
3610,4.849243,14.344883
3611,5.5975056,12.391535
3612,6.182335,17.73562
3613,4.9723573,15.829741
3614,4.32049,14.204225
3615,4.6209774,14.788017
3616,6.0117774,16.303207
3617,4.6512494,11.820493
3618,3.991345,12.719722
3619,4.745674,12.579643
3620,4.7563624,11.938291
3621,3.9217114,13.089345
3622,4.7584357,14.5242195
3623,4.388364,7.16816
3624,5.4064565,11.75665
3625,3.7587247,10.093249
3626,3.7098768,13.195533
3627,2.6104543,10.953896
3628,4.5478344,12.616471
3629,4.279527,10.906274
3630,4.290978,12.71097
3631,4.937533,13.812332
3632,4.335241,10.653331
3633,3.367333,12.817241
3634,5.0681787,13.5570755
3635,4.651226,10.459789
3636,2.2016096,12.204795
3637,4.745091,9.74723
3638,3.1727133,9.193109
3639,3.8816774,5.57961
3640,4.46155,7.200943
3641,4.587153,9.214011
3642,4.7888885,9.562397
3643,2.6868074,6.721666
3644,5.395842,6.715783
3645,4.135448,4.9099708
3646,5.336533,6.132722
3647,2.1085792,8.652384
3648,2.7757797,8.68135
3649,3.8844466,11.085444
3650,4.437822,11.233736
3651,4.653335,11.010444
3652,4.7155337,8.349147
3653,5.897644,8.39094
3654,5.635112,10.422668
3655,6.1866584,10.310143
3656,5.406352,11.873982
3657,5.1571074,9.291054
3658,6.169801,9.087556
3659,3.933948,10.282709
3660,5.4397955,11.540083
3661,8.042157,10.667674
3662,7.7611213,7.0702386
3663,7.715049,10.994957
3664,6.755972,10.249708
3665,7.6189823,9.896078
3666,6.536932,12.608087
3667,6.6528897,7.802868
3668,5.8462563,10.609391
3669,7.502042,11.022943
3670,5.0744886,9.923878
3671,5.000582,8.886679
3672,6.8535547,10.832723
3673,5.678221,13.283088
3674,5.4295864,11.422028
3675,5.3840547,15.3739
3676,6.6059027,14.082701
3677,5.0652275,10.064768
3678,2.3796363,10.842528
3679,3.9465203,11.483126
3680,6.3370166,10.167184
3681,6.1798053,8.338426
3682,5.912861,10.1041155
3683,3.5859163,10.695123
3684,4.3888607,9.870113
3685,5.6361194,12.155529
3686,5.6061187,12.1078205
3687,4.7650766,10.828048
3688,4.543026,9.058608
3689,6.098678,3.8550065
3690,6.9002485,10.854053
3691,5.166228,5.0665565
3692,5.8815985,8.101741
3693,4.2839026,8.379899
3694,6.6805964,5.2128825
3695,4.444793,3.119177
3696,5.6681275,2.35479
3697,6.8068833,6.219847
3698,5.5637307,7.7216268
3699,5.4280443,3.8664649
3700,4.5298266,4.2974796
3701,4.162594,6.708386
3702,3.8012342,5.3893967
3703,4.182917,7.0762157
3704,5.3228884,5.8606105
3705,3.7236614,7.519746
3706,4.93241,8.267072
3707,4.8575506,6.191636
3708,5.893706,9.235318
3709,6.7112017,6.9568224
3710,6.305335,9.907114
3711,5.970892,6.443194
3712,6.337564,5.6226325
3713,6.9351473,5.4310255
3714,7.04647,3.3011644
3715,4.488012,5.2604923
3716,6.0136876,6.603284
3717,5.2062984,3.7372496
3718,5.490295,2.12322
3719,6.494935,1.4146123
3720,5.045388,8.488276
3721,5.3840017,6.4009075
3722,5.982656,6.6006413
3723,4.1205516,9.772389
3724,5.602809,6.514028
3725,6.380898,5.564303
3726,7.5034537,5.3990793
3727,5.3008466,7.6621885
3728,5.9546986,4.4381323
3729,4.529316,4.510168
3730,5.5961847,5.393722
3731,5.9903836,6.018911
3732,6.690868,6.616326
3733,5.1272683,3.1658905
3734,4.652727,2.9438968
3735,5.1319427,6.0289984
3736,5.9608006,5.186038
3737,5.048554,1.2598828
3738,6.9062986,3.825577
3739,5.424771,2.547696
3740,5.3570523,-0.10398934
3741,5.8379817,2.7015982
3742,5.00184,2.6111052
3743,7.8497,1.9012511
3744,5.679108,2.7680097
3745,6.277974,3.213832
3746,7.7519345,1.8335607
3747,4.836608,6.3505898
3748,5.2135754,1.6659516
3749,6.723637,7.1751413
3750,6.3068376,4.7848945
3751,5.481097,5.8667164
3752,4.9734097,5.682265
3753,2.718954,4.0942345
3754,4.6013875,3.3963978
3755,4.678519,3.0953004
3756,3.6986272,2.889894
3757,2.9869082,3.7578983
3758,3.4668314,3.2240736
3759,4.337007,2.432392
3760,4.690834,1.916291
3761,5.939672,5.3541374
3762,5.14764,5.5060644
3763,3.2682326,3.0088155
3764,2.550101,3.4792314
3765,7.441312,1.067844
3766,4.937789,-0.5118147
3767,5.5473194,0.3345288
3768,7.23385,2.6556356
3769,6.4739957,3.013032
3770,7.2905865,4.864361
3771,5.561887,5.975289
3772,5.435082,2.1482904
3773,6.2625556,5.321634
3774,7.2542768,6.0350003
3775,5.9145174,2.4997232
3776,6.7300477,5.131638
3777,7.62158,2.9897687
3778,6.7331777,3.7658975
3779,7.423813,2.217471
3780,7.164735,3.0878384
3781,7.029,3.5065606
3782,6.9192176,3.5132363
3783,9.456431,2.7521594
3784,8.343751,3.9685352
3785,9.355529,1.286784
3786,8.861634,1.1594868
3787,7.6716347,-0.41919905
3788,6.636088,2.3690302
3789,8.905766,1.7627139
3790,7.4714713,4.7711415
3791,6.8330226,4.1155977
3792,6.893554,1.7916243
3793,6.6043854,5.645132
3794,6.1911983,-0.09710625
3795,7.7146707,4.274716
3796,8.051479,-0.024315149
3797,8.079186,3.441433
3798,6.5932117,3.2563353
3799,8.199051,3.119269
3800,6.9742303,4.251599
3801,5.393964,5.1359196
3802,6.3046155,2.6505847
3803,5.9727697,4.695583
3804,7.2003307,5.5465407
3805,7.48136,2.4873867
3806,5.699672,3.9184237
3807,4.825689,3.0520883
3808,4.2175713,2.8452525
3809,7.505622,4.4473557
3810,5.289933,6.599764
3811,6.5776687,3.7430735
3812,7.6453147,4.0840816
3813,5.6685157,4.7442055
3814,6.9326577,5.821448
3815,7.5835342,5.7306485
3816,6.186904,4.159699
3817,8.968443,4.219529
3818,5.5826674,4.2984295
3819,6.07253,3.5103865
3820,5.9501595,6.5933723
3821,7.2267113,4.0598817
3822,4.379277,3.3549838
3823,8.920473,4.134678
3824,6.4447265,3.1910908
3825,8.420831,4.5028887
3826,5.8279567,7.3391767
3827,7.4175634,7.4004087
3828,8.717266,4.8004756
3829,10.023307,4.5742745
3830,7.19521,6.7449756
3831,9.4495945,3.817111
3832,6.9330287,3.5080934
3833,7.7199235,9.483255
3834,8.537586,2.380729
3835,8.696685,7.992006
3836,6.943232,8.275147
3837,6.8744926,6.7720203
3838,7.5717707,4.54204
3839,6.9134135,3.484416
3840,8.735667,2.604367
3841,6.756464,5.6831527
3842,6.307287,3.4578018
3843,7.138411,1.6027194
3844,7.8099947,2.2010977
3845,8.826928,6.0577784
3846,7.6398716,6.079382
3847,6.785783,6.3249125
3848,6.521365,7.524289
3849,5.576727,9.69606
3850,7.9220734,3.3737075
3851,8.231607,5.7144227
3852,5.8377995,5.71496
3853,5.8147383,3.0998785
3854,6.9177756,6.3332205
3855,7.4972773,7.613713
3856,7.818439,7.0872555
3857,6.412902,6.005454
3858,7.1704316,6.882869
3859,6.3238153,6.983466
3860,7.442712,5.2890463
3861,6.8853345,5.59885
3862,6.067415,6.459231
3863,6.9054513,9.333295
3864,7.8218904,4.2161236
3865,7.8158255,3.5157635
3866,7.7815423,7.2098594
3867,7.0586696,5.919142
3868,7.0917234,7.5801263
3869,7.340849,5.4801755
3870,5.4326196,8.004161
3871,7.4016953,9.367664
3872,6.8334246,3.715275
3873,7.6570463,9.82492
3874,7.7476225,8.334146
3875,7.046241,6.2163396
3876,5.3612404,5.018613
3877,5.31275,8.869754
3878,5.052172,9.866111
3879,4.539159,8.496336
3880,5.163054,8.015009
3881,6.3451853,4.9053044
3882,5.3254614,5.7006855
3883,7.9279184,9.21981
3884,7.7268763,9.476276
3885,7.171181,4.5761275
3886,5.325781,8.036494
3887,6.38347,7.358376
3888,3.386127,1.546365
3889,5.1596303,4.4201636
3890,6.115637,6.1553135
3891,5.5501685,8.392982
3892,5.496683,6.780228
3893,6.051075,8.165742
3894,5.703616,10.369643
3895,6.1783776,8.13778
3896,7.5553646,9.725639
3897,7.0815544,12.472411
3898,5.920799,13.586261
3899,6.803948,13.238848
3900,5.8556843,11.19181
3901,5.877324,12.544563
3902,6.1082826,7.7098536
3903,6.239074,10.759844
3904,7.232858,10.069902
3905,7.1360903,9.082528
3906,6.568789,7.239827
3907,6.0581174,10.009312
3908,7.3987684,7.3033834
3909,4.725462,4.3968015
3910,4.933646,10.056545
3911,5.8931932,10.592509
3912,8.706763,10.891078
3913,7.1584706,13.681855
3914,6.2976675,11.069788
3915,5.74619,13.672122
3916,5.630796,11.148951
3917,6.000519,13.209151
3918,7.034219,9.186019
3919,4.922959,15.8813505
3920,4.969005,12.639853
3921,6.819492,10.220559
3922,7.0217195,10.126482
3923,5.9203258,11.632774
3924,5.997224,12.041157
3925,4.7034326,10.170484
3926,7.681073,7.3520346
3927,6.179829,4.863037
3928,5.9915853,7.820396
3929,6.1546082,7.1923103
3930,7.87066,7.4152164
3931,9.362001,14.271474
3932,7.9786954,14.237275
3933,7.609472,9.584493
3934,6.786127,12.282278
3935,8.246637,7.520988
3936,7.301622,7.3812265
3937,9.125744,9.12024
3938,5.5000396,5.574138
3939,8.808545,7.7042904
3940,7.6723976,13.838671
3941,7.730895,8.500695
3942,6.7991714,4.684465
3943,7.2687583,4.041202
3944,5.155455,6.2215486
3945,7.6706333,4.892272
3946,7.5533433,8.686161
3947,6.2383165,8.231518
3948,6.19317,5.3578897
3949,5.960168,7.3619623
3950,5.834678,6.5782123
3951,8.22537,5.744908
3952,7.411993,8.399363
3953,7.183404,1.7930943
3954,5.7768316,4.6520314
3955,6.43324,3.9483688
3956,5.899053,6.8003073
3957,6.490903,7.545251
3958,6.9850426,6.50312
3959,4.994398,5.9477935
3960,7.21133,6.111577
3961,7.291528,5.24333
3962,6.295794,7.857846
3963,7.0681624,8.922548
3964,6.4896684,9.131899
3965,8.013874,9.192064
3966,6.3525047,9.172094
3967,7.0737104,7.359368
3968,7.203148,11.009632
3969,5.483613,9.033843
3970,8.946104,9.798762
3971,8.636911,7.5257955
3972,6.3989205,7.5123687
3973,7.441205,8.3091955
3974,7.702566,7.8066287
3975,6.679982,8.583938
3976,7.77275,6.551737
3977,7.5290074,9.617552
3978,6.9107823,10.13256
3979,6.7220426,7.0980315
3980,7.5281873,6.300187
3981,8.574269,9.286069
3982,7.8688936,10.200297
3983,7.1282477,9.053952
3984,8.150171,10.8041315
3985,6.8136573,8.571956
3986,8.249759,7.3323283
3987,7.773332,11.920263
3988,7.293273,8.601037
3989,7.2530026,11.767862
3990,5.999425,10.769321
3991,7.8747864,8.264592
3992,7.855883,8.928335
3993,8.241298,8.441662
3994,7.1474857,6.590625
3995,8.506602,9.114246
3996,7.727298,6.682344
3997,5.692185,10.865586
3998,6.574744,7.322744
3999,6.774596,8.562436
4000,8.257162,5.596951
4001,5.629784,8.932358
4002,7.067007,8.782996
4003,7.7324166,9.527835
4004,8.69115,9.096469
4005,6.686402,9.210758
4006,7.384903,9.295495
4007,6.9411182,9.114971
4008,8.553273,4.724616
4009,6.9474936,11.162288
4010,7.5603538,13.700457
4011,7.3302317,9.120604
4012,6.8059616,7.8988714
4013,8.722273,8.3147335
4014,7.6075616,5.8589115
4015,6.155064,7.2885766
4016,5.423398,3.829026
4017,6.4724407,6.8973584
4018,8.579508,8.446067
4019,8.869042,8.069757
4020,9.4734535,5.7735577
4021,7.045247,9.370311
4022,5.3906074,5.482322
4023,8.811265,3.9665174
4024,7.577805,6.1216497
4025,7.6871223,5.319635
4026,7.8757296,0.17678817
4027,7.539012,6.4097977
4028,8.957535,4.530672
4029,7.7969174,3.0227106
4030,8.100803,3.875559
4031,7.8293405,1.6294906
4032,9.069394,-1.2304429
4033,8.593155,5.727249
4034,7.088121,5.7202415
4035,9.519049,7.66441
4036,5.9077663,4.881591
4037,6.3450456,5.113198
4038,6.485611,5.7915196
4039,7.4841986,3.0438902
4040,7.3945184,4.1669893
4041,7.9374022,7.4351854
4042,7.7553,7.524556
4043,7.1694746,7.3721614
4044,8.0986395,3.1434257
4045,7.766125,6.239491
4046,8.92852,6.7374473
4047,7.1941867,6.133055
4048,9.501653,2.1812475
4049,5.800471,5.758935
4050,6.809537,3.8511322
4051,7.4589705,5.971236
4052,7.028455,6.452605
4053,6.1913924,4.1585693
4054,7.6428595,5.3335686
4055,7.342539,4.1075087
4056,6.878761,1.5619136
4057,6.3111825,-0.16761404
4058,8.489328,4.7210693
4059,7.135681,3.716121
4060,5.6722994,5.3294487
4061,4.992096,5.697963
4062,6.6759152,6.7616773
4063,6.6896563,5.333465
4064,6.649781,7.458593
4065,5.081328,7.3885727
4066,8.224792,6.2883177
4067,7.461216,7.194176
4068,6.443035,6.2806163
4069,6.330296,6.000695
4070,6.896217,7.950651
4071,6.615669,6.039732
4072,6.3051014,4.392737
4073,9.269617,8.4486685
4074,9.37307,7.0788817
4075,8.906477,4.328535
4076,8.490913,4.889751
4077,7.239465,3.4364495
4078,5.69717,4.8288846
4079,6.8053217,1.3387848
4080,8.154152,4.4824824
4081,6.745288,2.981031
4082,8.776451,4.9775977
4083,8.38491,4.274043
4084,7.5915427,5.131726
4085,8.21541,3.7150407
4086,8.872108,3.482496
4087,9.197462,6.3128514
4088,8.453005,6.874531
4089,7.2607126,6.004281
4090,7.7870717,4.3166
4091,8.3807745,7.750763
4092,8.090533,8.347666
4093,7.2869325,10.923131
4094,10.1675415,7.8281465
4095,7.276856,5.357105
4096,8.487852,8.268399
4097,8.6050625,5.293944
4098,7.4747376,2.6672308
4099,7.205695,8.978675
4100,8.146642,5.352097
4101,9.056235,7.8244166
4102,8.035372,7.484742
4103,7.2745824,10.141766
4104,7.587,7.1469884
4105,6.917491,12.149954
4106,7.0599527,13.041733
4107,6.432321,13.008791
4108,6.7097707,13.283367
4109,6.865008,13.532904
4110,7.0493145,14.593773
4111,6.660039,14.965422
4112,6.7299414,11.833883
4113,7.963046,12.544253
4114,7.1197467,16.67461
4115,7.134857,11.717792
4116,7.224758,10.366148
4117,5.509548,12.887458
4118,7.714731,14.178465
4119,6.0229135,11.300515
4120,8.0733,11.330644
4121,4.856675,13.844779
4122,6.496807,15.222911
4123,7.0480905,14.569505
4124,5.551674,13.492002
4125,7.176646,14.706721
4126,6.1639314,17.003239
4127,4.176131,12.560744
4128,6.511258,11.947916
4129,4.627258,12.369774
4130,6.5204525,12.818501
4131,7.522468,16.029142
4132,5.6495676,9.323536
4133,5.768216,12.215305
4134,6.419733,10.811486
4135,6.342116,12.874448
4136,6.2686157,8.011885
4137,6.518423,9.143076
4138,6.9709587,12.683331
4139,6.8138247,11.872015
4140,6.8943915,14.613284
4141,8.825919,11.343227
4142,8.2585335,12.490447
4143,8.221299,12.227775
4144,9.427529,9.518774
4145,7.979623,11.968899
4146,6.410372,9.419028
4147,6.9434323,14.13989
4148,6.9175014,11.116484
4149,7.5940166,13.004005
4150,7.5820746,9.776544
4151,6.7291527,9.635398
4152,7.4571276,10.785377
4153,6.151525,11.636335
4154,6.9710264,11.983813
4155,6.1703734,12.72734
4156,7.313999,13.366435
4157,6.944057,12.501943
4158,6.0061145,11.259002
4159,7.2797112,9.393409
4160,6.611132,9.859276
4161,7.094164,11.260443
4162,6.6962576,9.777302
4163,6.982967,12.785452
4164,7.278369,9.691337
4165,8.551149,9.934211
4166,7.0932755,7.899428
4167,6.866187,10.178673
4168,9.021696,8.055213
4169,7.5692143,11.47671
4170,7.819565,10.310862
4171,6.9629188,10.832931
4172,6.6125627,12.309416
4173,7.597419,10.728839
4174,4.5837975,12.313541
4175,6.5929475,10.2433605
4176,5.882518,10.823085
4177,6.1263995,5.5444565
4178,6.6229973,6.934397
4179,6.9910913,5.468643
4180,7.6710944,6.096231
4181,7.0063086,10.191033
4182,6.3119144,9.852898
4183,7.1828327,12.181181
4184,8.0335,8.208392
4185,6.73098,7.089458
4186,6.732327,12.093762
4187,9.28619,10.871278
4188,7.638206,8.955826
4189,7.816209,7.963543
4190,8.247918,6.888995
4191,9.669589,6.653197
4192,7.2042184,9.273786
4193,9.143881,7.280965
4194,6.4239807,9.670261
4195,6.0547767,12.050461
4196,7.8599954,11.128734
4197,7.4173274,8.915988
4198,7.352596,10.951769
4199,8.051784,11.943987
4200,5.853233,11.926324
4201,6.913466,10.80363
4202,6.2488346,6.678265
4203,8.211384,10.961803
4204,8.7468405,6.583002
4205,5.226638,10.6448145
4206,6.961816,7.80041
4207,7.5407634,6.544713
4208,6.2226653,11.178663
4209,7.663087,9.568816
4210,7.228467,10.730263
4211,8.94073,8.881671
4212,7.3300467,10.379357
4213,5.9380946,7.7658715
4214,6.358415,10.762591
4215,4.6748457,9.454163
4216,5.713995,10.303825
4217,6.686077,11.503812
4218,7.0382915,10.450936
4219,5.833894,11.807218
4220,7.6728344,10.663257
4221,5.618309,8.137406
4222,8.689527,8.624188
4223,5.595166,11.385356
4224,8.302291,12.287806
4225,7.8932867,11.085397
4226,7.460679,12.4966135
4227,8.076697,7.928016
4228,8.087782,9.5001545
4229,7.551326,11.836538
4230,8.276006,9.697973
4231,9.052694,8.303097
4232,8.314666,10.113041
4233,7.716594,10.272012
4234,8.0171995,6.970245
4235,6.899195,12.137361
4236,7.2195625,10.626935
4237,6.8731136,12.211101
4238,6.208967,9.659354
4239,5.776713,10.430344
4240,7.4798045,10.638657
4241,6.0584884,12.7988
4242,7.24589,10.383184
4243,7.2840166,10.117212
4244,6.8352046,8.979072
4245,7.9949408,10.657289
4246,7.115414,12.724864
4247,7.8682036,6.572653
4248,6.032409,12.473654
4249,6.8106,7.4166956
4250,5.8687997,9.2054405
4251,6.251965,8.645912
4252,6.7474627,8.987473
4253,8.278356,8.254485
4254,6.18576,9.648403
4255,7.126458,9.618486
4256,6.8276377,12.15151
4257,7.5199256,9.127405
4258,6.122514,11.78142
4259,6.1020675,9.0717
4260,6.4883695,10.259656
4261,6.8078146,9.280188
4262,7.186738,5.6140556
4263,6.646146,7.690742
4264,6.679565,7.2761645
4265,5.845274,6.1445556
4266,6.757459,7.318049
4267,6.8037457,7.4206676
4268,7.631167,6.0963006
4269,6.3472204,9.537615
4270,6.9185095,9.58532
4271,6.3906097,6.693027
4272,7.2571115,7.850288
4273,6.92464,8.076239
4274,6.6600146,9.132166
4275,6.5367737,4.0035763
4276,7.1931,7.6965213
4277,7.2649655,6.365177
4278,6.6918187,3.0647433
4279,7.4957533,4.66475
4280,5.5362105,6.162086
4281,6.36198,7.6769886
4282,6.7141967,11.5963125
4283,5.851044,7.0187197
4284,5.7610154,7.587125
4285,6.5601807,9.150416
4286,5.047513,6.4778085
4287,6.277537,3.609693
4288,6.9472985,6.2552886
4289,6.5497236,6.6513925
4290,6.9548926,5.712075
4291,6.004368,4.4086404
4292,6.837283,5.8325005
4293,6.072923,3.3705022
4294,7.254741,5.3114963
4295,6.4263587,7.2125487
4296,5.7453055,6.8487787
4297,5.9193482,4.818876
4298,4.9223733,3.602399
4299,5.7536235,3.7048082
4300,5.686571,5.1796975
4301,6.7070646,9.119279
4302,6.615067,1.1387895
4303,5.8337517,1.1467636
4304,5.593341,-1.0722297
4305,7.9109764,-1.1412868
4306,4.4871187,1.263775
4307,5.718241,2.920383
4308,5.901222,2.8963337
4309,6.334807,3.4402566
4310,6.9844995,4.9720526
4311,7.582329,3.2982752
4312,6.4333615,6.1125855
4313,5.9021573,6.747502
4314,5.683892,5.767584
4315,5.3535695,3.5152812
4316,4.4878635,4.6855073
4317,5.934523,4.181012
4318,5.7045627,3.7023258
4319,6.9842277,2.2810125
4320,6.3307095,3.2452643
4321,4.4726486,1.9448457
4322,5.5595245,6.0840325
4323,4.336437,6.1561313
4324,5.59594,6.941806
4325,6.1187944,8.365308
4326,6.355154,7.0612087
4327,7.813054,6.4853845
4328,7.9482613,7.909835
4329,6.284876,5.229307
4330,6.9332256,4.743648
4331,6.915114,3.0612223
4332,5.650766,3.050761
4333,6.1774163,3.3628967
4334,6.8795476,4.295551
4335,6.3225317,5.5441847
4336,6.9613194,5.865952
4337,3.870419,7.275054
4338,6.0544567,3.3985589
4339,4.957095,4.845891
4340,3.6457162,4.1090155
4341,7.35038,4.378552
4342,6.6072164,9.333079
4343,4.8925314,8.528974
4344,5.6019034,6.461119
4345,4.5225887,10.085148
4346,6.056734,9.19172
4347,5.825297,7.664915
4348,7.0779605,9.624484
4349,5.455611,7.4232125
4350,6.275759,5.989559
4351,6.3134575,4.4678392
4352,5.5618405,5.132018
4353,6.0883756,8.847736
4354,5.389029,8.686167
4355,6.1229224,10.155154
4356,3.885948,10.999789
4357,5.9788904,9.840212
4358,5.2790837,7.085085
4359,5.693353,8.177145
4360,4.8871436,8.263362
4361,4.997199,9.189846
4362,5.740088,6.892727
4363,3.0670106,8.212356
4364,5.6032968,10.456173
4365,4.9568624,7.3749046
4366,6.5276313,7.9535327
4367,3.8387804,7.8931174
4368,3.8050587,4.9174185
4369,5.439276,7.116912
4370,5.874977,10.416019
4371,5.51126,7.8781385
4372,5.098339,8.083371
4373,5.5683875,6.89411
4374,5.5587344,6.174077
4375,6.4948006,6.782778
4376,6.1255617,6.183036
4377,5.940622,6.0722265
4378,3.4996128,6.5980086
4379,6.576057,4.0246053
4380,5.3483973,3.727974
4381,6.570786,8.970908
4382,6.7513623,6.546213
4383,4.274381,6.6333704
4384,5.8746467,7.4368277
4385,4.5944786,8.728798
4386,5.9792423,7.9269013
4387,5.9637523,4.112642
4388,5.0517664,6.5969305
4389,4.0190334,9.010153
4390,4.069836,10.207591
4391,4.9878454,12.585727
4392,6.9759274,8.376529
4393,4.984026,7.3656435
4394,4.9100323,10.456867
4395,3.6200624,10.879232
4396,5.825751,8.217096
4397,5.710554,11.841919
4398,4.5573144,9.257847
4399,5.5061536,12.304918
4400,5.6613793,9.96353
4401,4.957661,11.381991
4402,5.1122527,9.380355
4403,6.5088534,7.837689
4404,5.493215,9.037477
4405,5.0668902,8.050246
4406,4.671328,4.764642
4407,4.9914765,6.6071095
4408,5.218185,9.890755
4409,5.5500865,10.133904
4410,5.41957,6.9766483
4411,5.8599167,11.338032
4412,5.5006433,3.6642234
4413,6.2874494,6.641226
4414,5.7053246,4.7109365
4415,5.201422,7.412541
4416,5.0146384,5.697833
4417,6.5194845,6.834325
4418,7.104388,6.6194587
4419,5.908783,8.54054
4420,5.696803,10.459292
4421,5.6969585,10.791515
4422,6.344508,11.541084
4423,6.8926387,10.019225
4424,7.7249,11.952247
4425,4.743261,12.145782
4426,6.0628996,11.185486
4427,5.0377135,13.762914
4428,5.5026755,12.245125
4429,6.6010747,9.402461
4430,4.08153,9.356438
4431,4.3696885,7.6656885
4432,5.4870067,12.523612
4433,6.5671215,12.080957
4434,5.59207,15.214366
4435,5.343468,13.047883
4436,4.7425838,13.862727
4437,6.169728,9.572823
4438,5.5748186,8.151329
4439,5.4631453,8.251112
4440,4.477261,12.077313
4441,6.280594,11.821839
4442,5.2567396,8.040219
4443,5.677416,10.639854
4444,6.602376,10.486436
4445,6.1452727,13.376901
4446,6.9711323,12.088703
4447,7.5069923,12.392626
4448,7.6071115,10.669872
4449,7.35598,12.659177
4450,6.315722,11.884928
4451,5.6019554,7.9998636
4452,6.555029,6.836762
4453,7.0232706,8.267417
4454,7.329969,7.435877
4455,5.4116006,5.735047
4456,8.652445,3.8331554
4457,7.0368996,7.993111
4458,7.1257024,8.430638
4459,6.790045,5.4007883
4460,5.4935365,10.183656
4461,5.1827908,9.02353
4462,7.5059404,6.3829055
4463,6.5754733,11.882848
4464,7.7828555,9.513911
4465,6.60248,8.0393305
4466,5.2673225,10.978226
4467,6.3920445,13.152435
4468,5.554315,11.689068
4469,6.645457,12.584075
4470,5.7312083,11.110126
4471,6.8000827,12.433155
4472,5.338137,10.362463
4473,5.345427,15.946127
4474,4.839985,11.975945
4475,5.794553,7.638071
4476,6.4675145,12.140882
4477,7.0504546,13.482518
4478,7.566241,10.102861
4479,6.4079766,10.673725
4480,6.552028,8.151931
4481,6.9952054,10.63848
4482,5.757822,10.068076
4483,7.2330046,12.839895
4484,7.763345,9.599008
4485,6.8893266,7.91963
4486,7.018697,6.172781
4487,5.7531157,6.545225
4488,6.5273285,3.9028077
4489,7.067933,2.2727072
4490,7.504051,6.4756136
4491,7.414421,4.5933733
4492,5.851751,5.6252303
4493,8.028084,7.381755
4494,5.580822,7.22339
4495,7.929742,4.2011356
4496,7.026136,7.910237
4497,7.085879,3.4674182
4498,6.42845,2.984509
4499,6.2759566,6.038373
4500,7.285158,7.2106524
4501,6.2078695,9.609798
4502,8.144621,9.184417
4503,7.7218513,11.53035
4504,8.181812,7.933122
4505,6.4420877,8.882372
4506,7.03984,9.839567
4507,5.242917,8.060329
4508,7.672245,9.471826
4509,7.5359654,8.965274
4510,5.348616,6.873586
4511,6.1237307,3.5987885
4512,7.1088166,5.0217896
4513,6.991152,5.2670264
4514,7.505193,7.5751705
4515,5.990986,9.174116
4516,7.2395005,9.247114
4517,6.7509723,8.118099
4518,7.3926654,8.266132
4519,7.8390446,7.4578953
4520,7.671555,10.055179
4521,7.8327913,6.994705
4522,8.723265,7.9857326
4523,7.6450925,8.681136
4524,7.275913,6.2959905
4525,6.8598695,3.610893
4526,5.8698373,5.236941
4527,8.238059,6.017145
4528,7.241903,7.137207
4529,6.4570994,6.0993633
4530,7.6658444,4.676856
4531,7.353669,7.7840724
4532,7.037153,8.046744
4533,6.503758,10.895767
4534,5.855864,11.2018795
4535,6.6064906,7.903689
4536,7.4492197,7.5710773
4537,5.6264067,10.38452
4538,7.341789,7.8585334
4539,6.884972,4.7193713
4540,6.2415557,9.300601
4541,6.1922216,8.050627
4542,5.5308385,7.086415
4543,6.223592,7.3077617
4544,6.5113893,5.910537
4545,7.5164723,5.3160152
4546,6.8260446,7.5830345
4547,6.586917,5.3767347
4548,5.9468546,6.606373
4549,6.604073,3.6645198
4550,5.3302045,2.1088235
4551,5.340065,1.3381188
4552,6.42273,0.2292392
4553,6.584798,6.0385885
4554,6.8330855,4.3290114
4555,6.3558764,6.6693068
4556,6.7539907,5.4243097
4557,6.7320886,5.837982
4558,4.883528,2.6019976
4559,7.232319,3.0496004
4560,4.6441813,6.963117
4561,4.5571523,4.897632
4562,4.9815383,2.245623
4563,8.3188,3.0085318
4564,5.5486183,5.005685
4565,6.6149025,5.3994646
4566,6.0017977,3.6055403
4567,6.439421,5.911514
4568,5.279486,4.3768744
4569,6.5519905,5.302135
4570,5.7376494,4.349274
4571,5.3605294,5.0993476
4572,4.884128,5.0269885
4573,6.7345133,7.2066026
4574,4.9070845,4.7309732
4575,4.757033,5.4256377
4576,4.9568195,6.0646315
4577,8.029788,7.653363
4578,6.0954556,5.239946
4579,5.4787254,6.516519
4580,5.124451,8.480993
4581,4.2511153,6.3044586
4582,6.154094,6.414689
4583,5.9650044,6.3931365
4584,4.9918275,7.5224643
4585,2.872081,7.824084
4586,5.6679945,1.0885404
4587,5.069472,7.1947885
4588,4.785491,10.074552
4589,3.8614047,9.511315
4590,4.1348205,10.346479
4591,5.037908,7.197257
4592,5.028412,4.900284
4593,5.1719775,9.564874
4594,3.94267,8.510074
4595,5.0068016,7.544903
4596,4.454487,9.813046
4597,4.5323224,7.617609
4598,4.5820646,8.023751
4599,3.409397,10.173547
4600,4.797449,9.63209
4601,3.9256654,6.358674
4602,4.6161156,5.1869655
4603,2.5190818,4.8762817
4604,3.5827096,8.252659
4605,4.452694,9.230591
4606,4.532835,6.556773
4607,3.650291,8.610235
4608,3.383215,12.609607
4609,6.0390105,8.060162
4610,2.4041684,8.762425
4611,4.403802,7.6728706
4612,4.849211,6.8151345
4613,4.164677,5.4771395
4614,4.4414954,3.7029846
4615,5.523426,10.096047
4616,6.4669743,6.696457
4617,5.879307,5.631365
4618,6.494548,5.6308036
4619,5.620049,4.361023
4620,6.0975494,5.2568483
4621,4.6110125,7.702853
4622,5.5608845,7.4529324
4623,5.74591,4.3100643
4624,5.9803433,2.949595
4625,6.910519,7.22416
4626,5.501725,3.3517356
4627,7.035536,4.3808837
4628,6.4770336,2.4675136
4629,6.4017825,4.8459682
4630,6.0016723,4.5797415
4631,4.842384,7.480148
4632,5.6562805,12.536083
4633,6.15508,9.243825
4634,5.5144415,13.613372
4635,5.036256,10.750124
4636,3.127404,5.30892
4637,5.522897,5.6437445
4638,5.877849,5.5637765
4639,4.386104,4.12192
4640,3.8640993,1.605931
4641,5.126138,3.4872217
4642,5.8698177,5.064078
4643,5.5895596,4.519993
4644,3.9897954,4.3762836
4645,5.2190022,1.0939206
4646,5.942989,6.5045567
4647,6.388106,4.9933543
4648,4.3118124,1.311545
4649,4.8159003,3.9740562
4650,5.201001,4.5545444
4651,5.14003,6.3964233
4652,4.683039,9.363657
4653,5.687782,11.875965
4654,5.509766,9.455818
4655,5.8721476,8.762252
4656,5.5952206,7.5979743
4657,6.154484,6.969216
4658,5.392417,11.573354
4659,4.431201,7.1928496
4660,5.4629564,7.8666925
4661,5.624633,3.3624604
4662,5.7561135,4.31276
4663,6.9391637,8.10915
4664,4.138964,5.2223077
4665,6.33857,4.9180503
4666,4.442423,9.298522
4667,6.7493644,4.0936365
4668,5.111125,-0.07477238
4669,6.902047,2.5776575
4670,7.8611994,2.4020097
4671,6.330368,1.917124
4672,4.8762517,5.347057
4673,3.9696438,4.335658
4674,5.573717,4.5942106
4675,4.68517,2.3575234
4676,4.7483315,7.1736627
4677,4.8912907,4.767208
4678,7.190671,3.0064747
4679,6.955415,4.3073807
4680,6.4221635,0.5927144
4681,5.237825,-0.046530474
4682,6.0005956,1.6001753
4683,5.6820235,2.0551338
4684,5.511155,1.8675083
4685,5.9784036,1.4576619
4686,6.2913833,0.921218
4687,6.8481426,2.093972
4688,4.7420096,4.089343
4689,6.1406345,2.0365639
4690,6.065307,-0.07280163
4691,6.1693645,3.6607485
4692,7.2240934,0.76953995
4693,4.783432,3.5475593
4694,7.3376527,1.1185936
4695,6.7028594,0.01544186
4696,3.5651066,0.20011719
4697,5.2628736,4.605976
4698,5.194995,4.5380034
4699,7.1975846,2.9498825
4700,5.396302,3.0908623
4701,5.2702866,1.2826266
4702,5.3386784,1.4755399
4703,5.485454,1.8092015
4704,3.852554,1.7909533
4705,2.7385924,-2.5747268
4706,4.742288,-1.5494461
4707,4.351485,-3.1019197
4708,3.8931444,-0.4037485
4709,3.4927268,3.155122
4710,4.247525,4.678644
4711,5.2667937,1.2281419
4712,4.6469493,2.094258
4713,5.007491,2.7732706
4714,5.8056436,4.0579076
4715,4.323082,-1.0931373
4716,6.5282965,0.71659845
4717,5.1317306,2.2181375
4718,3.689476,-2.8980234
4719,3.161284,-1.3257818
4720,3.9883444,1.2861112
4721,5.6205664,-0.8172988
4722,6.0989814,3.4649873
4723,5.395689,2.7084525
4724,3.9206111,5.154654
4725,5.7134776,0.3567667
4726,5.3504243,-0.15589376
4727,5.2291436,3.3478818
4728,4.8335958,-0.0018399388
4729,5.034683,-1.4309222
4730,6.336664,-1.8964053
4731,4.4936934,-1.5880904
4732,4.8447895,0.31476164
4733,7.6818404,0.8558515
4734,6.1263328,0.33114848
4735,6.1363926,1.8606926
4736,5.573205,4.274252
4737,4.9024105,3.9649408
4738,5.1323204,2.2454271
4739,6.038972,3.2758274
4740,7.235817,1.4969726
4741,4.9184604,1.686318
4742,4.9198403,4.6760345
4743,5.220295,1.6357881
4744,5.1599426,-0.2154395
4745,5.9028244,0.97019225
4746,5.3316083,0.56278867
4747,6.704158,1.6294867
4748,4.9336257,0.106584296
4749,6.066849,0.35598826
4750,5.605058,0.39261025
4751,5.2257714,1.4797202
4752,5.3942456,3.0801628
4753,6.149908,1.5421427
4754,6.044399,-0.12199951
4755,5.4085913,2.1234307
4756,6.412906,3.2760906
4757,6.0038867,0.76248395
4758,5.544132,3.8694434
4759,5.481273,3.0352173
4760,6.568557,5.00797
4761,5.367692,5.580553
4762,6.777781,2.6302643
4763,6.2874284,0.1975523
4764,5.1595373,-0.306506
4765,5.020452,4.230113
4766,5.4597483,4.1155615
4767,5.9848843,2.1337805
4768,3.1271691,3.8656328
4769,3.8987093,3.4372332
4770,6.4412336,3.3967004
4771,5.7502975,2.596665
4772,5.598389,2.2899811
4773,3.1066916,6.4824905
4774,6.1825876,3.910225
4775,4.034892,4.0280547
4776,4.9364476,6.4221992
4777,4.642959,1.3782864
4778,3.158716,1.4924842
4779,3.0997727,3.7731576
4780,3.427585,4.26698
4781,4.843993,3.1082513
4782,5.3903704,1.617664
4783,4.447579,6.0825353
4784,4.053613,5.153805
4785,5.3789506,2.8156745
4786,4.663117,1.5535421
4787,4.827061,3.3037896
4788,3.8877313,5.5334787
4789,4.5698195,3.1530807
4790,4.5149407,3.8879483
4791,5.602586,2.965783
4792,6.177405,6.1243176
4793,3.955011,1.9492162
4794,3.4708242,4.707314
4795,0.8425478,2.116876
4796,2.7165651,3.2297437
4797,2.612453,-0.34894702
4798,3.485002,-0.19071355
4799,1.495405,3.5037713
4800,2.6699111,0.39444602
4801,3.1191852,0.18699375
4802,1.0795109,1.1484532
4803,0.9127694,-0.45371425
4804,1.760258,0.19380741
4805,2.892847,1.013108
4806,2.7827544,0.793133
4807,5.6712065,2.7821639
4808,4.1284943,2.1209283
4809,3.210919,1.9894787
4810,2.561653,1.3229058
4811,2.2457516,0.78147113
4812,3.633864,4.0830383
4813,3.532314,1.9495635
4814,6.6064105,1.7714812
4815,6.5402083,8.139682
4816,7.4031844,1.9989964
4817,7.7092056,0.59948057
4818,6.1328835,-1.3924667
4819,4.9524546,2.363644
4820,5.802297,1.0754718
4821,5.0703864,-2.152519
4822,4.3322997,-1.7696773
4823,3.5167625,-2.2616954
4824,4.713708,0.104153425
4825,5.891594,2.9219081
4826,4.0303063,2.8635883
4827,5.911435,1.6822603
4828,4.4210362,2.693471
4829,4.670356,3.359199
4830,5.402394,3.7235105
4831,3.8609471,3.9467027
4832,5.4319706,0.0065749153
4833,6.659483,0.83761686
4834,3.977931,0.97462714
4835,6.4315314,2.6082962
4836,5.456307,4.598942
4837,5.641743,6.3427415
4838,6.9597316,-2.3543706
4839,5.475798,1.2276033
4840,5.658444,0.48063606
4841,4.5850477,1.3583817
4842,5.109814,6.614984
4843,3.6360195,0.8006615
4844,4.460675,3.44853
4845,4.435328,3.6654673
4846,5.3403707,3.3926888
4847,5.554273,2.531327
4848,4.778948,1.2553868
4849,5.4901567,1.8055497
4850,3.9232764,7.6365366
4851,5.742021,5.0794134
4852,5.4775167,4.0018277
4853,4.209164,2.21542
4854,5.980395,1.2174602
4855,7.6363325,3.5154994
4856,6.0966845,1.0074211
4857,5.225283,1.0335143
4858,3.7032235,2.409336
4859,4.060601,4.686203
4860,5.654387,9.259923
4861,5.2453966,5.7731133
4862,5.213346,3.6607344
4863,3.402463,1.5973353
4864,4.9779167,4.141999
4865,6.193491,3.0568082
4866,2.7622201,4.4811883
4867,5.3917875,3.4401295
4868,3.7421348,2.7280495
4869,5.1633945,3.0093315
4870,4.2199717,0.9365869
4871,4.210248,3.1843503
4872,2.8107276,0.63261324
4873,4.10282,1.2091106
4874,5.2175627,2.987416
4875,5.4530454,4.769694
4876,6.366962,6.1434064
4877,8.026025,2.9000375
4878,7.518214,2.8551874
4879,7.0372105,-0.66872793
4880,4.5388,2.9100828
4881,5.5630693,1.4723485
4882,6.440658,5.320229
4883,8.414248,4.5801234
4884,6.304829,1.0879822
4885,6.5751143,0.4191687
4886,7.5502005,3.698267
4887,7.0021915,5.1377654
4888,8.097614,2.1534684
4889,8.430656,2.8905594
4890,5.7153196,4.780766
4891,6.8895774,0.48057237
4892,5.21856,3.3246567
4893,4.5284257,2.710046
4894,4.911631,3.2312682
4895,3.0739129,4.740235
4896,5.4112706,6.092557
4897,5.7433643,4.1362424
4898,4.028952,1.9589478
4899,6.3063955,1.9253165
4900,4.723633,3.207542
4901,3.8456504,5.1028028
4902,6.663033,1.771587
4903,3.2556043,0.72929734
4904,5.3970504,3.3203874
4905,6.477476,0.3895666
4906,5.6193547,1.0852883
4907,4.805789,3.4883785
4908,4.9889183,6.705832
4909,6.056084,7.9103236
4910,4.7491174,5.687635
4911,5.2116065,3.865586
4912,4.28383,7.6087055
4913,4.1727023,4.8915076
4914,5.0905166,8.366502
4915,5.6528487,7.658427
4916,4.745892,4.326381
4917,5.616191,9.114747
4918,6.8645115,6.0909276
4919,5.2903905,3.8740833
4920,6.1408124,3.9338427
4921,4.5249496,4.639294
4922,6.991084,3.8413272
4923,6.0600753,3.14625
4924,6.3584304,3.771216
4925,5.935787,3.9780896
4926,6.497894,8.175758
4927,5.639213,6.717381
4928,7.140748,7.3425555
4929,7.078512,3.9039354
4930,6.772466,3.9299521
4931,6.1650233,5.989438
4932,7.8906965,5.756785
4933,6.224903,4.639763
4934,8.382055,4.024907
4935,7.414228,1.4728494
4936,6.17881,4.390099
4937,6.7538548,-0.2394831
4938,7.399246,2.1846747
4939,8.358915,0.5829002
4940,7.2892942,1.7806475
4941,7.7472277,4.937163
4942,5.5435615,0.41641358
4943,8.669414,1.3492193
4944,5.677504,1.4260721
4945,7.5417104,3.7274694
4946,6.676968,7.6978793
4947,6.0505643,3.3041842
4948,6.2209744,1.5324649
4949,7.576536,2.2087533
4950,7.5338745,1.8217092
4951,6.156318,1.3021704
4952,7.052517,4.220353
4953,4.7287326,3.3046877
4954,4.9715605,5.3072596
4955,6.543701,4.7839627
4956,8.24448,6.0014243
4957,7.6346335,5.311046
4958,5.8213143,5.38637
4959,7.670463,1.0178859
4960,7.4510126,5.9265084
4961,7.699721,7.0418396
4962,9.691656,2.2176144
4963,8.198922,3.8036323
4964,8.002673,0.6908222
4965,8.212945,3.276796
4966,7.2284493,0.73641694
4967,5.536138,0.6912704
4968,6.3384,1.0249119
4969,6.4654074,4.787379
4970,5.0260377,3.2461545
4971,6.6835155,1.8990906
4972,5.5751276,2.8216038
4973,7.575675,4.797912
4974,7.6545243,4.6348724
4975,7.9362073,9.09482
4976,7.0750093,5.2112107
4977,7.086399,3.3258088
4978,7.4736047,3.5579407
4979,8.412865,4.596146
4980,5.8234076,-0.34097627
4981,5.9389954,2.3564074
4982,5.070622,0.931156
4983,5.8261456,5.244211
4984,8.003918,4.48497
4985,6.921241,3.7965314
4986,7.7383738,2.9934509
4987,7.503088,4.8464875
4988,7.4925656,3.3156636
4989,6.0437427,1.2439438
4990,6.951442,0.5587475
4991,7.7407603,1.4861292
4992,5.1836104,5.6144824
4993,7.4869986,5.3675895
4994,9.226663,5.565942
4995,9.199076,2.648524
4996,7.642548,5.1034575
4997,8.363988,4.406478
4998,8.534244,6.256762
4999,7.567161,2.650925
5000,8.273542,4.6445236
5001,8.324817,0.51451117
5002,6.405629,1.40895
5003,7.8369083,4.762003
5004,5.1295724,1.05956
5005,6.4943347,1.9572713
5006,4.7931876,3.660965
5007,7.3442583,2.3074722
5008,7.8610535,0.551679
5009,6.190355,2.4108255
5010,7.0818405,0.4839793
5011,5.767509,1.6239215
5012,7.2937536,3.4091725
5013,6.82479,1.4990524
5014,7.0067706,-1.3106068
5015,7.398824,0.9377412
5016,6.81588,1.6954501
5017,7.4795685,3.86569
5018,7.7620583,0.95839417
5019,7.9825015,0.7198224
5020,9.638414,2.243862
5021,8.242357,0.94424
5022,8.041905,3.2720306
5023,8.477268,2.1727688
5024,8.990987,1.4060396
5025,7.7904215,1.3844217
5026,7.1185074,2.0258603
5027,7.1826086,2.5341492
5028,8.717265,2.6152468
5029,8.461133,-0.48015758
5030,8.932376,0.11092468
5031,7.8136287,5.290621
5032,9.819389,0.3711676
5033,8.938563,3.9853413
5034,8.432486,3.151013
5035,9.084348,1.6435832
5036,8.065303,-0.88563675
5037,8.157781,-0.10741345
5038,7.854212,0.045415882
5039,7.345425,1.0377659
5040,7.884945,0.79992706
5041,8.273567,2.3116145
5042,9.334782,3.0451193
5043,7.4135633,0.9184149
5044,8.338549,1.0476832
5045,6.7541184,1.4139369
5046,7.1964674,1.9850848
5047,7.848657,0.56866956
5048,8.413378,-0.69927907
5049,9.533161,0.41892967
5050,9.481702,3.7739353
5051,9.657914,2.4060843
5052,9.301946,0.98571473
5053,8.14132,4.3782516
5054,8.697451,4.550617
5055,8.646369,2.5766366
5056,8.394763,2.9386764
5057,10.567234,0.21377346
5058,9.006355,0.54934263
5059,10.02849,2.2942917
5060,8.831957,0.81415844
5061,8.126604,4.991773
5062,9.305625,2.449967
5063,8.732728,1.7232993
5064,5.8695235,4.9209843
5065,7.5678315,2.0185847
5066,8.061509,1.472353
5067,8.369624,3.4053667
5068,7.56307,2.9461207
5069,9.465804,-0.636926
5070,8.543963,0.46885753
5071,8.03039,1.7073371
5072,8.30898,1.0422245
5073,6.7105107,1.8729645
5074,7.7625113,3.1165886
5075,8.4936905,2.1957226
5076,7.4272385,7.7193627
5077,6.9912086,9.765795
5078,7.978796,4.808911
5079,7.411812,1.6699512
5080,5.750219,2.7788103
5081,7.009121,5.0896864
5082,6.6799006,1.2630612
5083,5.834973,3.303265
5084,7.4521785,2.1524785
5085,7.8560405,0.5070808
5086,7.1454816,-2.0818686
5087,7.9012537,0.0873885
5088,6.0025206,0.51731306
5089,6.9346356,-2.2404125
5090,8.424787,-0.42979112
5091,7.1671267,0.6826442
5092,7.1082253,3.160617
5093,6.0739207,2.155938
5094,7.9302106,-1.2928241
5095,7.184119,2.3351684
5096,8.968589,-0.2910701
5097,6.791583,0.6880617
5098,7.7431135,-0.49694896
5099,6.8506775,1.4044111
5100,7.3786674,3.9559019
5101,4.681215,0.38547593
5102,6.592092,1.4390172
5103,7.4723105,1.2361912
5104,7.874723,2.233213
5105,7.769262,2.9718225
5106,9.198236,1.9512895
5107,9.180851,-0.6363241
5108,7.1791215,0.77076346
5109,6.762506,-2.228713
5110,5.9891686,-0.45430928
5111,6.7947803,4.6172047
5112,8.695832,2.337089
5113,7.7793455,4.3052416
5114,7.6821384,4.338159
5115,8.40713,2.220528
5116,6.2978964,2.121576
5117,7.010286,1.6194059
5118,6.023623,-0.94950116
5119,8.153454,-5.3776007
5120,7.762459,-4.8183513
5121,7.1833143,-1.5013285
5122,8.902231,1.1970476
5123,7.011676,1.5793723
5124,9.059058,2.6660366
5125,7.369461,-2.7486303
5126,7.3802695,-1.1889064
5127,8.781076,-0.84052753
5128,7.4127746,-0.7271528
5129,9.501892,-2.325675
5130,10.158324,-0.22126193
5131,9.506948,0.04690953
5132,9.2253475,4.2717247
5133,9.010198,3.6205122
5134,7.474923,2.4504986
5135,6.8767195,3.5506678
5136,7.388935,3.1959596
5137,7.626182,3.8496885
5138,8.325714,1.0860766
5139,7.233365,2.2137172
5140,7.1134934,2.2840846
5141,7.1627917,1.5053618
5142,6.8133063,4.316247
5143,7.8569694,2.2497501
5144,5.1635423,1.9202616
5145,6.7804885,0.9969384
5146,6.2969136,0.019329721
5147,4.772132,0.8588351
5148,6.5835466,-1.5064027
5149,6.337227,-0.045244098
5150,6.9986567,0.42505524
5151,4.8885694,-1.315095
5152,8.225373,-0.93052185
5153,8.597143,-0.47020784
5154,8.24266,2.4463758
5155,6.953518,0.5418084
5156,6.7515078,3.206482
5157,7.7908344,1.1939285
5158,8.951833,2.0666134
5159,8.537516,-0.79991686
5160,7.7393556,0.8932839
5161,7.8325644,0.5502592
5162,8.82968,1.1807334
5163,9.353028,0.23684888
5164,6.0874734,1.8448098
5165,8.161391,0.051485788
5166,11.050887,-1.3141524
5167,7.803706,2.1746087
5168,8.015349,0.8291769
5169,8.245778,2.1431694
5170,9.291394,3.1741579
5171,6.90207,2.599617
5172,8.2558975,1.5960915
5173,7.4842105,1.4076117
5174,8.915462,-1.1198164
5175,7.3357544,-0.071320355
5176,8.86958,6.461843
5177,8.271846,-1.600798
5178,8.16989,-0.02601966
5179,7.1022635,-1.7042737
5180,7.110494,2.2971518
5181,8.200014,0.32152432
5182,6.911799,-1.9281551
5183,7.5787916,-1.3037753
5184,6.28218,-1.5374445
5185,7.721188,1.8508383
5186,5.406161,-0.83455455
5187,6.4574122,2.311147
5188,7.4942603,0.965355
5189,7.287394,1.0958515
5190,8.813278,-0.24024276
5191,7.6883397,4.094463
5192,9.053724,-0.23309249
5193,7.263438,0.7345498
5194,6.8883653,1.051886
5195,5.9438343,-0.06436836
5196,6.743913,-1.6367196
5197,7.342819,2.6033392
5198,7.5644193,-0.7143835
5199,8.791062,-0.35741353
5200,8.59892,-4.4640574
5201,8.304957,0.22537675
5202,7.3266287,2.4368873
5203,8.002106,1.6803381
5204,9.011799,-1.1303763
5205,8.118011,2.7204401
5206,8.360386,-2.3138952
5207,8.368474,3.258351
5208,7.853678,1.7863711
5209,9.356633,1.8039922
5210,7.946697,1.6850702
5211,6.541244,3.1774948
5212,5.970831,2.0078628
5213,7.157752,1.2435582
5214,6.237792,5.794157
5215,6.9563184,5.179689
5216,7.336733,2.91925
5217,6.7191415,1.0449978
5218,8.513854,-2.4993737
5219,8.251581,0.30524915
5220,6.070102,0.09946459
5221,6.5292597,1.128539
5222,5.165692,4.313534
5223,6.7567267,2.1860652
5224,6.050556,2.2408862
5225,6.473312,2.121648
5226,5.8158474,3.206147
5227,5.758984,-1.2486838
5228,6.5275044,-1.7468323
5229,6.1714044,0.5138674
5230,5.1067686,-0.6241212
5231,5.9073977,-2.053141
5232,6.436445,-1.0911459
5233,7.5706563,0.89030486
5234,7.144358,0.11183076
5235,7.606034,0.010032524
5236,5.4485326,1.2107073
5237,6.422298,-0.05163562
5238,7.5527506,2.9794805
5239,4.808403,2.4184422
5240,8.349041,2.6041684
5241,7.3629556,3.131814
5242,6.6156363,2.7165658
5243,7.218794,3.5366104
5244,7.1059513,2.590043
5245,5.4811473,4.7563777
5246,4.811922,0.1045483
5247,6.992193,5.0002027
5248,6.253822,2.557356
5249,5.8444357,4.5818567
5250,6.3269362,3.82282
5251,5.5686736,3.2847111
5252,7.569031,2.5589063
5253,4.980261,3.3891711
5254,5.477291,5.044757
5255,5.3900332,6.1941752
5256,5.4099207,4.97043
5257,6.8781223,4.092772
5258,6.8064413,1.2702987
5259,5.0087276,2.8301508
5260,5.417439,5.8214846
5261,6.1545334,2.5382752
5262,5.198792,2.5663662
5263,4.828709,3.4523363
5264,6.091511,5.664807
5265,4.6659265,5.7455378
5266,7.810306,4.7645144
5267,5.8142266,5.954234
5268,4.08356,6.499544
5269,4.0671897,5.4687824
5270,5.0368943,2.3759093
5271,5.8504195,3.2391388
5272,6.2162404,5.6440625
5273,5.3390684,5.8647733
5274,6.758235,4.1045423
5275,7.1155148,0.095206134
5276,8.226105,4.3896656
5277,5.710259,8.601663
5278,5.662367,6.5893083
5279,5.8161993,6.808249
5280,7.8016872,7.2065773
5281,5.6758876,5.317383
5282,3.5205483,6.663983
5283,6.1500883,5.937164
5284,4.3157296,1.7572975
5285,4.540597,6.012777
5286,5.020534,4.8139677
5287,5.383408,2.8299787
5288,3.774116,3.2594857
5289,4.150016,3.160433
5290,6.6029453,0.23804644
5291,3.7736795,2.5740097
5292,4.3934765,0.45937467
5293,5.6186996,2.7982345
5294,4.9200935,3.4734874
5295,5.472356,4.1641593
5296,6.1219363,3.5257897
5297,4.7444444,5.646616
5298,3.8420057,2.607412
5299,6.5211773,5.600082
5300,6.013494,4.545594
5301,4.6016464,3.8936098
5302,5.646487,-0.21147859
5303,3.6385698,-1.3308934
5304,5.524667,-1.1372948
5305,5.150473,1.76806
5306,5.1903358,6.3688273
5307,3.8963687,6.827741
5308,5.2512507,6.0271654
5309,4.119314,5.203293
5310,6.331688,1.1695096
5311,5.5454884,1.7727505
5312,6.0581775,2.719131
5313,3.878441,1.535561
5314,5.2099066,0.6494564
5315,5.6134105,0.9196052
5316,5.868141,-2.6820416
5317,6.6796613,-0.98661035
5318,4.4353347,-2.5340092
5319,4.636403,-2.0205975
5320,4.5921593,-3.067301
5321,5.82194,-0.67905825
5322,5.9369373,6.7380276
5323,6.4227176,7.329607
5324,7.1118517,2.2978647
5325,6.358787,1.0555481
5326,6.067329,2.8288362
5327,8.474518,2.7051578
5328,8.398773,-1.1854124
5329,9.300389,-0.6468418
5330,6.837474,-3.780349
5331,6.2579994,1.6322402
5332,6.646267,0.12528794
5333,6.819991,1.7750969
5334,5.670651,-0.92208356
5335,3.8646693,0.8960768
5336,4.0764356,-0.24504949
5337,4.415399,-0.0041824067
5338,5.3191586,0.41495785
5339,6.55141,-2.2370574
5340,5.8717394,0.29218283
5341,4.623458,2.0639288
5342,5.273036,-1.0255765
5343,6.527084,0.8999151
5344,4.3601227,-2.6064742
5345,5.0691676,-3.3047032
5346,4.9773216,0.57806003
5347,4.9994764,0.83654547
5348,6.341114,-0.23398705
5349,5.729206,-1.0786515
5350,5.8423305,0.21473415
5351,5.1693673,3.195192
5352,5.8734555,3.0104196
5353,4.925388,1.1140972
5354,6.094106,2.5114484
5355,6.8982615,3.323762
5356,5.854285,3.9585621
5357,5.022459,1.4345466
5358,5.6665893,2.7574258
5359,6.261357,4.0073633
5360,5.6755176,-1.5769663
5361,5.792954,0.1873843
5362,7.5767736,-1.1443388
5363,8.00212,-1.0596265
5364,6.353252,1.6074411
5365,7.686104,-1.260051
5366,5.8874354,-1.9985603
5367,4.8288445,-1.8652916
5368,5.743267,-1.6876701
5369,6.706552,2.6909304
5370,5.57073,2.0852027
5371,6.733116,4.1970863
5372,6.3363667,0.2202543
5373,7.4132338,1.1197242
5374,6.682709,-1.7094842
5375,6.660533,0.98937076
5376,6.5777073,-3.8301547
5377,4.863674,-3.2193072
5378,4.8387094,-0.4895444
5379,6.6735578,3.2697668
5380,5.613964,2.5978105
5381,4.8407326,1.1006207
5382,5.1099052,3.416727
5383,5.572055,6.1805935
5384,7.339826,5.9556594
5385,7.618022,5.0558085
5386,5.9338303,7.9700007
5387,7.3433833,5.9395175
5388,5.27038,9.153942
5389,5.733621,4.470153
5390,4.6814146,10.334093
5391,5.665287,6.1579986
5392,5.963327,6.920005
5393,5.6671524,4.7269053
5394,6.1224327,4.4453483
5395,4.943347,3.802816
5396,4.676426,7.3901973
5397,5.217974,6.7269297
5398,5.488328,3.5665076
5399,6.554054,11.24455
5400,6.56552,9.851249
5401,7.578986,8.803311
5402,7.4825974,6.2404394
5403,6.766501,7.69071
5404,6.8940716,4.918025
5405,7.0394073,6.6604176
5406,5.416547,6.477027
5407,5.080113,1.6361601
5408,4.9896154,5.8757687
5409,5.842201,6.6887045
5410,7.6604238,6.0378046
5411,8.468063,4.330055
5412,5.3637033,5.8810573
5413,6.9848156,3.5221312
5414,8.015746,5.939249
5415,7.447295,7.6662846
5416,8.168072,5.0053754
5417,6.2470255,7.746533
5418,6.232182,7.0840416
5419,6.162841,7.210794
5420,6.693299,7.368775
5421,6.264352,7.061473
5422,7.6577635,2.3127782
5423,8.113727,6.1605287
5424,5.9815054,5.965813
5425,6.1362205,6.5675116
5426,6.975039,6.5566034
5427,5.1113434,10.939812
5428,4.06141,9.637279
5429,4.3489475,7.873516
5430,4.672506,7.7455945
5431,5.147126,9.755051
5432,5.1636705,8.73795
5433,4.959381,8.621882
5434,5.743295,9.589515
5435,5.0629115,13.255264
5436,6.866475,12.906553
5437,4.5144353,15.219408
5438,5.7287493,16.126995
5439,5.1148133,12.82399
5440,4.7285724,10.694802
5441,5.976623,8.9743395
5442,4.0475655,10.218045
5443,4.7484765,14.620859
5444,4.734905,17.400898
5445,3.5823572,15.16812
5446,4.2290106,15.749719
5447,5.5210295,16.13088
5448,6.5464087,15.06108
5449,5.7275176,12.549326
5450,5.55353,11.53099
5451,6.3344803,14.971148
5452,5.579871,12.775714
5453,4.885558,13.958908
5454,4.14378,14.612943
5455,3.5600586,15.349294
5456,4.7111363,15.570055
5457,4.2839046,15.1156025
5458,2.9485662,13.82731
5459,3.5485747,14.676456
5460,4.1758046,12.426463
5461,3.1665668,13.866501
5462,3.9568653,9.755218
5463,4.8776965,10.609694
5464,3.8089743,10.882452
5465,5.8855476,9.632169
5466,2.2568686,14.362397
5467,3.5914695,9.599196
5468,0.99947697,6.2033167
5469,4.6697807,8.501507
5470,2.900799,13.028809
5471,4.45726,5.4426403
5472,4.4117136,10.253825
5473,5.343788,12.096803
5474,5.738451,11.073521
5475,4.9322376,7.017449
5476,4.4712524,8.862987
5477,5.060404,9.205538
5478,5.397614,8.193472
5479,4.6289277,8.494594
5480,5.3518043,9.998835
5481,6.3755226,9.240648
5482,4.5935526,11.9582
5483,5.9375286,7.1261344
5484,6.1261964,13.054583
5485,3.4509451,5.275041
5486,5.9817033,12.03041
5487,5.9650145,6.9728146
5488,5.9973283,7.6280413
5489,6.016739,7.6134253
5490,6.38291,8.83003
5491,6.4458523,6.727849
5492,6.6641035,7.8206706
5493,6.8766165,7.353551
5494,7.4088464,9.440131
5495,6.7201657,10.01989
5496,8.4232235,5.297576
5497,5.9213552,8.887421
5498,6.0636754,9.205964
5499,6.8358207,10.230788
5500,3.539304,8.8202505
5501,7.571472,13.335247
5502,7.30991,8.958883
5503,5.7268476,8.563212
5504,4.6789446,6.009553
5505,7.8033013,6.0392027
5506,6.4257507,10.639222
5507,7.267654,9.446659
5508,4.933845,9.943095
5509,6.043022,11.7147045
5510,5.4668727,13.10698
5511,5.4952955,9.077707
5512,4.305665,11.689725
5513,6.8272486,8.074833
5514,7.3810096,10.894875
5515,6.755085,9.47673
5516,7.3829956,12.804658
5517,5.8503876,8.12987
5518,5.363703,10.349154
5519,4.450379,10.568312
5520,7.038427,10.077178
5521,5.613567,11.950524
5522,4.146919,11.456323
5523,6.2751355,10.468375
5524,5.7237353,13.937522
5525,5.9922886,13.526515
5526,6.169221,12.001688
5527,7.707254,9.132561
5528,6.6042433,12.014532
5529,6.895882,10.081771
5530,4.9100833,10.302394
5531,7.0235567,11.366275
5532,6.428631,12.256496
5533,7.22481,13.800001
5534,5.2435102,9.539523
5535,5.4836636,9.412922
5536,7.2235103,13.785345
5537,4.3026724,11.539518
5538,5.955623,10.109056
5539,5.4758058,13.642061
5540,6.1361203,13.9358635
5541,5.146531,13.866378
5542,5.3012424,16.127283
5543,7.024653,13.630445
5544,6.525628,9.322065
5545,6.035939,12.337695
5546,4.551451,13.952048
5547,5.9798427,9.5504265
5548,6.5483356,12.1806135
5549,6.992496,13.078291
5550,7.269142,12.094916
5551,7.320876,11.974179
5552,7.652121,13.536242
5553,6.891281,13.586182
5554,6.851191,14.048308
5555,8.30022,12.701216
5556,7.6769705,11.556364
5557,9.041289,12.82796
5558,8.548555,7.1842194
5559,7.9660053,11.289792
5560,8.510134,12.226537
5561,7.879116,10.909741
5562,7.121181,9.890668
5563,6.3245077,9.489217
5564,6.07606,8.773284
5565,4.83902,7.921517
5566,6.7061715,9.288076
5567,8.261694,6.400375
5568,8.276366,9.179764
5569,7.099266,10.296781
5570,5.6029572,8.209864
5571,7.5553536,10.017879
5572,6.864254,10.58566
5573,6.6512337,9.493818
5574,7.8354645,9.359913
5575,8.737075,11.414516
5576,6.4955144,9.579189
5577,7.547583,12.254491
5578,6.388459,11.873561
5579,7.465823,9.699067
5580,5.8184795,8.375499
5581,6.039196,9.69122
5582,6.9312162,12.698889
5583,7.235475,8.136695
5584,6.8313055,9.633409
5585,7.601865,6.1842284
5586,7.003851,8.135846
5587,7.230074,3.9732044
5588,6.7912326,4.4689
5589,6.5335517,6.246075
5590,6.8867025,8.805037
5591,6.3390026,6.0486326
5592,5.1979365,7.293133
5593,5.7639837,7.1862907
5594,5.73255,6.91211
5595,5.4690585,1.5034422
5596,5.154495,4.8389816
5597,5.7937007,3.2869873
5598,6.2485633,7.122779
5599,6.100539,6.704166
5600,6.3458276,6.4604335
5601,6.284802,6.3752685
5602,6.6179175,8.694246
5603,7.5675797,7.823274
5604,6.679855,8.714354
5605,7.618236,7.85386
5606,7.559634,6.7977576
5607,5.356123,8.601524
5608,7.1199026,6.0357237
5609,4.672866,9.214716
5610,5.202174,8.146825
5611,6.033753,6.027706
5612,6.2271852,3.9628189
5613,5.8921127,8.12822
5614,6.1017885,5.785568
5615,5.5451274,4.0396333
5616,5.0075393,0.48021707
5617,7.165731,1.1732098
5618,5.6014647,4.9538465
5619,5.67312,5.6146507
5620,4.7517986,1.0598886
5621,4.850298,4.667859
5622,6.450411,5.632582
5623,5.144466,13.536151
5624,6.610792,6.3537593
5625,7.6163573,7.5534654
5626,6.8652,13.087902
5627,8.307448,10.46765
5628,6.9554954,12.2985735
5629,9.095567,6.789667
5630,8.199398,6.9454217
5631,5.977282,11.027085
5632,6.8462176,7.5284824
5633,6.88063,7.6453657
5634,6.6891623,8.940261
5635,7.225766,5.4475517
5636,6.7580075,3.493986
5637,8.063452,5.500131
5638,5.9321566,6.2969046
5639,5.6944227,5.9027324
5640,6.4363165,5.6159143
5641,5.680093,4.0435796
5642,5.566975,9.33726
5643,7.886772,7.209107
5644,7.7471313,4.906941
5645,7.309576,7.360966
5646,6.194632,4.779441
5647,8.255264,4.5640707
5648,5.8848352,3.4615989
5649,7.3693714,7.429747
5650,5.117543,6.7651715
5651,6.6812677,6.61184
5652,7.3119903,5.960654
5653,6.378052,6.2741423
5654,5.543948,8.723426
5655,6.3190594,8.516638
5656,5.980751,3.6790159
5657,4.9752045,8.246594
5658,6.104045,5.0957117
5659,5.9449573,5.425379
5660,4.932741,5.120394
5661,3.3970754,4.5605607
5662,5.957943,4.704776
5663,5.651874,6.520377
5664,5.524751,6.3548865
5665,4.954673,6.801625
5666,5.263148,7.6247354
5667,3.4028893,8.556321
5668,5.857694,7.4386353
5669,3.4940877,8.698496
5670,4.68383,9.176204
5671,3.2974586,4.814356
5672,6.4144845,7.0073338
5673,5.360129,6.807612
5674,6.7329187,9.671191
5675,6.0715113,4.679488
5676,7.0173454,2.8259509
5677,7.005807,2.7989361
5678,5.385511,2.4353795
5679,5.8909397,2.2694337
5680,6.7821145,1.942367
5681,7.6259513,-0.7424531
5682,7.703448,1.7743307
5683,7.242555,1.3857745
5684,5.138359,-1.0059764
5685,5.9435897,-2.0832753
5686,6.2112823,-1.7882426
5687,6.055648,-2.1476014
5688,6.0300913,-1.1319993
5689,6.1459546,0.3457772
5690,6.5541244,0.4486646
5691,6.0138173,1.9092201
5692,4.9107428,1.4335021
5693,5.6674175,2.5948396
5694,5.9485393,1.478872
5695,6.0582757,0.7713502
5696,7.189236,-0.5388054
5697,5.4915624,-0.07518756
5698,4.9016986,-0.517045
5699,5.349762,0.7215615
5700,6.112703,-0.23525777
5701,6.376521,-1.0629364
5702,6.874728,2.7799263
5703,5.208307,2.9760466
5704,3.5459418,5.9676023
5705,6.244422,1.6832774
5706,5.625912,3.0973916
5707,5.7909746,4.8295994
5708,5.730086,5.58742
5709,4.5099506,6.206147
5710,3.9089146,8.135365
5711,6.9349356,5.7793145
5712,4.16428,4.7553334
5713,5.5597434,2.789088
5714,6.9622164,5.8070674
5715,5.655159,2.7256632
5716,6.0634475,2.5517704
5717,6.718809,1.2669057
5718,4.0614743,4.35567
5719,5.872212,3.6473658
5720,6.8688126,3.0038943
5721,7.1078115,3.0879228
5722,6.064406,2.8437488
5723,4.9286985,2.126999
5724,5.2688317,0.7435738
5725,6.1781754,3.694783
5726,6.7075944,2.953701
5727,5.921019,2.4974697
5728,6.7442126,1.2303469
5729,5.7307043,4.8440466
5730,5.899299,2.698274
5731,6.8049855,4.8681316
5732,7.878971,1.539356
5733,4.9463296,-0.3956362
5734,6.3549304,-0.88399386
5735,6.7276115,1.516844
5736,5.108964,0.29480818
5737,5.0396214,3.9277942
5738,8.415688,1.293609
5739,6.232962,1.1099588
5740,6.969012,2.131783
5741,6.048878,1.9823952
5742,6.823485,4.6907525
5743,7.0755854,-0.5094459
5744,4.8556275,0.0844922
5745,5.009007,1.8162075
5746,4.5820637,1.8344213
5747,5.0615826,-0.12556136
5748,4.8625126,2.5427315
5749,5.3529425,2.5281396
5750,5.6546383,-1.1610246
5751,5.1287704,0.13130789
5752,6.5631666,3.2281435
5753,5.7164264,5.9420195
5754,5.821993,4.7695103
5755,6.540701,1.237109
5756,4.93451,4.5903935
5757,5.048247,2.5478327
5758,3.2757523,2.9320836
5759,6.70263,8.038849
5760,5.735963,0.7575498
5761,5.6740675,3.5288448
5762,6.100949,6.259128
5763,6.3575015,3.8074105
5764,5.1601944,0.9733078
5765,5.5210395,6.653457
5766,5.858014,0.84332305
5767,6.414824,6.5881042
5768,7.0899487,6.941621
5769,5.1655993,7.6391907
5770,5.857462,6.1303496
5771,5.5666804,4.3916426
5772,7.3658323,3.2070568
5773,6.1227417,2.5393338
5774,6.861988,2.8119235
5775,6.3360724,6.2519975
5776,4.1252036,4.2293634
5777,7.6940823,6.924469
5778,4.413514,4.443402
5779,4.814087,8.286124
5780,6.823933,6.339827
5781,5.6818194,6.5413303
5782,6.5408783,6.811168
5783,6.0832376,3.0366232
5784,4.968777,4.9964004
5785,6.007893,5.090692
5786,4.5164385,7.315624
5787,4.5646505,8.984946
5788,4.9156823,5.636942
5789,6.2141547,7.3640766
5790,4.1134815,5.905601
5791,4.6787457,1.7996916
5792,5.4332547,5.619513
5793,5.1740103,5.1763372
5794,4.945955,5.285245
5795,7.170892,5.342704
5796,5.4340696,5.5577345
5797,6.836163,3.462955
5798,6.7616067,6.4489317
5799,6.152199,6.0410056
5800,5.8786516,5.27362
5801,5.7610583,5.3795137
5802,5.8978233,5.5655127
5803,6.0608644,5.6224537
5804,6.2474966,4.5424404
5805,6.547844,1.6096828
5806,6.5687075,3.7630606
5807,6.3188977,3.3627331
5808,4.6582584,1.9695003
5809,7.1597185,2.6234636
5810,7.287219,2.9795473
5811,5.544937,2.8829918
5812,6.083066,1.8387301
5813,7.034505,3.7285404
5814,7.5440116,6.1977487
5815,4.2517505,2.3237312
5816,6.881062,1.2618785
5817,5.855986,0.83635634
5818,7.461971,-1.0986489
5819,6.1435614,0.5964204
5820,6.641709,2.2577894
5821,5.600216,4.31873
5822,5.4196577,2.8213694
5823,8.357391,2.8053532
5824,7.5308757,3.3690522
5825,6.0544796,3.166268
5826,5.5809517,3.1526515
5827,6.5316143,0.09711942
5828,6.3068843,6.2544847
5829,5.68844,5.8088837
5830,6.435071,4.5840473
5831,5.221869,7.219068
5832,5.369361,3.3677683
5833,6.257556,1.8503671
5834,6.0041485,3.4924462
5835,5.054088,2.5055683
5836,6.850366,4.321168
5837,5.8425655,5.1032424
5838,6.367512,4.136882
5839,6.6566534,7.7538295
5840,5.457639,6.476697
5841,6.101926,4.3712955
5842,5.800017,5.1551814
5843,5.9532633,2.9631958
5844,5.205182,2.4740593
5845,5.548146,1.1468155
5846,6.3529854,3.9489408
5847,7.538577,5.628173
5848,7.022874,5.1541233
5849,6.750738,0.6439924
5850,6.8926907,1.3169526
5851,7.0202136,5.3671446
5852,7.633841,4.3428264
5853,5.379977,2.664995
5854,6.98422,0.08256076
5855,7.424411,2.7068107
5856,6.4528766,-0.044921122
5857,5.910925,0.8978987
5858,6.782256,0.93384254
5859,7.5807123,5.494827
5860,7.4460855,0.73846453
5861,8.236483,3.3206375
5862,7.9865375,5.2023644
5863,8.485165,2.846122
5864,7.8981247,4.7400756
5865,8.939459,5.7776327
5866,9.375156,1.4924475
5867,9.220329,3.9325736
5868,6.953284,1.4254136
5869,7.6735444,3.9822917
5870,7.0454273,5.6334047
5871,8.061331,4.411653
5872,8.440874,3.9549382
5873,7.7846313,6.931259
5874,7.4729314,5.9078145
5875,8.428389,4.9062943
5876,6.5069556,4.0448008
5877,6.035715,4.636306
5878,4.754707,7.133149
5879,7.9815607,7.0381737
5880,7.568612,4.4104805
5881,6.0733895,2.6674478
5882,6.488689,3.7573836
5883,5.3665347,1.36364
5884,6.6862555,6.6435137
5885,7.0243883,4.9224315
5886,7.5473056,2.3012207
5887,7.7510056,-1.3258598
5888,5.864485,-0.4567918
5889,6.5579653,3.0333643
5890,7.9677896,-3.216037
5891,7.4013987,2.1546729
5892,8.020103,0.43094456
5893,7.527414,1.1279477
5894,7.6183615,2.025941
5895,7.5311084,6.1414475
5896,6.4826202,5.2176123
5897,6.6866536,3.8926775
5898,5.838398,2.1540465
5899,8.520631,6.0622272
5900,6.2886157,5.511776
5901,6.1289215,1.5226823
5902,8.12814,2.458548
5903,8.617587,-1.4913857
5904,8.104262,4.734298
5905,9.001425,1.4943521
5906,6.8235264,2.7017393
5907,5.8531632,2.8123496
5908,9.595527,4.2810106
5909,9.201115,0.16658626
5910,8.048937,4.323138
5911,9.2818165,1.3446298
5912,6.912822,4.5886445
5913,7.513138,1.6634575
5914,6.6833143,2.395857
5915,7.3014913,4.982675
5916,6.967715,4.080103
5917,7.448106,3.2779977
5918,6.641576,2.633308
5919,7.596719,2.4278953
5920,7.913683,5.0325723
5921,8.129039,1.4982545
5922,7.603361,4.48276
5923,7.1087723,6.182905
5924,6.864174,6.5953426
5925,7.287501,4.1781693
5926,7.417299,6.9483223
5927,5.7789445,2.78455
5928,6.414495,3.4103506
5929,6.788871,5.60132
5930,7.768189,6.2764482
5931,7.1853085,5.831201
5932,5.8071346,4.05951
5933,8.938705,2.929015
5934,5.80085,8.531015
5935,5.967763,1.7304327
5936,7.19352,2.8976607
5937,8.028763,0.21731456
5938,7.9317064,4.527308
5939,6.8902855,5.111375
5940,7.8429866,3.115886
5941,7.4536448,2.7988214
5942,6.8276296,5.876241
5943,6.359477,5.857312
5944,8.696367,6.0750294
5945,7.096711,4.0906706
5946,6.750904,3.9165313
5947,8.329497,5.6417923
5948,7.0644374,5.6086073
5949,7.177783,4.9251084
5950,5.51756,4.843847
5951,5.6954417,3.2636147
5952,5.4896903,3.2387748
5953,8.0698185,4.8207064
5954,7.5996976,6.0491414
5955,5.5185027,0.63931227
5956,4.80288,0.0126023935
5957,8.591771,3.4723024
5958,7.666267,4.3004684
5959,8.640712,4.2042594
5960,7.5256968,1.1460263
5961,8.358847,-0.1788254
5962,8.61637,-1.488689
5963,7.751989,0.28526065
5964,6.8806643,3.0037735
5965,8.133304,5.385107
5966,7.7473917,4.3599463
5967,8.042419,6.802837
5968,7.190775,2.7029228
5969,7.9583564,0.8676798
5970,7.3729997,1.2641944
5971,7.4420652,0.38515493
5972,8.105461,2.8016067
5973,8.739705,-1.7297788
5974,9.77262,2.937942
5975,8.867334,4.619805
5976,7.867494,4.740825
5977,8.843408,5.7379627
5978,8.161423,5.9681106
5979,8.060423,8.111738
5980,7.863231,7.0821815
5981,6.755254,7.8217173
5982,8.32659,3.0472865
5983,9.015294,5.599412
5984,8.597741,5.735239
5985,7.6222634,2.9791272
5986,8.067968,7.9491396
5987,8.302468,5.477661
5988,7.9908113,6.2044263
5989,8.238816,5.9107103
5990,6.0801287,6.999543
5991,7.4696045,8.10691
5992,8.013137,9.467409
5993,8.655426,6.4130583
5994,9.506116,5.8973637
5995,9.367386,8.468286
5996,8.0126,6.6486764
5997,7.753325,5.4990907
5998,7.86436,5.3324566
5999,7.0590353,7.960564
6000,8.655138,6.032561
6001,8.86103,6.542159
6002,7.61534,2.3698177
6003,8.857984,3.864987
6004,8.739199,4.061794
6005,7.502064,3.3089824
6006,8.208257,7.010762
6007,9.265018,6.06169
6008,7.8179007,4.9167004
6009,7.8512526,8.340276
6010,7.570549,6.2457433
6011,7.3988543,8.721693
6012,7.721302,7.1481633
6013,7.545596,6.2497325
6014,7.5231194,5.997602
6015,8.308659,6.3859224
6016,7.648822,5.2493243
6017,6.359821,5.8987575
6018,6.5942917,3.2564723
6019,7.7577047,6.3979125
6020,7.3230815,6.0858955
6021,8.96295,6.882303
6022,7.6771517,3.032162
6023,8.739951,5.9591208
6024,8.511881,3.0485432
6025,8.935907,3.4264517
6026,6.9292536,3.5335205
6027,7.726531,6.147234
6028,6.0140986,1.7680099
6029,7.8486753,5.427817
6030,7.702372,5.555314
6031,7.8380623,3.6598136
6032,8.307373,1.956387
6033,8.611671,4.4740176
6034,8.255758,3.1916215
6035,8.597039,1.8868556
6036,9.941403,3.630856
6037,8.916143,2.7714257
6038,8.611312,4.4065213
6039,6.6006985,5.339705
6040,7.968347,2.4303184
6041,8.947413,6.1761518
6042,7.895896,3.3352304
6043,6.802359,1.6034446
6044,6.490725,0.5794454
6045,8.947305,3.1206343
6046,7.096191,2.4172277
6047,7.6354523,2.3841512
6048,5.6968775,2.1922748
6049,7.274692,3.6835074
6050,6.160005,1.7350037
6051,4.5329323,3.3135762
6052,6.9706125,3.9251852
6053,5.8263345,3.2314394
6054,7.3778205,2.8629644
6055,5.658563,2.5448751
6056,5.631396,2.8934
6057,6.5585546,5.844153
6058,6.0292373,6.0195804
6059,7.9802017,3.2095182
6060,6.7272735,3.2091718
6061,6.615892,6.117448
6062,6.261167,6.9668746
6063,8.081677,6.3955464
6064,10.333328,4.1919503
6065,8.417061,4.69022
6066,8.053735,4.4295316
6067,7.5779104,8.136363
6068,8.030479,6.9045177
6069,8.886653,4.357151
6070,9.672887,4.714466
6071,9.356606,5.553951
6072,7.1933146,4.363579
6073,6.8821163,6.193079
6074,7.875711,6.6191945
6075,7.112243,5.565678
6076,6.9580803,4.990417
6077,6.6597958,5.6945615
6078,8.606346,4.006512
6079,7.792071,5.8509426
6080,7.2201343,1.6164228
6081,8.874205,4.2723365
6082,7.633323,0.74479413
6083,6.7352705,3.5904372
6084,7.62632,5.7181716
6085,8.91709,5.392463
6086,6.8230147,5.7661424
6087,6.072434,3.6773064
6088,7.4870486,5.8860044
6089,7.2798395,3.9986475
6090,7.3868885,2.2465856
6091,6.952881,3.6803553
6092,6.485499,5.1773467
6093,6.328596,-1.6170716
6094,8.8769,-0.6234691
6095,6.9463773,0.98319405
6096,6.2425613,1.4028836
6097,7.0818295,1.7125864
6098,7.2711835,2.8089368
6099,9.024046,3.1628733
6100,6.1418653,2.6384308
6101,6.5921583,4.8438168
6102,6.9812107,3.3616612
6103,7.9126873,0.80773854
6104,6.1357193,2.5148735
6105,6.706998,7.873986
6106,8.427093,4.025249
6107,7.0325685,4.3603067
6108,7.636556,1.5138861
6109,7.8701982,3.675066
6110,7.568768,3.4060824
6111,8.508888,1.4764284
6112,8.919761,3.2079992
6113,7.662361,4.3960533
6114,6.0481653,2.0222347
6115,6.2120385,5.116656
6116,6.240171,5.27214
6117,7.396775,3.3051913
6118,9.04842,3.5974796
6119,7.432498,4.8301
6120,6.9958873,4.9808297
6121,8.732628,3.224744
6122,7.0026045,2.2046344
6123,8.09088,0.23173939
6124,6.783323,5.402452
6125,8.0902815,5.809255
6126,8.366131,5.060051
6127,8.281496,3.532025
6128,7.890176,3.4954607
6129,9.875718,6.0243106
6130,8.64919,4.4051356
6131,9.291964,4.8448668
6132,7.3420196,4.4848657
6133,10.841424,3.431436
6134,8.557097,3.9284163
6135,7.3564467,2.9278114
6136,7.045694,4.3154125
6137,8.279647,3.5734372
6138,7.2565255,3.9136446
6139,9.727752,1.0587445
6140,9.122662,4.8055754
6141,7.610808,2.981752
6142,6.944967,5.230399
6143,9.053901,2.4927948
6144,7.6846137,5.6138806
6145,9.22051,3.6559656
6146,8.132143,0.83392155
6147,8.362559,3.266054
6148,8.020571,0.6281095
6149,7.5233126,1.3455763
6150,5.922299,1.7006265
6151,9.007243,3.1655626
6152,8.122289,2.768719
6153,7.693178,6.9179506
6154,9.0212755,3.9495525
6155,7.5977097,4.1942735
6156,6.3927507,7.3785696
6157,8.164043,6.430518
6158,8.162108,5.7977424
6159,7.5945807,6.0375333
6160,7.421018,4.6550097
6161,7.8004375,5.4200897
6162,8.422346,2.3970728
6163,7.613766,7.512599
6164,7.5489655,4.5877986
6165,8.257684,0.47703862
6166,8.576925,1.7831874
6167,8.168966,0.8390323
6168,6.999487,-0.1858682
6169,7.7301564,3.2894716
6170,8.260038,-0.92754966
6171,8.924961,1.3237312
6172,7.4711413,1.5279878
6173,6.424054,6.1332917
6174,5.4222555,3.4656413
6175,8.636119,6.704945
6176,6.219398,4.0387707
6177,8.206045,3.6365514
6178,7.7223477,4.42606
6179,8.045792,3.35832
6180,7.8579583,3.2893927
6181,7.0947704,2.2655497
6182,7.971405,2.2397776
6183,7.738842,1.6387371
6184,10.078859,1.5678276
6185,8.280012,0.29440743
6186,9.49498,3.5552921
6187,9.2193575,0.2141737
6188,8.507473,-0.87476754
6189,8.883512,0.5633822
6190,8.160749,1.0430719
6191,8.700047,0.91693115
6192,8.380089,2.3924782
6193,7.999115,-2.5097067
6194,6.541837,0.58678573
6195,8.114569,2.3010185
6196,6.888187,1.3543711
6197,8.497852,-0.62923306
6198,8.374704,2.0073388
6199,7.571967,3.2292604
6200,7.037397,4.3123555
6201,6.67292,3.158703
6202,8.542859,-0.5801933
6203,8.330934,1.1999325
6204,8.376663,0.41214368
6205,7.0226164,-2.2661774
6206,8.604987,0.12153659
6207,8.27016,1.6817502
6208,8.365195,-1.4927299
6209,7.9540944,-1.6104671
6210,9.683175,0.38699946
6211,7.3405123,2.2477014
6212,8.062676,3.041369
6213,9.089343,3.5434954
6214,9.132489,3.74174
6215,8.334426,3.1826117
6216,9.293498,4.6291695
6217,7.7699804,1.5628564
6218,7.6003785,2.9267128
6219,8.62666,-0.6980225
6220,7.6559258,3.2220123
6221,9.232387,2.2142537
6222,8.045998,3.694628
6223,4.7342887,2.0297377
6224,7.0387034,3.2285705
6225,7.4470563,4.5442996
6226,8.253695,1.0991563
6227,6.625886,1.8899056
6228,7.555203,2.5070665
6229,7.4012513,4.3248134
6230,7.1285634,5.314802
6231,8.673677,6.3477435
6232,7.8725,3.876912
6233,6.31598,6.771032
6234,5.563908,5.4689646
6235,6.98322,4.445375
6236,6.4884505,4.0034814
6237,7.6110997,6.167851
6238,8.349554,8.668903
6239,8.47018,5.505522
6240,7.7701306,1.1431823
6241,7.2645364,2.4893064
6242,7.382298,5.223343
6243,6.8652186,5.2652984
6244,7.5400434,1.6180196
6245,7.427308,3.601683
6246,6.555326,6.3812623
6247,9.020669,6.4313107
6248,7.6453214,2.8539424
6249,9.106648,3.9293485
6250,8.776276,4.283674
6251,8.00667,4.813118
6252,8.828541,6.928028
6253,7.668363,3.5306196
6254,8.078612,4.222631
6255,8.470115,2.1555243
6256,9.382395,0.75194556
6257,7.998859,3.5287967
6258,9.02097,2.3635273
6259,8.828623,2.0068862
6260,9.259874,3.5839436
6261,6.905617,3.199997
6262,6.8882623,2.5161455
6263,8.182302,1.1773098
6264,7.980818,2.3628407
6265,6.3227477,3.230587
6266,7.5537605,3.3058896
6267,7.6650877,6.4828773
6268,6.554086,2.89447
6269,5.7271276,5.597358
6270,6.2017875,3.0387158
6271,4.9285192,3.5822024
6272,6.851331,2.4344838
6273,8.0938015,0.49049813
6274,5.1856627,1.2865511
6275,6.481006,0.8328781
6276,6.7635317,0.8666656
6277,5.8888917,1.3922789
6278,6.3841286,2.0896568
6279,6.0942855,3.9470391
6280,4.726452,3.2050133
6281,8.260592,2.9081738
6282,6.37661,1.5974185
6283,7.1948547,5.2480726
6284,6.6757436,3.9851098
6285,6.7860007,4.187829
6286,8.229797,2.895575
6287,9.321539,2.2838306
6288,7.4233685,3.34851
6289,6.746334,1.7159365
6290,6.3718734,3.9007745
6291,6.678165,0.07006682
6292,8.173257,-1.7999312
6293,7.244289,5.767984
6294,8.511713,0.6042794
6295,9.345225,-0.00010354068
6296,7.0495944,1.3690501
6297,7.373558,6.169983
6298,6.9711814,3.7721841
6299,6.8142023,3.3337302
6300,6.871689,3.99877
6301,7.4282722,4.805937
6302,6.5643845,5.1915236
6303,6.980034,3.960729
6304,8.41471,7.6939583
6305,8.453648,6.2482014
6306,7.1773224,1.9715725
6307,7.4296284,1.7699363
6308,8.223652,6.8051357
6309,7.4412932,3.896133
6310,7.747403,6.0037627
6311,6.4908137,6.350041
6312,7.1508327,3.9403424
6313,5.9467044,3.6349902
6314,7.838514,8.85277
6315,7.644777,7.583254
6316,6.5642147,6.9331193
6317,7.114615,7.666794
6318,7.530082,5.1413283
6319,7.698138,7.442945
6320,7.8659997,5.37304
6321,6.9488606,5.0137777
6322,6.256726,5.7031636
6323,5.3034906,5.796553
6324,7.446018,4.2802444
6325,6.2533813,5.746541
6326,7.6065807,1.228581
6327,7.3933554,1.5227112
6328,6.553685,2.9431038
6329,7.9306836,5.7072396
6330,7.797939,3.1052468
6331,6.080024,3.6177382
6332,6.5303783,7.2696533
6333,7.516585,4.413543
6334,7.858424,5.315683
6335,7.314674,4.630031
6336,5.5256834,5.7576323
6337,6.056221,7.527151
6338,7.1509314,7.082901
6339,5.474781,2.7510302
6340,7.2929544,2.8792813
6341,5.7823906,1.4024937
6342,6.872517,6.9271436
6343,6.68265,4.9587398
6344,7.876781,2.8778164
6345,7.310407,1.5255393
6346,5.391548,1.7906096
6347,8.083073,1.6173006
6348,6.768001,5.554157
6349,7.6870847,-0.8881383
6350,6.772696,-2.483661
6351,6.3494077,3.0080225
6352,7.172065,-0.004524482
6353,5.998517,3.2915256
6354,7.6653404,1.0088766
6355,8.156706,0.6071692
6356,7.0322065,4.6088324
6357,8.847702,4.5738983
6358,8.961844,2.4488275
6359,6.8454375,2.7418365
6360,7.3633327,4.2658687
6361,6.391729,4.068825
6362,7.3025904,2.6584551
6363,8.225128,0.7113832
6364,9.340979,1.3410064
6365,8.966443,4.105442
6366,8.333081,5.0933642
6367,8.886796,4.9386334
6368,7.864093,4.996444
6369,8.261705,8.050318
6370,7.732825,2.193108
6371,7.168721,5.9365
6372,6.6392145,3.7428248
6373,8.516404,-1.1173574
6374,5.4071755,-1.0707805
6375,6.738264,0.1377298
6376,6.1270475,-0.78183365
6377,7.218739,-2.0557206
6378,6.942858,-0.27554747
6379,7.273936,2.6099968
6380,7.0347323,2.5238926
6381,8.374426,2.2673838
6382,7.7353315,1.0137339
6383,6.767545,0.29391804
6384,7.9060507,5.1664157
6385,6.9847245,1.3434225
6386,7.0952144,1.064008
6387,8.648308,-3.4962249
6388,7.9339247,-1.488445
6389,6.5933595,2.5700672
6390,6.812427,3.4723976
6391,6.328063,3.8648782
6392,9.066688,1.9566771
6393,5.0318227,2.453409
6394,5.4112415,1.5704471
6395,6.210415,0.29746705
6396,7.074914,1.9359846
6397,5.561873,2.2133934
6398,6.2266936,4.8499546
6399,7.645533,-1.3374795
6400,7.9719014,-0.61964625
6401,6.560717,2.7279885
6402,6.222569,0.26026598
6403,5.9964385,2.705603
6404,5.5540786,2.4849243
6405,5.847458,4.9945626
6406,6.5851655,6.3976836
6407,6.300293,5.268522
6408,4.947253,4.5748777
6409,6.535909,4.183124
6410,6.7355804,7.764691
6411,5.70639,4.9174266
6412,6.325189,3.3485687
6413,5.4565134,6.491261
6414,6.304014,5.2844825
6415,6.1798015,4.363706
6416,6.5485535,6.564726
6417,7.332582,2.638866
6418,6.5051503,6.7413063
6419,7.7240505,3.2016542
6420,6.799026,2.4875603
6421,6.0405703,3.2866201
6422,6.291331,6.376196
6423,5.4639125,4.958069
6424,7.995626,9.539667
6425,6.966998,7.6662536
6426,7.0558176,4.8753514
6427,7.4302826,0.0052611264
6428,6.8308363,1.5952142
6429,8.32606,3.3068025
6430,7.508015,7.447322
6431,7.425352,1.584701
6432,7.2370715,2.4459693
6433,5.7328205,2.9487286
6434,6.680865,0.8701269
6435,8.344358,1.4979739
6436,8.729502,2.6668322
6437,7.3447633,2.6880972
6438,6.171706,7.027156
6439,7.1462803,8.905863
6440,7.3103447,9.020376
6441,7.114416,9.721074
6442,6.8632245,6.924261
6443,8.591936,5.581587
6444,6.8808856,9.522482
6445,7.862684,6.5089545
6446,7.2019296,8.171349
6447,6.6083508,7.6910133
6448,6.8049917,6.48285
6449,7.4258432,8.0187
6450,6.661683,4.538158
6451,6.7825394,7.84456
6452,6.477356,3.8967023
6453,6.2213707,5.4694195
6454,5.5782847,3.3248465
6455,6.8676734,6.557739
6456,6.2344556,3.5246964
6457,6.3977966,1.4032983
6458,5.817821,4.377504
6459,6.1098924,2.493753
6460,7.266668,3.1280603
6461,8.693553,1.5973192
6462,7.2950006,5.212244
6463,6.2394266,-1.1236928
6464,6.3063793,0.5782071
6465,7.230428,-0.29716146
6466,5.75201,-0.39804426
6467,8.211392,5.3648224
6468,7.938837,3.622287
6469,7.4883313,6.1988883
6470,7.096714,4.9539576
6471,6.835267,9.904521
6472,8.242962,3.463845
6473,5.801544,2.6596458
6474,6.974492,3.9939945
6475,8.034338,3.3953342
6476,7.2470593,2.2034743
6477,7.670506,2.5392325
6478,6.81898,0.25377142
6479,7.6940126,0.038266998
6480,5.6772976,1.2523605
6481,6.0821033,0.5829483
6482,5.79941,-1.2926464
6483,7.0789695,-1.6941642
6484,5.964883,-0.7241925
6485,6.68992,-1.0655626
6486,5.8458505,1.1597879
6487,7.0237803,2.255786
6488,7.033794,-0.18703537
6489,6.890356,1.2007196
6490,6.6303854,0.9131312
6491,7.949907,0.46689162
6492,8.732605,0.37174317
6493,6.8549914,2.9886987
6494,6.173469,-0.6473249
6495,7.44049,1.8454983
6496,7.023707,-2.146134
6497,6.012147,2.416481
6498,6.2528715,-0.6413891
6499,6.9320145,-0.0056955907
6500,6.774006,2.377622
6501,6.2901516,1.916249
6502,7.7016277,3.0791936
6503,6.50936,3.0807133
6504,7.8999386,-1.5370172
6505,7.3722486,2.3595943
6506,5.9756446,2.561449
6507,5.021197,1.0454835
6508,6.3679876,0.6468581
6509,6.8799515,-0.3290134
6510,4.887581,1.3493129
6511,4.1461253,0.0938807
6512,5.613318,-1.7821435
6513,6.0831604,1.3040818
6514,5.401529,0.8870436
6515,6.044021,0.79343027
6516,5.806292,4.4113235
6517,6.8711123,1.4700902
6518,6.8106246,-0.6764193
6519,7.3887496,-0.46120396
6520,6.1576104,-0.30512866
6521,7.9621773,3.4647818
6522,8.425431,2.062864
6523,4.977913,-1.632404
6524,6.6077805,-3.6251647
6525,4.365305,-2.309485
6526,5.4341645,-0.8165444
6527,5.8034673,-2.1312811
6528,3.9993587,0.19268635
6529,5.866474,-7.062828
6530,4.5850444,-0.47041383
6531,6.8493586,-1.3460922
6532,4.162202,-0.11489174
6533,6.5738754,2.544904
6534,5.9459305,1.9641964
6535,6.8386383,0.17604382
6536,5.6867814,0.44021833
6537,6.018374,0.87132937
6538,5.729053,-1.0009207
6539,6.3332725,-0.21371739
6540,6.4717875,1.150345
6541,7.9981585,4.4841104
6542,3.9136615,4.4455147
6543,3.4059823,0.9156614
6544,4.8559017,2.8288238
6545,5.4732003,0.35337555
6546,6.3852224,0.67549396
6547,5.419375,4.534407
6548,3.5401845,3.2800434
6549,3.4296677,2.2813196
6550,7.1268177,2.7265518
6551,6.01097,1.331669
6552,4.623617,1.8107053
6553,5.650063,0.73574024
6554,6.011502,2.9012513
6555,6.6498876,1.730851
6556,5.702619,-0.6235233
6557,5.525464,-1.6925734
6558,6.2860126,-0.3815756
6559,6.214444,-1.1075913
6560,7.1791964,1.8020477
6561,6.528899,1.0079618
6562,6.934122,-2.8780012
6563,6.3025174,1.0125163
6564,6.7642846,-0.7191417
6565,7.3579183,0.07184287
6566,6.0632973,4.503741
6567,5.766994,5.652516
6568,6.0084367,5.943223
6569,7.048391,1.7520944
6570,8.092553,9.471873
6571,7.029084,6.2181764
6572,7.4493575,1.5463641
6573,7.6082807,1.4840485
6574,6.148807,1.4047503
6575,7.0245013,-0.06914284
6576,7.183678,1.201421
6577,8.427213,-0.06602888
6578,6.9837933,2.5748591
6579,8.836467,0.8039789
6580,7.2443647,0.10918043
6581,6.4163804,1.8428669
6582,5.5455427,1.9392688
6583,7.4071465,3.8456743
6584,6.9730997,6.109123
6585,7.1726995,5.4502935
6586,7.825319,4.8090153
6587,6.3280263,6.331322
6588,6.8451185,1.8476672
6589,7.4736204,5.4700747
6590,7.533022,3.4726734
6591,7.003646,2.360022
6592,5.642808,4.997306
6593,7.3625994,4.1433883
6594,6.438569,3.2483869
6595,6.833552,3.911069
6596,4.7305923,1.8939991
6597,5.969267,2.354078
6598,5.4054446,5.8635783
6599,6.7357807,2.432385
6600,7.6921268,4.583794
6601,7.7124023,1.9427676
6602,7.879409,2.462991
6603,8.556338,1.1952821
6604,7.51944,2.5521538
6605,7.4634843,4.101164
6606,9.91183,2.4034197
6607,10.069703,2.38965
6608,8.005133,3.3707943
6609,8.131326,2.4730985
6610,7.2086787,4.093958
6611,8.462176,4.1278005
6612,5.88548,3.3413641
6613,6.4636245,4.8141775
6614,7.643877,2.9010465
6615,7.3363366,4.412377
6616,7.009182,4.968604
6617,8.268925,4.303877
6618,8.260914,0.18604164
6619,8.093798,1.7181896
6620,7.499779,4.0476937
6621,7.289423,0.7893459
6622,7.606195,-1.2896469
6623,7.702852,4.2685127
6624,9.046157,-0.39734235
6625,10.3062725,2.9560082
6626,9.444599,1.00943
6627,8.404934,5.4807663
6628,8.084927,6.120708
6629,7.1156216,0.16850953
6630,8.509112,-1.7562617
6631,7.316334,-2.8033073
6632,8.613591,0.36923152
6633,7.514122,3.1051998
6634,6.9281864,-0.010992623
6635,7.0797253,0.569598
6636,7.484062,3.2791784
6637,5.712923,-1.171066
6638,6.5045395,2.5334408
6639,6.0381684,0.95917016
6640,4.8613186,0.9334593
6641,8.377811,-1.0348796
6642,7.693712,1.558435
6643,5.789439,0.9751076
6644,5.9527183,1.7040669
6645,5.673463,0.077821955
6646,7.5363784,3.779485
6647,5.9843416,1.1254293
6648,6.667384,4.3930845
6649,5.127358,-1.6482747
6650,7.298276,1.1148881
6651,5.107165,2.946202
6652,6.992375,1.2466418
6653,7.172147,1.96585
6654,7.1163254,3.2458708
6655,8.155699,2.180348
6656,7.4049783,2.4120827
6657,5.794789,3.244943
6658,7.7996016,1.8094302
6659,7.617301,-3.1169379
6660,7.897962,-1.0975294
6661,7.686765,2.0013573
6662,9.103128,-1.1394141
6663,7.5117197,-2.060276
6664,7.267228,-1.5503975
6665,8.677945,-4.2566257
6666,5.759724,-3.8177474
6667,6.5413275,-0.52706075
6668,6.880895,1.3762892
6669,6.051687,1.0674045
6670,6.2529006,0.84166247
6671,5.811376,2.5030706
6672,6.409179,2.1132634
6673,6.959215,1.6260163
6674,6.292946,1.9014341
6675,5.273751,5.4568853
6676,8.071273,1.2163197
6677,6.81583,0.58621985
6678,6.116975,1.0830104
6679,6.793859,3.7172117
6680,7.675527,2.9018908
6681,7.973415,0.77657217
6682,7.4931383,-0.06994244
6683,6.2364693,0.6055157
6684,6.1001177,-0.40691835
6685,6.497658,1.3121178
6686,5.4372835,5.4926615
6687,6.2996993,2.2764194
6688,5.1565495,5.199827
6689,6.5384803,1.384709
6690,6.72308,1.6228231
6691,6.1921782,0.34794772
6692,7.221034,3.2336535
6693,7.404759,4.7421885
6694,6.2291565,7.4148765
6695,7.4234223,7.079893
6696,7.0621185,4.194019
6697,6.9998913,3.9964154
6698,8.132185,3.1876435
6699,7.498549,5.0019727
6700,6.2072883,2.3258393
6701,5.942651,5.044276
6702,7.4930634,6.1835456
6703,6.936288,3.2967293
6704,6.5424833,6.181333
6705,7.590159,4.916833
6706,7.616843,5.425224
6707,6.3840795,8.242771
6708,7.653185,4.793313
6709,8.133509,7.6724896
6710,7.8457327,8.463858
6711,8.072848,6.9269147
6712,6.9004145,5.0989947
6713,8.238269,5.344555
6714,6.8979173,3.1461751
6715,8.001342,2.0183027
6716,7.2169766,5.8654065
6717,6.112706,6.1644087
6718,7.90559,7.523197
6719,8.61641,5.3065352
6720,8.09422,9.868767
6721,7.5746675,5.2382913
6722,7.8596067,7.850404
6723,6.059426,7.4851065
6724,5.2473526,11.072315
6725,6.2978354,6.109624
6726,7.8596177,7.3273253
6727,6.129155,7.099911
6728,6.1846037,8.123843
6729,6.0379505,7.586877
6730,5.162207,11.647625
6731,5.763807,9.91258
6732,6.679861,7.1873555
6733,6.5006866,8.967157
6734,6.470762,9.215723
6735,7.0271215,8.101845
6736,7.0604672,8.651061
6737,7.343377,7.7706113
6738,7.0809364,8.119854
6739,6.82574,7.7172637
6740,7.764033,8.224842
6741,7.481112,11.645649
6742,7.6669106,6.014107
6743,8.503497,5.707351
6744,8.1052885,7.019475
6745,8.07554,12.5362625
6746,8.610643,9.374751
6747,9.009718,8.122123
6748,9.47382,9.615323
6749,10.239485,5.722138
6750,7.5968647,7.7046847
6751,7.691996,8.78088
6752,8.457067,6.5881996
6753,9.11918,3.8837152
6754,8.005805,4.027795
6755,6.976152,0.8419326
6756,6.553408,2.3208206
6757,7.324886,-0.24969432
6758,6.956234,3.3726342
6759,8.1727705,4.3713703
6760,6.1880455,0.3270427
6761,8.638499,2.591248
6762,8.838444,-0.033110518
6763,8.353616,-0.013828621
6764,7.9073467,-0.7966918
6765,7.2692094,-1.808339
6766,8.588318,-3.9438322
6767,6.2725673,-2.4323783
6768,6.33478,-0.22201142
6769,7.7831473,1.1178693
6770,7.9074225,6.909165
6771,8.117904,-1.8610532
6772,7.596122,-1.4720998
6773,7.1743517,-0.07159961
6774,7.758666,-0.618881
6775,6.2585993,2.5191388
6776,6.9174943,-0.0030575262
6777,5.951701,0.6114886
6778,7.389782,-0.034203738
6779,8.350781,-2.3646276
6780,7.4249363,2.3874562
6781,7.868528,-0.32846946
6782,8.392825,0.46495733
6783,6.7160745,-0.01921876
6784,8.3136425,1.4512223
6785,7.8361883,-0.22387382
6786,8.614801,1.1450241
6787,7.0910826,-1.0954683
6788,7.0544133,-3.1010432
6789,6.1808,-2.6350653
6790,7.823797,-0.5511279
6791,8.427694,-0.7487511
6792,7.404508,-1.5812904
6793,8.3004675,-1.4689257
6794,7.5458326,-0.08921107
6795,7.595358,-0.12909564
6796,7.254689,0.016156781
6797,7.2612553,0.4428389
6798,6.7765822,-0.25740212
6799,7.9531746,0.9928454
6800,6.3288927,-2.383626
6801,7.99973,-1.6933454
6802,7.21919,2.4332952
6803,6.5925536,2.3391607
6804,6.9024873,0.21213548
6805,6.7136636,-1.216211
6806,7.7684574,0.1390302
6807,6.5706396,1.2148058
6808,7.4662094,1.2155571
6809,8.389369,5.0718846
6810,6.9143515,0.66707927
6811,6.977157,1.7555461
6812,6.671978,-0.9643837
6813,7.7020726,-0.57235825
6814,6.0729504,0.9275764
6815,5.207347,3.1900887
6816,6.6047254,-1.1665169
6817,5.063978,1.1823518
6818,6.486303,0.80606675
6819,5.5644965,2.064323
6820,8.156506,-1.238636
6821,6.8744283,2.3884609
6822,7.115871,2.0365705
6823,5.0237055,-0.61371887
6824,7.896553,-0.90346265
6825,8.032409,-2.9122415
6826,7.8438263,-1.1053311
6827,6.9841714,-1.0446123
6828,5.6138616,-2.3530562
6829,7.1064343,1.7757391
6830,4.1870317,1.3909129
6831,6.41537,1.5246446
6832,6.1957006,2.787535
6833,5.6735196,4.9026003
6834,7.294839,2.8898628
6835,6.8693447,-0.42956987
6836,7.9230394,0.6806932
6837,6.92212,1.3227088
6838,5.4044685,1.7584316
6839,7.0224414,1.4775949
6840,7.771982,0.622353
6841,7.429599,-0.80154467
6842,8.975111,-0.87212
6843,7.102759,-1.2321652
6844,6.9783616,0.6638465
6845,7.5293,-0.31126398
6846,9.175188,-2.9804204
6847,8.695861,-0.5224676
6848,7.9811416,0.7074467
6849,8.255331,-1.0652655
6850,8.8992815,0.7811958
6851,8.216791,-2.6067603
6852,7.2568693,1.7282934
6853,9.109572,-0.08658322
6854,8.470496,3.0865295
6855,7.2675495,-0.8260141
6856,9.730492,1.0620064
6857,6.64434,-0.2531125
6858,7.822088,-2.7396567
6859,7.8134985,-2.7162824
6860,6.476912,2.249428
6861,9.305739,-0.91375697
6862,9.1003685,-2.3148177
6863,8.796029,0.10787654
6864,9.228005,1.7292511
6865,9.053849,3.6689947
6866,8.140433,5.067751
6867,7.936509,5.2167873
6868,9.805372,4.054504
6869,9.459419,5.7918086
6870,7.7058764,-0.13935295
6871,6.778697,2.7181861
6872,7.9674187,2.858752
6873,8.538909,4.7162523
6874,8.029264,4.798523
6875,8.947752,1.7289022
6876,9.039679,4.589837
6877,7.449355,2.0559263
6878,9.839669,-0.5398918
6879,7.755427,-1.5677625
6880,8.587167,0.11161758
6881,9.496366,-2.223338
6882,6.397681,-3.149757
6883,7.069946,1.191971
6884,8.331068,-1.4980859
6885,7.4302816,0.1174107
6886,6.8541336,0.63650954
6887,7.213551,-1.4832426
6888,6.3372955,-1.1445347
6889,7.118477,0.16259426
6890,8.011397,3.6361747
6891,5.860635,-0.6609707
6892,6.0614786,2.4660015
6893,6.918319,1.0613366
6894,6.8247385,-0.79956454
6895,6.4468107,-1.1225203
6896,6.976989,-0.7326574
6897,6.470448,0.034273844
6898,5.630891,1.0719577
6899,6.1260123,-1.0805966
6900,6.6385884,2.8077726
6901,6.100334,-0.029094791
6902,7.564379,0.072618015
6903,6.486158,-1.6083345
6904,7.224789,-0.050654747
6905,5.7063646,1.7580714
6906,5.8458953,4.3002505
6907,6.7619944,0.16606098
6908,5.6942406,4.8402495
6909,7.095107,3.6347086
6910,7.202083,1.8256356
6911,7.6699133,-1.36442
6912,7.6365848,1.6376857
6913,7.585337,0.28625146
6914,6.532651,3.76326
6915,6.738612,3.8119452
6916,6.1895003,4.7811184
6917,6.6519427,2.3492997
6918,6.858561,2.994176
6919,6.276344,4.0783763
6920,8.173445,3.3373578
6921,8.486752,4.315764
6922,6.796328,3.8017557
6923,6.542785,0.031278323
6924,6.3823266,3.7431192
6925,7.5894604,2.1354437
6926,6.4771476,1.1401803
6927,6.557043,-0.77248484
6928,6.7524967,1.4901847
6929,5.9848685,1.3504132
6930,8.008142,2.1695218
6931,7.6059732,-0.67416644
6932,7.0509763,-1.87607
6933,6.788232,-0.15576291
6934,6.251268,0.008742144
6935,7.395464,-0.355851
6936,6.9352136,-2.721169
6937,6.6730604,4.063357
6938,5.359482,1.5882415
6939,5.7690983,0.35557887
6940,6.2599626,1.5386736
6941,7.7237587,1.6493976
6942,9.102972,1.6150647
6943,8.4044,-1.2204484
6944,9.716435,-0.38278943
6945,10.227123,0.47440052
6946,9.433387,0.696215
6947,8.320205,-4.447238
6948,6.939499,-1.7095473
6949,8.769926,-0.9155936
6950,8.930372,-2.2173762
6951,6.8083615,-2.7243462
6952,9.402154,-2.554523
6953,7.4125743,-4.341697
6954,6.285876,-0.004957532
6955,6.3995886,3.040084
6956,5.841107,-0.035906997
6957,6.39384,-2.4560857
6958,6.5326376,-0.44443214
6959,6.3703904,1.159015
6960,7.343317,1.6805407
6961,7.662635,1.9580917
6962,7.6847544,0.27537432
6963,5.786711,2.8258393
6964,5.9060163,-0.572425
6965,8.328586,-1.0366017
6966,5.293883,4.3957033
6967,7.3449264,3.4354868
6968,7.371122,-1.6507024
6969,8.885336,1.6793393
6970,6.637096,0.7213619
6971,7.8120255,0.7881103
6972,6.933101,1.8413168
6973,7.4336886,-2.2712173
6974,6.718353,1.2970798
6975,7.2771034,2.3879042
6976,9.621915,-0.288717
6977,8.687171,-1.295506
6978,5.7604547,0.22762331
6979,6.765392,-4.427573
6980,8.553219,1.0302095
6981,7.967831,-2.0877347
6982,8.074541,-1.1475383
6983,7.4368787,-0.8027419
6984,6.766237,-1.3559885
6985,7.630599,-3.6018941
6986,6.6170025,-1.5040959
6987,6.8964653,-2.6194694
6988,7.8516645,-0.8487552
6989,6.7300982,-4.204117
6990,8.138158,-1.1076739
6991,7.734262,-0.076491565
6992,6.493845,1.2605722
6993,6.6049604,1.427553
6994,5.367271,0.09740395
6995,8.506681,0.5959832
6996,7.6926875,0.4396151
6997,6.4260736,3.8710124
6998,6.5824146,5.0012493
6999,8.007176,3.7330792
7000,7.5724425,1.6687012
7001,7.908469,1.871227
7002,9.492438,2.910103
7003,6.139711,3.092524
7004,8.975348,1.6215519
7005,8.445636,5.558296
7006,6.5407085,5.0324535
7007,6.7954965,7.798046
7008,5.7659845,4.821915
7009,5.585987,5.310649
7010,7.3803167,3.9553607
7011,4.9482393,3.885821
7012,6.166126,3.5365705
7013,7.840676,-1.1163768
7014,5.29578,1.2518319
7015,6.54265,0.8071756
7016,7.4118185,0.36790895
7017,7.4710374,-1.1921908
7018,7.8698883,-0.15836565
7019,7.2614846,1.2810146
7020,7.3805685,1.3469723
7021,5.5213842,2.4409058
7022,6.630302,-0.5515918
7023,8.499605,0.04042831
7024,7.4124017,3.2069433
7025,8.382493,-0.54071105
7026,7.413796,-2.9705894
7027,8.73247,0.70429736
7028,8.945788,3.7513046
7029,7.5652037,0.9364491
7030,7.095352,1.9756602
7031,6.019805,-1.3034525
7032,8.552545,0.6611966
7033,7.1998754,2.7684798
7034,7.9237194,2.7796426
7035,6.4638677,1.2485844
7036,7.8479304,-0.669392
7037,8.672875,1.2014811
7038,7.370642,-0.22380096
7039,7.12609,-2.3066487
7040,7.5375457,-0.10773816
7041,6.273421,-1.57613
7042,8.657578,-0.75478727
7043,8.123697,2.2835147
7044,6.5364785,2.3079472
7045,7.0798655,-0.23187488
7046,6.363992,0.5371673
7047,7.833362,2.8310947
7048,6.779414,1.0412129
7049,7.0621867,1.7277905
7050,7.4427557,4.6892614
7051,7.1542788,0.07457779
7052,6.8410144,4.817513
7053,7.2799444,4.16008
7054,6.236184,2.0757153
7055,7.601692,3.75802
7056,7.142051,3.177904
7057,6.8457346,2.235042
7058,6.0732017,1.8844547
7059,7.2943716,7.390794
7060,8.119306,-0.23175636
7061,6.9192815,3.5797112
7062,6.777967,0.23154812
7063,7.209277,4.2485313
7064,7.3568754,0.8737927
7065,6.763535,1.9240569
7066,6.079755,6.5638266
7067,7.394349,10.067023
7068,6.488663,7.405034
7069,6.8735185,7.918758
7070,6.4780116,6.1070037
7071,6.3520856,4.987272
7072,5.7465224,7.482183
7073,6.7480817,10.843555
7074,5.3687677,4.3496614
7075,5.413316,5.560289
7076,5.854722,8.698671
7077,4.654126,3.0423195
7078,6.746774,4.524526
7079,6.4905186,3.3331707
7080,5.2125063,1.9208813
7081,8.14785,0.80999446
7082,7.264346,2.2459357
7083,7.7135167,1.3938671
7084,5.811564,1.2243508
7085,7.0334816,1.448925
7086,7.553627,7.886381
7087,8.289795,5.356373
7088,5.8151464,3.201648
7089,6.6269097,5.0535855
7090,7.635028,4.440884
7091,4.2524543,6.589784
7092,5.731787,4.4358835
7093,7.7676477,1.2700989
7094,5.4936595,1.3308679
7095,6.550027,4.5008388
7096,6.988884,2.7904751
7097,6.0638304,1.2020216
7098,6.7001586,4.1432385
7099,8.009056,2.0955544
7100,8.9021225,0.92720115
7101,7.03488,2.1624887
7102,8.282847,2.5174367
7103,7.5847654,2.525642
7104,7.8430033,2.28945
7105,7.3354673,3.471418
7106,6.9977274,1.5209073
7107,9.418914,-1.1148043
7108,7.303893,-0.90209293
7109,7.9115915,-2.821031
7110,6.780062,0.058299214
7111,7.6128454,1.6134822
7112,8.761138,1.7165737
7113,7.1535735,-1.8951633
7114,8.628148,-0.42973876
7115,7.7695885,-0.16680053
7116,8.127304,3.1878
7117,9.4740305,-2.4301138
7118,9.654947,0.46544832
7119,7.6549106,2.4469252
7120,6.167406,6.565332
7121,6.9246535,1.9367578
7122,6.8704042,0.8078783
7123,8.128727,3.8182156
7124,8.5187435,3.4449134
7125,8.182234,-2.375824
7126,9.915567,-1.2723589
7127,8.038827,1.3446143
7128,8.090112,3.252554
7129,7.789467,0.27924755
7130,8.077427,0.880706
7131,8.093929,-0.7823417
7132,7.683802,2.0224543
7133,7.969938,3.8456602
7134,7.726562,2.3729599
7135,8.353953,0.9952398
7136,5.677859,1.0015208
7137,8.566774,2.6577709
7138,9.7521305,-0.040266633
7139,7.5099673,2.844243
7140,8.895469,3.318124
7141,8.348677,1.0797687
7142,8.192972,0.35822117
7143,9.024543,2.6959915
7144,7.7346387,3.3801653
7145,7.958919,3.258804
7146,9.507157,0.0010570938
7147,6.651474,0.30477548
7148,7.1810946,-0.80277854
7149,7.756585,4.865245
7150,7.1914763,2.5904458
7151,9.556481,3.6977844
7152,8.31283,8.048799
7153,5.8688025,5.5447516
7154,6.27942,4.487725
7155,8.764706,5.8563094
7156,6.8192706,1.7566572
7157,8.349405,-0.16027799
7158,7.427152,3.134356
7159,7.548655,0.58950394
7160,6.3451166,2.5641525
7161,8.674427,5.41373
7162,9.19015,0.44242617
7163,6.8888483,4.4316463
7164,8.434815,5.740691
7165,8.15437,4.8969946
7166,7.711647,2.6813688
7167,9.0803995,1.446596
7168,8.316159,1.1074291
7169,7.447245,2.3364174
7170,7.542004,0.6828164
7171,7.898591,-1.3053199
7172,8.353695,2.38066
7173,7.698086,3.375977
7174,8.495982,0.5724085
7175,7.969704,1.5312198
7176,6.9045134,3.0519896
7177,6.8158503,2.0455441
7178,8.491079,2.167948
7179,8.462359,5.3121915
7180,6.9902716,1.9709655
7181,8.29588,1.6102275
7182,6.846565,0.5123714
7183,8.567168,2.1803305
7184,9.399751,1.9052972
7185,6.483423,3.919904
7186,7.094204,4.9425387
7187,7.150242,2.605696
7188,6.8768306,6.1672
7189,8.159634,5.4137607
7190,8.412565,7.1836276
7191,7.816874,1.7250186
7192,7.981349,2.7015657
7193,7.7685947,3.0196764
7194,8.382456,5.306713
7195,8.239913,2.3619316
7196,7.7476077,-0.84661824
7197,6.8543463,-0.7018133
7198,7.598107,5.276056
7199,8.102818,4.7688656
7200,5.8031282,4.266131
7201,6.9773793,4.9768925
7202,8.022322,3.5373034
7203,7.5267797,1.3813132
7204,5.9485993,5.1090083
7205,6.6787443,1.5226841
7206,6.688226,4.8505907
7207,5.7929177,5.7851257
7208,7.4580755,4.0184073
7209,7.89712,2.279622
7210,8.536899,2.5906472
7211,8.304213,-0.30898112
7212,6.829494,3.7494752
7213,7.007124,8.492673
7214,7.503758,8.517196
7215,7.67725,9.411316
7216,8.121108,10.886024
7217,7.1558213,12.108381
7218,7.748851,9.079195
7219,8.587256,5.093283
7220,6.2379594,8.091728
7221,7.2577434,8.72984
7222,7.772028,7.7050014
7223,7.3442197,6.808035
7224,7.069285,7.0658126
7225,6.982985,8.92629
7226,6.928664,7.491685
7227,6.5156646,7.668986
7228,6.6182427,5.2946744
7229,7.877274,10.772153
7230,7.0647945,4.5403256
7231,6.673694,9.445237
7232,7.4692783,10.724498
7233,6.5321593,11.208962
7234,7.548756,8.197064
7235,9.05947,9.577763
7236,7.373393,10.258759
7237,8.713883,4.785048
7238,7.721704,6.785425
7239,7.7773333,8.061668
7240,5.292314,5.4207196
7241,7.0202956,4.6776533
7242,6.6132903,7.2503123
7243,7.021378,2.8758545
7244,6.8729916,5.694207
7245,8.120236,4.018551
7246,5.958609,3.2993233
7247,7.5091243,1.8955287
7248,7.5006423,3.7169888
7249,8.202125,0.07290295
7250,7.86297,2.5225718
7251,8.69633,1.3441136
7252,9.339916,1.3746383
7253,6.953183,1.2699718
7254,7.6202946,4.5099773
7255,7.686368,2.7346666
7256,8.592448,-1.7138228
7257,9.013138,0.38560766
7258,8.215625,3.5903165
7259,8.910419,3.0647085
7260,8.894265,2.212297
7261,7.2762322,0.52734125
7262,8.727866,2.6296418
7263,9.150586,0.4403945
7264,9.33957,2.3601918
7265,9.951928,3.3498373
7266,8.426011,7.5828905
7267,7.5876164,1.2248069
7268,10.417293,3.9426596
7269,8.225179,3.1505594
7270,8.418569,1.5395204
7271,6.742654,4.360383
7272,7.853915,4.7179384
7273,8.481947,5.839504
7274,9.0356655,6.6325955
7275,6.844253,3.6414816
7276,8.123172,2.4890215
7277,7.531112,2.8285599
7278,7.137263,2.9077837
7279,7.2432685,5.5942535
7280,7.840062,3.9038508
7281,8.678366,3.585245
7282,7.37592,5.7104635
7283,9.688096,6.9006925
7284,11.043794,3.342276
7285,8.520634,4.208005
7286,8.481929,4.4980617
7287,8.6013365,1.5100255
7288,5.940201,3.454969
7289,9.62902,6.3473783
7290,8.167001,2.081427
7291,6.6802425,3.8626063
7292,8.774283,5.2628813
7293,5.6388636,1.0463942
7294,8.573458,4.710541
7295,6.721981,9.157348
7296,5.8124547,5.4712386
7297,8.410122,4.822054
7298,5.1653852,6.1458225
7299,5.0059257,5.221845
7300,5.769329,4.4678516
7301,4.0526047,4.179298
7302,4.163892,3.8473268
7303,5.864798,4.2164526
7304,5.3285456,0.029670343
7305,5.7048707,1.4609157
7306,4.8342576,0.2475928
7307,5.525649,1.9632102
7308,7.498798,1.1009231
7309,4.354809,-0.1574613
7310,1.8525554,0.68207836
7311,3.388736,0.6952469
7312,2.4438355,2.2424767
7313,5.883357,1.4536697
7314,4.452014,-0.038952015
7315,6.706898,2.4127393
7316,7.0932617,3.6060061
7317,4.9052286,2.3552444
7318,5.1348424,3.676132
7319,3.3136523,4.875546
7320,4.687967,4.2010765
7321,4.123809,-0.10704583
7322,4.1353827,2.0625024
7323,2.6627011,0.12893732
7324,2.951437,-2.8027081
7325,2.4175863,0.2717943
7326,5.9078274,-0.9124322
7327,6.6288867,-1.2225507
7328,7.110545,-1.1914169
7329,7.0391707,-2.7509015
7330,4.3136334,-2.035998
7331,7.2240314,-3.624531
7332,5.9727798,-0.6947366
7333,6.3920465,-0.5970791
7334,6.6536117,-1.5172304
7335,6.533995,-6.4691625
7336,7.552331,-0.09671703
7337,8.091626,-2.4464874
7338,5.0697455,-0.4487266
7339,6.51381,1.1781815
7340,6.348809,-0.6860947
7341,5.3901668,-0.7173424
7342,6.2196665,2.702982
7343,7.5371847,-0.17200184
7344,5.4943767,-0.449421
7345,5.6201844,-0.2782333
7346,5.0031767,1.0306557
7347,4.854811,1.8537929
7348,5.706822,-1.4552495
7349,5.345406,-0.24786575
7350,7.379087,0.49703944
7351,7.8845716,-0.24605927
7352,6.6987605,4.378832
7353,6.849256,1.2828144
7354,6.969353,0.037876904
7355,7.4688888,1.2927114
7356,5.7507215,-1.4170104
7357,6.597402,-0.39268273
7358,6.8314514,1.39085
7359,5.298311,-0.4370741
7360,5.7542806,1.2015315
7361,6.1751328,2.3102696
7362,6.527772,0.2383032
7363,5.880507,1.5525086
7364,7.2783256,2.215205
7365,7.262459,1.3050131
7366,5.765567,0.97676516
7367,4.8458323,-0.004785324
7368,5.48683,1.2418437
7369,6.4872456,3.339442
7370,5.5857625,4.1366343
7371,5.7038608,6.068051
7372,5.755068,2.8309324
7373,7.340255,1.3243524
7374,6.077036,3.176359
7375,5.987471,0.22034632
7376,6.266395,1.8690106
7377,6.84434,2.9736702
7378,6.9458385,4.5281863
7379,5.1712,4.1109443
7380,2.8812551,3.2975755
7381,7.327216,1.6924192
7382,6.7363477,4.448067
7383,7.4668546,1.0710778
7384,7.2332125,2.3018277
7385,6.768929,3.0843084
7386,6.2918396,4.455655
7387,6.4717617,4.7376747
7388,6.3296924,3.3287191
7389,6.5133286,3.2823107
7390,7.482884,3.9964385
7391,6.796895,2.2919464
7392,5.6294417,4.621394
7393,6.2871227,1.905184
7394,3.4905336,2.9426978
7395,8.542181,3.0863767
7396,4.466441,3.8848264
7397,3.4420383,0.8357144
7398,2.8997245,3.0826018
7399,5.4211926,-0.34010026
7400,7.9035916,2.3643897
7401,7.779219,4.449295
7402,5.5599656,5.2052884
7403,6.6234345,1.6530615
7404,8.341404,2.900726
7405,7.338235,3.0758994
7406,7.9944506,0.78594404
7407,6.777034,0.026287269
7408,7.748162,-1.8849385
7409,4.923169,1.6998352
7410,5.5999823,2.0780106
7411,5.6126304,1.662779
7412,6.670608,2.435154
7413,6.836433,2.7568607
7414,4.1481366,3.839865
7415,7.2369437,4.144662
7416,5.785501,0.9347286
7417,6.4604344,-0.647168
7418,7.216476,2.5442054
7419,5.373643,1.3236594
7420,4.36871,3.717651
7421,6.3469777,3.1165845
7422,6.3600855,2.0415275
7423,6.3827267,0.8518999
7424,5.9038773,0.88903993
7425,7.5894804,2.69471
7426,5.5921435,3.149697
7427,7.317455,0.7333986
7428,5.8899417,1.177751
7429,6.3443265,4.6731935
7430,7.3255,-0.14578727
7431,6.804686,2.5488067
7432,4.170388,1.5278376
7433,6.6245203,0.52503
7434,6.9291644,1.4910725
7435,5.449069,3.9563663
7436,6.207099,1.8441713
7437,6.5466223,2.101441
7438,6.041601,1.1650153
7439,5.776487,3.2675724
7440,7.978133,-0.22813888
7441,6.8710947,1.9141407
7442,8.082475,-0.20540349
7443,7.9823456,1.1859021
7444,5.6422,-1.536755
7445,3.7766123,-1.9803544
7446,5.3013897,4.2795043
7447,5.66394,0.36273423
7448,2.1126206,2.8441484
7449,2.9819114,-0.013187673
7450,2.0641472,3.6598744
7451,6.414965,0.9561502
7452,6.126275,2.6469102
7453,6.959707,0.3580891
7454,6.800348,1.2595907
7455,5.198197,-2.0881953
7456,8.122619,-0.9246089
7457,7.239265,-1.3492415
7458,6.477611,-0.11979942
7459,6.6491294,1.2424773
7460,7.359172,-0.8535897
7461,6.3013864,2.4988194
7462,7.4953833,0.6406232
7463,7.569652,1.4217904
7464,6.0210824,2.1756196
7465,7.025478,1.5924891
7466,7.974627,1.4500082
7467,8.24941,-0.57379764
7468,7.782287,-1.6664251
7469,8.753108,1.6096438
7470,7.757686,2.3948514
7471,7.469486,-1.17441
7472,6.750526,0.846849
7473,5.2212334,0.7984044
7474,6.037418,3.4552493
7475,7.0639267,6.655857
7476,6.5776386,1.1672969
7477,6.7351875,1.0928051
7478,7.4234915,-0.19779354
7479,6.43734,-0.09849044
7480,6.5525684,0.21978272
7481,6.057641,-1.0248742
7482,6.371584,3.8390799
7483,7.998594,2.190892
7484,6.266189,3.007114
7485,6.8925595,0.32975286
7486,7.5280037,2.1767738
7487,7.059352,2.0057704
7488,5.7964387,4.625029
7489,7.6683655,4.722995
7490,6.835132,1.5457805
7491,6.0380173,4.1754127
7492,8.324059,2.1567492
7493,6.249689,3.8443966
7494,6.9599266,1.0818229
7495,7.4628124,0.06860951
7496,7.7010875,-0.7403725
7497,7.0806017,0.031120434
7498,7.0729694,0.51166004
7499,9.133789,-3.0210404
7500,7.4748983,-2.081188
7501,6.508472,-0.62957656
7502,7.642479,-0.9945525
7503,6.529342,-0.12813929
7504,7.337538,0.43324992
7505,8.262892,3.1132932
7506,7.364368,0.38634947
7507,6.7913604,-0.2768892
7508,7.8714314,2.19527
7509,7.7178445,2.7326841
7510,7.136704,2.4109645
7511,9.373388,-0.5863334
7512,6.1806955,1.6302187
7513,7.052198,2.3383188
7514,6.9821935,2.4537637
7515,7.055835,0.77097493
7516,7.8148394,2.949968
7517,7.1681437,-0.9992359
7518,6.833625,0.3853748
7519,4.8841624,1.4872309
7520,7.340384,1.7045283
7521,6.279327,-0.48044452
7522,7.850852,-2.7614584
7523,7.916594,-2.285837
7524,7.094693,0.81113243
7525,7.789682,-0.14323945
7526,6.6394095,6.2931695
7527,7.5428576,2.462466
7528,5.6785526,4.646851
7529,6.652136,4.5034637
7530,6.819612,3.1451368
7531,7.586514,0.0956267
7532,6.969783,-0.38479403
7533,9.049282,-2.5036073
7534,8.236969,-2.7799077
7535,7.476298,-2.6037707
7536,6.743108,-1.6737633
7537,9.413212,-1.6741168
7538,6.744746,-1.6719607
7539,7.3269114,-0.7577981
7540,7.4062147,0.65870667
7541,5.227266,1.3660176
7542,6.92157,-0.10730341
7543,7.8087893,-0.66927755
7544,7.5593476,-0.34317046
7545,6.979736,0.49152222
7546,6.9620976,2.8056724
7547,6.4907737,-1.2275362
7548,8.7758875,-2.8792214
7549,8.614922,-2.2621663
7550,8.670377,-0.38516524
7551,8.591355,-1.1364337
7552,8.076002,-2.7709262
7553,6.2939935,2.1136036
7554,7.524158,1.8636019
7555,7.871333,-0.35824698
7556,6.917344,-0.73373914
7557,6.7402477,-0.34017578
7558,8.121841,-2.0126882
7559,5.6256156,-0.6458967
7560,7.2250376,2.8334424
7561,7.184826,-1.5803901
7562,7.391035,-2.029242
7563,5.082595,0.5992321
7564,6.8021374,-1.4041828
7565,7.3247538,-2.5832582
7566,8.049416,-1.8055733
7567,5.8715267,0.10987739
7568,8.306864,-2.050494
7569,6.6452084,1.4881132
7570,7.4208055,-0.2599063
7571,7.2054524,-3.9315577
7572,8.237049,-1.8299181
7573,6.39981,0.80353844
7574,7.0194573,1.1407969
7575,7.8964233,-2.6460016
7576,6.5452356,-0.47217965
7577,6.807437,1.0324433
7578,6.712411,-0.42090216
7579,7.0611024,-0.6607371
7580,6.065438,-1.4184346
7581,7.6842184,-1.3566593
7582,7.000176,-1.1003829
7583,5.7741327,-0.9937588
7584,7.0524764,-2.0178704
7585,7.4197354,-0.85015845
7586,6.327577,-0.12210659
7587,7.7966948,-1.4525703
7588,8.478372,0.87087816
7589,7.3003397,1.7811841
7590,7.555433,1.6489648
7591,6.610009,-3.248928
7592,6.224745,-2.410787
7593,6.7000647,-0.5032531
7594,6.6922154,-1.2383556
7595,6.2101636,-0.15849513
7596,6.7624025,-0.068574786
7597,6.3555965,0.11199433
7598,7.5538683,-1.4669216
7599,7.242307,-1.4452739
7600,5.749221,1.9798996
7601,6.249915,-2.156239
7602,6.5708175,-1.6183654
7603,7.535996,-1.3504046
7604,7.655454,-2.1592488
7605,7.05854,-0.5777952
7606,5.6775174,-0.018699659
7607,6.488619,-2.8790057
7608,6.499627,-1.663127
7609,6.108639,-1.913964
7610,7.984838,0.028005088
7611,7.603214,0.65105915
7612,6.8494873,0.8747773
7613,7.7939997,0.90708315
7614,7.002558,-2.7225778
7615,6.1074862,-1.3788378
7616,6.8594594,0.12317299
7617,6.901081,1.4167222
7618,6.8849196,-1.3294383
7619,7.203329,-0.062690035
7620,7.37096,-2.8000977
7621,6.269052,-2.7147079
7622,7.7014146,-0.19907701
7623,6.0065675,-1.5258373
7624,8.0639715,-0.64142275
7625,5.8111935,1.3030094
7626,8.9115925,-4.4519954
7627,8.403109,-4.149089
7628,7.4652686,-3.8871596
7629,7.9800816,-2.185369
7630,7.3633204,-4.2877693
7631,5.7447248,-2.58764
7632,5.872372,-2.461357
7633,4.312183,-4.285774
7634,5.7331147,1.1555922
7635,6.9821625,-1.1503309
7636,6.3590355,-2.0296924
7637,4.7064376,0.36592215
7638,5.5225377,0.5976233
7639,4.438307,-0.18023808
7640,5.1915026,-0.037433416
7641,3.2633805,-0.1598748
7642,4.5593576,-0.88532233
7643,3.8385315,1.0658967
7644,4.9577627,0.36927217
7645,4.6082964,3.9814527
7646,4.5219817,1.2793468
7647,4.50279,-0.34255525
7648,5.180454,1.2705215
7649,7.0684195,0.34345895
7650,6.9257927,3.1903534
7651,7.811072,2.1677203
7652,6.8315744,-1.3006591
7653,6.67454,2.5424814
7654,5.6317058,2.7459257
7655,8.154206,1.9234726
7656,4.5661106,0.9466443
7657,3.7618167,0.68904597
7658,4.7178693,0.99727094
7659,4.986074,0.20156108
7660,3.704234,-0.98589855
7661,5.3235726,-2.3947158
7662,6.215207,-1.6080356
7663,5.836865,-2.32711
7664,5.2701597,0.5201829
7665,6.446567,0.88541627
7666,5.639615,4.53367
7667,6.0314455,3.0160859
7668,5.3009925,1.7469743
7669,5.8683896,3.492558
7670,4.6915426,3.419154
7671,5.93957,2.804598
7672,6.594128,1.0493078
7673,4.2626586,3.2159977
7674,3.6480372,2.9748428
7675,4.4568014,1.6755269
7676,2.6831443,3.3703496
7677,5.3213367,2.379929
7678,4.667205,1.8465188
7679,4.9642453,2.824744
7680,4.3097053,2.221926
7681,4.6583333,0.6497268
7682,3.4177525,1.3079498
7683,3.5529127,1.3157176
7684,5.514001,2.218319
7685,5.3516407,0.88812685
7686,5.392161,0.7502206
7687,3.795159,-1.5733991
7688,5.5179787,0.87876487
7689,5.128245,2.3111076
7690,4.3916264,-0.19303775
7691,5.2022057,-1.9861968
7692,4.7197156,0.79816437
7693,4.5127044,-0.3566709
7694,6.3164477,-2.5912232
7695,5.1548624,0.88685614
7696,5.008762,0.45630118
7697,6.321207,4.3136835
7698,5.563089,0.3694011
7699,5.6488833,0.657496
7700,4.944988,0.91822153
7701,4.482808,4.258084
7702,5.83995,1.9510801
7703,5.140115,1.8018537
7704,4.665951,1.6663398
7705,4.9435854,6.551394
7706,3.4434981,5.3908553
7707,4.295341,6.0630827
7708,4.9072814,1.5668772
7709,4.0729165,-0.49345297
7710,4.7780046,1.5856751
7711,4.6322656,1.7194887
7712,4.08486,-1.3560282
7713,3.9656975,0.587733
7714,6.7396216,3.317222
7715,3.104953,0.4848863
7716,5.2424912,1.2479844
7717,5.07491,1.8068991
7718,6.566167,0.42449018
7719,5.406991,0.2632469
7720,7.1415634,0.28376827
7721,5.9393787,3.7229576
7722,7.1678615,4.7455378
7723,6.5069075,2.0545049
7724,5.608488,5.556691
7725,8.158936,2.6461968
7726,6.48009,5.7158923
7727,7.5590296,5.4037747
7728,6.1636353,7.501491
7729,5.7834406,2.6670926
7730,6.4166985,-0.049309216
7731,5.522664,1.1506156
7732,5.473946,0.89256215
7733,7.5189543,-0.007075988
7734,6.465633,1.973256
7735,5.684478,1.6219584
7736,3.9364598,0.60743725
7737,5.333873,3.546838
7738,4.9902735,2.8435786
7739,4.790513,-0.9152124
7740,4.6784906,0.36820748
7741,5.4930882,0.8802033
7742,4.804445,1.6240107
7743,3.5429783,0.6329035
7744,5.452628,-0.49800926
7745,4.4587746,1.034513
7746,6.7767105,0.20755073
7747,6.5625496,2.23987
7748,4.3934417,3.469187
7749,5.949231,2.5938277
7750,6.065228,0.7999672
7751,5.253584,1.5325689
7752,5.4385967,1.1781996
7753,4.086028,1.9061515
7754,4.1252856,2.8524513
7755,4.530902,1.662061
7756,6.4595585,0.7376043
7757,6.8835335,4.6242995
7758,6.7626114,3.6687744
7759,5.5350165,4.3115044
7760,5.500732,8.015587
7761,5.9249945,0.5205558
7762,5.274405,5.389893
7763,5.3780437,6.405398
7764,5.4823804,5.3042345
7765,5.737424,6.04122
7766,5.2352343,7.3924212
7767,5.5351996,4.291362
7768,5.026051,5.815036
7769,3.435123,6.038431
7770,5.4234967,7.959005
7771,4.50181,7.3030496
7772,6.6498923,3.66155
7773,3.6240895,7.674256
7774,4.2746844,6.74103
7775,4.8599415,7.6882863
7776,5.589314,9.071485
7777,5.962492,5.768853
7778,4.1777215,6.4410024
7779,6.502038,7.621129
7780,4.6247473,3.7046986
7781,4.8965497,6.346655
7782,5.693608,2.418533
7783,5.995642,4.6038065
7784,6.070555,4.4494185
7785,6.1431074,2.9751987
7786,5.1925564,6.857144
7787,6.231105,4.49355
7788,4.493711,4.1434164
7789,4.62252,5.366178
7790,4.1428113,6.6147447
7791,4.6401973,4.7934356
7792,5.495653,6.415401
7793,5.25351,5.1684794
7794,5.615696,5.9426675
7795,4.213952,5.2922926
7796,6.187725,7.3992834
7797,3.9751577,8.31259
7798,6.427524,8.141186
7799,7.3840523,4.288404
7800,6.070881,7.2081556
7801,6.5825086,8.746121
7802,4.9225044,4.815724
7803,6.0654855,7.6537375
7804,4.432667,8.742951
7805,5.9328074,11.135256
7806,5.2091575,9.961479
7807,5.8355126,6.4678974
7808,8.049538,5.6198325
7809,6.3146367,9.019777
7810,6.391376,4.7961473
7811,4.483666,10.962868
7812,4.5730786,4.2921243
7813,5.5027146,4.464673
7814,4.710905,3.7947335
7815,3.3048801,2.2523725
7816,5.2418528,4.266674
7817,4.346032,3.578808
7818,5.2631016,1.57796
7819,6.917463,1.3402227
7820,4.3344984,3.5208228
7821,3.8000064,2.2724528
7822,5.3540115,0.24577856
7823,6.2287335,-0.916919
7824,4.06968,1.8199531
7825,4.9666204,2.4705524
7826,4.1057916,-0.10651099
7827,6.4774985,-2.0803742
7828,4.9704633,3.6988268
7829,4.552741,-2.6215014
7830,3.492963,0.37181172
7831,4.453678,2.7758846
7832,4.367541,2.694991
7833,4.304669,2.1741412
7834,5.1970825,4.175233
7835,3.7627673,3.6119318
7836,7.474338,1.703007
7837,4.815906,0.3631859
7838,4.055849,-1.3182516
7839,7.4058914,0.05169404
7840,5.027588,3.5677395
7841,5.8057556,-1.0853505
7842,5.017127,0.22355153
7843,3.5807562,6.526243
7844,4.4878864,2.885435
7845,3.5346298,5.0178633
7846,4.8468695,5.1327004
7847,5.2887163,-0.28772232
7848,4.7086024,3.6969028
7849,7.007086,2.274988
7850,6.9244804,4.8867517
7851,7.8685145,4.0934443
7852,6.955909,3.7373097
7853,5.1536474,2.9652746
7854,7.4447784,2.5641098
7855,6.5602593,3.2672136
7856,5.9657044,-0.13109607
7857,4.9815164,4.7765903
7858,3.7935665,6.41529
7859,6.431064,1.3376334
7860,6.0201416,0.6085368
7861,7.0566483,2.9685533
7862,5.9098134,1.9339333
7863,7.3617864,0.5876197
7864,5.7252655,-1.1568929
7865,6.9126325,1.139599
7866,5.787991,0.7168948
7867,6.062098,1.6840568
7868,6.4068637,3.1970813
7869,5.985791,2.206234
7870,7.1256366,1.4010545
7871,8.185819,0.2885463
7872,5.152993,0.8167509
7873,6.0584273,1.9898595
7874,5.415367,0.82486176
7875,6.17806,0.6709033
7876,6.9900637,0.26431945
7877,5.975517,1.6018233
7878,3.8888946,2.5079257
7879,6.6215415,3.6908507
7880,5.147911,3.5145612
7881,6.4374313,2.9748251
7882,6.7600017,3.2391722
7883,5.217668,1.4587507
7884,6.549346,3.873097
7885,5.248784,1.3990895
7886,5.3493958,0.9743529
7887,6.109332,4.8819494
7888,4.3226566,5.0746036
7889,5.7235723,5.3093877
7890,9.8336935,2.4471254
7891,6.2421,3.3536155
7892,7.615252,0.9425463
7893,6.3009987,1.9906157
7894,5.660431,2.7872481
7895,4.933171,1.7179053
7896,6.8241134,3.1359866
7897,6.17523,2.170949
7898,6.59765,5.8938327
7899,5.8991933,3.474605
7900,5.2752104,3.5703335
7901,6.5799384,2.6894841
7902,6.4321995,0.3537357
7903,5.3922753,3.1050787
7904,5.565095,4.836975
7905,6.0349474,5.359668
7906,5.2147665,4.778053
7907,6.328642,5.2961874
7908,6.7306786,3.6258962
7909,5.357384,4.6600866
7910,5.9583993,5.7226152
7911,5.310237,8.626966
7912,4.3616996,2.9849114
7913,6.5382886,2.2439082
7914,5.2647023,3.5218751
7915,6.455451,4.442353
7916,4.414936,4.7117124
7917,5.8525825,4.7697244
7918,5.928472,-1.063759
7919,5.05058,-1.8042858
7920,5.4190364,3.258537
7921,5.830123,2.153589
7922,4.0477276,1.6811587
7923,6.1975093,1.5279349
7924,5.370812,1.4792023
7925,5.0931187,-2.542024
7926,4.239377,-2.862779
7927,5.2890234,-1.0603898
7928,3.8557165,-1.1604432
7929,4.5210423,0.36181432
7930,5.2856565,0.80672395
7931,7.587431,2.3094234
7932,6.133304,2.9703975
7933,4.9478707,0.7097938
7934,6.4461083,1.3186718
7935,5.6184683,3.9391506
7936,7.33402,0.32208186
7937,7.3195586,1.750806
7938,6.8403444,-0.5105857
7939,4.585298,1.6175016
7940,8.031614,0.6870971
7941,5.382096,-1.4265969
7942,6.7864275,0.44883072
7943,7.0853853,2.8003647
7944,7.6848893,1.8537555
7945,8.878511,1.23251
7946,6.82718,-0.54837376
7947,7.3907433,6.0377812
7948,7.4794116,2.926388
7949,7.1374116,3.3125403
7950,10.053996,0.6475389
7951,9.173932,3.0336218
7952,8.65464,2.5759227
7953,8.758729,0.46368632
7954,8.295142,2.5619242
7955,7.95597,-1.5800775
7956,10.294625,-0.81798834
7957,9.915126,1.8191514
7958,6.9997063,0.37457496
7959,9.758088,4.8164372
7960,7.9002404,2.0593266
7961,8.260114,4.3214617
7962,10.160915,1.3580343
7963,9.384785,2.8929012
7964,5.99814,2.3071244
7965,6.4594617,1.0271394
7966,7.077068,1.0964941
7967,6.9484444,2.5260468
7968,7.5888357,3.7247775
7969,7.5054345,1.7871609
7970,9.01087,5.5268054
7971,8.036577,3.5334828
7972,8.253508,2.1774135
7973,8.883881,3.8687913
7974,8.137304,6.12998
7975,6.7644854,6.4417863
7976,6.224976,7.180571
7977,8.890878,4.255094
7978,7.4953914,3.3887813
7979,7.288144,5.012103
7980,8.536631,7.732976
7981,7.7165165,6.436459
7982,7.5017614,-0.60836864
7983,6.702668,0.13366483
7984,6.5829906,-2.249904
7985,6.7298994,3.4368222
7986,7.105697,2.3149993
7987,7.1584144,2.649794
7988,6.4957957,2.609782
7989,8.729521,0.59586453
7990,7.5298533,1.5833478
7991,6.520806,2.777304
7992,6.7462745,3.0028076
7993,6.382844,1.2115941
7994,7.057911,1.5622431
7995,6.193936,0.018953271
7996,6.7025943,-0.5708508
7997,6.40813,2.4289186
7998,6.766008,1.457018
7999,9.388146,-1.2132267
8000,6.8343325,3.9662216
8001,6.0667353,1.1784971
8002,6.349851,1.1860267
8003,6.111953,2.4733565
8004,6.6282415,0.64053416
8005,6.707193,5.0748343
8006,9.050568,2.8540761
8007,8.02854,-1.1629852
8008,6.6943088,2.847142
8009,6.4305515,1.6193604
8010,7.2079744,-1.184033
8011,6.7326784,-1.7351646
8012,6.5222826,1.5326202
8013,7.255813,1.0895605
8014,6.674098,2.492193
8015,6.6912937,1.2436793
8016,7.1762357,1.1325327
8017,6.558867,3.8990748
8018,7.387291,1.0163724
8019,6.423644,-2.403218
8020,5.668401,1.717948
8021,6.333001,3.8792467
8022,7.1031933,-0.019488132
8023,7.21896,0.8506815
8024,8.014201,0.088279404
8025,6.0306797,0.7203866
8026,6.7088084,3.066488
8027,5.9629707,1.7428261
8028,5.364143,2.0751712
8029,5.944433,3.1812913
8030,5.6052914,-0.974419
8031,4.877153,0.9393862
8032,5.1476197,4.8631334
8033,5.9212823,-0.35501698
8034,4.850574,1.2379642
8035,5.6905713,4.678612
8036,4.1567345,2.1382148
8037,3.6052914,3.0033753
8038,3.9762514,-2.256715
8039,5.006007,0.36035162
8040,4.1533256,-2.0526903
8041,2.716792,1.209034
8042,2.9801803,-0.20363028
8043,4.359752,-1.144357
8044,4.378915,-0.89284384
8045,4.127809,-2.3230855
8046,4.4391265,-4.4807267
8047,3.98955,-0.371721
8048,3.8054197,2.0518298
8049,5.114803,1.2123435
8050,4.9178786,3.8599086
8051,5.9500194,3.839273
8052,7.189451,1.3226856
8053,6.4541802,3.8693614
8054,5.586561,5.133376
8055,5.338793,6.571886
8056,5.766613,5.5151916
8057,5.575947,6.17584
8058,5.1952047,4.354101
8059,6.09838,3.4741008
8060,7.333969,3.7372122
8061,6.967892,2.135816
8062,5.113065,4.28639
8063,6.438743,4.088673
8064,6.3487644,6.8465376
8065,5.7969947,2.5054717
8066,5.2901797,3.5938125
8067,5.717083,6.8094893
8068,6.878506,7.706451
8069,3.37847,5.63698
8070,4.352708,6.919141
8071,4.9328117,5.7189894
8072,4.110715,6.56602
8073,4.4838758,7.5214605
8074,6.078678,5.331287
8075,4.1180205,4.8776703
8076,4.3947206,6.731632
8077,4.6948266,5.2195415
8078,4.845625,7.693643
8079,4.275882,4.5148554
8080,4.6614146,2.7865644
8081,3.905942,1.7009486
8082,4.4775867,0.84077024
8083,3.057974,4.6963825
8084,5.1643167,4.827347
8085,4.601092,1.4108896
8086,4.6807737,2.907312
8087,5.334299,4.71597
8088,5.2428913,5.9756203
8089,5.9347625,3.5400321
8090,4.4737115,2.3663445
8091,4.1581235,3.0786583
8092,3.4156964,4.74776
8093,4.83078,4.769071
8094,4.5118465,2.6468096
8095,4.253464,2.3896222
8096,4.426006,3.8653407
8097,6.9795985,2.1837015
8098,4.6628976,7.9152155
8099,4.7812986,8.109543
8100,4.828249,5.0485134
8101,5.339562,2.4187245
8102,6.4973617,7.0309224
8103,4.0744214,7.181033
8104,6.258608,2.5307477
8105,5.373764,1.0633572
8106,6.904847,5.380818
8107,7.969152,0.79409987
8108,6.601209,6.3809066
8109,5.742864,4.2203503
8110,4.465303,4.1707926
8111,4.590039,4.5058184
8112,5.307381,4.471438
8113,6.0080943,4.410219
8114,4.2819767,4.161134
8115,5.4413667,5.3575115
8116,6.068945,7.5239196
8117,5.2048197,3.7223723
8118,5.7049527,8.020101
8119,5.017492,4.029684
8120,6.1284575,5.5475807
8121,6.1646237,4.302319
8122,5.851056,6.698372
8123,7.471376,5.031163
8124,6.7372255,6.735487
8125,5.697382,1.2811003
8126,5.489973,6.1545544
8127,6.5917487,7.90239
8128,5.6190453,8.243442
8129,5.8503227,5.581314
8130,6.6334357,3.5078483
8131,6.221568,4.4370346
8132,6.046368,4.3017616
8133,5.2071986,6.2279696
8134,5.838555,3.2677777
8135,4.9380155,2.8383052
8136,5.431909,3.5771668
8137,6.442941,6.3427362
8138,5.974023,6.527105
8139,6.9777737,7.021493
8140,6.742737,9.326582
8141,6.697102,3.193154
8142,6.5304236,4.3494606
8143,5.4557285,4.0344696
8144,4.889409,0.40512446
8145,4.7666717,0.5942521
8146,4.529888,5.1199684
8147,5.1697197,3.1479645
8148,7.60517,0.6814484
8149,4.421655,-2.7261598
8150,5.1290507,-0.87642664
8151,6.34714,-5.449426
8152,6.1616564,-0.20174639
8153,6.3351207,3.4844854
8154,7.1113534,-2.6483915
8155,4.879216,-1.3770566
8156,5.114143,-0.11611224
8157,6.010155,-2.446038
8158,6.9874334,-1.7773861
8159,5.688467,-1.7150275
8160,6.9066896,1.4170052
8161,6.981268,-4.979422
8162,7.980805,-3.1387079
8163,5.430012,1.5495206
8164,5.0772147,0.6391227
8165,5.3939867,-3.178949
8166,6.001598,-4.0255976
8167,5.994169,-3.93354
8168,5.130591,-3.9023178
8169,4.9908385,-2.4270895
8170,6.291994,-1.5180819
8171,5.0500083,1.6373786
8172,6.265405,1.0438675
8173,3.8095639,-2.1614006
8174,3.6491907,-4.020176
8175,3.992709,-1.2416584
8176,5.5395374,-0.68604946
8177,5.4659753,-1.1308979
8178,5.854995,1.8536677
8179,4.417143,-0.8662313
8180,5.337579,-1.4542664
8181,4.7711806,0.8567107
8182,4.8586416,2.0791123
8183,5.94198,2.3800879
8184,5.4941206,0.9404724
8185,5.1946163,-0.65706694
8186,5.935563,-0.70654476
8187,6.8932314,1.8574173
8188,4.6034803,2.5011876
8189,5.9334664,1.0255957
8190,5.557291,4.223008
8191,5.156418,1.9764689
8192,4.9326224,0.07360514
8193,4.588363,-2.0580544
8194,4.941025,5.1470413
8195,5.0608587,4.8298807
8196,6.838719,2.5988507
8197,6.0195336,-1.5908521
8198,5.543634,0.1082873
8199,5.445488,-1.8593234
8200,6.0453653,-3.1619675
8201,4.7189326,-0.1920525
8202,5.378384,-5.35241
8203,5.796189,-5.5316734
8204,5.440808,-5.12004
8205,5.5713997,-3.025128
8206,4.051618,-5.6013966
8207,4.8131385,-1.6224451
8208,5.8427997,-2.0911653
8209,7.202354,-1.5567408
8210,7.4244504,-0.35495806
8211,4.9683294,-1.7084122
8212,3.9484632,-1.887155
8213,4.9324136,-1.3453639
8214,6.4381046,-1.1139657
8215,5.081234,0.07793747
8216,6.3844953,0.171228
8217,6.806422,-2.3097334
8218,6.6939445,-2.9642665
8219,7.3979225,-3.0544152
8220,6.209305,0.6506702
8221,3.7885852,-2.0772996
8222,5.480916,1.0144508
8223,4.8762183,0.64941114
8224,5.874371,-2.8551607
8225,4.6985745,-4.6939554
8226,2.397161,-2.5908303
8227,3.8870616,-3.4589288
8228,4.196108,2.494818
8229,5.92494,0.3061122
8230,4.6441793,4.950704
8231,5.7886443,0.4681036
8232,6.9467163,1.8364071
8233,8.299654,-3.3577182
8234,5.9700155,-4.5356274
8235,4.2859664,-3.9938939
8236,5.4903026,1.203364
8237,4.5628095,-4.336212
8238,6.1807227,-5.7525697
8239,4.653383,0.20214029
8240,4.8951616,0.327035
8241,6.9505987,3.407477
8242,7.220237,-2.9097176
8243,6.131847,-1.8780016
8244,6.682194,2.842281
8245,7.8014903,-4.2291255
8246,6.3554583,-3.0293593
8247,5.574892,-5.9729943
8248,5.6844144,-6.9424777
8249,7.4401345,-3.5015671
8250,5.487369,-3.2835562
8251,6.9342003,-2.411326
8252,8.110988,0.6121182
8253,4.941243,-1.224184
8254,5.2128077,-5.2986383
8255,5.099992,-0.68094164
8256,6.2212048,-5.957035
8257,6.7463923,-3.6106787
8258,6.342957,-7.6556654
8259,6.4501915,-4.8467617
8260,6.626858,-3.380986
8261,3.9219646,-4.704797
8262,5.806845,-7.280627
8263,6.9968576,-3.3995557
8264,5.4025836,-1.332827
8265,4.5550766,-0.68065506
8266,6.1055484,-0.9892821
8267,5.2937145,-1.5074754
8268,4.049001,-1.963919
8269,4.7520847,-3.8002923
8270,5.805471,-0.57750493
8271,5.381402,-1.1280209
8272,4.5371485,-1.4439832
8273,4.2288356,-5.0858946
8274,6.6284294,-2.866718
8275,4.093465,-0.9019532
8276,3.7480297,-0.25376174
8277,3.3923554,0.26339743
8278,2.8362188,-1.1084385
8279,4.078415,-0.82007664
8280,3.850026,-1.3450762
8281,5.605776,-1.0882652
8282,5.698546,1.2392758
8283,5.376003,-0.108799234
8284,6.1792884,0.013054143
8285,5.4712377,2.705667
8286,4.950478,-1.0676138
8287,4.7396727,-1.5570719
8288,4.8938518,-0.73537433
8289,4.583233,-7.28881
8290,5.286068,-6.6491404
8291,4.5456424,-3.7511709
8292,4.392068,-4.40363
8293,4.5728545,-6.186712
8294,4.333427,-2.5855346
8295,4.954895,-4.1703925
8296,4.70624,-2.5876524
8297,5.535583,-4.999972
8298,4.548813,-3.4637668
8299,4.639136,-3.031377
8300,3.7478092,-5.25619
8301,3.2710073,-8.328968
8302,4.3304715,-6.013991
8303,4.8446126,-4.110294
8304,3.8402593,-6.365348
8305,5.450711,-3.0809162
8306,6.406021,-5.786321
8307,5.0700793,-4.685536
8308,4.5309515,-4.681547
8309,4.04994,-4.4151454
8310,5.962174,-7.321965
8311,3.642248,-4.8438115
8312,6.865175,-3.7607872
8313,5.042837,-4.449067
8314,5.004465,-7.147766
8315,4.9607916,-8.580981
8316,6.1943216,-7.4574547
8317,3.4946578,-4.392589
8318,6.1411653,-0.18762648
8319,6.2238393,-4.041293
8320,6.9024477,0.8663304
8321,5.539198,-0.22375862
8322,6.1795607,-2.168289
8323,6.0306277,-4.356149
8324,5.490069,2.123846
8325,5.067373,1.3415177
8326,4.8833513,0.064521454
8327,6.9901896,-0.04191951
8328,5.679634,-1.7846365
8329,5.7070184,-2.6645536
8330,5.5218987,-0.096403845
8331,7.2932744,2.7120256
8332,5.3803067,1.0866848
8333,4.776306,3.0496516
8334,5.1638527,-3.6503637
8335,3.4510884,0.06617841
8336,5.335399,-0.84635496
8337,4.1914926,-2.6456327
8338,4.129618,-1.857789
8339,4.119232,1.553083
8340,5.8564024,-0.2340116
8341,5.1707673,1.1495163
8342,7.0926394,-1.5581118
8343,4.3161407,-0.15745206
8344,4.719324,-1.8116604
8345,7.1567087,-2.0721788
8346,3.4998474,-6.507899
8347,5.9334283,-2.6370091
8348,6.0611763,-3.2637134
8349,5.037149,-2.324127
8350,5.9506106,-2.5323315
8351,5.1358256,-2.5324855
8352,5.8372126,-1.2986995
8353,6.9960647,0.90367645
8354,6.504347,-0.7872461
8355,4.8427753,-2.1390746
8356,5.8455105,-1.7990843
8357,5.0831404,-0.609313
8358,4.5771275,-4.099772
8359,4.0852914,0.79843265
8360,6.92236,0.57529116
8361,6.1029186,-0.77766025
8362,4.6071157,2.0269945
8363,6.3847833,0.31117067
8364,6.751223,-1.0041674
8365,6.5208707,-3.8218255
8366,6.0244555,-2.5895813
8367,5.2498045,-2.4195042
8368,5.6446404,-0.4293289
8369,5.3926954,1.3589582
8370,5.3364935,-0.84945965
8371,5.9098053,3.1016593
8372,4.9660687,2.431969
8373,4.9568877,0.69074184
8374,5.5169697,0.17432696
8375,5.052576,-0.8933648
8376,6.460471,-2.551529
8377,5.5450916,0.49949935
8378,4.1331334,2.1071782
8379,4.7411857,2.2847826
8380,6.000903,0.40498275
8381,6.1023808,-0.055902906
8382,4.011201,3.3448327
8383,7.3860145,1.5088584
8384,6.083284,5.922
8385,7.3711576,1.767271
8386,7.6687293,3.5171485
8387,5.088948,7.4523807
8388,5.9997983,10.013245
8389,5.7646956,3.0737667
8390,5.136962,3.0463223
8391,4.8880754,5.598389
8392,5.9344454,5.445422
8393,5.876903,6.340797
8394,6.381799,5.137139
8395,4.7624917,5.8437657
8396,5.182611,3.9511735
8397,5.0205736,2.957992
8398,4.421936,4.523689
8399,6.5005536,3.1761577
8400,4.5077424,1.628784
8401,3.888836,5.753323
8402,6.7113323,7.1836314
8403,4.27146,4.056645
8404,4.2604003,3.0564845
8405,5.307655,-0.715167
8406,5.277458,-2.3315895
8407,4.1165996,0.50826037
8408,4.9376945,0.2572153
8409,5.155388,-0.62772524
8410,5.4609795,0.7213037
8411,4.3960896,0.59018207
8412,4.4619193,2.4907064
8413,4.8221526,1.2718713
8414,2.8871815,0.9422612
8415,4.1054807,-2.6447804
8416,4.216303,1.6073233
8417,4.225221,-1.1662114
8418,4.426242,-1.2616496
8419,4.9565063,-2.2073402
8420,5.550587,0.5108254
8421,4.1616983,-1.3136016
8422,5.13285,0.14397839
8423,6.234225,0.67104083
8424,5.231237,-0.5413804
8425,4.1405644,-2.6627648
8426,4.077357,-0.56230205
8427,5.5767317,-1.1337577
8428,4.9010425,2.847268
8429,4.40149,-2.2361567
8430,4.4621115,-3.7545967
8431,6.4845505,-3.2045965
8432,3.9853232,0.27813476
8433,4.735013,-0.100364424
8434,3.8543534,-0.44170278
8435,4.2779393,-0.38296962
8436,5.924725,-0.6867461
8437,6.2630944,-1.9076371
8438,6.5474257,1.193201
8439,4.71462,-3.129431
8440,5.856287,-1.088291
8441,7.314491,-3.7298794
8442,6.199634,7.6477585
8443,5.3951697,5.3960934
8444,6.852271,5.251894
8445,5.7073493,3.6699262
8446,3.601929,3.1999173
8447,2.8391986,-0.6126431
8448,5.4661193,-1.9580166
8449,5.718404,-1.2611765
8450,4.705895,-3.7923453
8451,4.9759746,-2.151477
8452,6.0599585,-4.08013
8453,5.6066537,-1.0555842
8454,5.0595374,-3.1613429
8455,5.4831123,1.2775483
8456,5.764745,-0.3572076
8457,5.7555532,0.42040685
8458,6.3460307,0.7927509
8459,6.580315,-2.5978687
8460,7.1400127,-1.6111853
8461,8.461085,-2.0040731
8462,4.300995,-2.6848426
8463,7.0400977,-0.58908576
8464,6.113348,0.30894205
8465,6.530887,-1.2360713
8466,6.10715,0.4713721
8467,3.4559402,0.3708688
8468,7.502659,-2.2097437
8469,6.0887756,-0.13306385
8470,2.7194827,6.0296016
8471,5.6571555,2.344803
8472,6.447539,1.7185796
8473,4.8603864,0.27543995
8474,6.3781424,-1.6419045
8475,4.261294,0.67866933
8476,5.2157655,-1.5954375
8477,5.9277806,0.10847735
8478,5.076055,-1.3033776
8479,6.0573483,1.9343697
8480,5.2565093,-2.8767266
8481,5.9725795,0.9831871
8482,5.2513165,1.4733124
8483,4.379964,-0.67337406
8484,5.861011,-2.1512046
8485,5.8825526,1.3543482
8486,4.49896,-0.20720229
8487,6.7699776,-0.5532663
8488,5.380477,0.93737155
8489,5.3062735,3.505937
8490,6.837943,1.1920562
8491,6.456174,0.94304204
8492,5.9813113,-1.0179663
8493,6.0727353,0.989896
8494,5.869045,1.8052881
8495,6.4274096,0.4024844
8496,5.2650714,3.1485138
8497,5.6619024,-0.16339356
8498,7.914178,-1.9655781
8499,6.1174884,-0.27484697
8500,6.507549,1.9693794
8501,5.9616346,0.5694738
8502,6.9745417,-0.64517194
8503,4.924015,1.432868
8504,5.275516,1.1519816
8505,7.514201,-2.573428
8506,5.0099106,-0.5471162
8507,7.6032233,1.539281
8508,7.435072,1.0487603
8509,4.0069065,4.304944
8510,6.3748484,2.8991842
8511,4.938591,2.780344
8512,4.878133,1.8026736
8513,4.736622,1.2953439
8514,4.667419,0.55269414
8515,6.712018,3.2076435
8516,3.6328964,3.6217656
8517,6.6896896,1.2525716
8518,4.516734,2.9610903
8519,4.949913,0.9505348
8520,4.713331,2.184505
8521,5.340957,2.2401085
8522,4.3717723,2.2818692
8523,5.639228,1.7587963
8524,4.924666,1.8171943
8525,5.2517014,1.6267855
8526,5.889207,-0.9187249
8527,5.4043136,3.5902307
8528,4.99748,5.987217
8529,4.76743,4.4733686
8530,4.61498,6.152886
8531,4.3155327,5.2925467
8532,5.3441625,-1.0871749
8533,4.601087,0.029935393
8534,3.900718,-1.4996824
8535,5.4620357,1.0840759
8536,4.2115498,3.7169654
8537,1.370253,2.0679815
8538,5.4514656,0.2794809
8539,3.8139126,-0.15171131
8540,4.353255,4.668687
8541,5.321209,0.27743632
8542,5.332222,3.2130427
8543,4.177297,0.917683
8544,3.7676916,1.1017996
8545,6.2918506,1.7619896
8546,5.048407,0.9018625
8547,4.867542,-1.9902083
8548,4.3130484,2.5422637
8549,4.1612954,-0.7768529
8550,3.9689138,0.5029956
8551,4.135841,2.032468
8552,5.217856,4.1755514
8553,4.317301,4.7154512
8554,4.462659,-0.64576864
8555,5.06435,4.1198974
8556,4.398604,0.66805774
8557,6.4895325,-1.287782
8558,6.0944333,-0.71273154
8559,4.620132,0.07867595
8560,4.0690007,-0.31932035
8561,3.0886395,2.4639256
8562,5.20818,-1.4426254
8563,3.7898495,-1.0128429
8564,3.044051,-0.4416357
8565,4.255466,-1.4423702
8566,3.6722224,-0.7759351
8567,3.9879186,-1.9005088
8568,3.2362366,0.2983514
8569,3.4681885,3.8802676
8570,5.7529097,1.4241264
8571,6.848223,4.714495
8572,5.590502,3.3480287
8573,2.5615184,2.4623704
8574,5.1328225,6.929038
8575,3.5724173,4.5864024
8576,4.4898744,2.3361404
8577,3.289075,3.0981152
8578,6.305771,-1.4958744
8579,4.5099506,3.526267
8580,6.555911,5.9368663
8581,4.046589,3.1027362
8582,5.4821844,3.4026601
8583,4.525597,2.5288038
8584,6.8870587,0.9091853
8585,4.2520266,2.5528424
8586,5.943444,0.6971651
8587,3.0519996,-1.9386506
8588,5.8282514,2.5064409
8589,5.3610744,1.1327974
8590,5.5720606,0.2757571
8591,5.8024044,-0.6334044
8592,4.4821086,0.071963646
8593,4.672387,2.3114257
8594,4.1429033,-0.827719
8595,5.6415424,1.2052456
8596,7.2056565,0.8357512
8597,7.428723,-1.4145942
8598,6.353172,0.94087553
8599,4.7148924,-0.15936999
8600,6.3004065,-2.7728403
8601,5.422874,-2.6642823
8602,4.9220862,-0.74270236
8603,7.1270137,-2.3133256
8604,6.9116626,0.16923071
8605,4.9747357,-0.19720735
8606,6.1806507,-0.2001955
8607,6.1626654,-0.5369663
8608,5.6983066,-1.5749534
8609,5.633139,-3.476126
8610,6.714738,1.05783
8611,4.1772323,-0.9761355
8612,5.498276,-1.9280205
8613,6.291694,-2.369383
8614,5.3588963,-0.9198694
8615,6.5166183,-0.3520925
8616,6.7253504,1.038027
8617,5.870956,1.9460827
8618,5.609862,-0.38294992
8619,3.681849,0.22292505
8620,4.722261,6.6069174
8621,5.2784276,0.502882
8622,4.317215,2.2285225
8623,4.783421,-0.9818705
8624,5.7255735,3.2187364
8625,6.339242,0.7034312
8626,5.00918,0.066991284
8627,6.2904406,2.78396
8628,4.812356,2.2179801
8629,5.352473,3.1535895
8630,6.0905166,1.5815591
8631,6.935386,-0.66615564
8632,6.2175603,3.8365998
8633,6.567186,-0.9755725
8634,6.2956953,1.3260608
8635,5.9477997,3.3389027
8636,7.2222023,3.0267646
8637,4.500563,3.1449502
8638,6.8667064,1.9966042
8639,7.9219217,2.404578
8640,6.3920627,2.7036061
8641,5.8122935,1.6922354
8642,4.571778,2.0527718
8643,4.968644,-0.14600967
8644,7.307403,1.0048627
8645,6.274521,3.0104141
8646,5.2822857,0.39560926
8647,4.9275827,0.028409356
8648,3.4444573,1.988614
8649,4.9256053,1.4304725
8650,5.2315807,0.95680416
8651,4.239372,0.80049914
8652,5.312255,2.3682334
8653,6.1476164,1.6959791
8654,5.47362,-1.4755272
8655,6.2836957,3.7636106
8656,4.5487337,0.11880166
8657,4.840638,1.8120261
8658,6.6108093,0.72766364
8659,7.3506417,-0.514203
8660,5.129959,0.21266373
8661,5.778194,0.39847773
8662,6.690958,1.4976941
8663,5.391474,-0.2521651
8664,4.4996686,-2.3172667
8665,5.6427035,0.04604927
8666,5.7200036,1.9827114
8667,6.1431274,7.364543
8668,4.8759303,3.6454782
8669,6.6190267,4.958325
8670,5.1708603,4.4706616
8671,6.342538,0.36863708
8672,6.1954613,-1.5807607
8673,7.0132174,-3.45717
8674,4.4835696,-1.1828396
8675,5.7707515,-3.4097216
8676,2.9287183,0.6301351
8677,4.1433725,-0.9600548
8678,4.457894,3.2415345
8679,5.163541,3.7914371
8680,4.1641235,0.6549863
8681,5.0001154,-0.5716815
8682,4.5702486,2.932512
8683,6.9906416,4.6172695
8684,5.075904,2.3884683
8685,6.1187186,4.4974613
8686,3.2222238,4.0452867
8687,5.7621007,5.950289
8688,4.655324,3.6099
8689,6.685011,4.2642574
8690,6.408207,-3.4196508
8691,5.9458137,-0.40919352
8692,3.746042,1.4184519
8693,2.5767326,-1.250316
8694,4.2346926,-0.3280549
8695,5.314233,0.5132341
8696,5.732483,0.99885917
8697,6.2715645,-0.22573428
8698,5.281824,-0.337905
8699,3.51838,1.4458748
8700,5.841196,3.8763795
8701,5.546075,2.7067087
8702,6.130273,2.2030349
8703,5.6829557,4.8460546
8704,5.029656,4.510311
8705,5.109518,5.0177617
8706,5.1428823,4.7154183
8707,6.287419,0.16865294
8708,4.2057223,5.2287173
8709,3.9635274,6.007875
8710,6.1522803,4.990019
8711,6.701272,4.4733953
8712,5.640661,2.731959
8713,4.503657,6.1082563
8714,5.6161523,3.1384258
8715,7.0020213,2.8346035
8716,5.4351363,6.4740906
8717,4.1582284,3.3529398
8718,4.542547,3.7661626
8719,6.570623,-0.20200369
8720,3.3501859,-0.0866208
8721,4.330335,-1.4755089
8722,4.4996448,-1.7565079
8723,5.4783697,2.5561068
8724,5.0667963,2.9749515
8725,3.884949,2.0710182
8726,5.2706046,3.4218583
8727,5.7261553,2.6769674
8728,5.71022,2.5595272
8729,4.6382694,0.35360208
8730,6.467223,7.7331214
8731,7.8821588,9.83807
8732,4.825433,6.836633
8733,3.8559372,5.2124677
8734,7.090664,4.1042423
8735,4.6849985,5.672288
8736,5.195595,6.105716
8737,4.164222,7.7680373
8738,5.300352,9.579169
8739,4.2552304,9.810885
8740,3.4570816,6.704635
8741,4.2330046,7.2945595
8742,3.3888135,8.854836
8743,4.2196417,6.0595
8744,5.691296,8.453319
8745,5.204451,9.505404
8746,4.018603,3.3489597
8747,4.567526,3.3017657
8748,3.5395114,-0.06939729
8749,5.008869,1.2888454
8750,5.519447,2.5707905
8751,4.754001,2.8838716
8752,5.21882,3.9692779
8753,5.123642,4.354638
8754,2.5934043,0.28887632
8755,3.9305267,3.214727
8756,5.445658,0.02357434
8757,2.94179,-1.5587096
8758,4.243685,3.1004539
8759,6.1427493,5.2371383
8760,3.2096298,-0.39857653
8761,4.0268493,-0.061926566
8762,5.0475545,3.8666806
8763,4.9293947,-0.38135803
8764,6.2428718,1.1989287
8765,6.655438,-0.07567817
8766,5.183302,0.3410492
8767,6.4701495,-2.1420116
8768,6.685302,1.078111
8769,7.0532336,3.3663447
8770,4.235047,5.36217
8771,4.5589504,0.22990756
8772,4.770648,4.4011745
8773,6.5508366,4.235581
8774,6.26206,1.2690394
8775,6.0957413,-1.1193879
8776,7.763776,0.22706336
8777,5.6802397,0.14297906
8778,5.332351,-0.9050047
8779,5.952742,0.43524194
8780,5.4753356,0.45316744
8781,4.7879663,2.6408992
8782,5.9878607,2.075245
8783,3.2465994,0.44961986
8784,6.154806,0.13302687
8785,5.31352,2.2828596
8786,5.7878747,5.1147714
8787,7.0555034,-1.4184852
8788,5.034869,2.8935976
8789,5.6661816,0.8963172
8790,5.5879903,1.2673045
8791,5.6861286,-1.3731797
8792,5.8880258,-1.166402
8793,4.9613533,-0.38283917
8794,5.7915754,0.028130855
8795,5.607673,2.3152761
8796,5.063835,1.3987987
8797,4.8535337,0.6988457
8798,4.3054976,0.32401836
8799,4.040554,-1.9502033
8800,6.113156,-0.037692063
8801,5.31806,-3.446837
8802,4.7246814,0.64276105
8803,5.1252923,-0.7684511
8804,4.3334565,-0.14686975
8805,3.9952846,0.95150495
8806,6.4858303,0.3462742
8807,5.38377,0.52087766
8808,5.158006,2.0276794
8809,4.984887,-3.4371254
8810,6.897503,-0.4560211
8811,4.450336,-2.9048064
8812,5.7399573,2.701196
8813,7.1931944,-0.8383448
8814,4.817079,-2.861249
8815,5.0557694,-0.28676957
8816,5.152958,-0.05472982
8817,6.1329403,3.3653176
8818,5.716751,2.6856318
8819,5.1254663,1.4593271
8820,5.774515,1.2861978
8821,4.934618,1.3056309
8822,6.370744,0.5190662
8823,4.098312,2.3568966
8824,4.9602857,1.9299982
8825,4.98003,2.969532
8826,5.6768026,4.434905
8827,3.7877228,4.225289
8828,3.377272,3.360131
8829,3.4221172,4.839832
8830,4.833068,2.1344872
8831,4.9620066,4.9190025
8832,5.2259836,1.528675
8833,6.000364,5.427839
8834,6.544591,5.1338134
8835,6.5283237,3.0959852
8836,7.14307,1.9361728
8837,6.022235,5.174616
8838,5.779964,6.3135986
8839,5.673686,7.6863656
8840,5.4843736,2.751909
8841,4.1924963,4.141278
8842,5.0377693,3.3756425
8843,5.1256466,2.6318262
8844,5.9146585,3.5145
8845,6.367058,1.2319969
8846,5.023318,1.1932636
8847,4.958982,3.3616917
8848,5.7744465,2.8170168
8849,5.596402,1.575967
8850,4.3567467,4.8569565
8851,3.776922,4.233007
8852,5.3981175,0.4458483
8853,6.400592,3.1744049
8854,4.511418,-2.1858659
8855,4.359765,1.6563067
8856,4.3104916,2.437283
8857,5.6413465,1.382979
8858,6.4833126,0.049666923
8859,5.0916915,3.59473
8860,6.801527,4.023461
8861,5.316998,5.8375764
8862,4.773483,4.6859517
8863,6.74297,6.831522
8864,3.790057,2.1223285
8865,2.8576772,6.320707
8866,4.8208537,9.808316
8867,4.2966714,8.357826
8868,3.0733726,6.525078
8869,5.0741057,2.8463063
8870,4.5683947,3.519551
8871,3.928829,4.7034206
8872,3.6278963,4.7956777
8873,5.7083364,3.4932575
8874,4.2912498,1.4805104
8875,3.2357419,4.49601
8876,5.415213,2.7966561
8877,5.775147,5.5756645
8878,5.3716,2.910847
8879,4.5857,0.50853926
8880,4.5856495,0.9520155
8881,4.412772,1.4143989
8882,5.8819313,0.58316344
8883,4.364321,1.3433353
8884,3.273407,3.999941
8885,6.951783,-0.3253886
8886,6.3328533,1.1393796
8887,3.969325,1.0653267
8888,4.89156,-0.54644406
8889,5.8043437,1.3044443
8890,4.869486,1.1233158
8891,4.931478,-0.12652393
8892,4.5642443,1.6948941
8893,5.2154856,2.2622018
8894,6.4548373,3.6134079
8895,3.3499777,4.1837354
8896,4.3022895,7.5676427
8897,5.0407114,2.8550382
8898,7.4112945,5.0006776
8899,6.4608207,4.9659333
8900,6.1300387,4.466105
8901,3.7771602,4.1652455
8902,5.6366034,1.5618601
8903,4.02181,5.9923153
8904,5.8208013,6.881453
8905,3.664884,4.822517
8906,2.9712758,3.3817863
8907,5.009528,2.5328193
8908,5.097759,2.1991725
8909,4.2566066,1.7633547
8910,5.37384,0.6042668
8911,2.5094054,5.7375984
8912,6.2833667,4.5321474
8913,5.9959846,3.8474407
8914,7.557842,2.4538183
8915,6.8950114,3.9044313
8916,5.5709023,0.951276
8917,6.3731747,1.7522559
8918,2.565672,1.8711244
8919,6.0273495,6.3633547
8920,5.3913784,1.5567324
8921,5.964644,0.48565826
8922,5.143787,2.927668
8923,6.171897,3.1983693
8924,4.2413754,3.818885
8925,3.2279828,4.4714904
8926,6.510793,4.5343957
8927,4.745454,0.9415129
8928,4.2918878,1.6219224
8929,4.027141,1.1557187
8930,4.1243725,2.0499825
8931,5.423603,2.7709339
8932,4.4059863,0.5487294
8933,5.5724287,0.7875925
8934,6.568826,-1.5649978
8935,6.861025,-1.6803478
8936,5.2719812,-0.55699503
8937,4.7089076,-0.7172544
8938,4.952565,-3.591348
8939,5.7229166,-1.890534
8940,7.1374745,1.1484066
8941,6.0931764,2.566345
8942,6.117305,0.11169126
8943,4.8502035,-0.31752267
8944,6.6613297,-0.37087917
8945,6.9658318,-0.6795943
8946,3.7055807,0.68725944
8947,5.341003,1.9004307
8948,5.3577623,3.6144998
8949,5.0181584,3.0143173
8950,5.8842473,2.2668252
8951,5.1015563,3.7524922
8952,6.4117618,3.1076171
8953,5.7833123,-1.7906972
8954,4.6046395,0.4976606
8955,6.672793,0.5096217
8956,4.6101513,0.7170203
8957,5.909958,-2.197657
8958,5.9344354,-2.2755308
8959,6.8265514,-0.59203315
8960,5.6433516,-3.9103942
8961,8.122971,-2.4245818
8962,6.191237,-1.0798281
8963,6.083193,-2.0147872
8964,5.8740907,-3.3244927
8965,6.2407484,-1.6186432
8966,6.556655,-1.8291315
8967,5.6083426,1.0694791
8968,7.3090343,-1.0769223
8969,5.1800685,-2.5678127
8970,6.7589664,-4.4962993
8971,5.704282,-4.4122963
8972,6.062364,-3.6382966
8973,5.6545124,-3.8971057
8974,6.2027054,-3.8857768
8975,6.3557024,-5.004928
8976,6.6134844,-0.25450692
8977,5.777462,1.2055286
8978,5.0960417,2.42166
8979,7.8467855,-0.18142995
8980,7.5591607,-1.3272035
8981,5.6465096,0.49005964
8982,6.53352,-1.848618
8983,6.6648297,0.27957737
8984,6.963563,-1.4282355
8985,6.742759,-6.0808177
8986,6.0938454,-0.5819004
8987,6.6196327,1.0107878
8988,6.6321583,-1.5998816
8989,5.703146,-2.5337696
8990,5.2440414,0.67698944
8991,5.7965093,2.645329
8992,3.0724015,0.7140657
8993,5.5069447,-2.410679
8994,5.8244805,-0.32228905
8995,4.2414737,0.40289298
8996,5.6149373,2.198295
8997,4.495018,-1.5416138
8998,4.402368,2.1137505
8999,5.4148765,-4.5297685
9000,4.0710754,-3.937733
9001,5.8236294,-3.298908
9002,5.3461137,-3.2955484
9003,4.4924636,-1.5510565
9004,4.604318,-0.08682525
9005,4.97356,-1.8307763
9006,5.218955,-0.7824487
9007,4.6111894,-1.5799863
9008,4.655892,-3.342583
9009,5.284038,-3.0281968
9010,5.5360937,-0.9748562
9011,4.7466884,-2.7101002
9012,5.4306593,-3.3881128
9013,5.34873,0.48285893
9014,4.831466,-0.5062173
9015,4.435862,-0.21396106
9016,6.823391,-1.9492089
9017,6.481644,-2.8512783
9018,5.071856,2.2146626
9019,6.2083797,-0.85501343
9020,4.3344145,-0.5913927
9021,6.71555,-3.9480581
9022,6.5119033,-2.2610636
9023,4.815714,0.38356394
9024,6.4989877,-1.0115495
9025,5.407018,-0.33225948
9026,5.8790874,0.02852366
9027,5.918817,1.084946
9028,5.222605,-1.4215317
9029,6.4240227,1.4709448
9030,3.7906883,0.42911178
9031,6.004443,-3.9329653
9032,6.6736097,-4.8185887
9033,4.940264,-0.10131456
9034,5.9616833,1.0697427
9035,6.204306,-1.5080174
9036,4.944932,0.59442973
9037,7.318786,2.2230356
9038,5.1573243,-3.2941127
9039,3.2874267,-0.17759688
9040,5.8894587,-4.1562705
9041,4.679106,-6.724343
9042,4.675531,-4.6369
9043,4.3918366,-0.99488026
9044,5.3137264,-2.8728542
9045,5.6755075,-3.8189077
9046,5.7901497,-4.3775263
9047,5.784206,-4.450933
9048,7.133518,-3.1693318
9049,5.669166,-4.825028
9050,3.5938332,-1.6555363
9051,3.9392803,-1.4886973
9052,3.436526,-3.5048919
9053,3.8058987,0.01637793
9054,4.2024975,2.4230726
9055,6.2668815,3.8397658
9056,5.4484386,2.6238022
9057,6.8718643,1.8263652
9058,6.952209,3.1082177
9059,7.082194,1.4019502
9060,5.9455905,3.2898357
9061,6.8221707,3.390038
9062,8.23157,2.094754
9063,6.337069,0.40678197
9064,7.2349744,2.3625886
9065,7.719712,-1.8108988
9066,8.849967,-1.3811115
9067,8.875497,-1.3049308
9068,5.896567,3.0647876
9069,5.5255146,-1.867042
9070,6.7500696,-3.6679678
9071,7.820644,-3.7752252
9072,5.346153,-2.5070772
9073,6.8878613,-0.5747922
9074,6.25657,-1.0627834
9075,5.965885,-1.6057857
9076,5.0657015,-1.0539635
9077,7.565383,-2.5887966
9078,6.665307,1.0094882
9079,6.944444,1.3857634
9080,5.6608944,-2.2515366
9081,7.217921,-0.520322
9082,6.928373,-3.2961736
9083,6.1569843,0.7334971
9084,5.1988964,-0.12954913
9085,7.6460094,-0.902372
9086,7.7289095,-0.9296753
9087,6.916314,-1.7176435
9088,5.9131975,-0.6270699
9089,5.3131514,-1.777952
9090,5.836075,0.1477859
9091,4.582922,-0.7660959
9092,4.984152,-1.7333535
9093,4.8322434,-0.19068208
9094,5.7129607,2.8166096
9095,5.7084007,1.0648097
9096,5.9972987,-1.0673112
9097,7.1157584,-0.79679996
9098,6.3226094,-1.1416221
9099,6.1820726,0.29939938
9100,7.326299,-4.0015564
9101,8.10908,-1.6230301
9102,6.8445125,-2.1283083
9103,5.456016,-0.2948799
9104,6.870308,-1.8169705
9105,4.610041,3.0803812
9106,7.3226824,0.5278548
9107,6.627158,-1.1309502
9108,7.100265,1.8273116
9109,7.6701913,1.3418504
9110,7.2637587,2.7608085
9111,5.211947,1.5216075
9112,6.4121795,-0.5250143
9113,7.7616315,-0.6660774
9114,7.12095,0.48548782
9115,8.066769,-1.8725401
9116,5.415623,1.3743049
9117,6.355801,0.30352986
9118,7.3122964,0.9316521
9119,6.0587215,-1.215225
9120,7.0464997,-1.1749839
9121,6.899728,-0.08763335
9122,5.573393,-0.8248933
9123,4.0133886,-2.0587204
9124,6.019152,-0.8632344
9125,5.5972304,-1.6490417
9126,4.5834923,1.2015983
9127,6.138275,2.1593523
9128,5.4855876,-2.9647992
9129,6.3250246,-2.4549959
9130,5.724964,-2.8223338
9131,5.555353,-2.282106
9132,5.926694,-3.0332687
9133,5.714844,-0.29063725
9134,5.3746343,-0.44270974
9135,6.650863,0.23257203
9136,5.7289443,-0.020437002
9137,5.6614184,1.1745864
9138,5.2770443,-1.0529535
9139,6.2476015,-2.9137187
9140,6.167207,-1.8923061
9141,7.1995263,-1.002826
9142,7.0366716,-2.7965634
9143,6.745042,0.7940929
9144,5.9622927,-0.117641054
9145,5.649507,0.2241287
9146,5.396273,1.7009386
9147,6.8112106,0.9398894
9148,7.5906997,-2.8335593
9149,6.4164395,-3.6827812
9150,5.637081,-1.0939543
9151,5.347425,-3.6947007
9152,6.7276726,0.8672226
9153,7.090223,-0.206421
9154,8.292788,-3.9836566
9155,7.3372517,-1.7397352
9156,4.253748,3.76515
9157,6.516369,0.2782408
9158,6.9041753,-3.5243237
9159,5.634097,-0.9736223
9160,6.444202,1.7128643
9161,5.6430206,1.2147021
9162,6.682257,3.1617615
9163,6.7597027,0.9863364
9164,7.11724,-4.6140842
9165,7.818962,0.32945517
9166,7.2541428,-3.10363
9167,10.960407,-0.24782224
9168,8.216896,1.1176983
9169,8.392104,2.3754678
9170,6.6396117,1.8663361
9171,7.681901,-3.2768447
9172,8.640006,-1.645788
9173,6.9997654,-1.5759254
9174,5.8059564,1.2777032
9175,6.5507917,-3.4942987
9176,5.3768497,0.76836586
9177,8.162474,0.5082716
9178,7.1338964,4.484741
9179,6.6517797,5.79049
9180,7.2482767,2.8805695
9181,7.004484,4.6321583
9182,4.8555775,0.48736194
9183,8.138819,1.9901521
9184,8.158393,3.4455278
9185,7.672178,3.0836222
9186,6.8934617,-1.0325314
9187,6.923786,1.6940191
9188,7.5726833,0.94307137
9189,7.2760706,0.098177604
9190,7.0268126,2.1808496
9191,6.712973,1.7942904
9192,6.6248717,0.48180375
9193,6.631218,1.0023288
9194,7.7519436,-1.1294224
9195,6.524615,1.9356979
9196,6.588985,2.9693837
9197,6.008391,2.4576569
9198,7.0596905,2.5770311
9199,6.0517583,0.7906903
9200,6.3965964,-0.92384726
9201,6.380678,-1.531853
9202,7.4560537,3.6636515
9203,6.7209177,0.56197786
9204,7.9518237,-2.0276978
9205,6.8258834,-1.0548741
9206,6.4054976,1.9707826
9207,6.947838,-2.3558905
9208,7.2724757,0.7718706
9209,7.8655825,0.046771098
9210,4.203778,0.68393576
9211,7.494057,1.9603484
9212,6.11897,1.2767808
9213,6.427239,-0.73407716
9214,7.246245,1.8126624
9215,5.6498055,1.126698
9216,5.989496,3.5454512
9217,7.442794,3.5989044
9218,5.2527604,2.7891145
9219,7.1291437,5.0732484
9220,6.0611315,6.0819826
9221,6.9620094,1.9981897
9222,7.209644,4.5941005
9223,5.8443155,1.4243875
9224,6.4451594,3.572748
9225,6.528846,4.4958396
9226,5.6017466,6.7245207
9227,5.11244,7.550868
9228,4.5175743,8.163678
9229,6.421204,7.290667
9230,6.6971416,8.5268755
9231,5.778777,10.086432
9232,3.8715115,11.380636
9233,3.6880302,7.4952917
9234,5.107752,7.3244195
9235,5.1915536,6.6787977
9236,6.2168455,6.6838837
9237,4.079762,7.2388997
9238,3.7490287,8.62572
9239,6.8037105,5.5762296
9240,4.250555,1.9070207
9241,5.847304,-1.9654504
9242,4.8855543,-0.8067566
9243,6.004676,-0.31797165
9244,4.823337,1.5108756
9245,6.837088,3.518881
9246,5.83289,1.6628194
9247,6.382454,3.697751
9248,4.816737,6.5209146
9249,5.349225,7.3104453
9250,5.3229403,9.349964
9251,3.5160067,8.843965
9252,4.829628,6.4850507
9253,4.608599,6.631787
9254,5.2612896,6.8086123
9255,6.1849327,7.4702682
9256,6.031682,5.8977785
9257,5.1936655,7.70512
9258,5.6078115,6.968449
9259,5.1754766,4.5294256
9260,4.579892,5.9607873
9261,5.1812043,2.7096674
9262,4.3662534,2.53119
9263,5.9341903,4.7305627
9264,6.005376,1.2390226
9265,5.745512,-0.75936097
9266,6.219838,4.703961
9267,5.8535347,2.560059
9268,7.7903614,0.18588154
9269,6.9405675,4.811772
9270,6.9104695,5.7342305
9271,7.0984735,5.783342
9272,8.123113,3.4041905
9273,5.5527143,4.0171247
9274,7.42042,5.2608395
9275,7.380158,6.286527
9276,7.731849,5.363026
9277,7.75553,4.8273015
9278,7.9496703,5.475221
9279,7.181159,7.126967
9280,6.657883,6.1844554
9281,6.2743154,7.964428
9282,7.695845,9.046306
9283,7.1157746,8.5702
9284,6.5131183,4.952104
9285,8.164914,5.0345674
9286,6.7831717,5.3654623
9287,5.4792852,6.1676626
9288,6.1728783,2.39453
9289,6.637189,8.966979
9290,5.754278,6.3758984
9291,5.660948,3.8398693
9292,7.6202073,5.9066777
9293,7.0881987,6.543775
9294,7.4896145,5.1144443
9295,6.5363274,6.665672
9296,6.7519674,8.309907
9297,6.195712,7.3471375
9298,4.017558,7.853394
9299,6.7572927,6.473053
9300,6.1783547,4.84652
9301,5.2693253,1.8849466
9302,5.145266,-0.9409549
9303,6.2231355,1.9815972
9304,4.865882,2.1720455
9305,5.3346667,0.7084589
9306,4.2520394,1.4946164
9307,6.1692433,5.637667
9308,4.7478123,6.219344
9309,5.0148554,4.6135607
9310,5.9912696,3.1536722
9311,4.10047,2.5681517
9312,6.0114207,3.9137497
9313,4.439612,2.769163
9314,5.5626845,3.0550697
9315,4.712509,4.1942897
9316,4.52892,3.5019305
9317,4.641217,4.090095
9318,4.2852383,4.569738
9319,4.667113,4.5951705
9320,6.1359496,6.2934155
9321,5.757641,9.323135
9322,6.161424,5.663088
9323,6.029231,6.6190467
9324,7.3257914,4.8257713
9325,5.316789,5.4711576
9326,5.453694,3.3354044
9327,6.283324,4.363086
9328,6.190517,3.2517323
9329,5.257884,7.418968
9330,7.1206527,5.0760727
9331,5.6555953,4.644419
9332,5.463126,4.4560423
9333,5.045593,2.1565063
9334,6.2299266,2.872802
9335,6.006451,4.217248
9336,5.2373285,4.4254603
9337,6.8534045,7.571489
9338,6.3912416,3.0163403
9339,5.8508825,3.4928148
9340,5.616986,5.600975
9341,6.032814,-0.4313254
9342,6.5764465,4.1383457
9343,6.6582346,0.28685302
9344,6.4283543,4.556219
9345,6.1599226,7.5747848
9346,5.421443,7.6677914
9347,6.051469,3.2386537
9348,5.8729544,6.9363956
9349,5.169053,5.047926
9350,5.4138374,1.8716842
9351,5.274431,3.3143582
9352,5.680276,4.527009
9353,4.415108,1.8821378
9354,5.456488,5.0334287
9355,4.9966803,8.14475
9356,6.7294216,4.1051464
9357,4.5974936,4.101288
9358,6.5072517,3.0881865
9359,5.2518053,4.80328
9360,6.5012765,3.3760622
9361,5.562021,0.06166567
9362,5.396904,3.6997516
9363,7.111014,-1.270985
9364,6.492137,-0.326055
9365,6.1925983,-1.1716312
9366,6.0757318,0.041000005
9367,4.957232,1.6083529
9368,7.2136297,2.0145895
9369,6.465451,2.4297478
9370,6.833063,4.1469765
9371,6.7911825,0.6825871
9372,7.9517326,0.093959
9373,8.982484,1.5737454
9374,8.053402,1.5704094
9375,6.433282,4.158546
9376,6.8272552,1.0883472
9377,7.134283,-0.012401638
9378,8.005933,3.9886243
9379,7.1379466,5.4676924
9380,5.164068,4.5661964
9381,6.8285193,1.5925939
9382,7.729885,1.6880152
9383,6.9971247,3.5155997
9384,7.9575305,2.0562692
9385,7.162434,1.000821
9386,5.998583,4.373305
9387,6.067099,3.5631669
9388,7.001197,2.4198036
9389,7.325038,1.0682203
9390,6.59536,2.4097216
9391,5.7952495,3.006614
9392,6.368299,2.3385704
9393,7.2568536,3.7604856
9394,6.205455,4.112494
9395,7.291229,4.066784
9396,6.4100366,0.25896278
9397,7.920448,1.2595268
9398,7.605098,-0.7642895
9399,6.6346855,1.3080822
9400,6.5122476,-0.35454267
9401,6.4680743,-1.2399484
9402,6.8963957,-2.171995
9403,6.119272,0.96721625
9404,5.1419234,0.088439815
9405,8.020884,-1.3143226
9406,6.5384326,1.1358106
9407,5.868089,-0.6994123
9408,5.8922515,2.9816754
9409,5.882762,1.212197
9410,5.7059937,0.54555136
9411,5.149477,2.9282951
9412,6.3144546,3.1628952
9413,6.03462,1.5068245
9414,7.7609,3.8909843
9415,8.097102,3.6579134
9416,7.2924356,3.7209039
9417,6.814086,-1.4719017
9418,5.360024,0.029848665
9419,5.5111113,1.1774235
9420,6.7964244,0.3480703
9421,7.138596,1.4304242
9422,5.4871535,-0.19148333
9423,5.3664107,2.9096901
9424,4.890868,3.285039
9425,4.9686027,3.1536822
9426,4.5458584,2.9649925
9427,5.382594,2.4006934
9428,5.9292116,3.0940497
9429,5.726081,4.8444743
9430,5.7397256,2.1033592
9431,5.8189464,0.96937776
9432,6.1124716,2.6030152
9433,6.2686334,1.4670572
9434,4.9827967,-0.08015597
9435,5.9993267,0.8140126
9436,4.9361606,1.8541167
9437,4.946746,2.4350033
9438,5.6472034,0.38147038
9439,5.8998017,3.2857533
9440,5.652311,5.4393625
9441,4.3456216,-0.38231823
9442,5.8452263,3.253323
9443,6.2154245,4.3434834
9444,5.820732,6.669679
9445,4.8321066,4.3660474
9446,6.1713724,3.4730194
9447,3.7177083,5.7890964
9448,5.718366,0.95946735
9449,4.6380677,1.6592079
9450,5.4495873,0.57670635
9451,6.97869,1.5461609
9452,5.358429,1.1246924
9453,5.6233425,0.8702851
9454,7.7231445,0.17950508
9455,7.337614,-0.64339024
9456,6.053277,0.8811699
9457,6.1649714,0.060483564
9458,6.316778,1.4323016
9459,6.1458335,0.7952369
9460,6.373596,3.5450175
9461,4.555411,4.7676454
9462,4.799249,2.7547836
9463,5.872432,3.5046544
9464,5.035871,4.2342663
9465,4.664247,2.1575916
9466,4.7796936,8.862522
9467,5.6404366,8.329221
9468,6.24743,6.029832
9469,4.9072323,8.420325
9470,6.3564725,8.823613
9471,4.783873,8.383332
9472,5.183147,7.616266
9473,5.8154817,5.741958
9474,4.4402895,7.9352226
9475,4.9889293,7.327699
9476,5.9264855,1.9632024
9477,5.064325,5.4625626
9478,5.154352,4.6648526
9479,4.818464,5.6720095
9480,5.605329,2.8760633
9481,5.285012,3.2407575
9482,6.8527565,3.2088006
9483,6.6869545,2.1716332
9484,4.519435,4.1198497
9485,5.985781,5.6654506
9486,5.856361,3.6865535
9487,6.100766,6.2066636
9488,4.780674,4.026929
9489,4.888724,5.676436
9490,4.1871815,5.9365697
9491,5.687346,5.257453
9492,6.746431,4.978354
9493,7.587442,3.9138913
9494,6.509316,1.7669199
9495,4.996963,0.13046066
9496,3.5492828,2.5329823
9497,4.2993007,3.421372
9498,5.1536794,5.0359526
9499,6.134634,5.138605
9500,5.766326,5.324061
9501,4.8127875,4.900377
9502,5.257996,3.3463821
9503,4.352454,4.575086
9504,5.920782,7.275964
9505,6.3827114,0.5212288
9506,4.8652215,4.3546395
9507,6.0203934,5.7631855
9508,5.8008995,3.3326
9509,5.416598,3.97901
9510,6.5115385,5.9746175
9511,4.9138503,6.53792
9512,3.2804189,2.7860634
9513,1.8665022,3.3226535
9514,2.5223665,5.2052016
9515,5.308622,5.3321676
9516,4.492342,4.1873126
9517,4.6596723,5.6916475
9518,3.2816677,1.8265345
9519,5.8632803,2.67949
9520,3.465992,2.9261484
9521,2.993688,6.4695625
9522,3.5585997,6.6928525
9523,4.4050646,4.3899455
9524,3.8802218,5.7052116
9525,4.8107877,4.210148
9526,5.184371,2.910085
9527,6.000881,3.6356363
9528,4.7566876,2.1447268
9529,5.232076,0.65361583
9530,3.4150808,1.599053
9531,5.776227,3.56139
9532,5.0312023,0.6332423
9533,5.9949427,-1.8928556
9534,5.9873614,-4.628206
9535,6.9280524,-1.6274506
9536,7.7772193,0.891173
9537,8.0043335,1.3362544
9538,6.6781955,2.8215642
9539,9.577989,0.47310936
9540,7.247273,-1.3824947
9541,7.4955587,3.665326
9542,7.817772,8.458099
9543,7.845676,3.2032406
9544,7.8602285,1.4972248
9545,7.2277584,4.0053334
9546,6.8057055,3.295278
9547,7.9023533,0.4232889
9548,7.000602,2.6398718
9549,7.4186287,0.69616055
9550,6.9714665,-1.1996561
9551,7.152663,-0.53813237
9552,6.1903057,4.0877748
9553,8.408469,2.3126884
9554,7.970255,2.814912
9555,5.7199154,1.5459788
9556,7.2691374,1.2432746
9557,6.9917593,-0.03755478
9558,7.9205403,-1.6229216
9559,7.959154,-1.4485759
9560,6.6603036,-4.9916563
9561,6.8889775,-2.071812
9562,7.037891,-1.7043812
9563,8.232239,-0.67085314
9564,6.8017397,-1.5658903
9565,7.0208654,-1.927158
9566,6.7789216,-3.4279394
9567,7.0963492,-1.8113501
9568,6.3050933,-0.24223508
9569,7.1646028,-1.2446539
9570,6.1415687,1.7751602
9571,7.0940695,-0.42930824
9572,6.4136167,4.144784
9573,6.881821,0.51205885
9574,6.2104053,1.4001716
9575,7.5717297,-2.5751312
9576,6.1739845,-2.06574
9577,4.923685,0.95489186
9578,5.634539,-0.52293366
9579,7.3467207,2.6930976
9580,7.217465,0.72424054
9581,6.4621005,-0.34426802
9582,8.372362,-4.244382
9583,6.6939335,0.9349751
9584,7.11059,-0.85815215
9585,3.588927,-2.2404718
9586,7.727223,-0.70037895
9587,6.1914067,-1.0640802
9588,8.354431,-4.0861454
9589,5.479041,-3.684173
9590,6.986307,-1.3504047
9591,7.620954,0.878573
9592,6.736928,0.14697415
9593,5.3936896,1.0613074
9594,7.234805,-2.7957692
9595,5.910445,1.3046823
9596,5.5019555,-2.831758
9597,7.4042296,-0.9864499
9598,6.317477,-1.5291405
9599,5.583105,-0.85683346
9600,5.146794,-1.8948009
9601,5.9010153,0.081695
9602,5.4816008,-0.6916373
9603,5.545133,-0.67954534
9604,6.3583584,0.2754888
9605,6.4114094,-1.331073
9606,7.721877,0.19718938
9607,6.5778985,-2.8475323
9608,6.551913,-0.17535342
9609,5.336057,0.41698375
9610,6.231874,-0.009850971
9611,5.9883523,1.5184684
9612,5.2990913,-0.37952328
9613,5.983291,2.2059467
9614,4.3348565,-1.6185592
9615,7.2788506,-2.5515149
9616,8.511257,-5.524886
9617,9.153178,-1.8718174
9618,7.735342,0.25915557
9619,6.8866496,-2.4582016
9620,6.9806504,0.7558342
9621,6.0077057,1.3453637
9622,6.843009,-1.6408976
9623,6.6735306,-0.30844542
9624,7.3636494,-2.3612804
9625,6.533302,0.5190575
9626,8.026019,-0.14222333
9627,7.044474,0.48368126
9628,7.227517,-3.128907
9629,6.877617,0.1071849
9630,6.505792,-1.21797
9631,6.2080746,4.9949107
9632,8.2932205,3.5651982
9633,6.464965,2.5063927
9634,6.022649,1.8682816
9635,6.441529,-1.8835407
9636,6.3106494,-0.13797963
9637,6.3261037,0.74381673
9638,6.345046,-0.8332666
9639,5.7694097,1.4169708
9640,6.547785,1.2086924
9641,6.589638,1.394576
9642,6.2547503,-2.4917731
9643,7.371864,1.2849885
9644,6.8370724,-0.9658954
9645,6.723995,2.617227
9646,7.145166,3.6373096
9647,7.5391006,2.6754746
9648,6.2475185,2.545023
9649,8.634445,1.5443908
9650,6.6577945,4.173551
9651,7.610784,-2.2629998
9652,5.4288454,-1.8085315
9653,7.386864,-0.22141255
9654,5.48389,0.6071392
9655,6.996303,3.8430192
9656,6.2160225,2.8051271
9657,6.5072145,0.9796286
9658,7.7359276,0.20636629
9659,6.1271024,2.7521443
9660,6.9704204,0.57383984
9661,5.966616,3.1248162
9662,8.735223,-2.0816047
9663,6.540333,2.0528727
9664,7.760057,1.5300993
9665,8.380663,2.2383685
9666,7.831362,0.90367997
9667,6.0606875,2.8526568
9668,5.1514187,-0.1419937
9669,5.6826005,4.1234407
9670,5.0454383,3.2411635
9671,6.613253,0.47889435
9672,5.23018,1.3045275
9673,6.6187396,2.398366
9674,6.0388665,2.8522682
9675,5.065092,2.5821154
9676,6.9098005,1.1659693
9677,6.9618998,3.5104115
9678,6.7116256,6.101421
9679,7.258986,5.8548765
9680,6.9749293,0.71648043
9681,5.6116834,2.6467621
9682,6.0311112,4.3116937
9683,7.622811,2.935651
9684,6.5290127,0.55299467
9685,7.3001137,1.9938418
9686,6.4394927,2.5623677
9687,5.875231,0.24634257
9688,6.3094683,0.67905724
9689,7.3074,2.628675
9690,5.1124144,3.7959921
9691,8.201842,-1.0057322
9692,6.3029647,2.817328
9693,5.3660345,-0.607737
9694,6.4147215,0.9043852
9695,4.6434093,6.040752
9696,4.0806108,1.6607833
9697,7.6287713,0.29027885
9698,5.5071564,3.2659695
9699,7.6832867,4.7328663
9700,4.3885636,4.3023376
9701,5.004209,2.5847144
9702,5.7643423,1.4098915
9703,6.6661677,3.0641782
9704,6.199857,4.416583
9705,6.3619313,0.7981474
9706,6.932833,-0.82870835
9707,5.6810718,-0.6677674
9708,7.709639,1.1547309
9709,8.457559,4.179112
9710,7.0764284,2.6364834
9711,7.2576613,-0.48589364
9712,7.0624046,-0.19405085
9713,5.3406224,0.26413214
9714,5.3043294,-0.3922808
9715,7.383723,0.64246154
9716,6.887956,1.1308204
9717,6.7936077,1.2047437
9718,8.027517,2.7102404
9719,8.396181,2.4232187
9720,7.981231,2.5460572
9721,7.766274,2.3743513
9722,7.642159,1.0599767
9723,6.7112446,2.9515135
9724,6.131351,0.888059
9725,7.886489,-0.75668836
9726,7.9350357,1.3415993
9727,6.485367,1.4500877
9728,7.45963,-0.16196208
9729,8.247916,-1.0951433
9730,6.9066963,0.8639256
9731,6.8409457,-1.880227
9732,6.9251275,0.3565481
9733,7.6057677,-0.32304418
9734,9.048221,-0.6084578
9735,8.86535,-2.9234242
9736,9.024278,-0.283629
9737,10.516366,-0.28415814
9738,8.658281,-0.5982387
9739,8.086751,-0.033926222
9740,8.112271,-1.9492913
9741,7.471074,-4.5878725
9742,8.308899,-2.7250786
9743,8.373026,-1.1272411
9744,7.238656,0.47652292
9745,7.3117366,-1.8491384
9746,7.2447577,-2.4446976
9747,5.969326,-4.161476
9748,8.101104,-1.1489797
9749,5.8647003,-3.135118
9750,7.528773,-2.446509
9751,5.539304,0.8939231
9752,7.6244826,-5.2574005
9753,4.3596697,-3.1974208
9754,6.17101,-2.8863788
9755,6.6951847,-3.4405215
9756,6.6516943,-1.8181533
9757,4.9819536,-1.1077838
9758,7.495392,-0.7716423
9759,5.6051035,1.696422
9760,7.832039,-1.8343657
9761,6.7800717,1.2144132
9762,5.84333,0.22494806
9763,7.2692056,0.015838778
9764,7.508801,-1.7555897
9765,8.125641,-3.439991
9766,6.462542,-1.2167491
9767,7.301349,-3.1125405
9768,4.8825164,-0.9585913
9769,6.5022173,-4.0257277
9770,6.3064957,1.1626002
9771,7.185089,-0.093555145
9772,7.366168,-2.381848
9773,6.6377006,-1.0897919
9774,7.5813937,-4.048542
9775,7.8920937,-5.238395
9776,5.0747356,0.25468847
9777,7.0892158,-0.6224923
9778,7.179363,-3.1966162
9779,7.422996,-4.9443502
9780,6.508902,-2.7677884
9781,7.1095104,0.93185556
9782,7.835711,-1.3722883
9783,6.8972344,-2.6317713
9784,6.1280975,-2.109799
9785,6.8535113,-0.32101622
9786,5.7328954,-1.746939
9787,7.8153043,-1.3277462
9788,7.843462,-2.862743
9789,6.959368,-0.38883886
9790,6.7366867,1.1215332
9791,7.6802044,-3.5616412
9792,6.3446865,-2.2790296
9793,6.8932123,-6.04404
9794,6.616879,-3.199584
9795,7.0779505,-1.3603985
9796,9.592685,-3.9813707
9797,7.9334774,-4.15414
9798,5.768209,-0.59503585
9799,6.4371967,0.08308371
9800,6.250344,-2.5698836
9801,5.91887,-2.3271465
9802,6.0709977,-1.3795507
9803,5.1631246,-3.846946
9804,8.422903,-5.044369
9805,6.288766,-7.715361
9806,7.674586,-5.7653227
9807,7.965177,-6.2061677
9808,8.954146,-4.7482877
9809,6.8056426,-4.349409
9810,7.1597643,-6.7810197
9811,7.4294243,-4.486751
9812,5.3028145,-2.3606188
9813,6.8695097,-3.0193524
9814,5.5033712,-2.9414742
9815,6.164666,-1.7087857
9816,6.546576,0.37193555
9817,7.2728863,-1.8164122
9818,8.536429,0.117581815
9819,7.8190665,-2.180002
9820,8.213175,-6.0377164
9821,8.0737095,-0.7181008
9822,6.58418,0.4697213
9823,7.679601,-2.5694761
9824,8.194154,-0.011641086
9825,6.9997826,-1.0374602
9826,7.05513,-3.8361032
9827,7.7048025,-0.93334997
9828,7.741443,-3.2514682
9829,6.6406403,-3.6687891
9830,6.8190246,-9.664938
9831,5.3735123,-9.230042
9832,7.8004537,-7.1814966
9833,9.12793,-6.462159
9834,5.990123,-2.636016
9835,7.3446965,-1.9491338
9836,7.351839,-7.3281245
9837,7.6558647,-4.5636077
9838,7.061781,-6.9546723
9839,8.794297,-3.3607848
9840,7.7601767,-1.2319516
9841,5.5081525,-1.5373232
9842,7.6739826,-1.9829317
9843,7.448324,-3.5189347
9844,6.9887986,-3.206165
9845,6.4090557,0.23664255
9846,8.23291,-0.8644346
9847,6.899991,0.1706701
9848,6.7010126,-1.4484324
9849,6.0442677,-3.0653484
9850,7.5883565,-2.774648
9851,6.2935615,-2.7572985
9852,7.1607842,-6.4245505
9853,6.5403757,-6.1561384
9854,6.1934752,-2.668784
9855,5.908842,-0.641698
9856,5.7422447,-0.62077916
9857,6.695613,-2.673883
9858,6.0221114,-1.5669062
9859,3.697847,-3.007266
9860,4.599756,-3.7837808
9861,6.2436376,-3.293127
9862,4.676826,-3.0104094
9863,6.3957014,-5.343372
9864,6.6353793,-5.678949
9865,5.1307793,-3.6296906
9866,5.352296,-4.2103615
9867,5.528177,-3.48469
9868,5.700148,0.7701511
9869,6.72167,-0.29681832
9870,6.506889,-3.076715
9871,6.866839,-2.9144876
9872,5.540377,-0.38257578
9873,7.4907103,-2.8615468
9874,6.418136,-1.7222263
9875,6.5948343,-3.8759913
9876,7.0349417,-2.218008
9877,7.30793,-4.049819
9878,6.8664365,-0.3345646
9879,6.112788,-0.4854679
9880,6.641238,-1.597655
9881,6.6433406,-0.7265363
9882,4.6038527,-1.9597858
9883,5.753763,-0.101168424
9884,6.417318,-2.9407663
9885,6.3959894,-1.2319987
9886,6.7810917,-2.7973812
9887,5.9539986,-2.0616806
9888,7.021208,-2.1906357
9889,5.5492125,-0.726346
9890,5.159175,-4.026357
9891,7.161843,-1.9672165
9892,5.6109986,-0.29979298
9893,5.9014225,-0.2828381
9894,4.48674,-2.7543938
9895,5.72426,1.8847209
9896,6.011096,1.6822263
9897,5.645961,0.5229717
9898,5.097716,2.4212315
9899,5.6220922,1.9839872
9900,3.9471767,3.3962176
9901,5.774562,1.922921
9902,5.435963,2.098473
9903,6.872982,3.772989
9904,3.6535807,3.70832
9905,5.5351057,3.5853858
9906,4.2609367,0.6781904
9907,5.5694256,1.1884677
9908,5.6189394,0.21068211
9909,6.993355,0.30968767
9910,5.8374434,0.8787957
9911,5.5044465,0.27300763
9912,5.1942234,0.8860649
9913,6.7111273,-3.4966753
9914,6.6148286,-2.6164036
9915,5.5642495,-0.2171587
9916,6.6644955,-0.80264115
9917,4.876949,-1.9273334
9918,4.8296423,-1.012123
9919,5.6379,-3.7413101
9920,5.0755596,1.1448289
9921,5.35103,-1.4263371
9922,4.3466134,-0.24467218
9923,4.4004865,-0.46844476
9924,4.8277283,-1.1235535
9925,4.6257606,-0.989267
9926,6.6446166,2.619618
9927,5.492889,-0.22565307
9928,6.0835085,1.6346103
9929,7.6437707,1.5389038
9930,6.8366365,0.34137148
9931,6.5482373,1.0651326
9932,7.1642957,0.871981
9933,5.275564,0.38201386
9934,6.084229,1.7185411
9935,5.21095,0.83157545
9936,4.614823,0.5245293
9937,5.835002,1.3061852
9938,6.0125103,1.3134471
9939,6.1510963,3.0040731
9940,5.5760894,1.7786827
9941,7.232392,2.5269084
9942,7.9274526,0.58251023
9943,6.6210966,-3.4250283
9944,5.8232455,-0.06958661
9945,3.8350828,-0.30401373
9946,5.1580453,-3.3160648
9947,6.6708345,-4.4014664
9948,7.837308,-5.5650783
9949,6.8351197,-2.9582603
9950,7.8853173,2.2716842
9951,6.7578897,-4.1405673
9952,6.9184823,-1.6520296
9953,6.043009,-1.468464
9954,6.512923,-3.5713265
9955,7.6926627,1.1211667
9956,7.109688,-4.4142513
9957,5.92887,-1.73527
9958,5.617893,-0.19062057
9959,4.9793143,0.6402721
9960,4.9612875,-1.4222972
9961,6.7204475,-0.091202915
9962,6.4410443,-1.9119194
9963,5.0769506,-2.2041137
9964,5.7418017,1.8737311
9965,6.7161937,-0.7633713
9966,7.5962067,-2.3880203
9967,6.6763215,-4.7495294
9968,7.1925964,-1.6664222
9969,8.585683,-1.4286951
9970,7.036114,2.6114326
9971,7.7427144,-3.3230188
9972,7.7192335,0.019516142
9973,7.311612,-1.7366767
9974,8.080282,-2.5787547
9975,6.835146,-0.68256146
9976,7.013891,0.32314807
9977,6.7217393,1.3987528
9978,6.002272,-1.0005481
9979,6.4425325,-0.7690947
9980,5.382093,-1.1471105
9981,7.2683487,1.9634521
9982,7.0206113,0.43140024
9983,7.305107,-0.58455193
9984,6.5180974,-0.8966879
9985,7.032562,-1.1942555
9986,7.5580745,0.41525862
9987,7.6886883,-3.9331877
9988,6.717206,-5.496657
9989,6.7142434,0.19011173
9990,5.9751015,0.7904467
9991,5.969811,-2.653821
9992,6.223501,-1.4680237
9993,6.858432,0.21627858
9994,6.5084777,-1.1128627
9995,4.896204,-0.8099573
9996,6.3964257,3.5706878
9997,6.108193,0.9719421
9998,5.822944,-0.7084399
9999,6.820676,-0.1363142
10000,6.2033587,-1.2232571
10001,6.6672726,-2.4427114
10002,6.85286,-2.3001897
10003,6.534318,0.53464216
10004,5.7031956,-1.4815248
10005,6.7053514,2.6567624
10006,7.5895777,-1.1363809
10007,6.278173,-1.865905
10008,6.488228,0.035432782
10009,5.8592515,1.891412
10010,7.7728353,-1.7824202
10011,8.973779,-0.5529476
10012,7.31292,-2.0689318
10013,6.362959,2.3812933
10014,6.517395,-1.7399803
10015,5.0616255,-2.6005957
10016,5.9507537,-0.35481843
10017,5.8816667,4.882069
10018,6.1626854,2.5391245
10019,5.6399875,3.395914
10020,5.6204515,0.32348284
10021,6.0635386,0.20157401
10022,6.636811,0.53175914
10023,5.5454783,0.5633822
10024,5.9056554,1.5834168
10025,5.443545,3.8279958
10026,6.172087,3.8005948
10027,5.924324,2.849222
10028,6.713135,3.8067427
10029,6.140391,0.21391648
10030,5.911943,2.0515428
10031,6.43777,-0.9332102
10032,5.1919913,0.70555955
10033,6.2530246,2.6079485
10034,6.565748,2.0456169
10035,6.3306346,0.9499284
10036,5.77615,0.11726956
10037,5.119691,5.573757
10038,4.4978795,3.0232635
10039,5.985975,3.8521886
10040,6.5071106,3.3487206
10041,6.0796003,4.366989
10042,6.851874,6.408042
10043,7.591734,-0.72399896
10044,7.286891,-1.0067385
10045,6.8640766,-0.45785722
10046,7.1930127,-0.22087388
10047,5.4230523,2.1308894
10048,6.6013246,-0.37221125
10049,4.9281797,-2.5642872
10050,5.5906925,0.18948054
10051,5.5313597,0.10507916
10052,5.2080474,0.08001133
10053,5.169761,1.5748434
10054,5.5875626,-0.7130406
10055,5.6977587,-4.245428
10056,6.7347226,-2.1878707
10057,6.2776437,-0.08988881
10058,6.486386,1.4320173
10059,6.970202,1.4824903
10060,6.771126,1.1356708
10061,6.5288815,1.6182541
10062,3.463981,5.9595103
10063,5.5230646,2.464923
10064,5.2878547,2.3583443
10065,4.5427556,1.3452449
10066,3.7234855,0.15496878
10067,5.5759845,2.9358582
10068,5.9140043,3.1447783
10069,4.963625,1.1037948
10070,5.487503,2.4600039
10071,4.3692636,3.108381
10072,4.193397,-0.5343722
10073,4.263366,0.8352455
10074,3.9234912,-0.70124733
10075,4.83346,1.9381864
10076,7.217128,3.0945306
10077,3.400512,0.7265765
10078,7.0537105,3.4922109
10079,4.0173583,0.49688506
10080,5.810697,-2.3506963
10081,4.821866,5.7999625
10082,4.890302,3.4613552
10083,5.502503,1.1251041
10084,4.265756,5.5569506
10085,6.1797533,5.384101
10086,5.91993,5.0995245
10087,5.4949965,4.4568653
10088,5.3934813,6.23375
10089,5.1527057,4.7270265
10090,5.9105916,1.3889267
10091,6.244443,5.276745
10092,3.6525042,3.5600626
10093,4.4522433,2.5054998
10094,4.5330553,4.358634
10095,6.3405676,1.807254
10096,4.7711596,-0.3155582
10097,6.4059067,-2.7274046
10098,3.6091826,-0.5713765
10099,4.969205,1.971769
10100,3.0455565,0.6759209
10101,2.2228806,-0.82500297
10102,2.8629706,-3.3109157
10103,4.9512672,1.6587048
10104,4.851887,-0.07875361
10105,4.0262933,-0.17878875
10106,4.6918063,0.19858864
10107,4.656064,0.05183542
10108,4.0178227,1.7238873
10109,3.9207776,0.20496064
10110,3.9065726,-1.6563271
10111,3.6692944,-2.462611
10112,4.8657765,0.6854444
10113,3.819513,-1.5090568
10114,5.411536,1.4524426
10115,5.8336635,0.59514487
10116,5.498112,4.549151
10117,3.8877788,3.6320212
10118,3.749954,3.0645409
10119,4.54681,2.0972345
10120,4.3084993,0.54716694
10121,3.7330513,-1.024602
10122,4.9509654,1.0153154
10123,4.3282924,-3.1512578
10124,5.516712,2.913908
10125,4.2476377,1.9097185
10126,6.473698,1.3160094
10127,5.2347474,2.0587635
10128,7.4575787,2.8726916
10129,6.2868443,-0.6517254
10130,3.8963642,2.770109
10131,5.52406,0.64142233
10132,6.471524,2.23581
10133,5.614527,4.9594884
10134,4.955703,1.9881674
10135,5.081561,0.0645714
10136,5.3076196,-1.3297656
10137,6.5028653,1.3571498
10138,6.7752223,5.1431518
10139,5.179501,0.842826
10140,5.1410565,-0.759719
10141,5.8574324,-1.4220985
10142,6.447596,-0.031839415
10143,7.7643223,-0.88245845
10144,5.946214,3.2671595
10145,6.614751,-4.110438
10146,5.836836,-0.75934863
10147,5.5327787,-2.9691608
10148,2.922893,-0.19090013
10149,5.803355,-1.3685367
10150,6.318559,1.5841295
10151,7.1981344,-0.60974747
10152,6.8652864,-2.4064915
10153,6.6908298,0.79061025
10154,5.335991,-1.7710118
10155,7.443088,-2.648858
10156,5.6115365,-1.2449551
10157,7.637015,-1.6371471
10158,5.698108,1.0211495
10159,6.716829,-0.65124965
10160,6.1221585,-1.8748875
10161,4.119241,-0.74054104
10162,6.50174,1.7688619
10163,8.526641,-1.8730292
10164,5.9835267,1.7641269
10165,8.242149,-1.8964413
10166,6.534505,-0.42831525
10167,6.5171175,-0.9767437
10168,8.383556,-2.9525955
10169,7.9425473,-1.2681997
10170,6.406928,1.726265
10171,7.870356,-0.86514413
10172,7.0469213,-4.394177
10173,5.6940484,0.17087951
10174,7.7942433,-1.0607889
10175,5.5763116,-2.8590128
10176,5.961642,-2.629552
10177,6.734702,0.33368942
10178,7.3343816,1.9513813
10179,5.473707,2.1837032
10180,7.052769,-5.696809
10181,6.645351,-1.186367
10182,6.8961306,-2.0312107
10183,7.1735024,-2.9429271
10184,7.0578,0.23251413
10185,5.2287526,0.44846055
10186,7.4272327,-2.1629033
10187,5.728974,2.4148784
10188,6.977622,0.6566105
10189,7.8116794,-0.3726163
10190,7.4303074,0.46398035
10191,7.120926,-1.053038
10192,5.483205,-0.30992523
10193,5.997654,0.9916832
10194,4.6007137,4.644265
10195,5.8242826,2.2088027
10196,5.6372347,6.2992673
10197,6.4291406,2.8526971
10198,5.852058,1.3491639
10199,5.986761,0.56293935
10200,4.799126,6.5867133
10201,5.9119654,3.8611867
10202,5.45952,5.2573385
10203,6.731754,6.247786
10204,5.510778,3.2090743
10205,6.3161798,3.6798816
10206,6.121391,5.205808
10207,6.945712,5.7857027
10208,4.376382,3.6337252
10209,3.3799345,1.1531731
10210,5.4096465,2.3572977
10211,4.9492555,0.8014511
10212,3.170606,3.2603137
10213,7.341191,4.300358
10214,6.660156,3.722721
10215,7.1907573,5.816954
10216,7.203463,6.58914
10217,7.457488,2.4940157
10218,6.3175907,-0.38113818
10219,4.4551654,1.1989311
10220,4.6667833,0.9475944
10221,5.8692446,0.1522756
10222,5.141714,3.7495987
10223,4.3305473,-1.5222334
10224,5.2727566,-3.799724
10225,7.018542,0.48974168
10226,7.0491548,-5.4505787
10227,6.7034907,-2.9550798
10228,6.333826,-5.5900087
10229,7.099259,-7.0981045
10230,5.59869,-2.0647562
10231,6.996666,0.46743563
10232,7.3599787,-2.9028363
10233,4.1906233,-0.38024884
10234,5.9642496,-0.26060396
10235,7.1314173,1.7808778
10236,7.3648667,1.4852518
10237,7.487289,1.9141678
10238,6.2883697,-1.0346497
10239,6.0569253,3.88736
10240,5.6959267,-0.13222085
10241,5.5258636,2.3530586
10242,5.7892675,0.35644144
10243,7.644721,0.0446606
10244,6.324082,0.41100708
10245,6.5148296,1.874948
10246,7.043335,2.2556994
10247,7.7990565,-0.15305816
10248,6.0576067,-0.3388134
10249,5.8057323,-1.9841229
10250,6.269835,-6.1123013
10251,5.4881043,-3.1763833
10252,5.5442605,-1.5710313
10253,4.5087914,-1.6066415
10254,4.659672,-0.34980723
10255,5.8142366,-1.8711488
10256,4.7490077,0.42321298
10257,6.374304,-0.020939901
10258,4.60475,0.9703408
10259,5.4714055,0.0668988
10260,4.194277,-0.3808981
10261,4.281696,3.584492
10262,5.05216,-0.41775304
10263,4.6114335,-1.3697717
10264,6.795599,-0.33962
10265,4.9433393,-2.0565922
10266,4.0675163,-0.5046817
10267,5.0678334,1.9529845
10268,4.5837593,-1.6155484
10269,6.177818,0.53386045
10270,6.2506385,-3.6700873
10271,5.5450873,-2.3332555
10272,4.800512,0.09611786
10273,6.7629104,0.070100665
10274,5.975696,-0.98002934
10275,6.3133545,-1.4595137
10276,5.2850747,1.7838781
10277,7.9371195,0.7928478
10278,6.096141,-2.067813
10279,7.0079374,-2.3346038
10280,6.9250007,-0.4027438
10281,7.347535,-0.07287808
10282,7.149866,-0.3477791
10283,5.6253185,0.6177682
10284,7.6439443,2.023814
10285,7.853356,-0.6839283
10286,6.2325845,0.25113103
10287,7.2803054,0.82964927
10288,7.4638968,-1.4077309
10289,6.1065016,-0.28421536
10290,7.665778,-3.0802453
10291,6.8064594,-0.5125904
10292,7.191766,1.9707235
10293,5.488578,0.7662493
10294,5.691831,-2.443612
10295,8.261338,0.5389377
10296,4.8293915,-1.5070983
10297,5.618415,3.5914023
10298,6.141413,-0.1753972
10299,6.80661,-0.9967161
10300,6.243413,-1.1318275
10301,6.771189,-0.2793965
10302,6.924511,-1.1950489
10303,6.525389,1.2039958
10304,6.1630287,-2.9270632
10305,7.3147497,-2.0399733
10306,5.875471,0.6123337
10307,6.6515307,-0.63041836
10308,7.778396,-1.6749141
10309,6.645121,-4.8299165
10310,5.604892,-2.7482476
10311,8.579405,-2.3590252
10312,7.9101305,-0.3194224
10313,8.540929,0.3645275
10314,5.725756,-1.9311854
10315,5.1787295,-0.062535234
10316,7.145123,1.0233521
10317,5.4422317,-1.1715606
10318,5.6106515,0.6986614
10319,6.182787,0.82031024
10320,6.1107965,0.5161786
10321,6.065864,0.7232647
10322,4.7805715,1.5610045
10323,5.284745,2.0257058
10324,6.069444,2.7049272
10325,6.6519303,-0.902144
10326,4.387329,1.8429695
10327,4.663509,-2.1020741
10328,5.9824667,0.40820494
10329,5.035499,1.5897918
10330,3.2705383,-1.8958948
10331,2.3218062,0.3217809
10332,5.7250137,1.9264175
10333,6.6322975,1.532101
10334,6.018483,-0.4536196
10335,5.9704823,-0.011169332
10336,3.689216,0.12289442
10337,5.0227237,1.6313648
10338,6.4736605,-0.4034529
10339,5.38484,-0.8565925
10340,5.5476303,0.08254754
10341,5.5827274,0.75183755
10342,3.7738433,0.08913866
10343,5.962778,-0.2718602
10344,6.1651626,2.033757
10345,5.650515,2.0892212
10346,5.705224,-2.710017
10347,7.6861234,0.47220853
10348,7.824948,-1.0715886
10349,7.6640368,-1.832973
10350,5.771825,-1.0617641
10351,6.017257,-2.698656
10352,6.7885914,-1.2367282
10353,7.980582,-2.4549282
10354,6.6618404,1.4568938
10355,7.893046,0.39715028
10356,6.744841,0.17912574
10357,6.3487377,6.306449
10358,6.8063846,1.7184587
10359,4.864648,1.7554436
10360,7.7301464,1.8738838
10361,5.2399077,-0.94336706
10362,5.9355693,-3.7670934
10363,6.7996464,-1.3329489
10364,5.1442986,0.72299963
10365,6.48205,1.4735706
10366,7.6156344,-1.6512351
10367,7.2755322,-3.947923
10368,6.5382857,-2.2079744
10369,7.1989717,1.1731668
10370,6.5934825,-4.3498526
10371,8.473995,-0.43208343
10372,7.428714,-4.311414
10373,7.280939,-5.697597
10374,8.699122,-4.111707
10375,7.8220787,-1.9468647
10376,7.250269,-4.5863395
10377,6.941299,-3.4408433
10378,6.300012,-0.08571546
10379,6.664889,1.127163
10380,6.7665524,-0.3333348
10381,6.925005,-3.1823182
10382,6.9521594,-2.722367
10383,7.4928966,-0.43406337
10384,8.018296,1.533139
10385,8.943908,-1.8833994
10386,8.535967,0.85349464
10387,8.119333,-1.968855
10388,7.165234,-5.853055
10389,7.704104,-3.6479862
10390,7.704509,-4.285281
10391,7.4227686,0.31291983
10392,7.0892773,-4.146805
10393,6.432261,0.33214706
10394,5.6200805,-1.4089268
10395,7.4045463,-2.255941
10396,8.03086,1.0450195
10397,5.4611177,-2.0400968
10398,7.012064,-2.4026127
10399,5.534133,-0.34188557
10400,5.6780686,2.410859
10401,5.965363,-0.3561973
10402,7.082964,1.5833355
10403,6.3972826,1.8452116
10404,6.410053,-0.16773549
10405,7.192032,0.86207783
10406,5.4551597,-0.3461019
10407,8.004638,0.6948053
10408,6.8366294,1.4601208
10409,6.2898107,4.340837
10410,7.0463934,0.20140953
10411,6.9246664,-1.0349494
10412,7.7223625,-3.7753532
10413,8.310118,-0.60646695
10414,6.589541,-2.6855454
10415,7.817839,3.5646858
10416,7.272452,4.793543
10417,7.661805,0.39505094
10418,8.600749,0.332627
10419,6.262898,0.09857426
10420,5.160722,1.8661385
10421,5.5594587,3.6022422
10422,7.472127,2.316862
10423,7.978225,2.0383062
10424,6.691704,4.629305
10425,7.149464,1.4215701
10426,7.1142526,5.8618135
10427,8.155156,1.6606681
10428,6.513299,1.089429
10429,6.1239724,4.662753
10430,4.3113327,2.2946815
10431,7.8680973,-3.661034
10432,7.5983634,-5.5523515
10433,5.2084746,-1.730692
10434,5.6536474,-5.303018
10435,4.3821473,-5.346016
10436,6.4146466,-1.4404962
10437,8.407115,0.37700233
10438,7.3857446,-2.7769444
10439,5.8454003,0.060833056
10440,6.8906493,-0.023135977
10441,6.7127233,4.475089
10442,6.806729,4.1443324
10443,6.517151,1.9264337
10444,6.174537,2.9831119
10445,7.090463,-0.566319
10446,6.7960396,1.1722574
10447,6.7866564,-0.6945128
10448,7.130169,-1.8654042
10449,5.30107,-0.08869994
10450,4.9079175,-0.49935535
10451,8.085887,1.6308019
10452,8.503692,-2.309886
10453,7.8342476,0.25841662
10454,6.556497,-0.39237028
10455,7.7844424,-2.1748176
10456,8.72659,-0.970377
10457,7.9990015,-2.1672444
10458,7.3208117,-1.6687499
10459,8.213161,-0.87258804
10460,7.758787,-1.187252
10461,6.0133004,-0.55190057
10462,6.3705397,1.0293894
10463,8.977247,2.5905647
10464,8.137914,2.5888336
10465,7.4000545,0.13539737
10466,6.7543736,-0.7790747
10467,8.10136,3.3649344
10468,6.9111605,0.98419106
10469,7.651147,1.0101528
10470,7.0519857,2.8594878
10471,7.695933,0.91527194
10472,6.3300147,3.4150825
10473,8.077295,-0.4795891
10474,9.432189,-1.306377
10475,7.5687494,1.1441563
10476,6.9404445,-0.4702975
10477,7.4521623,2.2187617
10478,7.9664035,2.987752
10479,7.94558,-0.55044484
10480,6.7921844,-0.039770313
10481,8.219252,-3.2915986
10482,7.6347938,0.6502109
10483,8.934267,1.2538915
10484,7.593589,-1.5806901
10485,7.733528,-3.0313447
10486,9.219314,-0.5891095
10487,9.074276,-0.10189929
10488,7.8100133,-1.0513399
10489,6.3895216,-1.7107925
10490,6.8271437,-3.1697245
10491,6.743043,-4.034389
10492,8.834141,1.0126288
10493,6.5535464,-2.6099176
10494,7.9610367,-1.6740764
10495,8.4430685,-0.47330385
10496,7.1071186,-1.449969
10497,8.695637,-0.40573373
10498,7.60035,-3.935079
10499,7.3031626,-1.4874443
10500,5.8643565,-0.38570547
10501,6.6789093,-1.2273735
10502,7.563747,-0.9683603
10503,8.231889,0.6737799
10504,5.979653,2.6193533
10505,7.0255146,-1.1271857
10506,9.007741,0.67271423
10507,5.7856154,-0.97386897
10508,7.29798,2.2686968
10509,5.4370875,-0.7356724
10510,8.217165,-0.33799273
10511,8.2102,0.79254377
10512,8.61706,3.0835302
10513,5.3842463,3.084598
10514,7.2516284,1.9399886
10515,7.91185,-5.4213457
10516,7.5650525,-0.5647826
10517,7.528227,3.179725
10518,8.447202,-2.2816253
10519,6.289409,0.45200232
10520,5.639573,0.8993452
10521,9.433064,-2.5415485
10522,8.575841,-0.28548375
10523,8.022464,-1.7070415
10524,5.8696904,2.1222744
10525,5.166007,3.474895
10526,6.7829766,-0.31218275
10527,7.108771,-1.9179422
10528,6.7318344,1.1244265
10529,6.3502994,0.5468497
10530,6.570492,-0.72969204
10531,6.5646853,-0.972824
10532,8.1695385,-5.667774
10533,8.010551,-5.432769
10534,9.0286255,-0.84871525
10535,7.430464,-3.4375584
10536,9.215119,-0.1651753
10537,7.9336734,0.23222536
10538,8.902107,-0.45969957
10539,6.008816,4.614563
10540,6.8124123,1.6214092
10541,5.6720347,3.4738557
10542,7.750501,-1.5506846
10543,5.2060423,-1.6252233
10544,5.9930205,-0.52925587
10545,7.3180494,2.0758355
10546,6.465718,1.3287598
10547,5.9681582,1.4141655
10548,5.3843646,-2.7381964
10549,7.180146,3.6576464
10550,6.48287,1.7417893
10551,5.927416,0.2632485
10552,7.838425,-2.1013591
10553,8.2712555,0.40821287
10554,8.3991375,-1.4142464
10555,6.704582,-0.8625513
10556,7.1689277,1.6234685
10557,7.45135,0.24967149
10558,7.823405,1.2629702
10559,8.341022,-0.812979
10560,8.469719,-1.3853532
10561,6.750935,-2.5555055
10562,7.995747,0.18021847
10563,7.2745714,-4.762096
10564,7.4820223,-4.335137
10565,7.652729,-3.2901812
10566,7.3852687,-2.0774055
10567,5.8238597,1.262836
10568,6.748804,-4.4860706
10569,7.45012,-6.786721
10570,7.280955,-3.2219806
10571,7.426926,-3.7220147
10572,6.549573,-4.319211
10573,7.9707985,-1.2927034
10574,8.25946,-2.9148173
10575,6.5449696,-1.069471
10576,6.4337444,3.4185297
10577,7.454715,1.8287681
10578,8.211585,0.5674885
10579,6.0446725,-0.8640061
10580,6.718388,1.0728675
10581,6.9640985,-0.024400061
10582,8.609287,-0.02223084
10583,8.724132,-2.6197336
10584,6.5883384,-1.6994641
10585,8.211497,1.9878225
10586,7.9611635,1.1215925
10587,7.355435,-0.7991891
10588,6.966209,0.08110791
10589,7.7242546,1.5521114
10590,8.079302,-0.8869973
10591,6.277221,0.12623939
10592,5.747939,-0.65489507
10593,5.123186,1.4164478
10594,6.279048,-0.5259696
10595,8.088864,-2.2008328
10596,7.180158,-3.445721
10597,7.9823484,-2.9741085
10598,8.765146,-4.3569775
10599,7.9505343,-2.3468497
10600,6.8279233,-4.7883706
10601,8.368438,-2.7895734
10602,6.0923767,-0.86896163
10603,5.067684,0.1900081
10604,5.5007973,-2.1840672
10605,6.616746,-5.7742786
10606,6.703448,-0.99287194
10607,7.0755405,-5.346907
10608,4.647844,1.3323665
10609,7.917218,0.29560146
10610,7.1224527,4.524383
10611,6.4489255,2.6220205
10612,6.842474,1.1985835
10613,8.550171,-0.118324764
10614,8.246474,1.5912454
10615,6.852123,3.4736686
10616,6.7580366,4.7084174
10617,8.104417,5.645804
10618,7.522109,4.5023274
10619,8.226964,2.4150577
10620,6.6506414,1.1878576
10621,9.071851,-0.07857199
10622,8.507788,-3.9625015
10623,7.066137,-0.7183414
10624,7.656553,0.71785825
10625,9.923395,0.67470264
10626,8.754611,3.2942054
10627,8.387154,3.1415954
10628,9.826273,1.3236989
10629,6.045714,0.5506894
10630,8.664474,0.4375775
10631,7.6381683,2.4091754
10632,9.587808,0.6395662
10633,8.5749655,1.3666228
10634,8.198506,2.2203085
10635,8.471551,0.43645132
10636,7.4610524,-1.7766093
10637,5.833555,-0.6412861
10638,6.5342584,-0.8488221
10639,8.009833,1.2577934
10640,7.205149,4.205536
10641,6.7619076,1.3157153
10642,6.766075,3.6142719
10643,5.610728,4.118718
10644,8.394182,4.177757
10645,6.831783,2.770358
10646,6.7005873,1.0987962
10647,8.808074,3.9147065
10648,8.231963,1.4198675
10649,6.4538465,1.1459558
10650,9.237121,1.8246689
10651,7.6659703,2.4370303
10652,7.810332,1.0133291
10653,6.8164477,2.3709407
10654,6.560945,-0.068511136
10655,9.746602,2.1460125
10656,8.3804245,3.0578806
10657,8.062559,3.1399667
10658,6.5169663,0.58962154
10659,6.8386087,0.45131388
10660,7.1010604,1.527136
10661,8.371254,2.4865353
10662,8.008406,0.6396237
10663,5.962265,4.28603
10664,7.9191523,3.744074
10665,8.5042,0.8869768
10666,8.182487,3.6001632
10667,8.145914,1.6102082
10668,7.1959596,2.7418327
10669,7.1036344,2.56163
10670,7.703577,4.739494
10671,7.3292003,3.2064347
10672,9.020627,0.41788802
10673,8.253058,4.847486
10674,9.511984,2.909056
10675,8.690527,3.161151
10676,8.53394,2.049075
10677,8.155236,2.8603616
10678,7.7351594,2.4889286
10679,8.6992855,1.033305
10680,10.16893,0.82805026
10681,8.52356,0.4980266
10682,7.9424605,3.407548
10683,8.945189,1.6296896
10684,8.922673,0.7894753
10685,8.686275,3.2298734
10686,7.6499653,1.7184267
10687,7.265622,0.50471157
10688,7.2145815,-1.1503334
10689,8.266254,-2.545441
10690,8.696671,0.8562596
10691,9.736625,4.512518
10692,8.695043,1.9330096
10693,8.333241,4.1219673
10694,7.52604,1.5973053
10695,6.993832,3.2810953
10696,7.6395044,1.2177819
10697,8.08823,-0.07990285
10698,8.221231,0.32465082
10699,8.569203,0.6439554
10700,7.799996,-2.5313835
10701,9.744598,-0.37042847
10702,8.221995,-2.186475
10703,4.1290355,-0.43064147
10704,5.596749,-1.1704069
10705,6.8604207,-1.0072187
10706,7.7498007,-2.8619466
10707,6.9520555,-1.5171639
10708,6.1792326,-0.32658184
10709,6.7096057,-1.3720483
10710,7.5486503,-0.03278261
10711,8.9552145,2.5368366
10712,8.331752,0.82169795
10713,7.235043,0.5742029
10714,7.7657604,-1.4723269
10715,8.774664,-1.4646378
10716,9.061544,0.10275896
10717,9.010969,-3.549038
10718,7.913147,0.9295542
10719,7.773966,-1.0225397
10720,9.071787,-0.33059
10721,8.051986,-0.1751487
10722,6.3634796,3.417698
10723,8.869604,5.041377
10724,7.188556,1.5806001
10725,9.647891,2.5130289
10726,7.1904755,2.8304808
10727,7.813581,0.46254265
10728,8.855857,2.0237896
10729,7.808608,2.4056785
10730,8.3502865,3.7738788
10731,8.268908,1.6696163
10732,5.7922773,1.7382426
10733,6.7265677,3.0816052
10734,5.0819387,2.8340805
10735,4.946709,3.5482354
10736,7.6666665,2.407271
10737,7.262726,-2.1577888
10738,7.0592875,2.141065
10739,5.2514143,1.3086461
10740,7.058513,-0.038485453
10741,8.637769,1.8795682
10742,8.582303,1.6854383
10743,10.276715,3.1586154
10744,6.9469357,1.7480353
10745,8.28942,5.113262
10746,7.5800033,4.226202
10747,7.981356,0.27262408
10748,6.3488445,3.0721107
10749,7.531414,-1.6384131
10750,8.196452,1.4826131
10751,8.166972,-3.7476835
10752,7.4833694,-0.31346157
10753,9.871169,2.5133746
10754,7.2362046,0.16383682
10755,7.8844233,0.47887474
10756,9.104913,3.4952302
10757,9.307145,2.8307562
10758,7.975072,2.2198288
10759,8.935599,0.5424529
10760,9.507967,1.5209168
10761,9.388281,2.4662187
10762,8.438335,1.8101305
10763,8.345639,0.012795388
10764,9.23843,0.49031058
10765,9.653407,0.38117784
10766,9.460829,1.4851092
10767,8.919954,1.5718292
10768,8.322423,2.049052
10769,8.478972,-0.8268616
10770,9.415978,0.4220298
10771,8.082154,1.1207949
10772,9.1576805,3.2558107
10773,9.797554,1.7605231
10774,9.62167,0.11050412
10775,7.8963933,0.8587755
10776,10.182386,0.59635055
10777,9.941838,0.6521308
10778,9.621794,0.5534811
10779,8.40267,0.2878223
10780,7.16748,6.472966
10781,7.7597995,3.041675
10782,9.276667,2.3129942
10783,9.402119,0.48110545
10784,9.979021,0.9712231
10785,8.706659,2.438445
10786,9.802866,2.8977232
10787,9.037362,3.339215
10788,9.460577,3.2109134
10789,9.778929,3.3932776
10790,9.476515,4.1944423
10791,8.7279825,3.0392878
10792,7.6728544,2.9203112
10793,8.98727,-0.05395282
10794,8.794647,2.3018079
10795,9.097903,1.0352476
10796,7.415821,0.5529845
10797,8.728412,1.545622
10798,10.377708,2.3216329
10799,10.054891,2.418511
10800,10.147378,1.9331425
10801,7.9698343,4.7252793
10802,9.357345,2.7454357
10803,7.200294,-0.22116628
10804,7.6128955,4.340496
10805,9.60002,1.6086073
10806,7.5881953,4.198329
10807,8.974659,2.8029754
10808,7.6024895,0.4887222
10809,9.774621,0.84954846
10810,7.949763,0.19306917
10811,8.686855,-0.12391264
10812,8.444076,-1.2718577
10813,9.351604,-0.4703339
10814,8.945631,-2.8912954
10815,9.445655,-3.6540992
10816,10.888245,-2.0947192
10817,8.5339365,-1.4867371
10818,10.457324,-2.9880683
10819,9.328172,-1.6426471
10820,11.053205,2.187968
10821,10.077612,3.6023657
10822,9.2369585,6.66759
10823,10.027572,2.933579
10824,8.821623,4.5227547
10825,8.947928,0.042487096
10826,8.788403,0.4101609
10827,10.200396,2.262584
10828,9.499651,2.4851549
10829,8.8020935,4.431374
10830,9.776744,4.074399
10831,8.644941,-0.014661719
10832,9.565878,-1.0180645
10833,7.7320743,-0.9813542
10834,10.005419,0.7541343
10835,10.549637,0.9501101
10836,9.292457,-0.30617648
10837,8.921709,0.6464374
10838,9.147275,0.5894084
10839,10.111641,-2.4078672
10840,7.4553986,0.28626877
10841,9.035118,0.8347344
10842,8.029064,0.168285
10843,9.0734215,0.4272699
10844,8.884706,-2.9028244
10845,8.742083,-0.3861842
10846,8.080331,-0.10859144
10847,8.761425,0.08073637
10848,8.9438305,1.8689317
10849,9.600496,0.39507425
10850,7.6925735,2.664226
10851,10.4663105,3.2712257
10852,9.275089,0.842335
10853,9.496668,4.0309286
10854,7.97699,0.6325536
10855,8.145515,2.218136
10856,10.368885,1.599958
10857,8.8230915,0.699841
10858,9.711617,0.95590043
10859,7.898921,0.3979246
10860,8.757706,2.7244918
10861,8.418266,1.4964087
10862,9.678486,1.5540743
10863,8.678896,3.9636765
10864,8.63847,5.9949775
10865,8.363296,6.2555156
10866,8.4067545,3.5199695
10867,6.8943276,2.373633
10868,7.6083064,1.9137925
10869,7.9589953,0.5408111
10870,9.6519165,0.8630409
10871,6.5335913,4.844652
10872,8.524803,4.120726
10873,8.171242,4.5198393
10874,8.544922,5.5778666
10875,7.6970305,4.67659
10876,6.702349,0.21576625
10877,8.244494,4.3672776
10878,7.5311537,3.4476602
10879,8.320412,2.8364995
10880,6.809136,0.4658278
10881,7.0377007,2.853472
10882,6.9694304,0.5217299
10883,7.764647,1.5812082
10884,7.5254946,0.9119324
10885,8.580734,0.5492618
10886,7.285536,3.3010612
10887,7.2083597,-0.1302169
10888,5.7537465,2.7114043
10889,7.1863437,0.93554056
10890,7.7582,0.8094329
10891,7.9706697,-0.46327338
10892,6.8897104,1.9256382
10893,7.211289,-1.269261
10894,7.106099,0.884978
10895,8.3198595,-2.917073
10896,8.508453,-1.2716398
10897,7.4412484,-5.0941606
10898,7.8829484,-3.1900706
10899,7.0283012,-4.5553017
10900,8.486196,-4.661596
10901,7.8416348,-4.4230514
10902,7.325152,-2.2486672
10903,7.31194,1.646463
10904,3.3254824,-3.0644116
10905,4.3644,-0.114834316
10906,5.7941494,-0.62416816
10907,5.017271,-0.18018383
10908,7.5676823,-0.7199153
10909,8.550907,-1.9528111
10910,6.4040265,0.1690691
10911,8.054515,-2.292878
10912,9.627499,-0.675598
10913,7.827449,-1.7448218
10914,8.631627,-1.4502347
10915,8.788672,-1.8653159
10916,8.096215,1.5293227
10917,6.6948404,-1.5524418
10918,9.056779,-0.5517757
10919,7.4763594,-3.6025355
10920,6.4585423,-2.3864
10921,5.8834248,-1.2676259
10922,6.473558,-0.21578398
10923,7.226608,2.6040623
10924,6.70352,0.0040084086
10925,7.1961436,1.0593016
10926,8.777977,5.692423
10927,7.3248105,2.5619214
10928,9.029295,-1.2973417
10929,7.431743,2.2625287
10930,8.900996,-3.0923352
10931,9.804459,-4.157135
10932,7.216308,-1.4742142
10933,9.11893,-3.7667425
10934,7.215811,-2.4967284
10935,7.1024423,-0.24155307
10936,7.9137473,-0.8329832
10937,8.81396,-0.6256435
10938,8.064579,-1.7083088
10939,8.720093,-0.3810479
10940,9.501418,0.95186126
10941,9.965082,-1.6200113
10942,7.2683015,0.61812073
10943,7.3047543,-3.742256
10944,8.075747,-4.3574843
10945,7.5219913,-2.1524358
10946,7.9765615,-2.239942
10947,6.479283,-2.9402397
10948,8.226559,-3.5866473
10949,9.118066,-4.1928453
10950,8.457024,-4.514885
10951,9.240845,-2.3834898
10952,8.528571,-3.0162222
10953,7.3522863,0.33809778
10954,6.988776,4.154708
10955,8.134479,3.0815246
10956,7.104216,-0.078642316
10957,10.104515,1.3256228
10958,10.501968,-0.8999912
10959,7.886872,-0.9601327
10960,8.267076,-3.7418923
10961,8.295232,-3.2117758
10962,7.7515535,-1.2552751
10963,9.604412,-2.6081924
10964,7.233022,-2.3517995
10965,8.387413,-1.2247784
10966,9.224021,1.1773038
10967,9.201538,-1.8350227
10968,8.672945,-1.5962139
10969,8.722963,-0.46718362
10970,6.847626,-2.2825122
10971,7.9475913,1.1201416
10972,8.093689,0.5593937
10973,8.403737,-0.9819793
10974,8.981295,0.533311
10975,7.819616,1.5062689
10976,8.210103,2.381339
10977,8.797639,0.35462794
10978,7.9668164,1.3368102
10979,9.15053,1.3078991
10980,8.18941,2.8341234
10981,8.827979,1.2847133
10982,8.378273,-0.32223645
10983,9.008054,2.0818686
10984,7.876439,2.8223333
10985,10.091555,2.7882612
10986,8.997622,2.850909
10987,7.453856,4.9927697
10988,7.5023503,4.481817
10989,7.586013,3.3688166
10990,8.23873,1.7298635
10991,7.4584317,2.1913552
10992,8.154131,0.7733084
10993,5.7106576,-0.9103663
10994,8.720693,2.4379275
10995,6.3749237,2.7146933
10996,7.095829,7.7176647
10997,8.344657,3.6566856
10998,6.532181,2.166856
10999,8.318384,1.1804577
11000,7.7513824,0.45354447
11001,7.148384,4.007949
11002,6.6149755,3.2049103
11003,7.065553,5.1726522
11004,8.069254,2.8425431
11005,8.3353815,2.8164134
11006,6.6236906,1.2146508
11007,7.8601637,-0.6753705
11008,8.554089,0.8948382
11009,8.072485,1.4976993
11010,6.8710003,1.075598
11011,8.180568,0.80231106
11012,6.519007,3.4302905
11013,6.5165124,3.287867
11014,8.630078,3.2670026
11015,8.21768,1.5616075
11016,7.798194,1.0699843
11017,6.7039566,1.7183363
11018,5.5843725,3.126135
11019,8.105677,2.796715
11020,7.1951694,2.4561677
11021,7.3587794,0.6367927
11022,7.475331,2.067447
11023,6.3250685,3.3165214
11024,8.110382,0.3225857
11025,8.536627,-0.051444065
11026,9.055099,1.3648785
11027,6.6186495,3.255946
11028,7.3778048,0.31865126
11029,7.3974013,2.1501992
11030,7.9444766,2.295424
11031,9.825867,-3.587117
11032,10.661531,-0.6534314
11033,10.929468,-1.3616438
11034,9.206952,1.2015965
11035,9.945789,-0.06185929
11036,10.465272,-1.4876139
11037,10.196984,0.8172374
11038,6.9202824,-3.000156
11039,9.427307,-5.463078
11040,7.3526535,-0.712442
11041,8.219248,2.2071595
11042,8.320859,-1.9621909
11043,7.8353314,0.9966914
11044,7.442403,-4.747703
11045,7.162941,-2.21368
11046,6.3812156,-2.164456
11047,7.8346086,-0.03318844
11048,7.3063765,0.6823742
11049,7.4864497,-3.0878923
11050,6.768108,-2.174415
11051,7.2354937,-2.6453335
11052,7.9995475,-0.9034801
11053,6.93476,-1.5228647
11054,7.587847,1.2504334
11055,6.4682446,-0.7651453
11056,6.1596456,-2.5340664
11057,6.731565,-3.0414612
11058,8.093634,0.050753094
11059,8.672506,1.6063843
11060,7.201094,-0.7286114
11061,7.041281,1.1866722
11062,7.5874295,0.67647135
11063,7.952101,1.228957
11064,6.266884,3.064387
11065,7.783417,0.93405616
11066,5.971049,0.6716006
11067,7.57755,2.0195243
11068,7.006362,-0.07594445
11069,5.6195083,1.3022883
11070,5.86922,0.3311111
11071,7.257524,-0.60107356
11072,9.049038,-1.5077419
11073,6.0021896,0.06593597
11074,7.396556,-1.2910563
11075,7.12019,0.26142776
11076,6.4710464,-3.0675178
11077,6.536768,0.76541483
11078,7.4351783,-2.8228803
11079,8.536432,-0.06447753
11080,5.7962813,2.1476626
11081,5.7432857,0.3923653
11082,8.011432,0.1095083
11083,8.652953,-0.5523071
11084,7.159934,-0.5987045
11085,5.524115,-2.5302598
11086,6.949812,1.6481762
11087,6.4688635,0.8701841
11088,6.4409113,0.05970724
11089,8.331263,3.513779
11090,8.626679,1.8832477
11091,8.124142,-0.8574664
11092,7.322056,0.8421186
11093,7.727821,0.26001224
11094,7.6704283,1.3850912
11095,8.433093,-0.79228705
11096,6.791887,1.7544949
11097,7.846978,-0.5706312
11098,6.4437103,1.6627866
11099,7.3486285,2.812687
11100,7.232735,6.2299504
11101,7.6495914,2.0301158
11102,7.224121,3.2018936
11103,8.271761,6.2994194
11104,7.0914383,3.303554
11105,7.7385473,2.5450299
11106,8.073953,6.083426
11107,7.4322004,1.5585765
11108,8.217609,3.4292076
11109,7.8148575,5.7541137
11110,7.170173,5.3088984
11111,7.6587687,-0.19723146
11112,6.0157557,1.3493387
11113,10.277049,1.3427292
11114,7.021117,0.40130156
11115,9.495316,-0.1683326
11116,5.5469537,2.8614228
11117,9.045217,-1.3319931
11118,8.751587,-2.714777
11119,8.534738,-0.18564269
11120,7.8756347,-1.0307633
11121,5.928212,-2.0208476
11122,7.6510153,-1.1779089
11123,7.5656495,-1.3945822
11124,9.174444,-0.51876706
11125,8.688771,-0.46899763
11126,7.9162283,0.14760713
11127,8.806201,0.6592758
11128,7.4116454,0.22299454
11129,8.332498,-0.5994691
11130,8.374553,-1.7164651
11131,7.1664705,2.4600904
11132,8.857479,0.38446712
11133,5.853311,3.2611146
11134,8.269608,4.6489162
11135,7.1631927,2.094556
11136,6.8464384,-1.3744545
11137,6.9202976,2.3235474
11138,7.2304525,-2.1686313
11139,6.9011445,-0.9041194
11140,6.4083714,-3.0355406
11141,7.130253,2.8265717
11142,6.4493666,-1.4722422
11143,5.734422,4.012034
11144,9.573826,4.9850583
11145,6.5718203,0.13300705
11146,7.9751267,2.5877635
11147,8.5558605,-0.7267712
11148,7.9254923,1.7008972
11149,7.545655,3.4958587
11150,6.9657307,1.5483804
11151,9.736429,0.017572355
11152,6.4741306,2.1026566
11153,7.082718,3.193059
11154,6.8692303,2.9309607
11155,6.562545,4.7432456
11156,8.331153,3.2783387
11157,4.9640183,6.982327
11158,6.288632,5.551866
11159,7.2341685,3.1439316
11160,7.8674765,5.294826
11161,6.5140657,0.5502206
11162,6.282302,4.6620784
11163,7.5369816,1.0305395
11164,7.4159026,3.0151436
11165,7.4097714,2.313526
11166,7.1793184,6.834224
11167,7.318077,5.985826
11168,5.734427,4.4486
11169,7.211696,5.7754617
11170,6.5463643,4.9088383
11171,4.7590656,7.0378065
11172,5.910379,7.1067543
11173,8.241904,4.5510054
11174,7.934435,5.289236
11175,6.255388,2.113678
11176,5.96607,0.87299156
11177,6.3103323,0.5069331
11178,5.248421,3.7206335
11179,8.496024,3.7629461
11180,6.4793367,2.753754
11181,7.452285,5.60028
11182,5.4147234,4.1539154
11183,9.307975,3.778732
11184,6.621634,1.918618
11185,7.523744,3.5061958
11186,7.457519,3.671671
11187,6.205505,2.9485493
11188,7.400676,3.0153496
11189,6.1510267,-1.0051018
11190,5.811433,3.617345
11191,6.5660915,2.7964146
11192,6.2865543,1.1947839
11193,8.54573,1.6870544
11194,5.830052,1.9517895
11195,7.2301984,-0.07106254
11196,7.2099853,0.2124719
11197,7.830017,0.55924433
11198,8.285491,2.1829731
11199,7.3665695,-0.6967489
11200,6.9853635,-0.81957877
11201,7.408997,-1.1901212
11202,6.9241276,0.10897891
11203,6.51819,0.9966231
11204,6.058536,2.202704
11205,7.4667172,3.215281
11206,7.880503,2.3146615
11207,6.8518643,-0.9042364
11208,8.465968,0.82657856
11209,7.6892333,0.1792818
11210,6.75611,2.9135177
11211,6.69266,3.4887295
11212,6.2087445,1.0679413
11213,6.3192997,1.3945475
11214,7.969823,-0.09062309
11215,8.116884,1.077194
11216,6.336617,2.391113
11217,6.6606297,0.44344693
11218,6.1720157,-1.0200189
11219,7.2647157,1.2688209
11220,7.275533,-0.57567847
11221,5.723779,4.4089093
11222,6.36317,2.1260636
11223,7.7557163,2.297644
11224,5.647228,2.0636122
11225,6.4537277,4.644282
11226,6.235207,1.3574247
11227,7.402795,2.6617658
11228,5.4812393,-0.2467337
11229,7.7112536,-1.2672639
11230,6.3190565,4.3895583
11231,7.3739676,2.9625273
11232,6.7821474,1.1019655
11233,6.6837153,0.8983176
11234,7.834045,2.2788477
11235,7.5979733,2.2575853
11236,6.974535,2.087847
11237,6.960735,1.8290645
11238,5.5652823,1.3483707
11239,6.86254,3.0338683
11240,6.99983,2.4352548
11241,6.7537293,1.6898496
11242,7.725238,1.2615352
11243,6.943353,1.5965909
11244,6.081721,1.2624091
11245,6.6967545,-1.3450278
11246,7.202171,4.872179
11247,7.5981135,1.2178202
11248,5.890341,1.4266018
11249,7.8237576,-0.026857622
11250,6.10577,2.1058087
11251,7.015442,0.6644889
11252,7.479824,2.489035
11253,7.0445824,0.24290729
11254,5.6251326,1.7021893
11255,6.5461793,3.6808684
11256,7.3989115,3.7825518
11257,5.2342815,-0.5845111
11258,5.352139,-2.2536802
11259,7.989145,-3.5911534
11260,5.920465,-0.29631904
11261,5.9822874,-4.4190927
11262,6.8650546,0.5887164
11263,6.740724,2.073433
11264,5.943666,-0.28059718
11265,6.6979256,-0.60219103
11266,6.970134,0.17710748
11267,7.575708,-0.8395856
11268,6.8210235,0.26490197
11269,7.0847287,-0.19003733
11270,7.208832,2.0100203
11271,7.058245,7.107075
11272,4.148271,6.4993486
11273,6.244254,2.9343672
11274,6.153058,0.2994232
11275,4.982608,4.289362
11276,5.102435,2.6768959
11277,8.470484,2.136858
11278,7.709704,5.0533247
11279,8.583964,3.7328053
11280,6.258047,3.7144525
11281,6.875671,3.3471577
11282,7.2409964,3.7862558
11283,7.1729145,4.1303153
11284,6.5980945,2.343393
11285,7.1162825,0.8449392
11286,6.6418834,1.6512963
11287,5.2102523,2.1655521
11288,5.9974117,3.9063787
11289,6.177531,3.2720184
11290,5.4359937,2.694399
11291,6.3128824,2.1745062
11292,4.028483,-0.07906451
11293,5.2485127,3.4213061
11294,7.3022456,2.2481508
11295,6.054881,2.673216
11296,6.1569157,0.51207757
11297,6.1224236,0.67561734
11298,8.534349,-0.88552326
11299,6.788039,3.8523624
11300,8.628775,2.8376687
11301,7.429784,6.153327
11302,5.6325355,2.990685
11303,6.9261217,-0.2670058
11304,6.2504115,3.3849335
11305,6.3259406,2.8019676
11306,5.8490877,7.2706614
11307,5.606478,2.3108883
11308,7.361365,3.2192936
11309,6.4338284,2.809997
11310,7.323961,3.281809
11311,6.5076265,3.335541
11312,6.5501804,1.0326619
11313,5.763907,0.20237054
11314,9.089899,2.156558
11315,6.049928,3.0635867
11316,7.725044,5.0913935
11317,6.879211,2.623334
11318,4.3635726,1.7917813
11319,5.4133067,1.9322635
11320,6.263399,1.4724509
11321,4.955058,1.3358707
11322,6.607529,0.61218363
11323,4.2980933,3.757233
11324,6.127859,5.448537
11325,5.3734355,3.7318742
11326,5.8893127,2.3938296
11327,5.8606987,1.2909377
11328,7.1830425,0.32489356
11329,7.652777,2.696995
11330,6.626252,3.1564457
11331,6.2468605,4.3647304
11332,7.8432455,0.7114864
11333,7.1810656,2.7407198
11334,5.757256,0.16000581
11335,7.119522,1.87953
11336,7.03554,0.013572942
11337,6.6583395,0.2028373
11338,5.7742376,5.2184377
11339,7.6514273,2.7167432
11340,6.0984006,2.233795
11341,5.059165,3.2232265
11342,5.6148977,0.891622
11343,6.163177,-0.31421226
11344,5.78459,0.19647312
11345,6.1337156,0.26036242
11346,7.8124337,-0.993667
11347,9.384883,-0.6736541
11348,6.2817593,-0.9599002
11349,6.1350675,1.128415
11350,7.2079716,-1.6590383
11351,6.363631,0.18822563
11352,6.538677,4.6351056
11353,6.206443,2.404523
11354,5.710831,1.7997772
11355,6.067051,5.3613143
11356,4.938017,4.121199
11357,5.6322145,3.4436274
11358,5.596694,0.69118094
11359,5.8198705,2.4877458
11360,5.9951687,3.8744853
11361,6.948934,3.1148183
11362,8.385849,3.270596
11363,8.365418,-0.17078562
11364,5.7310715,-1.403901
11365,7.3848705,-0.2865503
11366,7.8257394,-1.6461965
11367,6.414542,-1.5813832
11368,6.8957314,-1.6505784
11369,6.4443855,0.7942211
11370,7.863705,-1.2939552
11371,8.525066,0.56318575
11372,7.952499,0.18824998
11373,7.3551683,-0.3131829
11374,7.9007063,-1.9240844
11375,6.647824,0.066328034
11376,4.9058685,-1.0730793
11377,8.662062,1.7946681
11378,6.9311695,2.1738684
11379,7.4185576,1.15626
11380,6.937953,-0.6753703
11381,6.6401186,1.7069194
11382,7.825198,1.4919804
11383,7.899608,-1.1839553
11384,7.4664183,3.1297657
11385,7.2318487,2.0019252
11386,5.4659233,2.2956781
11387,5.734472,3.5886223
11388,6.5952153,-0.020172229
11389,6.0246596,3.3980176
11390,6.298672,1.2945443
11391,7.102722,0.055395477
11392,6.1083426,-1.832713
11393,7.0615864,0.8035952
11394,7.294737,-4.5111346
11395,7.8093286,2.7986717
11396,7.915531,-2.1765718
11397,8.385206,2.6719713
11398,6.914451,5.243993
11399,6.803533,4.1199093
11400,5.565054,6.6770196
11401,6.7625227,5.337503
11402,7.2959304,7.1573467
11403,7.2375607,1.7292001
11404,7.539074,0.22446606
11405,7.5094233,0.8458375
11406,5.6892686,2.181561
11407,5.6373997,2.9587152
11408,6.20837,-0.42316914
11409,5.8679323,-0.015662724
11410,6.832998,-0.44330317
11411,7.36819,0.389378
11412,7.4525676,-1.1736953
11413,6.887287,-3.5447795
11414,6.8825865,-0.91135293
11415,5.602969,-1.5514433
11416,7.1118913,-0.7089775
11417,7.964616,-1.2389086
11418,6.8931074,-7.0691648
11419,8.661704,-4.948641
11420,7.7758403,-3.5933015
11421,7.2442307,-2.9372394
11422,7.677526,-1.313951
11423,5.0949407,-1.6864015
11424,6.16782,-2.242204
11425,6.114536,-2.2937026
11426,7.314751,-0.4270245
11427,6.321573,2.50966
11428,7.795985,3.6625001
11429,8.314823,1.0100232
11430,6.1990933,1.7980684
11431,7.20785,2.4220958
11432,6.9304614,-0.42701724
11433,6.611479,-1.021923
11434,6.9863515,0.7285454
11435,7.2698326,-2.5403945
11436,6.093733,-3.1581316
11437,7.684496,-0.12593319
11438,8.926478,1.4359035
11439,6.589314,1.2332815
11440,7.5162535,-4.35719
11441,6.240675,-4.4436197
11442,6.6703477,-1.8227397
11443,5.992689,-0.96733713
11444,5.9956264,-3.1566985
11445,4.3041677,-5.8527803
11446,5.602029,-3.6825378
11447,5.9625764,-1.580577
11448,7.1135993,-0.6301547
11449,6.644172,-1.5723288
11450,7.174124,-1.2774944
11451,6.7461605,-2.8184087
11452,7.903,1.6516724
11453,6.081505,-2.9832199
11454,8.360433,-3.3496554
11455,8.604959,-0.3119004
11456,6.9997506,-1.9523183
11457,6.7874603,-1.1032298
11458,7.3968186,-2.755106
11459,8.118241,-1.851799
11460,7.8833203,-3.6997511
11461,8.185206,-2.902384
11462,7.3117065,0.1722042
11463,7.8328915,-3.7341666
11464,8.005356,-3.6222703
11465,6.9247313,0.27906126
11466,5.5718746,1.0557952
11467,6.6543193,-1.6321237
11468,7.2790923,-5.0619545
11469,7.505324,0.06816099
11470,8.277166,-2.4926932
11471,8.460702,-3.0018191
11472,8.684053,1.061023
11473,8.135368,0.11638347
11474,8.365261,0.15965071
11475,6.6137633,-2.1557024
11476,6.7942204,-1.0642716
11477,8.345777,0.9045332
11478,7.5533576,0.008409023
11479,8.559562,0.8965325
11480,7.6648755,1.2616413
11481,8.110065,0.37761274
11482,8.552099,1.0985333
11483,8.848343,-0.9943257
11484,7.334184,-3.240817
11485,7.0177293,-2.2345476
11486,7.7974195,1.0429733
11487,8.722772,-5.048987
11488,7.088827,-1.7645907
11489,9.110589,-0.03829492
11490,6.4525905,-2.8665755
11491,7.7542315,-1.7524065
11492,9.033004,-0.6720149
11493,6.3023534,-1.1823934
11494,7.133016,-0.008250787
11495,6.8510003,-1.9481022
11496,6.7186227,-1.492799
11497,6.814126,-3.7049034
11498,8.706814,-3.6580305
11499,8.070636,-1.3985277
11500,6.993321,-0.20341271
11501,6.961534,-3.2591653
11502,5.43456,-2.246199
11503,7.075434,-1.604131
11504,6.641914,-2.419233
11505,8.323176,-2.2656107
11506,7.310742,-1.7787088
11507,7.1614127,-3.0014417
11508,6.961219,0.8192717
11509,5.8637033,-2.4753065
11510,7.332636,-1.1670694
11511,7.868201,-2.2859924
11512,7.6415553,3.141081
11513,5.753285,1.9273256
11514,7.5699754,1.4865094
11515,8.082936,0.0176649
11516,7.2816825,-2.3290114
11517,8.804494,0.074349225
11518,7.285614,-2.8056574
11519,6.8890767,-0.5516085
11520,7.3616886,-0.51263726
11521,8.48969,-3.5133083
11522,9.191813,-0.50658864
11523,7.9071784,0.49894515
11524,7.9325976,-1.7056811
11525,6.8350716,-1.4855824
11526,7.2846446,-2.010406
11527,6.8600965,1.1242931
11528,7.3979464,0.108315274
11529,8.574937,-2.585832
11530,6.090914,-0.46650508
11531,7.029609,0.33340612
11532,7.296017,-0.6061145
11533,6.4042826,-1.1997404
11534,6.187764,-1.7921493
11535,5.3642735,-2.6061623
11536,8.462829,0.5714835
11537,7.0348597,-3.5203214
11538,8.511215,-3.2831829
11539,7.7463574,-1.8587892
11540,6.6248984,0.75560486
11541,6.615314,1.2523493
11542,7.539281,0.9242674
11543,7.321078,0.75591123
11544,7.315091,0.47674203
11545,7.83493,-1.118489
11546,7.295139,0.5635855
11547,9.33391,1.3250585
11548,8.587712,0.40644553
11549,7.6010756,-1.0134231
11550,7.749353,1.6668506
11551,8.582275,0.88354415
11552,7.970009,-1.3708655
11553,8.936024,-3.4999769
11554,7.699228,0.8593771
11555,7.6448283,0.2918028
11556,8.415369,-0.6441924
11557,7.8893504,0.027933894
11558,7.6947618,-3.0471017
11559,9.485827,0.38961804
11560,7.0292296,0.23088379
11561,7.009946,-5.318809
11562,8.27209,-3.6113012
11563,8.247973,-0.7454575
11564,7.7019773,-1.8673055
11565,7.230497,-0.37835103
11566,6.4883323,-1.7964714
11567,7.9370875,-0.404636
11568,8.290835,1.5077084
11569,8.90512,1.7203468
11570,8.04113,3.6618617
11571,8.189991,0.5197849
11572,6.000461,0.56513184
11573,8.286286,2.0235157
11574,7.0545163,-1.519167
11575,9.100805,-0.8669123
11576,7.744062,-1.2143698
11577,5.9663973,-0.8806489
11578,6.4427896,-3.2322176
11579,6.5495925,-1.8010914
11580,6.5781965,0.8922627
11581,7.809937,-1.3875943
11582,6.66261,-4.0905447
11583,7.772001,1.3948158
11584,6.8111944,0.44550517
11585,9.119279,-1.7037529
11586,7.203934,-2.7519841
11587,9.719644,-4.988317
11588,9.446512,-3.5164142
11589,7.569811,-0.43616945
11590,8.908203,-0.0059319832
11591,8.175156,0.34160522
11592,8.509488,-3.1414413
11593,8.420953,-1.560089
11594,6.6992908,-2.2602358
11595,8.488135,-3.6773655
11596,8.033306,-1.8409635
11597,7.3381248,-2.842952
11598,6.612545,0.9136143
11599,7.460466,1.3210433
11600,7.255004,-1.2717654
11601,7.456774,-2.9221606
11602,5.9746585,-0.069600396
11603,6.053172,-1.5584403
11604,6.4804773,-1.3407034
11605,7.9540167,-2.2902622
11606,8.169564,-1.0285594
11607,9.552862,1.7858123
11608,7.562429,-0.40492398
11609,7.6979985,0.98420876
11610,8.733109,0.64186925
11611,8.2290325,3.1178572
11612,8.742147,-0.48520058
11613,8.336675,1.5583645
11614,8.521997,1.6933061
11615,7.067816,1.2122619
11616,8.547723,-2.5168135
11617,6.4474816,-3.9053297
11618,6.513779,-2.7019746
11619,6.893849,-4.221621
11620,5.006002,-1.0586195
11621,7.2213535,-2.840271
11622,6.2006063,-1.8420062
11623,6.157296,0.91270185
11624,6.381786,3.0309727
11625,7.092848,0.87781817
11626,8.289541,0.29423124
11627,7.0021434,1.4283323
11628,7.817454,-0.9954514
11629,6.2947598,-3.863619
11630,7.144613,-0.49269313
11631,8.591597,0.21934164
11632,7.3362927,-1.8537631
11633,5.8337646,2.2058768
11634,6.819292,1.3902929
11635,8.0108,-0.45384964
11636,7.664729,-0.5893804
11637,7.248994,3.2223327
11638,7.615831,2.1793253
11639,8.262456,0.7465454
11640,6.386558,-0.01922319
11641,8.095344,-0.6802392
11642,7.040606,1.5010239
11643,8.062275,0.6082491
11644,6.370824,0.9723756
11645,7.0221515,-3.399972
11646,5.156181,-0.9155523
11647,7.796862,0.19554311
11648,6.568147,4.0742354
11649,6.852379,3.8765104
11650,6.8529816,4.4916754
11651,6.4909873,4.351329
11652,6.395964,0.8580274
11653,4.990665,0.88048506
11654,6.2038174,-2.3241756
11655,7.923315,-1.9596002
11656,7.1011806,1.6075366
11657,7.047101,1.6769927
11658,6.0210323,-1.8210971
11659,6.691551,-2.4051504
11660,7.2347565,-0.06917361
11661,7.256267,-1.0446616
11662,7.7571964,0.12224784
11663,7.8374815,1.9654851
11664,8.046861,1.1709529
11665,7.6518564,1.3012035
11666,7.1414466,3.854006
11667,8.194797,2.5004237
11668,9.886569,-0.14172466
11669,8.927991,-0.28083912
11670,7.293321,-1.8763825
11671,9.120243,0.023574067
11672,7.4111013,3.2704828
11673,6.1217055,0.1091898
11674,9.260525,1.3997849
11675,5.8638315,4.8269377
11676,7.027512,4.5124006
11677,7.328284,3.3999507
11678,6.4119587,4.318145
11679,6.308774,6.804451
11680,8.948073,1.9928534
11681,6.590021,-1.6599792
11682,6.7636213,2.044037
11683,5.7595987,0.13428706
11684,5.9521346,0.83791226
11685,6.758063,0.14789847
11686,7.17373,-0.3288472
11687,7.1130257,3.8872979
11688,5.9921746,5.8866944
11689,5.352295,3.3842225
11690,4.923018,2.3129542
11691,5.36181,2.683034
11692,6.821789,3.8706512
11693,5.9710784,4.0736113
11694,7.7989564,2.6960614
11695,6.880113,6.4846087
11696,6.38679,4.1879344
11697,9.167667,1.66283
11698,8.151612,3.769611
11699,6.502193,1.2870944
11700,6.046368,2.6099782
11701,4.253231,0.7322765
11702,6.4229107,3.0251045
11703,6.2871976,2.9590807
11704,4.726696,2.5090086
11705,6.2722707,3.0921483
11706,4.6962924,0.6220548
11707,6.222389,3.0245562
11708,6.0509787,3.9480333
11709,5.668392,4.5710206
11710,8.087835,1.5162762
11711,8.07665,4.884197
11712,7.0810843,3.7745817
11713,7.765829,3.3478456
11714,7.9224057,1.9677268
11715,8.685879,4.6087403
11716,7.089905,3.9157705
11717,6.966567,2.4660184
11718,8.155314,2.819187
11719,6.364531,0.055618353
11720,6.237115,-2.63341
11721,6.226881,2.0912573
11722,7.2838917,2.7845647
11723,7.555059,-1.9369648
11724,7.941591,1.5058948
11725,5.4553347,1.1996689
11726,6.184774,4.588981
11727,7.563274,0.25634333
11728,7.2852283,-1.1952544
11729,7.1666617,2.0137956
11730,7.105658,0.8968347
11731,6.859154,0.7043073
11732,6.697443,-1.0897188
11733,6.8210974,1.1642431
11734,7.6290927,-1.612045
11735,5.971225,2.3613036
11736,6.9492283,0.23491776
11737,7.9275208,0.4846
11738,4.8849726,-2.5011816
11739,6.2410865,-2.6714933
11740,7.116567,2.317562
11741,6.9128227,-0.6676307
11742,5.7134967,2.2629638
11743,6.9506326,0.8294845
11744,4.8195305,2.0960186
11745,4.675504,0.19114865
11746,5.7395496,0.24795273
11747,6.4208627,-1.095676
11748,5.918398,-0.9925058
11749,6.733421,1.1572695
11750,4.7995276,2.4565213
11751,5.258699,0.55176914
11752,6.3768983,0.26795033
11753,6.3351235,4.5653553
11754,5.182846,0.5177116
11755,6.0770826,-2.147486
11756,5.957299,1.54356
11757,5.8290305,1.7388558
11758,6.4231167,1.3939772
11759,5.039007,3.4644845
11760,5.0687604,2.1894007
11761,6.144533,8.860371
11762,6.952002,3.6448417
11763,7.5630097,2.6534662
11764,4.56865,1.5767127
11765,4.235333,5.0887156
11766,3.9278314,4.150242
11767,4.7210703,1.3726022
11768,3.2152934,3.0671597
11769,5.808378,1.1616986
11770,7.3130817,2.3906593
11771,7.244985,1.8970294
11772,6.2518716,0.78852564
11773,7.141523,1.1124895
11774,6.4816766,2.6055133
11775,7.6073503,-0.36071333
11776,5.6337204,-1.0845314
11777,5.479171,2.500252
11778,5.5692663,6.428753
11779,5.2668953,4.3814135
11780,6.852156,1.2695932
11781,6.294283,1.9020665
11782,6.8239293,2.6098373
11783,6.671396,1.9587005
11784,6.7982635,0.84140325
11785,7.665695,3.121967
11786,6.1175065,3.943101
11787,7.2886653,-0.13163349
11788,7.3405843,1.7218204
11789,5.99179,1.3357658
11790,5.35667,0.9766637
11791,5.1078186,2.1900995
11792,6.218601,2.4064963
11793,6.8789077,0.36680537
11794,5.433859,1.2125459
11795,5.6131673,3.7110171
11796,4.9011693,3.557291
11797,6.933299,1.361202
11798,7.151491,1.021567
11799,6.8214684,2.5688887
11800,7.351907,-1.3083367
11801,7.182582,0.9681362
11802,8.17309,2.0690064
11803,6.1139226,2.1539586
11804,7.136654,3.3732479
11805,7.7718782,4.725564
11806,6.8810425,1.1597948
11807,6.2259707,0.64819133
11808,5.4741473,1.6831765
11809,6.436762,1.5339607
11810,4.076514,3.979339
11811,5.81932,-0.69272095
11812,4.848751,2.3675327
11813,5.868775,0.96845543
11814,7.252327,0.8917556
11815,7.9376035,-0.027810834
11816,7.118972,-1.8022689
11817,6.7268105,2.6695468
11818,7.087248,-0.53134215
11819,5.9570527,1.8978778
11820,6.1621146,-1.2330874
11821,5.2940087,0.38068247
11822,5.392377,-0.08934649
11823,5.930763,2.4259267
11824,7.622446,1.4966587
11825,7.5264673,2.3201027
11826,6.1984577,4.431331
11827,6.3986063,2.7604973
11828,8.152636,-0.09467589
11829,7.854804,0.8175999
11830,7.537002,0.5944581
11831,6.741924,-2.0152156
11832,9.040364,1.2846018
11833,6.8550606,0.892483
11834,8.312494,-0.8566139
11835,6.6700425,0.7967974
11836,6.621342,-0.8900633
11837,7.8769073,3.1716735
11838,6.5673523,3.956257
11839,7.151441,-0.9381985
11840,7.863356,-1.434458
11841,5.833382,1.8661392
11842,8.433384,0.7243698
11843,6.8446155,1.4105698
11844,7.552748,0.63393646
11845,6.729719,4.9026184
11846,7.061079,3.4493158
11847,7.896279,2.1352735
11848,7.6126294,4.9523997
11849,7.2123337,5.2951026
11850,6.0760036,6.589537
11851,7.8097615,3.3796961
11852,8.241302,-0.77606106
11853,7.82921,-1.427081
11854,6.7405744,-1.0559314
11855,7.9539638,4.0123587
11856,7.7876983,0.39246872
11857,7.643976,2.000314
11858,8.023361,4.51299
11859,7.225903,2.2104688
11860,7.699693,0.14189367
11861,6.7882442,-1.1334045
11862,6.666643,1.097584
11863,6.949287,2.2526417
11864,7.032719,1.9761124
11865,5.371839,0.48748887
11866,7.385333,0.4017512
11867,6.527412,1.9633774
11868,7.399263,-0.696348
11869,8.306905,3.0279408
11870,7.075824,2.6455588
11871,7.1031904,2.645003
11872,8.163187,-0.8889964
11873,5.774266,3.0658653
11874,6.0538116,1.5788059
11875,8.318998,-0.31384608
11876,7.9018993,-2.831078
11877,9.036986,0.2810129
11878,6.611996,-0.8570531
11879,7.8574424,-0.11148828
11880,7.3016024,0.16921993
11881,7.044772,-2.3608527
11882,7.634997,-1.2393714
11883,7.8957496,1.6737621
11884,8.608426,1.7359343
11885,6.2036066,2.0840106
11886,7.2915363,2.3506792
11887,6.6586833,1.5701374
11888,5.771391,-2.9756513
11889,6.503645,-2.4012806
11890,6.0819654,0.14498663
11891,7.0691175,-1.1727655
11892,6.406847,-0.91122556
11893,4.764117,-0.9674508
11894,6.563351,-4.803058
11895,6.9217577,-3.7451546
11896,7.1457314,-2.3769836
11897,7.9584446,-1.3468901
11898,6.613859,-0.012280547
11899,6.219452,-5.8235903
11900,6.980735,-2.7732928
11901,6.4389896,0.26950052
11902,8.775302,-5.11268
11903,6.615375,-0.64183176
11904,7.4840074,-2.5301826
11905,8.135902,-6.0906587
11906,8.745437,-4.5214124
11907,7.428694,-0.015665045
11908,7.583969,0.34694618
11909,7.8309283,-1.7622234
11910,6.5987573,-1.9731917
11911,7.8926053,-1.2871177
11912,7.9820623,-3.6877704
11913,7.2982364,1.76135
11914,7.5027504,0.83729625
11915,7.3472147,1.6127895
11916,7.476023,0.22695278
11917,7.8419814,0.98103076
11918,6.775679,-3.7594032
11919,8.827677,3.1007128
11920,9.344901,1.0986012
11921,7.569031,-0.6174871
11922,8.112943,-1.1430131
11923,7.3216066,-0.4595065
11924,6.932375,0.48566234
11925,5.918871,-4.5387216
11926,5.715007,-1.313635
11927,7.1945577,2.661485
11928,7.2243023,-1.5470482
11929,5.384553,-2.5058913
11930,7.9120536,-3.2154675
11931,8.12151,-2.4362502
11932,7.0502696,-4.7543144
11933,6.291086,2.1174304
11934,5.7444353,-0.05084387
11935,8.863428,-0.8200193
11936,8.917735,-0.7084202
11937,7.3539042,-0.058505256
11938,5.5304046,-1.697055
11939,7.4114475,-3.348177
11940,6.914257,0.9741352
11941,7.135612,6.7555847
11942,8.595432,0.7351652
11943,7.8611236,0.0073494283
11944,6.976256,-0.9858589
11945,8.370375,-0.9475563
11946,7.629644,-0.31997314
11947,8.229271,0.35563785
11948,8.536189,1.2730428
11949,7.6116915,1.8004897
11950,7.532081,3.7650287
11951,7.967672,2.8838348
11952,9.040478,7.689856
11953,8.105585,4.679083
11954,8.442567,1.8757871
11955,7.527154,2.3595552
11956,9.057242,4.590326
11957,9.24936,2.3626235
11958,8.250368,2.4338994
11959,8.132212,1.0249485
11960,6.6577644,1.2578428
11961,7.748212,2.5466387
11962,9.084903,2.803
11963,9.542415,-0.14822575
11964,6.923111,1.7451416
11965,8.35067,0.26281902
11966,8.1817875,0.15757614
11967,6.816949,0.68507814
11968,7.064842,-0.77222586
11969,7.1069665,-0.46379066
11970,6.032934,-2.64354
11971,5.956482,-2.7856784
11972,8.5193,-0.8172445
11973,7.995107,-3.222306
11974,7.843692,2.7139935
11975,6.349138,-2.327719
11976,5.924727,2.6467316
11977,8.154756,3.2576046
11978,6.5954795,0.43148568
11979,7.9229493,4.174189
11980,8.582674,1.750437
11981,8.995152,2.0827484
11982,7.536244,-1.7124805
11983,7.719752,-0.23274305
11984,8.43769,1.9051524
11985,8.285092,1.8757157
11986,8.29577,3.349477
11987,8.637393,-0.8410463
11988,11.191578,1.6135286
11989,9.803291,0.40523437
11990,7.28063,0.9389678
11991,9.040913,-0.14551139
11992,8.1044235,-0.14433889
11993,6.932223,-0.5422565
11994,9.374216,-4.049951
11995,7.7359333,-0.8525611
11996,7.451367,-0.77818805
11997,7.2335963,1.4631146
11998,8.947985,-2.0752258
11999,9.5711775,1.7026106
12000,9.156135,1.153693
12001,8.625329,1.3200406
12002,8.501546,2.6143613
12003,7.0465374,2.1276155
12004,9.283575,-0.35275456
12005,7.6042185,0.9290413
12006,7.641973,1.7227736
12007,9.958677,-1.2055063
12008,8.089809,-0.77398956
12009,10.8266,-2.8606865
12010,8.890445,-3.6422455
12011,9.067587,-3.4245496
12012,9.705024,-2.5061636
12013,8.454078,-1.5429282
12014,9.733078,0.38198334
12015,9.785511,0.18688004
12016,7.72386,1.1987591
12017,8.07865,1.5546596
12018,8.890922,-0.08787867
12019,8.677121,-1.4594585
12020,9.027861,2.2730536
12021,8.277377,1.4959328
12022,7.3287396,-0.20351182
12023,8.9045515,2.6057844
12024,8.1116905,-0.67812675
12025,7.685157,0.2324623
12026,7.8940244,1.4636937
12027,7.7886114,-0.9646719
12028,8.994794,0.9840351
12029,7.455212,1.608099
12030,6.7234583,-0.51552993
12031,8.596424,0.44008335
12032,9.311497,-0.50553554
12033,9.889261,-0.539954
12034,8.261964,-2.6805398
12035,9.353472,-0.119640596
12036,9.282781,-0.33428565
12037,9.274221,-0.44080594
12038,8.058887,0.25634784
12039,7.133241,1.9845227
12040,7.827875,-1.4565502
12041,8.5262575,-0.05636372
12042,7.925179,3.519635
12043,7.7533317,1.014089
12044,7.5787044,1.7855319
12045,6.531619,-1.2636513
12046,8.192084,-0.770284
12047,7.644091,3.513748
12048,8.71913,0.83437645
12049,7.6195374,-0.12223056
12050,8.286118,2.2335355
12051,7.32954,-1.9514004
12052,8.772213,-2.562231
12053,8.428213,-1.1349844
12054,7.406278,-1.0920973
12055,8.117421,-2.6493142
12056,7.962306,-1.2495286
12057,6.761471,-2.9292092
12058,6.6442246,-0.6646197
12059,7.576522,-2.1011634
12060,8.866454,-0.67542964
12061,5.666378,-0.66356087
12062,7.7773466,1.5003805
12063,7.2783217,0.56765074
12064,9.228991,-2.716061
12065,7.462504,-0.21307097
12066,7.596727,0.48399314
12067,7.012989,-2.2830553
12068,6.542155,0.022761533
12069,6.186443,-1.8621254
12070,7.248592,-4.7791653
12071,6.3879933,0.83970755
12072,7.0640154,-0.6311517
12073,7.613778,-1.1204705
12074,7.699524,-1.1863104
12075,6.467919,-0.13392544
12076,6.654115,0.44391173
12077,7.978662,-1.0086896
12078,8.371836,2.7542224
12079,8.665796,-0.52419645
12080,7.76099,0.3291138
12081,8.986817,-1.3459896
12082,7.2657676,0.36083126
12083,8.551274,2.5288432
12084,9.693301,0.009713333
12085,8.364237,-2.4196908
12086,8.549749,-1.1043288
12087,8.004935,0.053756364
12088,9.137581,0.32015643
12089,7.750632,1.0269564
12090,7.9248834,1.1472194
12091,7.499817,2.6013253
12092,8.012237,-0.52266425
12093,6.444972,0.81336486
12094,6.721872,0.44009566
12095,6.919012,1.335118
12096,8.200975,1.366033
12097,7.7406564,0.3864685
12098,8.737446,2.557018
12099,8.431318,1.1536391
12100,7.77276,1.6247631
12101,8.022042,-1.6720177
12102,8.002041,-1.079847
12103,8.468524,0.23995681
12104,8.039768,2.9742994
12105,7.2454286,2.4229712
12106,8.826016,-4.952526
12107,7.8288736,-1.9424635
12108,8.778572,-3.290059
12109,7.909324,1.9724056
12110,7.91116,0.2627742
12111,6.865667,0.9176053
12112,8.336265,-1.557117
12113,7.0398917,-2.1228533
12114,7.2815037,-4.490737
12115,7.7534866,-1.9602906
12116,7.1903405,-3.0955384
12117,7.137603,0.37746644
12118,7.127316,-1.5499152
12119,7.839613,-0.78334004
12120,7.247363,-1.8766654
12121,7.2453265,-1.0906696
12122,8.4163885,-4.200049
12123,7.6506834,-3.3315237
12124,7.5744033,-1.392209
12125,9.69172,-1.4152871
12126,8.016221,-0.6441893
12127,6.9327307,1.2227874
12128,8.515606,-1.939218
12129,6.8971963,-2.1781566
12130,7.5356355,-1.006464
12131,7.9162135,0.2597221
12132,7.5022817,-2.284854
12133,7.222457,-0.025787747
12134,6.5762463,0.36298147
12135,8.672068,-1.4277633
12136,7.7144504,-0.8600545
12137,9.297449,-0.032352798
12138,9.047784,0.107997246
12139,7.859137,0.542081
12140,7.601559,3.164291
12141,6.671593,0.84688795
12142,8.015987,3.3593304
12143,7.239159,0.51154524
12144,5.555516,2.713944
12145,6.212295,3.5387094
12146,6.7918625,6.03592
12147,7.1011963,1.9926043
12148,6.4779077,1.7638606
12149,6.868287,3.0658371
12150,7.5075617,1.6623825
12151,7.0256543,0.73895955
12152,5.7704206,0.82284987
12153,7.9673257,-0.6201652
12154,6.3539324,0.930441
12155,7.1931014,1.8557916
12156,8.141895,0.56969655
12157,9.430709,0.99209625
12158,9.177338,3.7319846
12159,6.5585895,0.94832504
12160,8.152942,0.60601026
12161,7.659562,3.7779503
12162,7.013382,-0.61898375
12163,7.385083,0.55826986
12164,8.653141,-1.1827612
12165,8.244682,0.6171457
12166,7.211709,1.7511593
12167,6.848183,3.3497398
12168,9.564493,3.933963
12169,7.0932226,2.6724494
12170,7.2610626,1.0792309
12171,6.950674,2.1100488
12172,6.950033,3.695415
12173,9.200001,3.6110003
12174,7.428146,-1.8333703
12175,9.261735,-1.0993655
12176,7.9463286,2.4987445
12177,8.014415,0.6338242
12178,7.747315,0.7418947
12179,8.201261,1.239007
12180,8.180509,0.42870748
12181,9.551605,-3.1933243
12182,8.071757,-0.46037635
12183,8.314855,1.9027576
12184,7.8917017,0.86973906
12185,8.641902,-0.51590925
12186,9.631725,1.870591
12187,8.948856,1.1651386
12188,9.700938,-4.1340656
12189,9.5345125,1.6125499
12190,8.1709175,-0.47887832
12191,8.598032,1.5500737
12192,9.164012,3.495737
12193,6.907075,1.9525498
12194,6.9861026,4.195469
12195,5.7021255,4.5259
12196,7.3872843,4.4817066
12197,8.205211,2.734887
12198,6.8294735,3.2921324
12199,7.966716,4.005157
12200,8.125117,3.7276475
12201,7.0512943,5.8413143
12202,6.806699,4.5311575
12203,8.423991,2.010458
12204,6.8102455,0.9554633
12205,6.836645,3.4903533
12206,8.842703,0.8258587
12207,8.451115,1.519029
12208,8.08687,1.011263
12209,8.585215,2.1377418
12210,8.480541,3.2419367
12211,7.507058,0.8514098
12212,8.374582,2.7376964
12213,8.093549,2.2094805
12214,6.4495115,7.4170103
12215,7.2244883,1.7257328
12216,7.3888583,-0.22908837
12217,6.2119536,3.301574
12218,7.0553684,2.4210088
12219,7.6254334,2.082349
12220,7.785828,3.0440338
12221,8.2452755,3.894366
12222,9.379964,3.829263
12223,8.0721445,0.9662629
12224,8.822289,4.150874
12225,9.149533,5.0335655
12226,7.673097,4.463296
12227,8.759045,4.0823703
12228,7.1034307,2.5788515
12229,6.745911,5.3533416
12230,6.937993,3.6949294
12231,5.1868834,-1.0371432
12232,7.2794623,6.201028
12233,7.5985103,4.803082
12234,6.657921,5.4611964
12235,6.9299755,3.5171041
12236,6.8469706,7.5843873
12237,6.0083795,3.4949403
12238,6.6134925,4.779612
12239,6.782392,3.1615431
12240,6.80318,0.5159276
12241,7.41748,4.5932255
12242,6.024341,-2.3080082
12243,6.763495,-0.49159777
12244,8.079661,-1.1046215
12245,7.8285537,-3.1546469
12246,6.1732764,-0.5048061
12247,7.935697,-1.1823285
12248,7.0113235,-1.1023259
12249,7.490049,-0.65698
12250,6.042198,-1.7374731
12251,5.6676073,-0.91640794
12252,7.9742656,1.3049798
12253,8.381534,3.9604657
12254,5.076993,4.217827
12255,7.2334003,5.0883055
12256,5.447867,6.193842
12257,6.859159,0.7217823
12258,6.444402,2.2160127
12259,4.8338933,-0.3217241
12260,8.43073,-3.0755384
12261,8.306337,1.2592447
12262,8.379062,-0.72552496
12263,8.454245,-1.2143387
12264,7.19489,1.8594853
12265,7.3635154,-1.1253375
12266,8.232569,-3.242259
12267,7.874849,-2.7297025
12268,7.1128707,-0.5887955
12269,7.185517,-2.2207735
12270,6.8558164,-0.060092594
12271,6.9914165,0.9430584
12272,7.3405614,0.85021716
12273,7.7898245,-3.1465807
12274,6.3628345,-2.1300788
12275,7.048883,4.2682567
12276,8.346858,0.0419175
12277,7.689852,1.6885352
12278,8.5239105,2.3671677
12279,7.3315754,-1.0049999
12280,7.893635,-2.1006217
12281,7.206898,1.1027042
12282,8.411309,1.8182347
12283,8.315787,-0.7191689
12284,8.919125,1.4120269
12285,8.463237,1.5650862
12286,8.78501,-0.0688968
12287,8.799491,-0.7847248
12288,7.7087336,1.4709439
12289,6.878465,2.9970617
12290,7.9235954,-0.684274
12291,7.1996293,0.5629968
12292,7.317397,0.35252503
12293,5.4151497,5.9990172
12294,6.6331778,3.6099763
12295,7.5316896,3.5372818
12296,6.8559723,5.5414443
12297,6.6263723,5.9864864
12298,6.699209,4.9380007
12299,7.914445,6.1388803
12300,8.248558,2.229077
12301,7.5652924,4.5656185
12302,7.196815,6.38341
12303,6.957313,8.9887905
12304,7.1399646,8.034876
12305,8.523854,2.7241313
12306,7.3751135,3.5436206
12307,7.120558,0.80749625
12308,7.9015803,7.696225
12309,9.1304655,4.0982413
12310,7.542821,2.896005
12311,7.2246904,1.2632643
12312,8.211322,2.3353262
12313,8.080138,2.7071664
12314,9.065867,4.13465
12315,8.57967,3.6700723
12316,10.115577,2.83377
12317,7.2085323,2.9098225
12318,5.6061673,5.5995893
12319,4.506545,1.6115863
12320,4.3671074,5.1988072
12321,5.4665666,3.271634
12322,5.6067624,0.14470504
12323,6.5279446,0.2981291
12324,5.181021,0.70062685
12325,5.697597,1.4898449
12326,5.002792,1.351985
12327,9.291164,2.4114397
12328,7.61414,4.3203106
12329,6.8875875,3.7129998
12330,6.707873,2.1248393
12331,5.331395,0.3049488
12332,8.461067,1.9219362
12333,7.1043787,-0.0010754067
12334,9.528118,2.7346995
12335,6.8498273,-1.4997432
12336,8.59133,-0.06913012
12337,7.2404375,0.77515686
12338,9.01543,0.28666493
12339,6.862472,2.2938287
12340,7.7623186,4.21106
12341,7.2726755,5.4720397
12342,7.574518,5.018177
12343,7.6093073,1.4676119
12344,6.685196,2.9443693
12345,8.027147,3.0706341
12346,7.2485237,1.3192625
12347,7.9130664,3.8570526
12348,7.5002813,2.3327887
12349,5.832241,0.95076585
12350,8.308346,-0.43308678
12351,8.008272,1.8436433
12352,8.2409,0.32824746
12353,8.389975,3.2662036
12354,7.7539973,0.35172403
12355,7.3349752,1.2558829
12356,6.5451674,2.915643
12357,6.414831,2.9950593
12358,7.8111777,6.482457
12359,8.631038,4.9399786
12360,7.691757,1.6208683
12361,8.930346,2.037987
12362,8.767964,4.3495774
12363,7.9705906,-0.6052054
12364,7.8132844,2.215679
12365,7.813701,2.6520333
12366,7.1830463,5.0327096
12367,7.2848387,2.3952992
12368,8.183951,4.741187
12369,8.041766,2.2895563
12370,7.3947244,3.6200056
12371,7.948218,3.32626
12372,6.9082603,0.5440151
12373,6.9009013,0.4845795
12374,9.61252,-0.2052147
12375,7.6110945,1.1892194
12376,7.6073914,1.6688753
12377,7.9912395,-0.95831734
12378,8.485343,2.5724933
12379,9.0018,2.809958
12380,8.223857,1.5195119
12381,10.508506,0.44678757
12382,8.276283,2.770776
12383,8.994581,0.9921284
12384,10.24473,-1.380479
12385,7.425153,-0.756638
12386,7.5673523,-0.19725461
12387,7.1717973,-1.5367281
12388,8.041294,-1.0331274
12389,5.738607,4.3726206
12390,8.005305,2.733379
12391,7.039056,0.8289711
12392,7.958592,-1.1556708
12393,7.24286,-0.39585146
12394,7.603401,-1.1553018
12395,8.741077,0.7417315
12396,7.267704,0.92254883
12397,7.944393,-0.64594036
12398,7.0276527,5.5123997
12399,6.733632,6.1926956
12400,7.23358,2.0390224
12401,8.256836,0.0052004354
12402,6.454962,-0.3518559
12403,8.3623085,1.5133053
12404,7.422267,1.1160008
12405,6.1433573,0.3731312
12406,6.5524383,2.0363731
12407,7.0346327,2.4635274
12408,9.531259,2.406679
12409,8.377712,3.1706152
12410,8.994257,1.2148067
12411,7.9482746,-0.34587848
12412,7.450247,-0.19674598
12413,7.0569043,-2.3316617
12414,7.3019376,0.71628636
12415,7.1874723,0.68607324
12416,8.288273,0.9939378
12417,9.70449,-1.3585424
12418,6.8074512,1.2262709
12419,6.8498564,-0.6159215
12420,6.326808,0.46660203
12421,7.48262,2.943462
12422,7.6915317,0.679069
12423,8.084122,-0.037834626
12424,7.09423,2.1994805
12425,6.7339544,1.2100365
12426,6.189846,3.6825483
12427,7.135484,-0.48596033
12428,7.200533,0.42832237
12429,8.583226,3.0401974
12430,7.4891925,2.7222037
12431,7.4588037,0.70257854
12432,8.231555,1.5245603
12433,7.234707,0.9054852
12434,8.239011,3.7116446
12435,9.085426,3.5956619
12436,6.635086,4.286817
12437,8.17357,4.514178
12438,6.6333385,3.7489913
12439,5.8694715,3.9237409
12440,8.143149,3.6224213
12441,8.12284,-1.3776152
12442,7.596977,2.3289459
12443,7.0628085,1.540475
12444,8.777135,0.70493037
12445,7.0682583,3.5980003
12446,7.377813,-1.2309333
12447,6.6097546,0.27060202
12448,6.628028,3.3286521
12449,8.023265,0.25058252
12450,7.784466,1.7000527
12451,7.398793,5.4046574
12452,6.075297,0.46385226
12453,6.4172816,2.5065997
12454,7.2299514,1.4426373
12455,6.614224,-1.5551777
12456,4.4518514,-0.65862006
12457,5.890523,1.5661536
12458,6.549037,4.215202
12459,7.1426682,2.8339145
12460,8.404834,6.690854
12461,8.37194,4.589875
12462,8.623214,4.817031
12463,7.764343,3.4290566
12464,10.038826,2.4010432
12465,9.049942,3.3648195
12466,8.457037,6.758709
12467,6.990543,5.6282744
12468,6.106267,1.2047931
12469,8.053102,1.4072411
12470,8.565116,3.1456125
12471,7.9130125,2.187065
12472,7.488728,4.703294
12473,6.9884787,2.0735824
12474,6.426298,6.1321225
12475,7.2375007,3.0688784
12476,7.0916986,2.3833084
12477,7.01892,1.1611904
12478,6.5451074,-1.2418289
12479,6.9800744,3.325874
12480,6.967137,1.3496003
12481,8.825433,1.482594
12482,8.886384,2.7271607
12483,7.2296658,4.018974
12484,7.133821,1.6965898
12485,6.6747355,1.6123896
12486,7.907966,2.7453535
12487,7.0172505,1.6303457
12488,6.974379,2.3415987
12489,7.133695,-0.41943845
12490,7.106989,-0.49317273
12491,6.4022245,-0.8999295
12492,8.104707,-0.41550228
12493,7.505184,-3.3284633
12494,5.849877,-3.0263498
12495,7.545557,1.133311
12496,5.6726136,-0.6017713
12497,6.4827833,-1.3153086
12498,5.171515,-0.6080514
12499,7.730211,-3.5165176
12500,7.557971,-4.7517796
12501,5.410852,-3.6492746
12502,7.076432,-0.3512756
12503,5.60386,0.4208609
12504,4.9325547,-3.2107892
12505,6.2884507,0.09300903
12506,6.426207,0.23608018
12507,6.9521427,1.097584
12508,8.475162,-1.3690436
12509,7.2371416,-0.38334355
12510,6.3448496,-2.9060152
12511,6.6303325,-2.9731138
12512,6.2041206,3.7506244
12513,4.935216,0.45513222
12514,5.3411074,0.6160508
12515,6.057866,0.40294603
12516,5.941136,0.3292609
12517,6.0795145,1.0241051
12518,5.6035433,-0.011435308
12519,6.242471,-1.1214525
12520,7.9098196,-1.3248304
12521,7.1452084,-1.5753886
12522,5.971863,-0.9039643
12523,7.1489873,-2.19444
12524,5.9559865,-1.9339725
12525,6.5741844,-3.79918
12526,6.0422425,-0.65213394
12527,4.9791455,0.866244
12528,6.731256,1.8049903
12529,5.935287,-1.8784815
12530,6.592257,-0.6686685
12531,6.9913177,0.5021501
12532,7.5419226,1.2868743
12533,7.6062326,-0.8830914
12534,8.281168,-3.5156517
12535,7.316387,-4.446501
12536,6.5901575,0.3094948
12537,6.90056,-0.4088019
12538,6.516789,-1.6811281
12539,6.3609138,-0.2661012
12540,4.715155,0.16555604
12541,6.2128115,2.0933082
12542,6.356253,-0.80030674
12543,6.237312,-1.5711426
12544,6.34446,-4.4035883
12545,6.705806,-2.1179895
12546,7.7240915,-5.6977763
12547,5.9763565,-0.66709054
12548,5.6645346,0.23182455
12549,5.825764,-2.866677
12550,4.51816,-1.1382793
12551,6.9314556,-3.0258176
12552,5.295068,1.3872315
12553,7.501384,0.3665443
12554,6.4360323,-2.409682
12555,6.556354,1.1863494
12556,6.874291,1.3540657
12557,6.177094,-0.5018947
12558,4.7697024,4.2183094
12559,5.2260756,-0.23158675
12560,6.2499804,5.383352
12561,5.0979767,0.47078148
12562,5.4321594,1.5328946
12563,7.7368846,-2.521426
12564,6.444952,-0.5875862
12565,6.32032,1.0167325
12566,7.241926,-0.19609909
12567,7.363523,2.852668
12568,6.387474,-1.4325743
12569,7.3375883,0.0061211046
12570,6.7027173,1.1930611
12571,4.989263,-0.24299721
12572,5.7624364,0.46278027
12573,5.46639,2.2541924
12574,5.773476,0.77944744
12575,6.4796877,0.07402939
12576,5.592522,1.5940173
12577,6.4617386,0.22330716
12578,6.614614,0.8079423
12579,5.553095,-3.621138
12580,6.4947534,-0.41733667
12581,7.988524,-5.1410227
12582,4.962963,-0.4381117
12583,7.484721,1.8657628
12584,7.6191115,2.0783546
12585,6.0402293,1.9623369
12586,6.8322916,0.98580754
12587,6.524501,-2.9727404
12588,7.2289424,2.1969082
12589,8.166852,0.39381546
12590,6.890106,0.7565194
12591,8.041799,0.48773527
12592,7.7225404,0.34540266
12593,7.1859875,-0.089338034
12594,8.097741,-2.5013719
12595,7.7368956,0.55267817
12596,5.188007,-3.9490662
12597,7.728197,1.9261377
12598,8.563666,-0.15572158
12599,6.683877,1.2645948
12600,8.4661,0.084795944
12601,8.589528,0.2926363
12602,7.0693383,-1.8885732
12603,6.8206377,-1.5963546
12604,7.55813,-0.00051446626
12605,5.103787,-0.09068029
12606,7.8631096,1.7151421
12607,8.486749,-0.73560977
12608,7.2554665,-0.7318624
12609,8.926065,0.5546042
12610,8.114044,-0.41571376
12611,7.6960435,0.6301353
12612,6.015968,1.4206165
12613,6.592724,1.3500191
12614,7.113686,1.407561
12615,6.99212,2.71606
12616,5.8357377,4.7190824
12617,6.8313966,-1.1255796
12618,6.5108914,-1.2617496
12619,5.0641437,2.158947
12620,5.6672006,2.2082782
12621,8.699943,1.59184
12622,6.8488865,-1.9024001
12623,5.8435597,3.3208466
12624,7.888788,-1.199225
12625,8.34172,0.890935
12626,5.9669805,3.0677407
12627,7.4780545,3.7898796
12628,7.607067,3.7072537
12629,6.77303,-1.7757293
12630,8.013479,0.73738945
12631,7.362323,0.29944167
12632,5.7995777,-0.49499905
12633,7.4071646,3.9534507
12634,6.4750524,2.4122987
12635,5.9476895,4.008194
12636,6.9251385,1.4100091
12637,8.402832,0.96934956
12638,7.424387,3.5326815
12639,7.5779057,1.4922205
12640,7.3820953,-1.370939
12641,8.125716,4.931351
12642,4.614435,0.23236391
12643,6.9045024,-0.39579484
12644,6.1401505,0.6841347
12645,5.5477786,1.9415553
12646,8.2740135,-0.19606355
12647,5.923905,1.3166604
12648,6.0875053,1.810145
12649,5.9288096,3.2465432
12650,7.0230465,-2.1317785
12651,7.2124305,-0.2072614
12652,7.105393,0.4795951
12653,8.268541,-0.82721925
12654,7.3423495,-6.0520415
12655,7.586195,-1.7447411
12656,7.44282,-2.4214745
12657,4.839266,-0.49637198
12658,7.6185064,-2.243748
12659,7.270075,-0.24871701
12660,5.5561476,1.2228194
12661,7.1106453,2.65224
12662,8.678918,1.35887
12663,6.65345,-1.244691
12664,5.540089,-0.010571805
12665,6.070286,2.0180328
12666,6.348437,0.06514977
12667,7.276036,0.78958917
12668,6.5667233,5.324586
12669,7.940729,5.17462
12670,6.471616,4.8613715
12671,8.227212,6.0227294
12672,6.4253316,5.606061
12673,7.2287445,6.2382855
12674,8.602153,1.6708058
12675,4.304624,3.2150898
12676,5.804676,4.364833
12677,8.086306,0.03890397
12678,7.2701454,0.25278777
12679,7.31769,4.1346803
12680,4.830024,2.6248677
12681,7.633722,1.4775162
12682,7.0214043,0.019515157
12683,6.560106,1.0217189
12684,7.516044,-0.7425507
12685,5.8619313,-1.9741305
12686,6.3053164,1.4861795
12687,7.5615826,0.41159368
12688,5.987723,0.82768786
12689,6.8136706,0.6660627
12690,5.238521,1.348967
12691,6.1906385,-1.0435363
12692,6.7671,-2.7077138
12693,5.909271,-3.470075
12694,6.623134,-0.98143923
12695,7.1059027,0.71087146
12696,8.750502,-1.4603728
12697,8.144823,1.6399114
12698,8.177643,1.1316607
12699,7.3051033,1.4844354
12700,7.4578304,1.4598784
12701,8.570847,-3.194954
12702,7.5659595,-4.9393973
12703,7.916207,-4.4294333
12704,5.6872926,0.4536872
12705,8.326414,-0.64859307
12706,7.3672924,0.4055605
12707,7.545113,0.13455464
12708,8.277121,-1.6491446
12709,8.211959,-0.098929234
12710,7.7840066,3.0027964
12711,7.161418,2.5375025
12712,7.4606233,1.6688843
12713,7.9625835,-0.82150453
12714,7.4985213,3.229436
12715,8.806512,-0.43768084
12716,7.740241,2.244353
12717,9.422717,0.6090932
12718,7.480648,0.18954095
12719,6.577047,-3.0341399
12720,6.005926,-1.8104213
12721,7.4923606,-2.0117857
12722,7.3426347,0.35571074
12723,6.312169,-2.7397285
12724,5.40978,-2.0729952
12725,6.625621,-0.44685063
12726,6.3699174,-0.00015450963
12727,6.2082753,1.646714
12728,7.8962607,2.2233412
12729,8.101354,-0.41823187
12730,8.669484,2.303872
12731,8.114204,-0.55247635
12732,7.179958,1.0415425
12733,7.36388,-1.7065568
12734,5.984459,-1.946614
12735,5.8365035,0.65513587
12736,5.3981566,2.8204842
12737,6.236042,1.4804178
12738,4.8586464,-2.6364982
12739,6.6193557,0.017884368
12740,6.96497,0.28540042
12741,5.2791877,-2.2150784
12742,7.6652913,0.16666318
12743,7.5675,-2.8128057
12744,6.185602,-2.6888819
12745,7.423346,1.791406
12746,5.212562,-3.9683974
12747,7.847389,-4.9659753
12748,7.026026,0.24757071
12749,7.0616612,-2.055295
12750,6.2530518,-2.9142482
12751,7.309598,-4.41103
12752,6.080552,-5.2684646
12753,8.175022,-3.3398733
12754,8.12552,-1.8027304
12755,7.20244,-1.5810683
12756,7.9598556,-1.3666404
12757,7.4049726,-1.8826255
12758,6.335732,-3.1039805
12759,7.7888155,-1.3846196
12760,5.97367,1.0791206
12761,6.488365,2.4804754
12762,6.8492546,2.0555654
12763,6.4028306,-0.2854376
12764,8.265796,-0.47484368
12765,6.645614,2.5801618
12766,6.315007,-0.09518603
12767,6.8907743,0.45240137
12768,6.0108995,-2.2106173
12769,6.5303483,-1.1841391
12770,7.8411818,0.31578022
12771,7.7803984,3.013601
12772,7.8498535,1.2074659
12773,6.887646,-0.60389817
12774,5.7747316,0.38779178
12775,6.167525,0.18116936
12776,7.5220494,1.1080356
12777,6.9680805,2.5354748
12778,7.440673,0.7422932
12779,6.0836763,0.9779719
12780,5.811938,1.1751114
12781,5.204817,-1.0536505
12782,6.6044827,-2.2532916
12783,6.4299293,-1.6853732
12784,4.7972264,-0.56782734
12785,7.3160973,2.2381823
12786,6.6141753,1.2259597
12787,6.218139,-2.1550477
12788,6.7768707,-0.38079584
12789,5.5225296,0.52200615
12790,6.3355556,-0.35553032
12791,7.059691,0.09881237
12792,5.7402463,-1.0465876
12793,7.5706234,2.1843078
12794,8.783072,3.903433
12795,7.43459,1.5867509
12796,8.618974,-1.3092786
12797,8.166865,-0.7574858
12798,6.7025123,-1.7313808
12799,8.457847,2.1653588
12800,7.8458323,1.3138708
12801,8.0942545,-0.7967476
12802,7.3875384,0.04361971
12803,7.4965615,0.21441692
12804,8.92237,1.9313987
12805,8.698971,3.0941403
12806,8.011246,-1.6500212
12807,7.8942003,-2.590107
12808,6.918191,1.3491321
12809,7.2892303,1.9394602
12810,6.117876,1.700116
12811,7.620064,3.3316393
12812,7.1283627,3.01806
12813,7.2002873,0.36050326
12814,8.95832,4.194496
12815,7.109977,4.052708
12816,8.220182,1.386418
12817,7.2771063,-1.937868
12818,8.056638,-1.037393
12819,6.5551043,-2.629868
12820,6.6890464,1.36264
12821,7.7463546,4.4961667
12822,7.1559124,1.9499085
12823,7.8697915,-1.38322
12824,7.0414114,0.286739
12825,8.193609,2.099082
12826,7.4878063,-0.8479064
12827,5.3476686,1.4448605
12828,6.451583,2.4614005
12829,7.6212506,-1.8673414
12830,7.65458,0.26902792
12831,6.379033,-2.065185
12832,7.9238224,1.063921
12833,6.437587,1.9350426
12834,8.200462,0.3745426
12835,7.693611,1.2407174
12836,6.4397097,1.4875755
12837,6.146301,4.5557666
12838,7.4662275,-0.5523885
12839,8.899362,2.1614368
12840,7.652107,4.416999
12841,7.768246,0.6060153
12842,6.2836494,1.2794085
12843,6.365885,-0.6967125
12844,7.3819876,3.002727
12845,6.877454,2.6571722
12846,7.4774437,0.49048966
12847,8.762934,-1.1418924
12848,8.347584,1.5891383
12849,7.712881,3.1722593
12850,8.439555,6.1697845
12851,7.3554044,4.4064374
12852,7.3991537,-1.106547
12853,7.2767835,4.4869757
12854,6.6978464,1.9891124
12855,7.173563,-1.6438651
12856,6.9080873,1.1080487
12857,5.9739985,2.506303
12858,6.1844044,-1.75371
12859,6.938057,-1.5323093
12860,8.228362,-2.1017659
12861,7.087548,-1.6709564
12862,7.59682,0.33276114
12863,8.431845,-2.7074168
12864,8.104049,-1.765433
12865,6.6874866,2.0722463
12866,8.250861,0.35711318
12867,7.2316895,-1.8770232
12868,7.0426903,-1.8767053
12869,6.443845,-1.6742911
12870,5.9612556,-0.67512345
12871,7.0684614,-1.151637
12872,6.5120025,0.9895776
12873,6.363491,1.0954953
12874,6.561509,-2.76934
12875,5.69013,-2.870758
12876,6.5828376,-2.4826405
12877,7.4332786,1.5379409
12878,6.418222,0.0036479412
12879,7.525946,-5.5198007
12880,8.09406,-4.4012256
12881,6.389634,-4.5105557
12882,6.4342694,-3.7812064
12883,6.576085,-0.24035425
12884,6.537129,-0.737053
12885,6.471538,-0.09343175
12886,6.0433006,-2.0783317
12887,5.6555,-1.9610713
12888,6.666745,-0.7649531
12889,7.372794,1.3288927
12890,8.92416,-1.7964745
12891,8.242596,0.11171573
12892,7.0010376,-1.6682196
12893,8.229218,0.17348133
12894,7.4705935,0.45228872
12895,7.564796,1.8389598
12896,9.267733,-1.2819116
12897,8.443602,-0.89546996
12898,6.8748,-2.2708085
12899,9.513414,-1.1090525
12900,8.644565,-1.6535609
12901,7.374249,-4.0492516
12902,6.125963,-1.0635656
12903,7.784271,0.1557503
12904,5.839672,-2.1704729
12905,5.557277,-1.1510335
12906,6.5524073,0.07261195
12907,6.4305897,5.1883106
12908,5.897356,-0.54661
12909,6.3526897,-0.4040407
12910,6.8080583,1.0035167
12911,5.1060143,0.48534852
12912,6.8123875,-0.6184369
12913,6.664433,-0.57050604
12914,6.0036526,0.6474132
12915,6.6791086,1.3000829
12916,5.721604,-0.74186033
12917,6.7226233,-4.2983522
12918,7.0980673,-1.1833141
12919,7.3501115,-2.7323003
12920,7.0379043,0.96902823
12921,7.3522077,0.028425144
12922,6.510786,0.385939
12923,7.6371117,0.36678725
12924,5.547181,-1.4911001
12925,6.999411,0.7921765
12926,6.98183,-0.52361345
12927,6.38754,-0.86393434
12928,7.6374774,-1.642825
12929,5.923526,-2.0192
12930,5.793845,-1.3479869
12931,8.069185,-2.0587687
12932,6.8731112,-5.0852427
12933,6.8511257,-4.4038167
12934,6.5333285,-2.7652698
12935,6.5644293,-0.25169048
12936,6.561353,0.15384717
12937,7.0727835,0.3098822
12938,7.4973493,-0.26652738
12939,5.802029,-4.7881036
12940,7.091733,-4.035608
12941,7.0552726,-4.4361286
12942,4.202488,0.9223379
12943,7.5816264,1.3685336
12944,7.1465764,-3.275606
12945,5.2383776,-0.40069944
12946,5.434671,-0.6223427
12947,6.817139,-3.2224343
12948,6.3056183,-3.955143
12949,7.017368,-1.1627874
12950,6.6606092,-1.0005269
12951,8.248268,-2.6496928
12952,6.7152753,-1.8101922
12953,6.780463,-1.5893226
12954,7.641342,1.1568618
12955,8.28119,0.27813032
12956,6.492877,1.2698841
12957,7.0103927,-0.43764377
12958,6.26992,0.93884534
12959,7.057053,3.226467
12960,7.514813,1.570572
12961,6.5970163,3.8079667
12962,4.959341,-1.647831
12963,6.0808864,0.67864287
12964,6.7307982,-2.752095
12965,6.39646,0.2965691
12966,5.6208296,-0.13539943
12967,6.207371,-2.465168
12968,7.1778913,-1.5130475
12969,7.4840646,-1.5206355
12970,6.989991,2.5454767
12971,6.1468954,1.1212252
12972,7.119855,0.52987605
12973,5.4468207,-0.6732372
12974,5.815583,-0.3073658
12975,6.580911,0.3390603
12976,6.2172146,-0.6415819
12977,7.917972,-2.3485029
12978,7.12618,-1.5193017
12979,7.448708,-5.1131234
12980,7.464755,-1.3593628
12981,7.11038,-5.6243076
12982,6.5768104,-0.3539887
12983,6.5593376,-1.9546278
12984,4.044402,-1.5380812
12985,5.3448777,-1.5728316
12986,4.5738816,-2.0179155
12987,7.2925897,-1.712019
12988,5.3346295,-1.3067683
12989,5.5244207,1.700742
12990,5.73795,-1.0264175
12991,5.9952607,-1.8009086
12992,6.6564646,1.3456539
12993,5.360679,-0.50691444
12994,5.6933036,3.3822596
12995,6.4679246,-3.284083
12996,6.8369923,-2.162284
12997,6.948464,-0.0135851335
12998,7.598455,0.43173307
12999,5.448569,0.7522279
