Frame,PC1,PC2
0,6.232812,-2.1694283
1,5.7077575,-1.6662275
2,5.951015,-1.9589599
3,6.968674,-5.8891087
4,6.526275,-5.7727947
5,6.0941453,0.13930276
6,8.469849,-4.2871685
7,5.3599634,-2.837572
8,7.9145865,-3.612629
9,5.231422,-4.985824
10,6.9011908,-0.7255476
11,7.2900853,-1.2432247
12,5.467767,-2.918604
13,7.471737,-2.280714
14,7.9215918,-3.0038817
15,5.786759,3.7388723
16,7.329713,-1.6614864
17,7.729582,-1.0622491
18,5.3988647,0.2574022
19,7.6350284,-0.17590167
20,7.684084,-3.0613756
21,5.582977,-1.043939
22,6.245374,-3.3413272
23,7.356897,-1.1155717
24,7.7806506,-2.748787
25,8.526992,1.768527
26,8.30146,-1.4379202
27,9.401219,-4.6282825
28,8.109372,-1.4940873
29,5.6452355,1.3514155
30,8.00428,-2.08332
31,6.6254654,-1.2389071
32,6.923926,0.012691389
33,8.260235,-0.39204702
34,8.34234,-4.5037265
35,8.289977,-1.7971265
36,7.7482295,2.1713157
37,8.26648,2.0640416
38,6.835198,1.0617465
39,6.1768103,3.4900832
40,6.386197,1.6639115
41,5.879045,0.33657286
42,5.419768,-2.5875163
43,6.5102034,-0.3226608
44,5.5854335,-0.056675088
45,6.4377995,-4.08904
46,6.5704994,0.14636788
47,6.186402,1.5933359
48,7.5232635,-0.39853787
49,6.870361,2.6206963
50,6.325985,1.6320004
51,6.631588,3.4685297
52,6.199069,4.7254925
53,6.299788,3.742075
54,4.9033284,3.096476
55,6.0108786,2.1375573
56,6.3130946,-1.531369
57,6.2419844,-0.90133727
58,6.4267797,4.190784
59,5.982443,2.7475226
60,9.093674,0.40376762
61,7.8190656,2.1355805
62,7.3680024,2.953447
63,8.097242,1.986284
64,7.7048993,2.406947
65,7.264251,2.9178534
66,6.0448823,1.3839824
67,5.843883,1.6447768
68,8.773724,2.3613179
69,7.5177636,4.2675796
70,7.6557136,4.0036144
71,6.911004,5.364284
72,5.7378573,5.6301885
73,7.2326026,6.001947
74,6.231642,3.6443224
75,7.198279,5.1475616
76,5.8015337,6.630091
77,5.9351707,4.7269444
78,6.010617,4.276889
79,9.098827,4.4627714
80,8.4796,2.4841216
81,8.584007,2.6517203
82,7.6625247,3.1167266
83,7.0199823,3.9388206
84,9.285749,3.847068
85,8.600142,1.8060975
86,10.0004015,7.6449876
87,10.286199,3.5323396
88,9.565455,1.0845573
89,5.4684706,4.320388
90,8.289607,4.8469815
91,6.2646914,2.5119061
92,5.443862,3.8507645
93,5.668194,3.4340549
94,5.7187057,7.503384
95,6.179133,3.5152752
96,7.3002167,5.3112655
97,5.6922145,5.9844494
98,6.420341,3.8453574
99,6.3028297,2.0966823
100,6.6472483,5.693088
101,7.239863,4.405634
102,8.430602,7.5183487
103,8.093874,4.542699
104,7.056496,4.711933
105,7.245483,5.1522174
106,6.3921123,4.039052
107,6.167572,5.0731087
108,5.2851996,4.6846576
109,5.8367896,4.3704195
110,6.731121,5.32219
111,5.2604756,7.630817
112,6.995773,5.7933393
113,7.010998,5.2858663
114,6.5080004,3.8396986
115,7.208946,4.9131436
116,6.0688725,4.150733
117,5.226995,3.8177323
118,6.908992,6.2635407
119,6.513421,4.9178886
120,5.850279,7.309293
121,6.345488,5.428797
122,7.158591,6.790242
123,7.344305,3.099307
124,7.663305,7.2357516
125,7.179456,5.008834
126,8.5769415,3.5657163
127,9.102977,5.452168
128,7.0695615,6.4719076
129,7.346801,4.367791
130,6.0594177,3.7161162
131,7.160117,4.3135123
132,6.196711,6.5117116
133,6.333173,2.720195
134,5.673339,2.11111
135,6.739414,3.4195576
136,6.6291385,3.5495844
137,6.449228,4.752645
138,6.8688354,6.262602
139,5.088874,5.938847
140,6.2031536,4.689792
141,6.527415,6.374185
142,8.552448,5.112131
143,7.647972,2.7418318
144,6.644663,0.8633068
145,6.3643637,4.2790422
146,6.6031647,6.3919053
147,6.0788574,5.6118355
148,8.81679,5.2722554
149,5.1896305,3.4314914
150,5.572034,5.455656
151,4.6535134,7.4842134
152,6.760999,3.1962378
153,7.049546,4.1446967
154,4.2339563,4.716025
155,6.6701536,3.8487463
156,6.914854,3.408327
157,6.286414,3.356977
158,8.4410515,4.0429897
159,7.9734154,1.8630645
160,6.6634016,1.2064751
161,6.451159,1.9881041
162,6.384774,5.5003066
163,6.6302805,3.9871533
164,6.1368113,3.4052958
165,7.0529213,8.689269
166,8.467421,3.4768221
167,6.101016,2.650349
168,5.8074346,1.4607073
169,5.869834,4.846119
170,5.1663747,7.4475207
171,6.2334366,6.858466
172,7.145551,1.2596709
173,5.620033,4.5850754
174,7.9271264,3.7306497
175,7.957883,3.0344298
176,7.6010876,4.460531
177,6.1858397,0.749041
178,4.9780865,3.2484248
179,5.7482605,3.1043074
180,6.3102217,5.2473254
181,5.8921275,2.0792022
182,5.720666,3.3044572
183,4.7996807,5.905792
184,6.5671406,4.6630874
185,6.6497545,1.3090138
186,5.128971,2.1434348
187,5.998713,2.2117374
188,5.188838,2.8769038
189,7.7699294,4.743252
190,7.7502213,5.1611967
191,7.4103894,5.4548893
192,7.64515,4.545962
193,5.936517,8.4471655
194,8.825576,5.4229174
195,7.7741547,5.3543043
196,7.5221934,6.013146
197,6.9029655,6.0670652
198,4.7071266,7.4039297
199,7.3497725,3.4295404
200,5.0594707,8.424797
201,3.6294348,6.3557844
202,4.975281,3.310413
203,7.4624515,8.307825
204,5.246875,6.4998374
205,4.4598417,6.198738
206,6.7910647,6.027099
207,4.872799,5.882162
208,4.3936796,3.3993773
209,6.484556,5.622673
210,4.9901357,3.6661153
211,7.0416403,7.043272
212,4.461117,5.925749
213,6.3596253,6.3704042
214,5.885006,10.822012
215,4.870763,8.093879
216,4.5732617,8.50956
217,4.053472,6.182594
218,2.8127725,7.8507867
219,4.011468,5.354212
220,7.4169908,9.201892
221,3.5468085,5.7114077
222,3.6013181,4.4494696
223,5.163768,3.07935
224,5.930505,-0.0599285
225,3.2423842,1.166999
226,6.3248086,0.7634016
227,4.441532,0.83790386
228,3.8295026,2.2251704
229,4.755748,1.2808603
230,2.2903833,2.8555546
231,4.094265,2.6015568
232,5.4212523,3.6150305
233,4.189654,3.4553568
234,3.2157385,2.016509
235,3.2595663,5.5313034
236,4.909651,5.592511
237,3.9480934,4.476864
238,4.8744226,6.2869954
239,4.7754736,7.1211905
240,3.106175,3.4348733
241,3.7261178,4.378308
242,4.272652,3.9989204
243,4.4902644,-0.61560136
244,4.4076476,-1.1270229
245,4.144832,4.343896
246,3.8941362,1.1775415
247,4.4394994,-1.0402646
248,2.5792031,-0.90310967
249,3.7763956,0.4327882
250,5.303428,-3.8101425
251,5.837736,0.28916532
252,5.021277,-0.14044112
253,4.517871,2.5693257
254,6.1617923,3.397945
255,4.905224,7.567154
256,6.3658285,8.432835
257,4.5188026,5.1682086
258,7.5693746,7.196961
259,4.0554557,6.8332577
260,4.4065723,6.452546
261,5.2902904,8.080583
262,7.2146645,3.450062
263,6.0348544,2.196184
264,5.919894,6.6508584
265,9.608527,5.3951607
266,5.9885483,5.470948
267,6.4462056,1.0208005
268,6.166486,2.6046786
269,5.2996917,1.1279423
270,6.49511,3.4358168
271,6.436651,5.270842
272,5.5975657,2.9430006
273,5.912743,4.2810884
274,5.049203,4.8689685
275,5.9928656,5.97735
276,5.497497,6.0428624
277,6.6369247,3.853165
278,4.027584,4.9441833
279,5.5865607,5.9294014
280,6.0004582,3.184326
281,5.095652,6.7450037
282,5.026886,6.1576924
283,6.1869617,8.089502
284,4.455672,7.1246
285,4.1013093,7.145439
286,3.8771799,7.957852
287,3.9056232,8.264593
288,3.4204004,12.231463
289,2.9246943,10.980361
290,3.4246054,11.036316
291,3.156026,8.354998
292,3.8394275,8.327736
293,3.2964451,12.28998
294,3.283516,11.024477
295,1.9444982,9.009472
296,3.5313048,8.453246
297,3.3376713,8.078398
298,2.5461304,5.762666
299,3.3401368,7.918426
300,0.57325786,8.618597
301,2.8796504,9.284045
302,1.0761746,6.2831
303,2.779774,9.578616
304,4.110177,8.248043
305,2.410192,9.922542
306,4.177682,11.043145
307,4.722281,11.371939
308,4.751416,8.279614
309,0.39059392,8.417193
310,3.6339138,10.085539
311,5.044762,9.9692
312,3.5915062,10.954751
313,4.9485364,12.12685
314,3.7128026,12.450046
315,3.9191935,11.103185
316,5.0362525,10.416819
317,4.3916526,8.206274
318,4.8178697,8.256474
319,5.0876946,9.15689
320,4.682277,7.3204803
321,6.1490126,13.545191
322,5.775481,7.836356
323,5.546928,12.337139
324,4.943602,12.725894
325,4.8938046,10.218114
326,5.009499,10.111439
327,3.595214,8.716887
328,5.0457525,8.743566
329,6.055486,7.8356647
330,6.269355,13.050513
331,5.3142433,10.665311
332,5.024478,11.921481
333,6.2988224,10.838213
334,3.7569463,7.5222178
335,5.121247,8.633741
336,4.381914,7.7954626
337,3.5732086,13.329637
338,3.6554806,12.841307
339,5.083469,8.816865
340,5.9429274,10.693004
341,4.988349,12.479442
342,3.40443,10.7998
343,4.7210245,12.556094
344,3.359433,8.701736
345,4.5458198,7.3558936
346,5.2780647,7.551045
347,5.2054524,8.649981
348,5.38575,7.765489
349,5.6617937,8.588566
350,5.9158006,9.7993145
351,5.4435086,8.50815
352,5.1015763,8.26502
353,6.4792733,9.138831
354,6.984975,8.000405
355,3.2577574,7.0245733
356,5.728985,10.96341
357,5.9188747,7.0221443
358,6.4939475,10.04216
359,5.236165,11.46151
360,5.0960445,8.215036
361,5.376462,7.8835793
362,4.3457613,7.4421415
363,4.883914,10.519345
364,5.6171956,12.8153
365,4.0395727,8.399135
366,6.368718,13.515075
367,4.5723743,10.944192
368,5.2349253,12.261747
369,4.5116305,9.771125
370,5.553014,11.046285
371,5.842478,10.399466
372,6.0409303,14.132614
373,4.2333493,12.603665
374,6.0392556,11.656176
375,5.994517,10.458733
376,5.948917,11.127366
377,5.714039,8.429273
378,4.8907094,9.122205
379,5.6870813,11.211385
380,7.755846,13.424391
381,5.1505017,8.324889
382,5.036564,9.563315
383,6.19054,7.092901
384,6.1719317,8.006243
385,6.745217,8.446301
386,5.9370217,10.097201
387,4.2372613,9.627821
388,5.1544566,8.788333
389,6.483201,9.795482
390,6.608136,11.309018
391,8.133314,11.00957
392,4.334618,7.2665906
393,4.632274,10.451284
394,3.8204446,8.294106
395,4.6604886,5.180494
396,5.8956614,6.445876
397,5.666589,6.0476685
398,5.970192,9.358165
399,5.154659,9.860393
400,4.9532433,7.9460483
401,5.3562484,9.50754
402,4.835432,5.740923
403,5.288423,5.938778
404,3.922212,7.4467936
405,5.015924,8.481152
406,4.50467,9.928013
407,4.756153,7.890409
408,6.057669,10.675058
409,5.880275,4.1574454
410,4.894102,6.804384
411,2.994263,11.820274
412,4.4337063,8.994607
413,5.230641,6.615084
414,4.597828,6.345119
415,4.4039946,7.785692
416,5.1022115,7.86325
417,5.8516507,6.1151357
418,6.5522323,8.859143
419,6.7569833,5.179945
420,7.7637453,7.682488
421,7.119255,4.979491
422,5.3487372,6.1931973
423,7.402682,5.9317055
424,6.7428484,7.3902574
425,6.104739,7.3342724
426,6.9207845,6.1833067
427,6.5942883,3.8854942
428,5.2219224,7.118544
429,5.2036395,4.5708423
430,6.309602,4.715941
431,7.3347673,5.10308
432,5.902237,5.5040445
433,6.639097,8.325031
434,6.0289574,8.663765
435,6.873095,7.1210933
436,5.7192698,7.099377
437,5.1834087,7.243616
438,5.2460904,8.127238
439,5.305207,5.9152694
440,5.805421,9.476221
441,7.6729007,6.257711
442,5.832038,8.655122
443,7.320278,4.8075085
444,4.8380485,5.861793
445,7.4148917,9.8415785
446,5.9210005,8.241716
447,5.8103967,10.619305
448,5.119044,12.796774
449,5.2514257,9.762735
450,6.170737,9.281635
451,6.00469,10.634427
452,6.4968424,12.702243
453,8.292841,7.8711033
454,5.5148897,9.506169
455,5.388038,8.165924
456,6.7051053,11.041903
457,6.8216605,12.362419
458,7.264851,11.089888
459,5.197225,12.618235
460,6.205674,10.537974
461,6.604384,9.741634
462,7.041441,10.794076
463,5.610209,7.760527
464,8.092142,9.963732
465,6.531808,7.8100653
466,7.0190096,10.153915
467,7.2006397,7.3605037
468,6.9450893,7.8716793
469,6.7206674,10.704566
470,7.075193,10.667039
471,9.036049,9.201114
472,6.983588,11.644326
473,5.9084635,6.420466
474,4.5298963,5.9995
475,6.8282857,9.396254
476,6.457741,6.809433
477,8.254848,13.084789
478,5.2822933,8.469504
479,7.22224,8.248708
480,4.509528,8.764436
481,6.4852858,12.17438
482,5.5028753,9.630063
483,4.494425,16.912115
484,6.122381,10.38058
485,6.7951202,9.324421
486,7.465865,10.299609
487,5.2007804,8.519745
488,5.9228644,7.688498
489,7.0315104,7.194413
490,5.1231613,8.486288
491,4.565415,8.616009
492,7.445655,13.740995
493,6.2197776,13.833112
494,5.554417,12.159173
495,4.8324823,10.896608
496,4.8258476,12.073316
497,3.7413783,11.427281
498,4.079815,12.519945
499,4.241287,11.696228
500,4.567248,11.932579
501,7.418871,11.644626
502,4.035939,10.000587
503,4.3280973,10.147488
504,4.594039,11.248188
505,4.346627,10.254736
506,4.240451,12.3678875
507,5.066863,8.4572935
508,2.9797342,7.0205865
509,3.5402281,10.777156
510,2.5545938,10.334276
511,2.229862,9.37629
512,3.8028142,10.347969
513,2.3151603,11.53692
514,4.520637,13.266385
515,4.823862,6.0532217
516,4.2395945,6.070332
517,2.9704864,5.9123354
518,6.399152,10.284665
519,4.1724353,8.171995
520,5.6967764,8.34205
521,4.354341,8.48143
522,2.5003078,7.864001
523,6.005038,10.304119
524,2.008462,7.3988156
525,5.253801,9.772068
526,6.136945,7.9636626
527,5.518898,9.282795
528,6.323465,8.163595
529,5.3800106,9.153082
530,5.523447,10.828924
531,6.0802813,9.878345
532,3.9991612,8.158162
533,5.0958986,12.016837
534,5.65976,10.081645
535,4.843952,11.653563
536,4.8384075,8.814029
537,4.914664,11.218987
538,5.7313466,11.0288925
539,5.3656077,7.4546556
540,6.827498,2.9941564
541,5.2984858,7.663527
542,5.044343,9.22485
543,5.849104,11.001306
544,5.8205028,8.295135
545,3.9835768,12.012606
546,5.2066913,11.277987
547,3.7043285,7.0296216
548,4.154204,10.1604395
549,4.279984,9.075596
550,6.3883424,10.954785
551,6.6507673,12.669117
552,4.4789057,10.150603
553,3.7457373,8.348072
554,6.563092,7.597709
555,5.477947,7.355
556,4.07438,4.97036
557,6.519253,5.464085
558,5.9467144,6.1339397
559,5.451885,2.9716055
560,6.3740354,3.3214178
561,4.979224,3.183393
562,5.144787,4.870684
563,6.562128,6.4474483
564,5.269857,7.686375
565,4.7625628,7.153014
566,5.8597116,3.9608276
567,4.5110283,3.066857
568,5.580041,4.0612626
569,5.981522,6.912389
570,6.3410597,4.5427423
571,7.121139,6.902828
572,5.428419,4.0238647
573,5.7756467,7.612629
574,5.620129,5.011405
575,5.5263696,4.419009
576,5.283609,3.139301
577,7.1606135,7.087242
578,5.126703,5.29397
579,6.815504,4.4699316
580,6.9844203,4.8414764
581,5.379769,7.5690536
582,6.0923657,7.3252687
583,5.3236794,6.9022694
584,7.8310566,6.538184
585,7.129602,4.887686
586,7.1353693,6.268816
587,7.2095885,3.9733748
588,5.131354,6.559011
589,5.6218534,7.5028853
590,5.4505916,7.3107023
591,5.2666783,4.317424
592,4.8182497,10.892814
593,5.8105063,11.2781
594,4.742588,10.37984
595,5.098676,5.9172883
596,6.5864744,10.01109
597,3.4436996,11.189905
598,5.1819887,9.359648
599,5.469006,8.059397
600,5.7391334,9.264267
601,4.55534,10.473895
602,7.1212807,9.911741
603,6.6086817,8.859775
604,6.2204914,12.716709
605,7.334174,11.47938
606,5.592474,10.837297
607,5.836319,10.670148
608,5.401831,8.161325
609,5.905003,9.590338
610,6.544374,9.319894
611,6.723848,10.217257
612,6.31432,11.207497
613,4.7165756,7.482627
614,6.7265005,6.4014893
615,4.2059407,10.86364
616,5.203541,9.719696
617,5.1731887,11.613999
618,6.487753,10.741517
619,8.146125,12.088292
620,7.165197,11.930483
621,5.8751717,11.775572
622,6.0744553,8.895053
623,5.031108,8.23071
624,6.130631,13.064751
625,6.0161567,12.465956
626,3.689091,11.279377
627,3.7097788,10.002033
628,4.5908723,11.661025
629,5.819626,10.831702
630,6.014688,9.226722
631,5.4941473,13.304017
632,5.5468626,11.732064
633,7.640145,12.907621
634,6.5646043,13.64219
635,5.675598,11.609205
636,6.117705,10.1908045
637,6.3175116,10.475456
638,5.408992,7.973894
639,7.5652733,11.610996
640,6.348554,10.742531
641,6.674249,10.089901
642,6.620375,11.540263
643,6.272824,10.8824835
644,6.57309,9.996409
645,4.9814262,11.504627
646,6.4005995,10.214258
647,4.8301992,8.18787
648,5.3368373,5.2361856
649,5.6779027,10.516307
650,6.733734,10.800097
651,5.605522,10.557848
652,5.8299756,10.408267
653,5.780633,11.940618
654,5.7726927,10.66846
655,5.3265195,9.541091
656,4.0660458,9.33724
657,7.0217834,11.46653
658,5.626658,8.9190645
659,3.7133083,7.2998686
660,4.8830013,6.175826
661,5.523398,7.2195024
662,5.11172,11.659372
663,6.4518933,10.023988
664,5.3832564,11.259415
665,6.6300755,8.95679
666,5.9585533,11.44824
667,5.2114143,9.459213
668,5.0841084,10.285105
669,5.144543,10.165936
670,4.769001,12.2101
671,6.881248,12.052097
672,6.0098853,10.410281
673,5.6718993,13.651932
674,6.510076,11.520753
675,3.625472,10.656934
676,2.557175,11.672325
677,5.6767135,8.440999
678,4.8928957,8.645948
679,4.1048665,5.9516726
680,4.6893106,8.672696
681,4.139428,6.9443336
682,5.411556,9.48938
683,3.789116,6.001597
684,5.287221,12.100155
685,5.6032085,10.766096
686,6.384011,11.856231
687,6.3572965,12.0171995
688,7.016043,11.144563
689,6.441995,12.85936
690,9.1185055,11.338208
691,6.1743617,15.5655775
692,7.243657,13.960153
693,6.4640207,10.674762
694,6.0650234,12.057817
695,7.036579,12.168887
696,6.165914,8.131767
697,6.550695,7.481502
698,5.473422,10.068966
699,7.5868926,9.097167
700,7.8681254,12.1628
701,4.4025297,8.728606
702,2.9802845,14.601909
703,5.866193,12.787017
704,6.257224,12.184536
705,5.626756,11.13123
706,4.767942,12.463881
707,4.5516844,10.3312
708,7.5923533,10.082826
709,6.0381308,5.2016783
710,4.2040105,7.5309916
711,6.628082,7.51111
712,7.0358677,8.666209
713,5.081734,7.5724664
714,7.3725657,8.689069
715,8.117061,6.983108
716,6.3003807,12.781553
717,7.776815,10.084226
718,6.4281526,11.307804
719,6.5553265,9.281971
720,4.278271,9.711604
721,6.5577636,9.352528
722,4.23224,11.113261
723,4.9451466,10.504269
724,6.165993,11.723987
725,6.4167466,11.847277
726,4.088361,12.4892845
727,5.351749,13.245805
728,4.380151,10.325339
729,3.3714588,11.362572
730,4.087087,10.563627
731,5.3258886,11.198538
732,4.4021044,12.628305
733,4.8257937,11.175211
734,4.4209366,9.140043
735,3.2301476,10.749306
736,3.5542333,7.8761744
737,3.7983348,10.321934
738,2.7308252,10.2854185
739,5.0677266,11.835485
740,4.5851865,12.119074
741,5.377866,11.214489
742,6.098897,13.014482
743,4.8730035,9.999088
744,4.869994,9.459259
745,5.6797585,8.647049
746,4.3706756,12.378067
747,5.202631,11.083909
748,5.135073,11.891173
749,4.87809,10.708665
750,5.0451937,8.602384
751,5.651647,9.984308
752,5.3641133,8.033928
753,5.024753,9.092312
754,4.1284804,10.570502
755,6.606377,8.9670515
756,5.8376646,5.5640054
757,7.8250766,10.53658
758,7.818168,7.617142
759,5.9860177,10.601128
760,6.696704,9.961555
761,4.6522017,7.983152
762,4.54814,5.275876
763,3.9939222,8.137871
764,7.3345356,10.874574
765,5.3811235,6.603221
766,4.3967195,6.5242686
767,4.9117684,9.528604
768,6.867526,10.66396
769,5.238281,9.553338
770,6.082524,9.299136
771,6.484477,10.097891
772,6.825525,12.70032
773,5.6449547,8.255193
774,6.086043,9.582663
775,5.349991,11.714397
776,3.4373455,7.3727546
777,5.926558,15.03453
778,5.9081216,12.846443
779,4.1409383,10.612518
780,4.8355665,14.448271
781,4.373737,12.285762
782,6.142733,11.701025
783,6.80893,10.839429
784,6.022097,12.898386
785,6.6606207,12.09501
786,7.6293154,11.636905
787,9.317418,11.832815
788,5.8941827,10.901354
789,6.1242356,9.961486
790,5.780425,15.192819
791,5.247487,10.1074505
792,3.3752546,5.802401
793,6.020512,4.6240683
794,8.147718,10.067456
795,6.3645134,7.769878
796,5.7314167,10.129507
797,6.6896286,8.131332
798,5.0168824,8.800041
799,6.920957,9.531078
800,6.025578,9.147944
801,6.202218,8.13747
802,5.8699427,8.718826
803,6.3693786,10.29844
804,6.2587023,10.745008
805,7.3551884,9.182656
806,5.161513,9.389164
807,4.205832,14.257254
808,6.13318,9.918779
809,7.350157,10.168983
810,6.1777186,11.150566
811,8.568819,8.692482
812,6.762797,8.160562
813,6.97033,8.51374
814,7.1754346,10.299029
815,6.15229,11.435126
816,4.290126,12.052572
817,6.3623667,11.172299
818,4.7802925,11.047211
819,4.923564,10.99449
820,6.258324,14.57052
821,5.269587,9.928412
822,6.19144,8.654775
823,5.6615524,7.2721553
824,4.9067583,8.332014
825,5.419471,7.406842
826,6.1977577,12.227415
827,5.3106112,9.2983465
828,5.572698,7.7305045
829,5.294001,9.495588
830,6.471649,4.851852
831,6.466715,7.7174344
832,5.544532,10.926244
833,4.099001,14.119179
834,5.021154,6.564271
835,5.554332,11.862798
836,5.4991283,10.31133
837,4.3784337,8.306635
838,5.5972533,10.304682
839,6.3198085,8.500469
840,4.5306997,9.390792
841,5.4162993,9.343067
842,5.0861435,10.012905
843,5.8181973,10.27366
844,6.73269,12.530946
845,5.935978,6.0794787
846,5.596407,6.7807503
847,6.772633,3.9209585
848,4.8983755,4.6480002
849,5.9267282,9.32218
850,6.8533244,9.351368
851,4.753009,8.4998665
852,4.631163,13.363481
853,6.890378,9.5957985
854,4.4849167,9.709351
855,4.033009,10.948164
856,4.899673,11.407332
857,4.698016,6.308591
858,4.2900825,10.783316
859,3.6318429,10.478684
860,7.653658,7.5724673
861,6.8750305,10.093295
862,5.700291,15.228625
863,6.673555,9.630563
864,7.4641414,12.830777
865,5.966322,11.798123
866,4.8476157,8.856238
867,5.646803,13.526553
868,4.8949404,10.485375
869,5.8632026,11.386712
870,4.44259,12.001753
871,5.448175,10.272929
872,5.5906014,8.720215
873,6.4068875,10.157075
874,5.4264426,9.341303
875,4.890009,7.521236
876,5.0050764,11.446125
877,5.2632113,8.0607
878,4.9649014,9.104566
879,6.6026835,8.444786
880,5.535024,7.6356106
881,3.5959013,7.269097
882,3.1968186,5.538338
883,4.9668913,7.8361897
884,4.1146507,6.665853
885,4.501998,6.3414903
886,4.6047053,5.012437
887,3.4772131,4.5002837
888,5.5225415,6.8499894
889,3.3414288,10.123599
890,4.1936502,8.670322
891,4.4424133,7.5065503
892,5.3803306,6.7926235
893,4.3820515,10.508152
894,4.4161906,5.8543277
895,5.4468064,4.6930137
896,6.8510127,5.362523
897,4.1179647,3.4187803
898,5.034337,6.0844054
899,4.350493,6.8076053
900,5.777735,6.351441
901,5.7526016,9.98582
902,5.1892242,5.9801393
903,5.863406,3.0848708
904,4.3296804,2.532639
905,6.2534204,4.4353127
906,5.7744837,10.339632
907,5.766334,4.2300005
908,4.1696486,7.3890276
909,4.2036967,7.0259585
910,4.532268,5.719214
911,5.052325,6.379082
912,3.6497924,7.3479714
913,5.559342,6.172441
914,4.6732574,5.536668
915,3.7220528,4.777657
916,5.254395,6.8694263
917,5.204813,6.4393616
918,5.1019583,6.563581
919,4.6562333,6.1335597
920,3.5877767,7.050975
921,6.3484793,7.4366913
922,4.2462263,4.4758806
923,6.6158066,6.037853
924,5.1791043,8.500807
925,4.6464458,5.6902337
926,6.093921,4.0455966
927,6.373935,5.3433075
928,5.8286476,4.421503
929,5.443602,4.027377
930,6.3440742,4.6382394
931,5.3684983,5.1938787
932,6.3683147,4.518846
933,5.380994,1.9156284
934,5.927879,2.7646143
935,4.923453,6.3003683
936,3.7528734,3.3173234
937,4.5758533,3.699853
938,4.1361585,2.146065
939,5.2376533,5.73234
940,5.5105124,3.821755
941,3.7706714,4.8208413
942,5.7350607,4.819901
943,5.535863,5.8049026
944,5.9748087,5.5427933
945,3.720587,4.2632875
946,3.8214636,6.5111256
947,4.8239436,5.827215
948,6.7396655,8.630418
949,3.3409479,9.088553
950,5.195141,9.227279
951,5.0030804,4.091097
952,4.059558,6.756097
953,5.68713,4.378422
954,3.5888882,4.917369
955,5.278609,-0.5801759
956,3.6143267,1.0213625
957,3.6639955,4.2870846
958,4.106273,9.148876
959,4.6121387,8.643455
960,4.2343826,5.057519
961,5.4797544,6.2772503
962,4.598039,5.935217
963,3.4127266,6.7885585
964,5.349544,5.708445
965,3.2174757,6.9399123
966,4.860147,9.047681
967,3.2954571,6.583232
968,4.5561795,6.0999618
969,4.014387,3.6734557
970,4.3116436,2.8986797
971,2.6441283,6.865136
972,3.9783335,8.858605
973,5.7277436,7.0390906
974,3.4827936,5.987363
975,4.8711805,5.7725186
976,4.5873866,10.106875
977,3.9106812,9.789773
978,4.8045387,7.24322
979,4.4543405,4.9938936
980,4.5197306,7.848364
981,4.625998,8.037281
982,5.3989477,8.696766
983,5.42379,7.1302843
984,4.738916,7.516089
985,4.3318048,7.8162894
986,5.5731673,10.802266
987,5.749751,4.3324637
988,5.467087,7.0774903
989,3.7346694,4.0455594
990,2.8165262,7.7059536
991,4.4096675,6.637178
992,5.093652,6.0960274
993,4.9542546,5.7511754
994,6.218635,3.4767516
995,2.9076164,2.868492
996,5.1355286,4.8829055
997,4.178696,4.34682
998,3.2028148,3.0916345
999,5.391239,3.9059029
1000,4.8489733,8.422671
1001,4.7995257,8.771485
1002,5.710317,6.4683204
1003,5.0813155,6.854833
1004,6.2984815,9.817907
1005,6.8700447,7.607153
1006,6.203225,2.6142094
1007,4.29997,7.055722
1008,4.7589912,6.6246347
1009,5.135807,6.8131027
1010,5.206062,3.2573972
1011,4.487813,3.7170682
1012,4.1664295,5.924184
1013,5.072462,5.95423
1014,4.6058154,7.7960496
1015,4.8760605,5.1186023
1016,4.928555,3.899859
1017,7.2309422,5.2752695
1018,4.2378097,5.5966444
1019,6.1055737,5.265375
1020,4.6188745,6.2566233
1021,3.45478,7.7908435
1022,4.4713035,6.4505677
1023,3.3608215,4.216125
1024,6.288934,8.504005
1025,5.6956086,7.3070517
1026,5.628084,7.077673
1027,5.075147,8.762563
1028,5.885435,12.028117
1029,3.7131245,11.999821
1030,5.0207477,10.885033
1031,3.9811637,10.965875
1032,5.951517,10.330529
1033,5.3980794,9.48149
1034,6.5242486,10.037608
1035,5.3533673,9.553251
1036,4.0878906,11.269127
1037,3.8363147,10.777482
1038,5.322328,9.103443
1039,4.818022,11.986259
1040,5.012806,9.426518
1041,5.16111,7.230198
1042,6.382043,5.9121842
1043,3.4518354,5.6267533
1044,4.9433784,5.2513647
1045,5.1797724,4.7485046
1046,4.6457696,9.106511
1047,4.8777328,9.149308
1048,6.176296,6.369578
1049,7.6034536,7.2094774
1050,5.6939473,4.7665834
1051,6.3820567,9.838495
1052,4.0284777,4.8232193
1053,3.8681521,6.242845
1054,4.3866453,6.581773
1055,4.506925,8.867632
1056,4.582745,9.123464
1057,5.468799,7.586484
1058,3.4481597,5.2947407
1059,2.906752,5.212712
1060,5.275013,9.086666
1061,5.967365,5.2770286
1062,7.035942,7.486316
1063,5.609528,9.863224
1064,4.225956,7.595659
1065,5.964721,7.399196
1066,4.9023514,8.609481
1067,3.6765666,8.267164
1068,5.258176,6.0491652
1069,5.860168,9.923117
1070,6.153545,7.455818
1071,4.6689034,8.676151
1072,5.9810324,10.297057
1073,4.75052,9.220108
1074,5.9747787,10.81034
1075,5.3609834,6.4691114
1076,5.0480623,7.450343
1077,7.070735,7.4560456
1078,3.791343,9.251013
1079,4.698588,7.9133472
1080,3.0169852,7.9806437
1081,6.1728563,6.6991043
1082,6.331194,9.843693
1083,5.0875397,4.9093018
1084,5.8831873,5.138062
1085,4.5963483,7.715734
1086,5.7196274,8.753534
1087,6.509034,7.500312
1088,7.3013024,5.899006
1089,7.5655303,8.744076
1090,7.4832463,4.8710117
1091,6.4183016,5.741179
1092,5.3277864,9.044017
1093,7.887604,6.960481
1094,3.4697254,7.700967
1095,5.5179005,7.995329
1096,5.3433747,11.164171
1097,6.8861456,8.082826
1098,3.1809754,9.560394
1099,5.92465,9.847008
1100,5.685818,9.022906
1101,4.777637,6.13916
1102,6.904537,9.716646
1103,4.421564,8.197055
1104,5.379498,8.22545
1105,4.2413874,8.157954
1106,4.429984,6.080269
1107,5.2279825,5.6156793
1108,5.976137,6.936676
1109,3.2699096,5.175894
1110,4.887119,3.7875898
1111,2.8291187,4.089611
1112,4.7545033,5.2789083
1113,3.4622476,5.061887
1114,4.233945,5.303089
1115,4.7554398,4.0457067
1116,3.587152,7.0943284
1117,2.8838403,6.117719
1118,6.5376887,2.970577
1119,4.086871,5.8448443
1120,3.3911293,8.372568
1121,3.4500904,6.0209093
1122,2.7407491,6.107403
1123,4.2821536,6.0152817
1124,4.785089,5.87062
1125,5.513993,7.293215
1126,5.5913777,8.233484
1127,4.950299,6.4852366
1128,6.2395697,6.5627103
1129,5.8768167,11.914877
1130,7.219746,6.5308228
1131,6.3568583,4.4420137
1132,5.134781,5.7972097
1133,6.0169196,5.397273
1134,6.0840745,5.6937633
1135,7.077615,5.5997596
1136,6.213137,4.2265854
1137,6.4320316,4.0509477
1138,4.5163655,6.1591463
1139,6.819102,7.4502206
1140,5.894735,6.5983887
1141,5.613101,7.531778
1142,5.7826324,7.8069515
1143,4.066785,7.08944
1144,5.2456036,8.081738
1145,6.1458964,6.538126
1146,5.618951,7.113009
1147,3.949157,7.8995137
1148,5.426848,8.369402
1149,5.145874,8.381708
1150,2.9864151,6.0400925
1151,4.5053115,3.8679664
1152,3.579862,10.423887
1153,5.6060877,10.531429
1154,3.3947337,9.340104
1155,3.670488,9.794292
1156,4.925701,9.026947
1157,5.024458,8.197438
1158,6.069657,8.364244
1159,4.295255,1.1256227
1160,6.7243347,7.967876
1161,3.5486112,7.2929826
1162,6.436509,6.1985903
1163,5.958197,4.7114916
1164,4.5961027,4.616088
1165,6.9486585,6.6668653
1166,7.340245,7.653359
1167,5.8536844,4.9434466
1168,5.81804,3.820864
1169,7.8729773,1.6755725
1170,6.231135,5.809877
1171,6.282164,6.0989175
1172,6.807368,6.1116605
1173,5.430531,8.672835
1174,5.1358075,6.751753
1175,5.5378804,8.201603
1176,6.063207,8.672318
1177,4.0439835,5.021115
1178,4.799177,7.039929
1179,4.236257,4.54429
1180,4.8433332,7.0287247
1181,5.4342937,8.130879
1182,4.71918,10.484801
1183,5.5244923,6.039839
1184,5.364447,7.2569737
1185,4.8085475,9.509989
1186,5.724662,10.89452
1187,4.062767,10.166349
1188,5.1763816,10.349541
1189,5.424864,10.180813
1190,3.6237676,8.122853
1191,6.2838874,10.888654
1192,5.2161093,8.292517
1193,4.2572594,4.952254
1194,4.91124,8.662725
1195,5.6309657,7.6044884
1196,6.7503343,7.1771255
1197,6.3744736,7.713467
1198,5.4827905,8.60784
1199,3.8946679,6.682499
1200,3.9244156,3.1296725
1201,3.335686,3.6002607
1202,2.9758742,3.5995986
1203,4.9504337,6.583545
1204,4.9241233,7.2870803
1205,4.295209,6.89802
1206,5.142381,8.834053
1207,4.959794,6.9568095
1208,3.0569067,6.9379373
1209,2.8077543,6.6508036
1210,3.0133574,6.250361
1211,4.6272964,8.121027
1212,4.84924,9.744304
1213,6.933255,8.927214
1214,7.4244175,8.970562
1215,5.3913016,6.267362
1216,3.2752926,8.449402
1217,5.5541253,10.207339
1218,5.674553,6.6968775
1219,6.186105,5.448303
1220,5.4599767,10.323001
1221,4.3453965,7.835936
1222,5.513141,5.2245398
1223,5.014116,6.894477
1224,5.9478664,9.602319
1225,6.737762,7.506133
1226,6.131845,8.4650345
1227,3.6336465,9.133295
1228,5.744507,10.041681
1229,3.647687,6.2561
1230,3.8184273,4.9240537
1231,5.4972706,5.0200396
1232,5.17681,5.9306498
1233,5.326565,5.656247
1234,4.278168,6.8906765
1235,5.085792,6.1805615
1236,4.991293,8.935702
1237,5.703559,8.550731
1238,7.2803445,3.7292674
1239,5.1075625,8.114695
1240,3.7369447,5.9514227
1241,5.2472277,5.0791607
1242,5.30425,7.2757454
1243,5.4561625,6.6710157
1244,4.9948545,7.586398
1245,2.8521442,5.2240987
1246,4.7826257,5.5437455
1247,4.3234386,4.9525065
1248,3.6773548,7.9136066
1249,4.456151,8.649907
1250,5.0009947,7.5155373
1251,5.630631,7.888769
1252,6.580753,10.401704
1253,4.4087286,13.342143
1254,3.6415584,10.233554
1255,4.4966063,7.961789
1256,2.9453356,8.280285
1257,3.4397075,9.214006
1258,4.805197,7.2538166
1259,7.008248,7.4159827
1260,7.784098,8.741854
1261,6.4484496,9.920777
1262,5.1082935,10.542636
1263,6.0127816,7.8939557
1264,5.935595,6.807177
1265,4.3961997,9.530582
1266,4.913606,10.545328
1267,5.645342,7.893177
1268,5.342373,11.192156
1269,6.868819,10.097126
1270,6.8435183,7.706571
1271,6.3945265,10.839073
1272,5.5390286,14.948363
1273,5.563,9.329559
1274,4.3643794,9.138873
1275,7.2115483,6.6361213
1276,6.5675316,9.440085
1277,5.435517,10.457804
1278,7.036995,6.091183
1279,5.0368605,4.6385865
1280,5.6019497,8.124835
1281,7.260666,3.580041
1282,6.143688,8.932997
1283,5.0468483,4.617874
1284,4.065144,3.1209357
1285,5.093023,3.857251
1286,7.414672,5.8432713
1287,5.8957763,7.4739146
1288,5.794938,3.1245055
1289,5.1140094,2.9351344
1290,6.235132,5.629145
1291,7.2290406,6.799541
1292,7.5302567,1.909228
1293,5.3281584,4.155219
1294,6.311959,5.8642673
1295,4.9356446,5.209184
1296,6.4658027,6.110821
1297,5.846502,5.7092047
1298,6.1861696,7.044915
1299,2.2718587,9.159896
1300,7.039532,6.106149
1301,4.9363613,3.0824792
1302,5.4636035,1.50006
1303,6.3961353,3.1485877
1304,6.0521016,1.9014899
1305,6.4076424,0.8269193
1306,7.2174487,-1.0738723
1307,6.169688,3.6378977
1308,7.607831,4.1302395
1309,6.0743876,3.0259051
1310,5.6331587,2.4990368
1311,5.557093,4.845272
1312,3.8975756,2.9798477
1313,4.5103526,4.5487456
1314,6.1821136,3.6572647
1315,5.286199,4.1652446
1316,4.858452,4.555616
1317,4.031254,6.7989807
1318,6.262713,8.588751
1319,6.040936,7.7906294
1320,4.344853,7.2630916
1321,2.9718895,4.3471146
1322,4.8477316,8.299278
1323,5.8412786,7.137215
1324,6.4593773,2.5690188
1325,6.7744193,7.7659774
1326,6.0050745,5.645014
1327,7.2095194,5.468401
1328,8.457381,3.327856
1329,4.9071827,6.989554
1330,6.8316727,5.3983912
1331,6.187621,5.516923
1332,6.872844,5.742553
1333,5.6586313,5.9791765
1334,3.4533238,4.4939947
1335,6.536252,4.611225
1336,5.840503,4.323988
1337,4.879273,4.3561096
1338,4.237257,3.23245
1339,5.4031863,5.97559
1340,5.8161173,5.3118925
1341,3.7620308,5.3097253
1342,6.746102,7.8508058
1343,5.8937025,6.0113416
1344,3.9174151,6.1785316
1345,5.769418,5.5282
1346,3.7197332,5.2225637
1347,6.0760756,2.642488
1348,7.3405213,5.904542
1349,4.868123,8.803276
1350,5.2908306,4.1018467
1351,6.508192,-0.051617954
1352,5.3824615,3.7039995
1353,6.3080144,0.9380263
1354,5.8286486,4.551385
1355,4.903615,4.3146753
1356,4.452061,1.6699799
1357,6.712035,5.9701467
1358,4.265837,4.952185
1359,6.899649,6.1265054
1360,3.3991485,6.0453897
1361,4.6064367,5.469875
1362,4.865662,4.1890154
1363,4.066046,6.611592
1364,4.5020757,6.9729705
1365,3.556349,5.635337
1366,1.6287403,4.3459134
1367,3.4271677,4.5774684
1368,4.633277,7.905401
1369,5.6894855,3.1339664
1370,4.422207,4.0770435
1371,5.346219,8.1498995
1372,4.567685,5.0811205
1373,6.2735095,6.5163865
1374,5.5609016,5.0891457
1375,5.717775,5.057989
1376,4.9043202,5.6062875
1377,5.1683383,4.611462
1378,7.0565147,7.175673
1379,5.134673,5.5590806
1380,5.169467,6.483891
1381,4.7023153,6.0765676
1382,6.274308,5.851333
1383,5.69307,4.502708
1384,3.329147,7.7478333
1385,4.9244394,2.8239381
1386,5.2370186,4.2478724
1387,5.4749913,5.707692
1388,4.693254,4.5324326
1389,5.9896,6.609508
1390,6.232631,4.600576
1391,5.438212,3.5622463
1392,4.0651636,2.8934822
1393,4.2372885,3.979745
1394,6.16244,4.303783
1395,5.0923715,5.2800126
1396,6.6919346,6.224902
1397,3.9680092,1.9883988
1398,5.115147,3.7305188
1399,4.0557714,4.2427626
1400,4.8948565,3.5245547
1401,4.409518,4.8389044
1402,5.3725715,6.3698125
1403,7.658402,4.861663
1404,6.656904,5.051721
1405,6.0752597,9.755666
1406,5.579507,5.957118
1407,3.7320228,4.741696
1408,5.23668,5.805952
1409,5.576963,7.336319
1410,6.51989,5.4703646
1411,5.1066103,4.8523283
1412,4.897955,6.642506
1413,4.4273057,3.8003602
1414,4.754753,7.2838144
1415,4.4940076,5.072311
1416,4.628166,2.203717
1417,6.071767,6.925968
1418,5.886586,6.7220364
1419,2.4869618,6.361803
1420,5.594399,9.211353
1421,6.20715,7.837259
1422,6.1912227,5.4817963
1423,4.4873734,7.486356
1424,3.6495311,7.8250184
1425,4.151157,6.20451
1426,5.4109874,7.706655
1427,6.935027,4.725359
1428,3.718769,7.2236023
1429,5.858165,3.901939
1430,5.6709857,3.6261928
1431,6.441711,6.6603904
1432,5.9897633,7.374479
1433,5.8153667,5.638329
1434,7.6028094,6.22906
1435,6.1123486,6.709243
1436,7.374463,3.5665512
1437,5.135075,5.126535
1438,7.0596952,6.491999
1439,5.33496,3.031575
1440,6.7599087,1.5861431
1441,6.3572793,3.8643897
1442,7.1416416,4.2361565
1443,4.752931,5.054884
1444,5.7974706,6.6811557
1445,3.8973632,5.632223
1446,7.043527,6.794734
1447,3.8451302,7.8546324
1448,5.0229354,2.7752078
1449,5.968066,4.6210666
1450,4.973242,4.685235
1451,4.991606,5.2435546
1452,5.81636,5.2307158
1453,6.1314254,5.815634
1454,3.8854673,4.0858216
1455,5.402202,5.264175
1456,5.306462,7.4168825
1457,5.4452257,7.897138
1458,5.7530107,5.3399615
1459,5.661622,3.4044385
1460,5.156085,9.160357
1461,4.8789616,3.797004
1462,4.2465124,5.291796
1463,5.670414,6.6271896
1464,4.9341397,5.021977
1465,6.4540825,7.836525
1466,4.8606205,6.917685
1467,5.7303267,4.126338
1468,5.356109,1.1689328
1469,6.0487447,4.729728
1470,4.4647365,5.706037
1471,7.104241,2.7855716
1472,4.942187,0.25296643
1473,7.0342364,4.4026537
1474,5.8661933,5.1690645
1475,5.00958,7.383483
1476,5.123948,5.071137
1477,4.9180903,6.277663
1478,6.150837,6.956873
1479,6.7606587,6.419828
1480,6.3679137,5.6296415
1481,5.444544,7.6086555
1482,5.6107826,3.738384
1483,3.1740217,8.10194
1484,5.8844523,5.669792
1485,7.1603503,4.936099
1486,5.7710958,4.2966423
1487,6.2261586,4.9019594
1488,5.8199177,2.8209221
1489,7.1096272,3.4325004
1490,5.6020017,3.1216302
1491,5.257866,3.9028294
1492,6.185816,2.963955
1493,6.5740776,5.598746
1494,5.673571,6.112071
1495,5.231732,3.4867268
1496,7.177464,5.235621
1497,5.7566257,5.962588
1498,5.5442853,4.0779495
1499,5.258931,4.6847863
1500,6.0800195,5.1227126
1501,7.572526,3.6279423
1502,4.884734,5.0414124
1503,5.6646895,6.4256372
1504,3.5047438,3.73621
1505,4.3681145,3.4281862
1506,6.290789,6.601542
1507,5.7303095,5.055643
1508,6.910472,5.8882875
1509,5.2112617,6.8681912
1510,4.4780636,5.78815
1511,6.124947,4.7516
1512,6.324285,4.279261
1513,5.338316,5.056945
1514,5.8746686,6.882526
1515,3.792409,4.1397605
1516,7.0667567,3.982651
1517,5.372602,7.037997
1518,3.7777956,5.395342
1519,5.0180364,7.195914
1520,6.7929163,5.9363356
1521,3.9410455,8.592986
1522,6.050582,4.244965
1523,6.3978834,2.1174283
1524,9.193527,5.1417475
1525,6.357344,4.3077765
1526,5.472668,4.428492
1527,6.94736,8.265748
1528,5.7433176,6.510917
1529,5.76929,6.0925283
1530,2.7965124,7.0020647
1531,3.7906275,6.980088
1532,5.9723883,7.900898
1533,4.425174,7.5447
1534,5.8075585,4.4768376
1535,7.175185,9.287558
1536,6.271257,6.8048577
1537,6.6662,6.129194
1538,6.2012258,2.7667124
1539,6.1144543,6.155665
1540,6.1586075,5.273646
1541,6.3837276,3.5035226
1542,6.056097,3.760712
1543,5.2302775,6.239596
1544,4.0246754,5.6594687
1545,4.3146086,5.767112
1546,5.399057,9.533826
1547,5.487147,3.7086134
1548,5.290844,7.336992
1549,6.1212225,6.400631
1550,5.927398,8.636435
1551,5.6417384,9.927242
1552,5.5461326,9.605292
1553,7.399465,8.099607
1554,6.3270454,6.6113896
1555,7.3583193,8.410622
1556,7.3010592,6.6779795
1557,5.6472235,9.083968
1558,5.947985,5.3509116
1559,7.3169484,7.224858
1560,5.7540097,8.897433
1561,6.9710236,6.518478
1562,6.5381436,3.2569377
1563,5.250689,6.477888
1564,5.2125487,6.601992
1565,7.4183636,7.203154
1566,6.6716323,4.146545
1567,8.026892,3.9352398
1568,7.5520573,6.102409
1569,6.7116647,7.097604
1570,6.0918894,5.9210157
1571,6.777956,4.7855678
1572,5.298787,7.559942
1573,5.8903217,6.2741213
1574,8.125488,4.975431
1575,5.3010025,6.0596037
1576,5.9802713,5.928473
1577,5.8718505,6.0604444
1578,5.661137,2.9322937
1579,5.5164285,4.5623345
1580,5.3824286,3.7358174
1581,4.16884,2.6635268
1582,4.276697,2.5068982
1583,5.9843645,3.1925466
1584,7.186478,5.315269
1585,6.415534,2.148388
1586,4.9874835,5.2285905
1587,6.3349757,7.3632965
1588,5.9631352,7.8231273
1589,4.8950524,6.6400666
1590,4.4789095,3.364066
1591,5.4332447,4.085513
1592,4.817674,2.4897468
1593,5.4771705,1.2535292
1594,3.8374708,5.2598763
1595,6.146085,2.9636016
1596,7.600294,4.655836
1597,4.1058426,3.543687
1598,4.7174854,6.1189675
1599,4.782101,6.1258054
1600,5.5832176,8.036939
1601,4.8293033,6.00926
1602,6.205881,5.8050637
1603,7.685201,7.915293
1604,7.4996634,4.177258
1605,4.719978,6.6346154
1606,6.5260305,5.440271
1607,6.698472,7.0555425
1608,5.9214535,7.31502
1609,7.087497,4.7115874
1610,5.7282953,6.9729753
1611,5.017082,3.4622498
1612,4.6817055,5.3700643
1613,4.294303,5.0670633
1614,5.10682,7.0874486
1615,5.9859233,6.011114
1616,7.3344326,7.0127983
1617,5.6896467,7.8125057
1618,5.6267147,5.8163033
1619,5.6769657,5.5028315
1620,7.8873963,5.149492
1621,5.509791,8.514149
1622,4.6257396,5.216467
1623,5.29041,2.0642726
1624,6.360065,1.8140295
1625,6.7934165,7.040084
1626,6.8268433,6.276793
1627,6.1801043,4.961525
1628,5.54726,7.089589
1629,4.9958925,5.319424
1630,5.9295244,5.7964935
1631,5.591265,7.9038606
1632,5.8146057,5.893358
1633,5.443458,5.7988105
1634,6.315942,5.043755
1635,4.7188168,5.2515593
1636,4.5844464,9.900971
1637,4.7414007,7.9651446
1638,5.683979,7.8138742
1639,5.180508,9.679659
1640,4.8234515,7.14604
1641,5.4315553,5.630829
1642,4.4542418,9.5814
1643,4.4040284,7.423101
1644,7.123852,8.987185
1645,6.0631523,8.618746
1646,7.009982,5.5417967
1647,6.391249,6.2386737
1648,7.013358,8.103679
1649,4.9984202,8.20218
1650,5.775173,6.1291575
1651,5.900675,6.421577
1652,6.746764,4.9973383
1653,5.505997,6.4553466
1654,6.913438,7.0105233
1655,7.539889,5.4235973
1656,5.7574644,9.751114
1657,5.6962285,5.502268
1658,6.018273,7.487196
1659,7.1126924,4.4436927
1660,4.256379,8.789398
1661,5.2384834,7.269332
1662,5.0335817,12.729199
1663,4.316585,9.746425
1664,5.9741416,4.6670756
1665,5.244174,5.635398
1666,5.998627,3.524456
1667,5.557983,6.0801034
1668,6.221956,5.836022
1669,5.26044,1.4055958
1670,6.3323784,4.5981426
1671,7.837388,2.745901
1672,6.6750917,3.6321461
1673,6.216684,2.952467
1674,7.274105,2.0501852
1675,5.3732033,3.2922127
1676,6.120687,2.282598
1677,5.4909306,0.13381645
1678,4.926611,4.033053
1679,6.1242,1.2949013
1680,5.234031,1.7349719
1681,5.3991985,2.4053745
1682,5.826596,2.8179638
1683,4.3013067,5.9860215
1684,4.7332788,3.696011
1685,4.6853814,3.9116833
1686,6.1963387,7.291264
1687,5.283362,3.887552
1688,4.9796185,6.1494427
1689,3.5635414,8.312586
1690,4.067944,10.00361
1691,6.752304,8.578139
1692,4.7911944,6.190901
1693,4.622003,2.2785304
1694,5.117988,6.867485
1695,5.7708187,7.9583144
1696,4.414523,5.60588
1697,5.354783,7.7599325
1698,3.7265189,6.2446885
1699,4.160213,6.0131907
1700,4.297824,8.453635
1701,5.332939,6.8512125
1702,4.9471908,6.345855
1703,4.629789,7.0802946
1704,6.0557985,6.4225597
1705,5.2374964,6.7862005
1706,4.9206657,6.166718
1707,5.2556124,6.2897606
1708,2.247008,5.6586246
1709,4.7863164,3.4520023
1710,4.5161314,-0.21453808
1711,7.210134,0.6217687
1712,3.7283137,0.47230807
1713,6.5969267,0.7661846
1714,4.8944635,5.6590586
1715,7.521688,6.7712717
1716,6.311188,7.0483923
1717,7.610635,4.382309
1718,5.9604297,2.351757
1719,4.4937086,1.7807723
1720,5.0534463,2.5061986
1721,6.2699833,2.8077571
1722,5.95004,1.4941125
1723,5.597566,2.6700253
1724,4.6988916,0.029169936
1725,5.3962493,0.2731604
1726,6.823251,-1.1840045
1727,6.6272,4.6289706
1728,5.992034,2.050097
1729,6.2586055,3.1055453
1730,2.9593756,3.0475621
1731,3.6513891,6.1655498
1732,3.683092,4.400878
1733,5.6656437,1.6549447
1734,5.068284,3.4634962
1735,5.311846,3.8945096
1736,5.4740763,5.3435965
1737,4.045784,3.8278043
1738,4.328085,3.3887787
1739,5.5136704,5.0948668
1740,6.115395,5.21536
1741,4.4049973,7.78242
1742,6.157351,4.6762238
1743,6.151541,3.0598075
1744,4.412384,4.949795
1745,3.1639059,4.8132777
1746,5.3711615,2.5159614
1747,2.012985,0.7168663
1748,4.364766,4.980401
1749,2.5550532,3.7529793
1750,5.134497,0.9441712
1751,2.5825784,5.8779616
1752,4.525095,2.5252259
1753,3.9725554,6.9143233
1754,2.9427478,2.4214633
1755,4.819691,4.1020727
1756,3.3770201,4.444954
1757,5.1612797,2.809368
1758,3.2586105,5.1437554
1759,3.9320345,4.9068084
1760,4.8316846,4.583151
1761,4.8313036,4.005555
1762,3.8830307,4.1158013
1763,4.0051026,3.054441
1764,4.5889378,3.9218333
1765,4.8822913,2.1420858
1766,4.1874676,3.71947
1767,7.2171044,2.0842752
1768,5.0522037,2.6976733
1769,4.5270185,0.022342207
1770,4.1793284,3.3713417
1771,6.16318,3.7873423
1772,4.680189,2.5601313
1773,3.984346,2.59771
1774,2.9499915,2.4590874
1775,3.2536829,2.733695
1776,5.0146275,1.5105712
1777,5.9818473,4.20647
1778,5.8772745,3.1159523
1779,5.178351,2.034576
1780,4.4039245,-0.28300413
1781,5.241446,1.8158402
1782,5.3528466,1.9060235
1783,3.8053355,0.7611007
1784,5.5078554,-1.4101355
1785,5.384261,-0.5772271
1786,5.3999295,-1.456389
1787,5.8709936,-0.560602
1788,4.6743503,-1.007716
1789,4.1299157,-0.7859569
1790,6.4460244,1.1794957
1791,4.8139772,-0.61155015
1792,4.914075,1.1918087
1793,5.7564745,0.6338867
1794,3.8864527,0.31376585
1795,4.4142513,1.9927802
1796,4.2588296,2.9733486
1797,3.670038,2.2714186
1798,3.116853,4.933117
1799,4.4262233,4.7766676
1800,4.8849306,0.94917977
1801,3.3466964,-0.69407254
1802,4.290553,3.5502198
1803,6.9642425,2.7555118
1804,5.2117667,1.4172614
1805,7.128561,2.8395147
1806,6.3333635,0.39848468
1807,4.8217754,0.7858093
1808,4.687381,2.6930537
1809,5.1197567,2.3801405
1810,5.7411337,4.7237854
1811,3.984531,4.012026
1812,3.774658,0.61124784
1813,6.186211,2.6331613
1814,4.0236907,5.0194187
1815,7.5558662,2.8234723
1816,5.9242854,2.7125506
1817,6.434906,4.8583794
1818,5.844087,4.455406
1819,7.727385,3.6172433
1820,6.6978245,1.9435872
1821,6.3274546,-0.20665517
1822,7.0185204,-0.24739242
1823,6.3346004,0.15368904
1824,4.645705,3.5204911
1825,6.380295,5.41966
1826,6.2138395,1.1283996
1827,6.1435924,-0.27657664
1828,5.754649,2.4419281
1829,5.6461864,3.2268023
1830,3.899993,5.537604
1831,6.2915177,3.1421
1832,5.2785864,5.7861543
1833,7.3736925,4.6747947
1834,6.7704263,3.886636
1835,6.270176,3.1214664
1836,7.229297,5.472401
1837,6.025771,4.6629
1838,5.149092,4.952269
1839,4.8175306,0.9480534
1840,7.0014434,6.9536643
1841,5.5022182,2.9794855
1842,4.129092,3.1325257
1843,5.224948,0.3588385
1844,5.414475,3.5485609
1845,5.818411,2.8776896
1846,7.6023226,2.4133458
1847,6.641551,3.238178
1848,5.6737075,-0.2399305
1849,6.1584816,3.2681262
1850,5.99302,5.804895
1851,6.503699,5.306708
1852,6.796209,3.9553366
1853,7.8700624,3.2480738
1854,6.7781887,3.2004764
1855,6.8262525,3.8864715
1856,6.714312,2.4397354
1857,6.697016,2.37187
1858,5.4469347,0.8476875
1859,6.1786127,-0.4900835
1860,5.8337674,1.9870017
1861,6.4138303,2.5719044
1862,3.9441683,0.23872213
1863,6.91211,0.3693184
1864,8.101499,1.6876822
1865,4.957752,-0.16589405
1866,6.377629,2.5166545
1867,5.8281913,1.2244858
1868,6.525331,0.50279635
1869,6.7953434,1.1088293
1870,9.202462,0.081807084
1871,7.313356,1.8109677
1872,7.4706903,0.16460873
1873,7.776088,2.8468573
1874,7.465613,-0.08055931
1875,8.559982,-0.21708544
1876,5.9416623,-3.3065598
1877,5.621906,0.07223087
1878,4.8529124,3.3275042
1879,4.898541,3.3986654
1880,5.8600755,3.8136349
1881,7.319527,4.0250006
1882,6.4599633,2.9065588
1883,6.5036516,3.0105302
1884,6.271436,1.8903034
1885,7.4854307,1.2140553
1886,7.45265,2.5947394
1887,7.418996,2.629392
1888,5.48175,3.8121285
1889,6.5891113,1.1482108
1890,5.630379,0.34329703
1891,5.209517,4.8389544
1892,2.5610332,4.0454884
1893,4.5155435,5.1608343
1894,4.819753,3.6962519
1895,4.8200183,4.028926
1896,6.2814603,4.4330516
1897,5.4467373,5.413386
1898,5.8476715,1.0546484
1899,6.5013824,4.4857903
1900,8.379194,4.0751886
1901,8.219563,2.6730177
1902,6.756316,2.539919
1903,7.882476,5.717638
1904,7.710745,6.5595183
1905,4.7479897,4.992729
1906,4.795335,5.1222367
1907,5.7374077,3.182882
1908,3.526298,7.0082173
1909,6.6928735,4.7848744
1910,4.7370152,5.9903693
1911,3.8071425,6.147693
1912,4.147939,6.224899
1913,4.7815623,6.4094753
1914,6.889058,4.2503066
1915,5.931111,7.2178826
1916,4.639803,4.3361797
1917,5.2186418,3.4579322
1918,5.0658064,5.287001
1919,5.0415177,4.9604197
1920,5.0291758,5.375347
1921,6.0131507,6.592754
1922,7.9210706,3.9142067
1923,6.492279,5.9615545
1924,6.45716,4.9839234
1925,6.8238153,3.83394
1926,6.1619425,4.5104165
1927,5.627552,3.317317
1928,6.8197827,5.484196
1929,5.677318,1.3665624
1930,7.810662,8.112359
1931,7.6327724,6.6458793
1932,7.775775,7.3065805
1933,7.019534,8.339963
1934,5.0927653,9.176318
1935,6.5688043,6.1783395
1936,5.637946,6.944805
1937,6.040568,11.432661
1938,5.4578934,6.2578535
1939,4.3339257,8.356725
1940,7.6904745,6.4859176
1941,6.3252835,6.1832147
1942,5.710197,5.7441688
1943,6.4765105,6.7420473
1944,5.476491,5.4089866
1945,5.7505546,8.101719
1946,6.196872,5.357477
1947,5.762261,7.6503024
1948,6.348829,5.6313777
1949,6.2730184,4.851202
1950,4.258885,5.734921
1951,6.909728,6.3034554
1952,5.1344547,9.09649
1953,4.91451,7.4037147
1954,6.4226313,5.353091
1955,5.8612766,4.4817495
1956,6.0432196,7.7369976
1957,7.0209455,11.151512
1958,6.9825826,6.2889895
1959,6.390289,7.1663637
1960,6.405977,9.098655
1961,7.1123924,5.148565
1962,7.437091,4.122564
1963,5.605473,5.715698
1964,7.908444,6.505226
1965,4.024762,6.7707553
1966,5.2310753,6.4754114
1967,7.4299426,5.3545976
1968,6.88129,5.2631745
1969,6.239905,4.66121
1970,6.2398257,6.563651
1971,7.9117374,6.4351735
1972,6.962007,5.753348
1973,6.6861086,7.5665035
1974,4.96156,6.9086795
1975,6.9754186,4.279692
1976,6.476576,8.650702
1977,6.0560784,7.3357487
1978,4.876821,5.732039
1979,6.0305805,5.697124
1980,6.8966575,6.593048
1981,3.1557379,6.6942425
1982,2.63822,6.467231
1983,6.110079,8.241334
1984,5.5952334,7.735692
1985,4.480407,6.393837
1986,4.513578,6.502784
1987,4.9576592,7.1988716
1988,4.599633,4.8655677
1989,2.842457,7.3959265
1990,5.730965,5.786837
1991,7.359563,4.026783
1992,4.964935,7.053483
1993,4.8025026,9.750007
1994,7.0378766,5.3930755
1995,5.4909196,8.415276
1996,3.793687,6.65709
1997,5.9420295,7.172445
1998,4.6326756,9.793785
1999,5.5348144,11.181228
2000,6.7275696,8.696835
2001,6.3718247,7.418681
2002,6.5074983,8.052896
2003,6.016137,5.101583
2004,6.5708566,8.8111925
2005,6.859638,8.968055
2006,3.221108,13.388809
2007,5.2379355,11.794817
2008,4.0485463,10.204458
2009,6.1242533,10.26993
2010,6.2433767,9.630304
2011,8.704408,14.157492
2012,6.051266,9.211317
2013,6.8160343,6.643339
2014,5.30499,12.035082
2015,6.0344973,8.032798
2016,7.6383305,7.1880383
2017,6.5202813,10.076961
2018,6.246368,8.164481
2019,5.8228197,5.294247
2020,6.6272984,7.7718167
2021,6.770222,3.608942
2022,5.882092,10.800381
2023,5.3468723,9.0588455
2024,6.2605786,9.203749
2025,5.659129,4.419998
2026,7.0525575,9.722939
2027,6.8411016,4.9940224
2028,5.9583645,5.756192
2029,6.9019833,5.974568
2030,4.707707,9.861422
2031,6.839567,9.272799
2032,7.433497,8.594007
2033,6.759581,10.471766
2034,7.132338,10.342686
2035,7.6497874,10.150947
2036,6.6767,10.345502
2037,5.5612936,10.101985
2038,4.873586,7.90285
2039,7.957127,9.229424
2040,7.898898,8.427277
2041,7.9045234,10.018927
2042,7.334468,7.0952544
2043,6.145498,11.539362
2044,6.965638,7.427972
2045,6.5300493,10.78802
2046,9.344941,5.431898
2047,6.363841,6.6186595
2048,7.354314,5.0031037
2049,7.8314753,7.4771576
2050,7.479019,6.668851
2051,6.4548583,10.229574
2052,6.7613435,8.03792
2053,6.6383543,7.9614906
2054,5.804483,11.204771
2055,6.6621814,4.832151
2056,6.420491,3.6573133
2057,8.045276,-0.6080407
2058,7.755683,5.7815666
2059,8.239399,4.0726676
2060,4.9628778,9.895686
2061,4.853827,8.558821
2062,6.850519,4.8206673
2063,7.2484937,8.129671
2064,6.2188954,4.6649885
2065,7.093662,8.949867
2066,5.2043324,6.1090074
2067,8.437599,8.190977
2068,7.2216268,4.9652095
2069,6.734376,8.9060955
2070,6.9014525,6.09883
2071,6.874861,8.337741
2072,6.4888077,8.522568
2073,7.300561,8.198544
2074,7.141399,7.559071
2075,7.9972987,6.2778754
2076,8.766919,8.467898
2077,7.76283,6.8020587
2078,7.545078,5.3325577
2079,4.5631857,6.205091
2080,5.359228,8.000389
2081,8.684158,7.3595195
2082,1.4855857,9.923559
2083,3.5679653,8.0029955
2084,7.50199,10.536791
2085,7.0878572,11.007017
2086,5.503834,7.4244184
2087,7.344619,8.577938
2088,7.148093,9.475693
2089,4.9238305,11.687943
2090,7.812717,11.012622
2091,6.648601,10.239448
2092,4.073042,8.727401
2093,5.082992,9.588655
2094,5.1001124,11.991498
2095,4.7341433,9.288732
2096,4.990895,9.2701435
2097,6.294388,6.65599
2098,5.104886,6.409162
2099,4.05687,7.092579
2100,4.7721286,7.884008
2101,4.4319143,7.9793243
2102,4.875271,6.891022
2103,5.827316,7.832141
2104,6.393198,7.4809737
2105,6.2750697,7.935949
2106,5.3699427,9.276959
2107,5.012159,5.664381
2108,5.6246395,5.2748256
2109,5.4264126,5.9516377
2110,3.8773713,6.5688157
2111,3.8982308,3.3432612
2112,4.2034726,5.6141133
2113,5.411251,6.9193616
2114,4.6440353,2.917389
2115,5.2434688,4.6148057
2116,7.313431,7.3110876
2117,6.4126225,3.3006866
2118,6.5211363,2.619399
2119,5.651733,4.2537794
2120,6.1199594,8.631444
2121,5.036223,4.929975
2122,6.6159,6.776194
2123,5.6607327,5.563456
2124,5.9555626,10.737924
2125,6.006904,9.299456
2126,7.4519095,6.743864
2127,4.9586782,5.9586754
2128,6.9701805,7.6648903
2129,4.3752728,9.283818
2130,6.247721,4.829001
2131,4.331488,6.0964317
2132,5.5655966,4.7098145
2133,4.6209283,6.582669
2134,5.14369,7.4631624
2135,2.1183314,5.910996
2136,5.4334188,5.0516276
2137,4.485851,3.6168783
2138,4.835996,4.2655687
2139,4.8196106,7.101369
2140,4.2232895,4.335401
2141,4.4597945,5.485465
2142,5.716263,3.5821476
2143,4.159542,6.7340665
2144,6.4739914,6.3220305
2145,4.889918,5.999126
2146,2.4560556,6.113657
2147,3.0088062,6.9827037
2148,4.4657555,7.5075936
2149,2.816089,8.004014
2150,5.1737013,7.7861385
2151,5.173499,6.1676555
2152,3.3158908,7.2236013
2153,4.2563033,9.919688
2154,4.650509,8.77405
2155,3.87099,12.960844
2156,4.132678,8.842046
2157,3.2855725,6.8806415
2158,4.35629,7.4005384
2159,5.5949717,5.5734086
2160,2.8577569,7.2378073
2161,4.8321295,8.109806
2162,1.7184385,7.4135528
2163,3.1401267,7.257895
2164,3.3070295,7.508912
2165,3.5282867,6.018282
2166,4.6564755,6.473843
2167,2.9386504,10.088265
2168,3.381023,6.504442
2169,3.015483,8.706957
2170,4.9884124,9.04105
2171,4.7242317,11.419261
2172,4.029927,6.409314
2173,5.45627,9.284623
2174,5.315544,10.411934
2175,2.6471577,11.025388
2176,3.713295,7.5223627
2177,6.093123,7.581355
2178,4.3320704,9.03243
2179,5.5072,8.621392
2180,4.218549,9.817004
2181,5.3745317,9.548628
2182,6.412351,12.557876
2183,7.1704755,8.521177
2184,4.685885,7.3179197
2185,4.8533964,8.83459
2186,6.2086897,10.442807
2187,4.0497046,8.216533
2188,6.284926,8.814056
2189,6.9123387,8.1987295
2190,5.2006187,12.374411
2191,4.070743,9.670391
2192,4.081525,7.9304595
2193,5.4611974,9.615928
2194,3.4731553,13.942942
2195,4.094769,9.803944
2196,4.76978,11.428498
2197,3.6239424,9.267727
2198,4.1604877,11.969352
2199,4.6330776,12.968333
2200,3.6199822,8.545862
2201,4.596436,7.4239454
2202,2.5774143,9.747584
2203,2.8616977,8.191972
2204,2.3765655,5.975502
2205,2.454531,4.2975073
2206,1.973385,8.1102495
2207,3.1334689,9.184547
2208,3.8584795,7.3436475
2209,2.8523226,11.057453
2210,1.4917632,11.537234
2211,5.3401213,10.857057
2212,4.9396353,11.070096
2213,2.9470813,11.435597
2214,6.2374744,10.336036
2215,7.3607626,9.470178
2216,4.5920444,9.848216
2217,5.5519834,9.467059
2218,7.3362947,11.369333
2219,8.247619,11.224742
2220,7.6642404,8.996766
2221,6.126106,10.607571
2222,6.8107653,7.9850445
2223,7.0716805,7.0459695
2224,6.173933,9.18237
2225,4.917493,10.437284
2226,5.4427495,5.8394175
2227,5.5000343,6.8317842
2228,5.1620836,4.2080965
2229,4.3425317,3.9400365
2230,1.750841,7.6900206
2231,4.8928213,10.727517
2232,5.7452126,6.2646303
2233,5.4782405,10.748235
2234,2.616467,8.063508
2235,6.25073,6.511397
2236,5.2709594,8.223113
2237,5.4847217,6.1350656
2238,4.569831,4.680248
2239,5.77913,6.8970413
2240,4.9761524,6.8559327
2241,3.9005103,5.26967
2242,6.203488,6.1626005
2243,4.8317423,6.453542
2244,3.125125,6.6004496
2245,5.1125846,4.5991836
2246,4.7490535,5.6102557
2247,3.616916,5.531635
2248,4.750462,5.5858355
2249,4.3594575,4.7323394
2250,4.5811715,6.317055
2251,2.5843828,5.372954
2252,2.5751097,5.6172504
2253,4.6768694,5.6125484
2254,4.4237833,7.205326
2255,3.9477475,7.3546104
2256,2.9466686,3.8477757
2257,4.0011888,5.6524353
2258,4.2349696,7.078149
2259,4.004756,8.589242
2260,4.789226,5.0291286
2261,2.4558702,4.3179946
2262,4.646169,5.9112854
2263,4.172892,5.2681165
2264,2.8947055,0.8941968
2265,4.507415,5.5358944
2266,2.4357712,4.6986046
2267,3.7054253,6.0428658
2268,2.0262735,5.6420712
2269,5.9851933,3.1989884
2270,5.904444,6.891934
2271,3.7795699,7.0836926
2272,3.2678275,8.048853
2273,3.0277195,3.0765316
2274,6.2267036,8.266003
2275,5.4017863,5.1325145
2276,4.4675164,4.1169705
2277,4.816298,1.6005634
2278,3.43021,3.6072004
2279,5.4774704,8.465812
2280,5.901458,6.657725
2281,6.0810213,6.94505
2282,5.796085,6.647763
2283,4.356888,4.763181
2284,5.253452,6.5909896
2285,5.116858,7.2211685
2286,6.30659,6.9663553
2287,6.9993753,8.825917
2288,4.569074,6.938025
2289,5.6956024,6.0218368
2290,6.958041,7.401672
2291,5.7518616,6.0998726
2292,3.7028403,9.509184
2293,4.261523,8.857061
2294,4.3315434,6.223289
2295,5.518962,6.180092
2296,5.555214,6.5402093
2297,4.8393307,5.894636
2298,4.3911543,6.386389
2299,4.532164,8.705394
2300,5.481358,4.8844013
2301,5.5532656,7.3503923
2302,6.777012,7.4312425
2303,7.660951,7.2530766
2304,6.8093443,6.468713
2305,7.328806,9.895065
2306,5.7887545,10.239867
2307,6.598819,6.2781687
2308,6.9172764,6.600877
2309,5.113868,6.265356
2310,5.766609,8.7959175
2311,6.432725,8.11714
2312,5.987287,5.744671
2313,7.5068765,8.649669
2314,3.858839,5.67529
2315,3.1343086,8.334543
2316,5.216922,11.079164
2317,5.135443,9.047992
2318,6.855117,7.558917
2319,5.045196,4.8356805
2320,4.6515245,3.2592676
2321,4.100575,9.41797
2322,5.841577,5.99458
2323,4.87956,5.979705
2324,6.720047,8.237506
2325,6.389909,11.36186
2326,5.481385,8.351367
2327,7.916996,10.810792
2328,7.0491986,9.709157
2329,5.640813,9.106453
2330,5.9716525,11.586653
2331,4.9767127,7.317044
2332,6.333923,8.179569
2333,5.766079,5.9054923
2334,7.045767,3.0311823
2335,5.8811417,4.328256
2336,9.9837885,8.1095295
2337,6.221395,3.8718927
2338,7.82779,5.91673
2339,4.055383,5.6434665
2340,6.8307176,9.533114
2341,5.5502286,5.7578044
2342,4.6977673,3.6641023
2343,4.8343525,3.310859
2344,7.2638216,7.127519
2345,4.645688,3.007616
2346,7.2897887,4.57626
2347,6.4661236,3.3530095
2348,6.605263,5.6597204
2349,6.41962,4.7082705
2350,7.5111823,2.944419
2351,6.747999,6.519143
2352,6.8691583,5.0476956
2353,4.9806437,1.4032379
2354,8.0226965,4.2718883
2355,6.1490664,0.36389107
2356,5.1730976,4.7169623
2357,5.6610246,2.8987892
2358,7.313343,1.1419528
2359,6.40527,3.405068
2360,4.2844467,0.264723
2361,4.3438373,2.2289813
2362,5.1961565,0.15086995
2363,6.888163,2.1162522
2364,4.6425157,2.3548176
2365,5.7259293,0.010027557
2366,5.3709197,2.4646215
2367,6.575968,-2.0994828
2368,4.094617,1.8211519
2369,4.6471853,-2.332682
2370,5.092504,-0.8783659
2371,3.2456381,-2.8164024
2372,5.064609,-1.5338117
2373,4.563008,0.5496618
2374,1.0713023,-1.3273897
2375,4.550302,0.60743433
2376,2.7210495,0.57539356
2377,2.234521,-0.2494226
2378,3.3720822,-0.5321249
2379,2.6525998,-1.0034907
2380,2.3760076,1.7146635
2381,1.2697228,1.6412199
2382,1.5827042,-0.30483922
2383,3.2417853,1.6724229
2384,0.5027212,2.1239727
2385,1.8183002,-0.11261869
2386,-1.4520116,1.1403956
2387,-0.21371709,-0.39201695
2388,1.410023,-2.9740489
2389,1.3318117,1.6624789
2390,1.5358608,-2.7724674
2391,2.002031,-1.2452571
2392,1.5976728,1.3905622
2393,0.98934436,1.4281982
2394,0.8264915,-0.82093436
2395,1.2603045,0.8636114
2396,1.300469,-0.38330856
2397,1.940822,0.1685723
2398,0.50664073,-0.18113323
2399,1.41795,-1.550627
2400,1.286867,0.23784019
2401,3.246033,0.26927358
2402,1.217535,-0.18558033
2403,2.5741758,-0.18701817
2404,2.592832,1.6072433
2405,-0.2743203,1.9701554
2406,1.3614433,0.3180528
2407,2.8590913,1.6895599
2408,3.4858236,1.7131625
2409,1.8326855,-1.1000397
2410,0.42848074,0.15049505
2411,1.0596701,-0.7145315
2412,1.075527,0.7179846
2413,0.17742752,-1.6886694
2414,3.1219292,-0.3846836
2415,5.1011806,3.0028696
2416,4.77537,1.7195361
2417,4.1474414,-2.4376068
2418,3.0038726,1.3307269
2419,2.8221028,0.72181934
2420,1.0525433,-1.0955287
2421,1.5849625,1.0961196
2422,2.3420281,-0.69810444
2423,6.106176,-1.5133811
2424,0.17261785,-0.6193656
2425,2.6421998,-3.4343414
2426,1.833924,-3.448669
2427,1.0036035,-0.41459408
2428,1.603506,0.04160326
2429,2.6637392,1.9158585
2430,2.90671,-2.3792727
2431,2.011867,3.2446108
2432,0.7052847,1.481386
2433,2.9397798,1.756584
2434,-0.09353236,-0.47624955
2435,2.7386928,0.6647812
2436,2.1015618,-2.0158296
2437,2.275991,-0.15744896
2438,2.9251606,-3.029014
2439,1.154905,-0.8369015
2440,2.8403366,-2.0977745
2441,1.2783601,-0.6589421
2442,0.74456996,1.553147
2443,0.9869207,1.080382
2444,0.96801466,5.6901054
2445,1.2620431,4.5792527
2446,2.8291564,1.8818157
2447,4.3271303,-1.0441257
2448,4.831513,-0.64707214
2449,4.1628137,0.6326439
2450,4.814617,2.6067793
2451,1.6609985,3.2154074
2452,2.886898,1.788052
2453,5.6212735,-2.1478593
2454,4.1756086,-0.35870156
2455,4.379599,0.8924358
2456,3.106816,0.27565488
2457,5.1752243,1.6139151
2458,2.177115,0.82195
2459,2.5371099,-0.48442662
2460,5.227091,0.46198627
2461,2.7148168,-0.09713105
2462,4.5361977,-0.013835197
2463,3.9709396,-0.41397712
2464,1.8386631,-1.2785808
2465,3.9513535,0.71381277
2466,4.881119,-0.83931494
2467,2.372328,1.5863669
2468,1.6540298,1.0558304
2469,2.8159435,-1.5834543
2470,1.9632684,1.9194674
2471,3.8422425,1.3065386
2472,3.8511794,1.302727
2473,2.546029,0.07450314
2474,3.8849843,-1.4501033
2475,2.0702293,-0.280363
2476,5.012649,-3.4113781
2477,1.0301341,-4.779549
2478,1.5870585,1.5582697
2479,1.9432474,0.4377192
2480,3.0252845,0.041549303
2481,2.5589035,0.5034069
2482,2.6173317,1.1501527
2483,2.8637288,0.6569515
2484,2.4065,-1.2824353
2485,4.4251094,-0.23972881
2486,2.0575714,1.2881696
2487,0.96808565,0.039628524
2488,2.1706407,-0.545644
2489,2.082868,2.9413555
2490,2.9265757,2.3494337
2491,3.8361833,0.35581318
2492,1.7947944,-1.858175
2493,2.5241585,-0.92726046
2494,3.7927432,-1.1074177
2495,3.6557107,0.0031985987
2496,1.0896057,2.0518148
2497,3.699565,-0.40550086
2498,4.017866,-0.045389246
2499,1.2389519,-0.3402876
2500,3.000774,1.1516677
2501,3.9674108,-0.803401
2502,1.1730866,3.3858368
2503,5.397623,1.8884914
2504,2.9106545,-3.4857297
2505,4.7237787,0.5945503
2506,3.6273477,0.30185494
2507,2.9303844,-0.4384766
2508,1.857338,-1.7271076
2509,4.874367,-3.1516688
2510,3.3247488,-0.54566896
2511,3.4461098,-0.8559248
2512,1.2901576,0.4523105
2513,2.3505769,-0.16309795
2514,3.8459408,-3.075997
2515,2.0481272,1.3294575
2516,3.0399146,-2.1357844
2517,3.7721646,-0.45251617
2518,3.1943119,-2.0657003
2519,0.17895453,-2.3344142
2520,2.6178656,-2.5430984
2521,2.723117,-1.5519971
2522,1.7971396,-1.5676637
2523,2.6530735,-4.2215366
2524,3.6339998,-4.316222
2525,3.1746962,-1.4405023
2526,2.723237,-0.23033905
2527,2.8385177,-1.4707311
2528,4.6912956,-2.0567846
2529,2.545811,-3.9573615
2530,2.4720595,-2.6876574
2531,3.4634612,-2.0748324
2532,5.4640408,-2.090067
2533,4.78398,-1.0824662
2534,4.33576,-3.3001022
2535,6.6711493,-3.4237869
2536,5.2308884,-1.2868328
2537,6.8614445,-2.2553046
2538,5.920349,-3.246606
2539,1.3943448,-1.6699146
2540,3.553234,-1.1432729
2541,4.1641655,-2.4595783
2542,3.0798068,-4.346528
2543,0.8891357,-2.1755054
2544,1.8018754,1.8118852
2545,4.998816,-5.3173122
2546,2.0091884,-4.8540244
2547,2.387235,-6.159129
2548,4.251173,-1.8588988
2549,3.176135,-0.7542645
2550,3.0197465,-2.4587495
2551,5.384728,-1.1862203
2552,5.138735,-3.4794893
2553,4.125712,-2.3819807
2554,5.601369,-2.638577
2555,6.5893116,-3.7828052
2556,5.2448697,-5.784451
2557,6.1204305,-5.383634
2558,3.7069688,-5.0785294
2559,3.7553458,-4.2683954
2560,3.838631,-3.9397488
2561,4.684825,-4.066754
2562,6.0753417,-3.5985677
2563,3.9688325,-2.9048479
2564,4.230124,-4.2295766
2565,5.0288343,-2.6200118
2566,2.8290997,-4.3630486
2567,4.0896444,-5.293762
2568,5.45931,-7.537201
2569,5.786601,-3.263381
2570,5.531435,-5.6103
2571,4.0293984,-3.02637
2572,4.863654,-2.1497862
2573,5.741765,-2.6212878
2574,7.1035247,-3.5523653
2575,5.724154,-2.5403597
2576,3.5328429,-2.9263246
2577,6.5231013,-3.7273362
2578,6.0761886,-4.384336
2579,5.6500287,-4.1505322
2580,4.832403,-2.135987
2581,3.3828664,-3.3886428
2582,5.978229,-5.461063
2583,4.885657,-2.5904
2584,4.6838384,-2.8900223
2585,6.5389957,-3.3641272
2586,3.8245583,-2.446919
2587,5.4232063,-3.5843422
2588,5.3570423,-5.792595
2589,6.382542,-6.681086
2590,3.602992,-5.398965
2591,6.874535,-0.80244386
2592,4.8221197,-5.6394873
2593,4.7250295,-5.676366
2594,7.3505254,-6.6966524
2595,5.921615,-3.7952313
2596,5.07279,-5.729435
2597,6.144017,-6.5985107
2598,4.1850357,-4.2332397
2599,6.148659,-5.085591
2600,5.7426867,-7.831709
2601,4.885913,-4.760374
2602,3.3521397,-4.871228
2603,3.6164916,-2.7515554
2604,5.259931,-5.073721
2605,4.7388473,-5.353051
2606,5.5015388,-3.941838
2607,4.6135364,-3.8773785
2608,5.6131353,-7.48763
2609,5.233474,-8.201841
2610,5.352449,-4.843667
2611,5.3411975,-6.043198
2612,5.365477,-6.143964
2613,6.2425466,-3.592798
2614,4.800177,-5.2086854
2615,5.276696,-6.3106694
2616,5.5916743,-0.5181322
2617,5.6386046,-5.7025256
2618,4.266393,-4.898222
2619,5.286967,-4.071256
2620,6.547844,-4.9612775
2621,5.7829337,-5.5629606
2622,4.076376,-3.762819
2623,4.1225805,-6.372248
2624,3.9599328,-4.3691206
2625,3.7954266,-3.8107631
2626,3.4189339,-1.8239065
2627,5.122989,-3.4701786
2628,5.4337425,-2.4015667
2629,4.772958,-3.5441828
2630,4.5348096,-5.102209
2631,4.3174133,-2.5920277
2632,4.2446604,-3.3140826
2633,5.241143,-6.481992
2634,6.0819445,-5.7507434
2635,4.3500834,-6.496341
2636,5.114077,-1.9572214
2637,3.6615038,-2.6947892
2638,4.136571,-3.211589
2639,5.311516,-4.741413
2640,4.2974696,-4.172868
2641,5.5703897,-4.8876405
2642,6.4081836,-4.4347954
2643,5.129125,-2.9193792
2644,3.1771035,-2.3860571
2645,4.9579067,-1.9707997
2646,6.6637144,-0.86585003
2647,5.6974125,-2.8976762
2648,6.575846,-0.06221393
2649,3.9223235,-2.139094
2650,5.4569783,-0.15618512
2651,6.1848006,-2.7323227
2652,6.2147765,-3.7758873
2653,5.3535614,-1.0206106
2654,5.339661,-1.7634709
2655,5.2586927,-3.8735695
2656,2.7201247,-2.3007214
2657,5.652003,-3.1180694
2658,4.4129214,-1.3785591
2659,4.592518,-1.9381561
2660,5.467454,-2.4982002
2661,5.2202682,-4.3952003
2662,5.969428,-1.249293
2663,4.30284,-1.2486892
2664,4.1508107,-3.1389208
2665,5.8877916,-0.883574
2666,5.150687,-1.4216874
2667,5.2919216,-5.067411
2668,5.3063765,-3.1752574
2669,2.836595,-1.8390955
2670,3.7861865,-0.33579665
2671,5.0024037,-0.24268962
2672,4.2554293,-2.7180357
2673,5.6093264,-0.18526432
2674,3.1676142,-1.7431197
2675,1.517395,-1.4599407
2676,2.8626504,-1.6437112
2677,4.4963937,-3.2362714
2678,4.791666,-4.647567
2679,4.1475806,-5.4773073
2680,2.6363876,-0.97353137
2681,2.6827774,-0.60824424
2682,3.7665658,0.4112824
2683,3.746146,-1.9089305
2684,2.903298,-0.57837355
2685,3.2768285,-1.1831021
2686,4.7421374,-0.6932583
2687,2.806552,0.79825026
2688,3.4449687,-0.2648714
2689,3.5125303,-1.6905261
2690,2.3242273,-0.9200076
2691,1.6215783,-1.3590564
2692,3.1048658,-0.26196954
2693,4.627951,-0.17012045
2694,4.5748987,1.3855543
2695,5.696399,0.19135107
2696,3.3135448,1.1515357
2697,4.263858,-1.8497393
2698,5.173069,0.25320172
2699,6.3425274,-2.5714538
2700,7.217542,1.7078931
2701,7.1182413,-0.7076531
2702,2.8847208,1.0606701
2703,4.103355,-1.4084324
2704,4.9398026,0.6126195
2705,5.862488,0.49754062
2706,4.585283,3.6891012
2707,5.0903378,2.891735
2708,2.054891,2.1062074
2709,1.7344462,1.6728379
2710,2.962148,2.5468535
2711,3.2931216,2.9323256
2712,1.9158329,4.4566126
2713,1.409189,3.3381183
2714,3.4659271,3.8673155
2715,4.045388,3.4101365
2716,3.6554706,1.487307
2717,4.9965324,0.66522604
2718,4.154905,5.7747197
2719,3.5536313,2.8919704
2720,3.8727658,1.5064584
2721,2.109788,4.0815043
2722,4.1668744,3.654184
2723,2.603073,1.7849734
2724,3.905568,2.9818528
2725,4.545231,4.161611
2726,5.2625203,3.0933862
2727,4.168725,0.49276218
2728,2.5181062,1.5072966
2729,3.7935872,3.2070699
2730,4.407079,-0.012759095
2731,4.8133717,5.267954
2732,3.7406738,1.1060266
2733,3.5969994,-2.008899
2734,3.3979845,0.26990888
2735,4.0163746,2.4194412
2736,6.667853,0.7528036
2737,2.62357,0.76981467
2738,3.6761217,3.48944
2739,4.1095467,1.0466434
2740,3.7863798,2.3823693
2741,4.6405888,-0.21073256
2742,4.0925617,-1.3757228
2743,3.0871925,-1.3380437
2744,6.193948,-1.0982591
2745,3.0083692,0.52972996
2746,5.295057,-0.7505196
2747,5.0343013,-0.674311
2748,3.5231328,-3.4690816
2749,3.6411393,-2.9576454
2750,5.815628,-1.7294945
2751,4.4916387,-0.9135027
2752,2.8316162,-0.221218
2753,3.3495188,-0.78732586
2754,3.7666252,1.6482378
2755,2.50947,0.38509834
2756,3.1586566,-0.3151315
2757,3.9548833,-2.4615436
2758,4.887296,-0.9305021
2759,3.2304678,0.19192992
2760,3.7583306,-1.5691004
2761,4.1540027,0.17365679
2762,3.0609503,0.080674104
2763,4.1211424,0.04795626
2764,3.1658134,-1.2599897
2765,5.0559983,-0.8289406
2766,4.494616,-1.103926
2767,3.348961,0.1269245
2768,2.7181678,0.47201183
2769,3.7404392,-0.35711536
2770,4.618204,1.1228437
2771,5.9900174,-1.2027484
2772,3.702325,-0.104565784
2773,3.5984683,-0.9316829
2774,2.0898933,-1.357552
2775,2.8483675,-0.7801354
2776,3.1378253,-5.9765687
2777,0.9169023,-2.7462068
2778,3.0679564,-5.184026
2779,4.039104,-3.0621483
2780,4.090338,-0.8950446
2781,4.4255943,-0.052863255
2782,3.1874099,-2.110036
2783,2.737359,-0.76077837
2784,2.6827254,0.020156797
2785,2.775826,0.48842767
2786,3.4127796,-0.17727372
2787,2.7988918,-0.28040802
2788,4.7950644,-1.3867644
2789,3.619679,-0.74851674
2790,2.2145755,-0.91352195
2791,4.483143,1.3402729
2792,2.0416665,0.7052628
2793,2.9933653,1.1519301
2794,3.5273075,1.5781186
2795,2.5165813,1.5166597
2796,3.9830694,-2.3465908
2797,2.7782564,-2.032585
2798,2.6859376,0.29048327
2799,2.561853,-2.0636995
2800,2.132858,3.1262293
2801,3.010378,2.0029235
2802,3.402852,0.5595723
2803,2.7821832,-1.4470373
2804,2.9808133,0.08100296
2805,2.8151352,-2.1742249
2806,0.9499156,0.102479786
2807,3.3073099,0.6481506
2808,4.70369,2.1297333
2809,2.842038,-0.58437574
2810,1.1140722,0.8626713
2811,1.9843317,3.5404265
2812,1.9234862,0.34263697
2813,0.15564366,0.21463837
2814,3.223222,0.75185037
2815,1.2922174,0.26199841
2816,3.4626205,-0.51964504
2817,1.706376,-0.33346412
2818,3.029995,1.5075383
2819,2.1156912,-0.83782506
2820,3.1155548,-3.3066022
2821,1.9310303,0.7591643
2822,0.68107545,-1.2431884
2823,5.7921987,-0.37037185
2824,2.9058597,2.7401552
2825,3.4108417,2.3978798
2826,3.3884737,1.701652
2827,4.622272,1.8954394
2828,3.8553786,4.024347
2829,3.3714588,0.7436416
2830,2.3123167,0.4065156
2831,1.4687768,0.3139982
2832,0.32471037,1.2620718
2833,0.7175927,2.0784783
2834,3.1004267,0.10072595
2835,1.2835026,-0.9463328
2836,3.8414407,-1.7377632
2837,3.7140691,-0.640351
2838,4.2698092,0.07037663
2839,3.558912,0.11611126
2840,3.9468248,-2.193338
2841,4.1918054,-1.1822206
2842,2.644709,0.68155205
2843,4.490789,-0.41877574
2844,5.794336,-2.231938
2845,5.4658365,-4.248524
2846,3.277187,-2.532009
2847,3.5990574,-0.12894124
2848,5.630104,-0.8346074
2849,4.5071015,-1.7623756
2850,4.7421746,-1.4047283
2851,3.1605804,1.3021075
2852,3.4915428,0.31361786
2853,5.471784,0.34830204
2854,3.928183,-2.7093236
2855,4.105305,-1.8249377
2856,2.6540813,-0.8859823
2857,3.6935322,-1.961885
2858,4.282508,-3.0944324
2859,3.2119942,1.4286662
2860,3.2678301,-2.0866737
2861,4.575702,-2.3850338
2862,3.6699433,-0.83350456
2863,3.301627,-1.2167643
2864,4.285639,-2.6595464
2865,1.4756907,1.1179996
2866,4.931035,-0.50841254
2867,4.8904204,0.04448417
2868,4.6201706,-1.5533137
2869,3.0660193,-3.4512749
2870,2.9263804,-4.345772
2871,3.3767498,-1.0865206
2872,3.9223213,-2.0025718
2873,6.224702,-4.0714664
2874,3.8988452,-4.57578
2875,4.4815784,-4.7128954
2876,3.8218842,-3.0432441
2877,3.3531315,-0.7819397
2878,2.659512,-0.23713295
2879,2.6568918,-3.4801164
2880,3.382759,-2.9530685
2881,2.029214,-2.1852443
2882,1.9461492,-4.0900197
2883,4.7308946,-2.4285223
2884,2.7803605,-2.5491202
2885,1.8952113,-0.9200657
2886,3.2061572,0.45827597
2887,2.0407512,-1.2892827
2888,2.8894014,-0.21649735
2889,2.856596,-1.6202369
2890,2.9126177,-1.5254855
2891,2.1277916,-3.5025058
2892,1.4441146,-4.6427875
2893,3.0084262,-1.5792787
2894,2.801864,-4.6057005
2895,1.4016316,-3.6587203
2896,2.0753577,-0.38911828
2897,3.050243,-1.153957
2898,4.1367083,-1.7607764
2899,4.920811,-4.725472
2900,4.7593055,-3.9199295
2901,4.0719957,-6.562266
2902,4.8595476,-3.303551
2903,3.7873182,-5.251306
2904,4.3893256,-2.9961255
2905,6.982432,-6.5019236
2906,5.3821535,-3.7901351
2907,6.0902085,-5.387495
2908,6.0435414,-4.707324
2909,5.6294513,-2.0576208
2910,5.3713207,-2.598224
2911,3.513274,-7.96942
2912,4.244437,-5.592136
2913,4.3081365,-6.503669
2914,2.883714,-4.4716363
2915,3.3212476,-5.323372
2916,4.452155,-4.2354827
2917,2.3182828,-2.4986067
2918,4.8289776,-5.7782164
2919,5.192094,-6.443253
2920,3.7031598,-1.7098501
2921,3.0630727,-5.8780384
2922,5.6113815,-3.0395849
2923,4.086037,0.82715666
2924,5.2018867,-1.9027392
2925,3.1779094,-2.2420998
2926,3.0830505,-2.1477609
2927,4.528083,-2.509879
2928,2.1707938,-2.3130882
2929,2.2363067,-3.3388991
2930,1.9454963,-1.0598428
2931,4.2624245,0.61160564
2932,4.1563563,-1.5842975
2933,3.4556134,-0.51781917
2934,3.674538,0.37969667
2935,3.8727078,-1.2644935
2936,4.4119773,0.92664504
2937,3.8556218,0.7219334
2938,3.9583502,1.3616035
2939,3.9160533,0.0029957911
2940,3.3433092,-0.23561265
2941,3.4928594,0.11584483
2942,4.5269012,0.692701
2943,2.627311,0.35750297
2944,2.471444,2.6302776
2945,3.157064,1.482709
2946,3.7916105,-1.9289646
2947,3.3115122,-2.050892
2948,4.396923,-1.2574328
2949,2.261016,-2.618553
2950,3.5115209,-5.1867
2951,1.4828469,-3.013014
2952,2.2387702,-3.4523692
2953,2.4610372,-2.9805603
2954,3.2975297,-2.7694602
2955,2.9501476,-4.144866
2956,1.3214408,0.010865067
2957,2.7844594,0.5237411
2958,4.5190625,0.56688595
2959,3.2614665,-2.0041494
2960,2.8365006,-2.2658417
2961,5.4327674,-2.674141
2962,2.9141343,-3.4538836
2963,3.8452618,-3.550517
2964,2.764111,-3.1844587
2965,4.69311,-2.138631
2966,2.6574445,-4.1890173
2967,3.4877276,-4.6863446
2968,3.1824286,-6.89511
2969,2.746881,-4.533812
2970,2.751058,-5.560221
2971,1.4395028,-6.679499
2972,4.005097,-5.452055
2973,2.43339,-2.7322888
2974,4.7983084,-6.663316
2975,2.3504868,-3.3792198
2976,3.3780465,-0.14868842
2977,2.4697604,-4.573017
2978,3.1775787,-5.910406
2979,3.9604502,-6.40919
2980,1.4612174,-2.4274611
2981,1.4430084,-4.869235
2982,3.713717,-3.3770616
2983,4.222316,-0.9706493
2984,3.8227723,-6.0938683
2985,3.3420615,-5.2024364
2986,1.8748051,-5.8615966
2987,2.5683951,-3.2726524
2988,4.3697696,-3.3169382
2989,2.4344432,-5.082395
2990,2.481654,-5.9947023
2991,3.8373806,-7.362761
2992,4.6753173,-5.461121
2993,4.4606957,-4.0997825
2994,4.0024304,-3.3531322
2995,3.8092222,-2.6069424
2996,3.353631,-4.7505136
2997,3.8150268,-2.5590923
2998,3.0747764,-2.5386987
2999,2.4539347,-3.2465057
3000,2.9710684,-3.0524378
3001,3.0408404,-2.3062294
3002,2.112419,-5.992949
3003,4.690426,-1.7098323
3004,5.5215497,-5.186826
3005,3.8831751,-1.3387123
3006,7.040002,-3.8193939
3007,6.1716127,-0.53756696
3008,7.0051837,-2.7706301
3009,4.0188565,-0.8205832
3010,3.317906,-3.6497977
3011,2.7069733,-6.2974954
3012,2.1480317,-4.716218
3013,5.326406,-2.5800936
3014,3.7719743,-0.4026161
3015,3.828258,-1.9414248
3016,4.49519,-1.1432095
3017,1.9037751,0.6909349
3018,2.0883482,-4.4079223
3019,2.5692942,-1.7425864
3020,2.3780465,-1.6144395
3021,2.508609,-0.3478878
3022,5.079207,-1.0256022
3023,2.7823658,-1.6203076
3024,2.418025,-1.1238604
3025,2.6816833,-4.138932
3026,3.132399,-2.086028
3027,3.2139194,0.3429419
3028,2.9688547,0.1522468
3029,2.466521,-2.739038
3030,2.4004211,-2.1338058
3031,2.4021704,-0.46060115
3032,3.9734817,-3.5529888
3033,2.1134102,0.25614977
3034,3.8161035,-1.0018626
3035,4.333091,-1.2348348
3036,2.1056714,-0.14100353
3037,5.577865,2.266743
3038,3.359621,1.9810553
3039,2.7083018,1.8415984
3040,4.5879736,1.2439574
3041,4.1861506,-0.7099701
3042,3.3111675,3.4405897
3043,3.934388,3.5556495
3044,2.072249,1.7559468
3045,1.551725,4.659438
3046,3.1629791,3.6955988
3047,4.0139127,1.9663081
3048,5.27355,2.0062065
3049,3.0207503,1.9197023
3050,4.091484,0.30750132
3051,2.8434563,0.56012464
3052,1.6537114,1.3170232
3053,2.0673044,2.5064335
3054,2.5815203,0.53520703
3055,3.9775777,0.34798542
3056,2.55026,0.6305086
3057,3.1035323,1.8844492
3058,2.956263,2.6628432
3059,0.57644534,-0.24821258
3060,0.22699939,0.40071437
3061,0.28461602,2.9336205
3062,-0.34899226,-0.09131691
3063,0.6675983,1.8572677
3064,0.497411,2.344844
3065,0.13300641,2.213702
3066,1.5468333,-2.8833346
3067,0.9254951,-2.8865242
3068,2.0760982,-0.40602705
3069,1.3723643,-2.3450305
3070,1.0762739,-0.6285187
3071,3.8438892,2.8480194
3072,1.2244343,2.2054825
3073,1.2759132,-2.0309603
3074,0.88358647,-2.2432868
3075,0.7252508,-1.7420653
3076,-0.007926394,-0.17631093
3077,4.219802,-0.4147615
3078,2.9129398,-3.476406
3079,2.6907082,-2.614169
3080,1.6927038,-0.99934936
3081,2.7255104,-4.696803
3082,3.6193185,-3.9195092
3083,1.4138898,-2.953456
3084,1.2609786,-3.8497229
3085,0.69917536,-1.9699743
3086,1.4182283,-1.0358891
3087,2.5539865,-1.2889935
3088,2.6422508,-3.1132326
3089,1.7754594,-3.9118996
3090,1.6725322,-3.2354121
3091,1.4116013,-4.2148175
3092,1.2344285,-0.9538994
3093,2.1618323,-3.1461415
3094,1.9035257,-1.422774
3095,3.7303958,-2.4287474
3096,2.870598,-1.1262077
3097,2.9018867,-3.122063
3098,2.6474285,-2.2566626
3099,3.2342296,-2.417958
3100,4.3631563,-1.4997451
3101,2.51385,-0.3125581
3102,0.9226242,-1.2567134
3103,2.9247108,-2.7902858
3104,2.9826965,0.92145467
3105,1.7436826,1.2041363
3106,2.8472414,0.61552364
3107,5.3616734,-3.0778189
3108,2.0312083,-1.0240271
3109,2.6013052,0.11527861
3110,2.429279,-1.7594457
3111,1.4531053,-2.0638924
3112,1.445309,-1.0868692
3113,3.7865827,-3.2623897
3114,2.6592805,-2.2807245
3115,3.3872416,-4.2587757
3116,1.3335307,-3.3376255
3117,4.276773,-0.56603813
3118,4.436245,0.29554468
3119,5.7141833,1.0489976
3120,3.5687292,-2.701595
3121,5.5212464,-1.8093162
3122,3.7252612,-2.6590889
3123,2.8365912,-2.4774752
3124,1.4906992,0.49311393
3125,2.3006206,-1.3322006
3126,2.875339,-1.0110009
3127,3.9898117,2.7853801
3128,1.1824801,-0.42471936
3129,0.84022593,0.26895872
3130,4.2926636,-2.4714572
3131,0.658649,-1.0833132
3132,1.6633285,-0.8349881
3133,4.1014743,-1.7851278
3134,1.571285,-0.7155073
3135,1.9662666,0.08170443
3136,2.758796,-3.888442
3137,3.0006363,-1.1695511
3138,3.1698585,-1.709862
3139,2.9767244,-3.4055154
3140,4.175873,-2.5824575
3141,3.3602054,-4.409081
3142,3.3126264,-3.2061944
3143,2.7365289,-2.7877996
3144,2.3888097,-4.931451
3145,3.9609404,-2.4894636
3146,3.1690745,-4.0115466
3147,3.0960772,-3.1053445
3148,3.2261658,-1.4270394
3149,1.8295897,1.7610081
3150,1.936533,0.43293428
3151,2.220902,-1.0454867
3152,4.017486,1.6839685
3153,2.4883378,2.7720146
3154,3.4669228,1.4860833
3155,4.9609466,0.35451585
3156,2.312977,-1.7665402
3157,4.4102483,0.25311598
3158,3.2871325,-0.29807597
3159,3.4237387,-0.26926005
3160,5.1599264,-1.2877904
3161,5.833834,-1.7556255
3162,4.1632423,-2.8234887
3163,5.5374165,-1.316249
3164,5.0542746,-1.1511806
3165,4.025462,-2.017156
3166,4.561299,-3.2119932
3167,3.6469555,-4.5748878
3168,3.375055,-1.2558681
3169,3.537826,-3.2377794
3170,3.2885258,-3.9724758
3171,6.089482,-4.586599
3172,4.2502947,-3.974776
3173,4.092442,-3.5083663
3174,4.6469893,-5.017611
3175,4.255559,-1.8455961
3176,4.1601033,-4.609229
3177,3.4288256,-2.2646859
3178,4.4195757,-1.0661412
3179,4.2492123,-3.0883465
3180,3.7029579,-1.3118125
3181,4.6964574,-1.5713278
3182,4.165089,-0.58397484
3183,4.3489237,-1.4164191
3184,5.6732,-1.2952441
3185,5.288664,-1.0914894
3186,4.4599915,-3.3684762
3187,3.6984444,0.047815885
3188,3.1140978,-2.7275827
3189,2.5736039,-2.6895108
3190,3.8138359,-3.127238
3191,4.8574805,2.5705328
3192,4.272468,-4.075268
3193,6.0529323,-3.84773
3194,4.320894,-3.053432
3195,3.464027,-1.2540045
3196,3.1470997,-0.405182
3197,3.9283009,-3.1622245
3198,4.25782,-4.293547
3199,2.793313,-5.5492935
3200,3.720307,-4.39098
3201,5.18634,-3.1150177
3202,4.0789557,-4.2543254
3203,4.472306,-3.525936
3204,3.7012854,-2.9814332
3205,5.437904,-1.5181928
3206,3.9898624,-3.779193
3207,3.7751048,-2.2579255
3208,4.0705953,-2.101013
3209,3.9775987,-0.08978628
3210,2.8187203,0.3891014
3211,3.3078957,-3.3749855
3212,6.483221,-2.720321
3213,4.7132597,-0.78907746
3214,5.109826,-0.4280795
3215,5.0137815,-0.17181441
3216,5.968273,-0.6958957
3217,5.1678343,-3.2663004
3218,3.9159675,-4.426181
3219,5.1208863,-3.9026904
3220,4.3607864,-0.15518326
3221,4.2536035,-2.9684637
3222,5.4452944,-0.4913891
3223,5.530877,-3.6913748
3224,3.6448483,-5.0993514
3225,3.4362586,-3.9693944
3226,3.6268365,-4.060711
3227,4.1246715,-1.4969475
3228,4.570615,-3.133576
3229,4.0199857,-0.9403886
3230,4.696296,-3.4926925
3231,4.097577,-3.0313425
3232,5.004165,-3.4281254
3233,3.5470872,-6.0823708
3234,4.0539765,-3.1496565
3235,3.5746367,-1.3987306
3236,2.6524699,-1.7215649
3237,2.5937696,-2.8856516
3238,2.2018583,-1.672412
3239,3.7249758,-2.0205545
3240,2.747954,-3.5423753
3241,4.1588306,-3.2360218
3242,2.9804652,-4.8033624
3243,2.6975012,-4.8131723
3244,4.4992304,-4.0065937
3245,4.8886395,-4.7996035
3246,5.7481394,-4.2542276
3247,3.6366024,-3.72193
3248,2.0107849,-3.5461807
3249,5.5183506,-3.7290332
3250,4.174141,-4.0787144
3251,4.4618506,-5.180984
3252,4.5744777,-6.6296043
3253,5.260956,-4.446854
3254,5.832427,-2.78355
3255,5.3765903,-1.4517895
3256,3.6674418,0.78541505
3257,2.8878758,-3.9646955
3258,4.2738585,-4.9445662
3259,4.0270853,-2.6555583
3260,3.6622064,-4.6020064
3261,4.9704647,-3.45378
3262,3.2565157,-5.1369047
3263,2.6780117,-1.5352932
3264,4.301076,-2.2983544
3265,3.4149294,-2.1633248
3266,1.2236346,-2.180147
3267,2.6940808,-0.15025693
3268,3.075583,-4.7313743
3269,4.739542,-2.95221
3270,4.4006104,-5.9643016
3271,4.663595,-4.125411
3272,4.8101964,-2.0527127
3273,4.4666038,-2.5863824
3274,3.4633095,-0.17866753
3275,4.7849874,-4.5881805
3276,4.564324,-3.5076308
3277,3.3993719,-4.5418844
3278,5.182639,-5.339598
3279,5.891501,-3.2198374
3280,7.6318684,-4.334785
3281,6.232875,-3.6700206
3282,8.325388,-6.0534854
3283,5.816901,-4.481208
3284,4.879321,-1.9569409
3285,4.3156366,-4.7458367
3286,7.597402,-4.44158
3287,4.1479774,-5.2373266
3288,6.905476,-5.9386764
3289,6.1717443,-5.109133
3290,6.4239964,-3.5509348
3291,5.2813835,-6.349775
3292,5.513106,-6.5629272
3293,5.9747705,-6.864902
3294,5.952945,-5.114666
3295,5.695585,-4.4001403
3296,3.0682206,-3.6697392
3297,4.582694,-1.7778869
3298,4.94968,-5.8632007
3299,4.479731,-5.695647
3300,4.3722024,-3.5513062
3301,5.8565564,-4.432294
3302,5.0125136,-7.0720153
3303,3.8782644,-3.0927835
3304,4.574661,-3.53138
3305,6.048696,-2.5592613
3306,5.028284,-4.173429
3307,6.2603273,-2.4133322
3308,5.602732,-5.298176
3309,4.68939,-3.9494476
3310,5.230995,-3.7462428
3311,4.0246625,-3.499293
3312,4.6080203,-2.2943578
3313,5.6716466,-6.2488203
3314,4.570182,-1.6815883
3315,4.8911643,-1.4059259
3316,5.763138,0.19176158
3317,5.0074773,-3.0347435
3318,4.4371524,-5.066595
3319,4.958171,-6.1149273
3320,3.9973934,-3.3522518
3321,5.1534963,-6.1408668
3322,4.516655,-2.6084929
3323,6.5708423,-8.394965
3324,7.7308016,-6.4698544
3325,3.8444242,-4.267367
3326,4.445639,-5.92997
3327,6.2906485,-9.088827
3328,8.01559,-5.2510805
3329,8.071402,-7.549478
3330,6.3879304,-6.2342095
3331,6.245273,-5.881968
3332,9.816003,-8.467327
3333,6.0790052,-7.194126
3334,7.143554,-4.8903027
3335,7.881739,-3.842009
3336,8.4491205,-7.0177765
3337,5.5378337,-3.2498224
3338,4.8843393,-1.412289
3339,4.3611665,-1.1417352
3340,5.015929,-3.0936353
3341,5.856304,-3.236516
3342,4.8306203,-3.7882264
3343,6.224018,-2.926725
3344,4.9357004,-3.0410967
3345,5.6319547,-2.0281994
3346,5.884213,-2.7796028
3347,5.522622,-4.290344
3348,4.828961,-2.5541337
3349,5.23902,-3.9347594
3350,4.3505745,-1.7402853
3351,5.1318817,-3.96448
3352,5.681951,-2.9716346
3353,6.19903,-2.4011953
3354,6.9745216,-0.16675928
3355,5.7145777,-3.2518468
3356,5.411828,-2.4246469
3357,5.75685,-4.9695673
3358,6.025832,-0.6826642
3359,6.346069,-2.6370504
3360,4.990662,-1.4579179
3361,5.1443152,-3.5632334
3362,5.9452868,-2.3937411
3363,5.1398196,-3.7013998
3364,7.3444586,-3.846096
3365,6.7311735,-1.8981766
3366,4.284516,-5.5811195
3367,6.8079076,-0.40733817
3368,4.948151,0.6007326
3369,6.9086933,1.1523248
3370,6.6701784,2.804305
3371,8.974465,-0.27323416
3372,6.6848664,3.4432728
3373,6.5765595,0.024873842
3374,5.693276,1.224305
3375,7.9857006,0.7960157
3376,6.7458544,0.27356118
3377,6.2298574,1.9565058
3378,5.8585253,1.2009045
3379,5.789358,-4.559702
3380,7.731594,-3.1578534
3381,5.6813073,-1.6441175
3382,6.9002905,-2.3127537
3383,7.548435,-2.2697432
3384,7.049129,-3.9249299
3385,5.7187715,-4.9402075
3386,6.595083,-5.96105
3387,5.8046823,-5.584255
3388,8.158301,-7.5003114
3389,6.270756,-5.8190923
3390,5.911136,-4.792697
3391,5.235626,-4.686782
3392,7.7774806,-1.309014
3393,7.5071516,-5.6716404
3394,7.0955424,-2.1442618
3395,6.9463844,-2.496897
3396,6.488791,-1.8320851
3397,7.499485,-4.0195007
3398,6.3527694,-0.9466183
3399,5.828365,0.29809546
3400,6.728783,-0.81123227
3401,5.513688,-1.6532985
3402,5.322748,-3.966732
3403,4.5211134,-4.5060043
3404,6.72589,0.5667677
3405,6.9904847,-2.7571192
3406,4.8360434,-0.47588548
3407,6.1651654,-3.7291877
3408,7.410828,-1.5903668
3409,7.1489425,-2.874648
3410,6.530831,-2.6883311
3411,7.123848,-1.3333995
3412,6.629679,-3.6087878
3413,7.4824805,-1.1913474
3414,6.6927266,-1.1050888
3415,6.850421,-0.33381003
3416,6.6600485,-1.2242366
3417,7.4763885,-4.056625
3418,6.1952696,-3.6464899
3419,5.233239,-4.9718866
3420,5.635002,-6.3979664
3421,5.7584996,-2.3853068
3422,6.474658,-0.4182488
3423,6.7174697,-0.76145077
3424,7.497634,-1.1931634
3425,4.5842767,0.21217155
3426,6.2819357,-2.4675245
3427,6.7882457,0.28811157
3428,6.896754,-3.5584304
3429,7.4548635,-1.9091622
3430,5.7185326,-1.0427641
3431,6.46996,1.2861978
3432,5.7475815,0.16450064
3433,6.662886,0.41598532
3434,4.721727,-0.377011
3435,7.2618217,-2.287435
3436,7.1932087,-0.8734941
3437,7.589551,-0.6044988
3438,6.465344,-0.72817963
3439,6.1178646,-3.8991911
3440,6.9278574,0.5235379
3441,7.0416956,-1.1837553
3442,7.0950294,-0.5330812
3443,6.6420703,-2.5260413
3444,6.155607,-0.8796727
3445,6.6081853,-1.6085926
3446,6.615802,-3.1738293
3447,6.201247,-1.9534347
3448,7.2480917,-0.9130364
3449,7.4551086,-2.4797611
3450,7.2636285,-5.8006353
3451,6.716199,-1.1056405
3452,6.30355,-4.464688
3453,6.927994,-4.43035
3454,7.4949512,-4.0876436
3455,7.183541,-2.796865
3456,5.501347,-1.5801162
3457,6.3102107,0.04735609
3458,7.06698,-3.4545388
3459,7.656006,-0.7623043
3460,6.6408176,-3.2964463
3461,5.284947,-2.1743927
3462,5.0007133,-4.119283
3463,6.8808813,-1.2179224
3464,5.560755,-3.1759274
3465,4.967463,1.1407869
3466,4.6436706,-1.1006874
3467,4.9500117,-4.3426023
3468,4.889339,-1.1474855
3469,5.660398,-4.56216
3470,8.230639,-5.099301
3471,6.5188475,-4.861522
3472,3.6545134,-7.2343225
3473,4.10126,-6.1040225
3474,7.54297,-6.8835216
3475,5.114159,-8.149231
3476,5.015263,-6.2350087
3477,5.6194916,-3.689331
3478,5.33919,-6.571012
3479,4.5869136,-4.75243
3480,4.5437937,-9.215607
3481,5.084077,-8.412151
3482,6.9549456,-8.407167
3483,3.901567,-3.8296728
3484,5.49877,-7.3289824
3485,5.280569,-3.4159987
3486,6.7222357,-8.311127
3487,6.1643877,-8.6535225
3488,6.6001973,-7.3203406
3489,6.2251196,-8.746344
3490,6.149043,-4.767978
3491,6.355469,-5.4615626
3492,7.7748594,-6.062276
3493,6.868798,-3.736605
3494,7.2979994,-3.217597
3495,5.24221,-6.721325
3496,9.488273,-2.8193328
3497,7.849328,-4.302776
3498,9.414381,-4.029897
3499,10.436389,-5.830681
3500,9.959878,-4.220029
3501,8.31045,-9.618587
3502,7.9301076,-7.768129
3503,8.196461,-7.365957
3504,7.9923396,-4.231258
3505,8.33362,-7.0439324
3506,9.749186,-3.7354884
3507,9.601721,-6.4883904
3508,9.336423,-5.002758
3509,9.849119,-8.05275
3510,9.138352,-5.091335
3511,7.518835,-1.5863765
3512,7.8263345,-6.475091
3513,7.6218376,-6.327225
3514,6.6513457,-4.3372593
3515,5.1452494,-6.9588356
3516,6.2397227,-4.6065187
3517,6.9206643,-3.7274394
3518,4.820062,2.3013093
3519,8.625738,1.7312007
3520,7.183398,2.7322993
3521,7.3746133,1.0038882
3522,7.7985168,0.9079839
3523,8.09992,-0.42798883
3524,7.7341413,2.0581596
3525,8.764131,4.2716727
3526,7.655133,0.5436847
3527,7.721161,-5.5635567
3528,7.0934544,-2.8219895
3529,4.861313,-1.0745602
3530,3.804318,-3.8297863
3531,5.7487392,-7.363672
3532,6.30271,-6.0281725
3533,5.6058917,-7.3598933
3534,7.062682,-6.297994
3535,4.906426,-4.252384
3536,6.3739614,-8.0904665
3537,5.9663215,-4.4496803
3538,6.431916,-5.611157
3539,6.8669467,-9.289431
3540,7.779972,-6.0965247
3541,7.715196,-4.224823
3542,7.4242506,-6.538152
3543,4.951508,-2.0483062
3544,6.0947948,-5.499684
3545,7.223462,-3.477527
3546,6.9240313,-4.46174
3547,8.10412,-5.308964
3548,7.159159,-6.9371
3549,8.066539,-6.366767
3550,5.725344,-2.0263536
3551,6.7397804,-2.5133524
3552,7.6571293,-2.990807
3553,5.77782,-4.0094805
3554,6.5459056,-4.491642
3555,6.9805946,-1.9029727
3556,6.3831367,-4.827964
3557,5.7025285,-2.9196546
3558,6.7634525,-5.142932
3559,5.6921067,-5.219962
3560,7.1303415,-4.3787217
3561,6.6046453,-4.89711
3562,5.9446664,-4.449253
3563,6.5150447,-1.9118441
3564,7.103445,-5.443771
3565,6.7634397,-3.6529968
3566,5.5974226,-3.4657385
3567,6.877165,-1.6414808
3568,7.14691,-4.616518
3569,8.250944,-5.668136
3570,7.5138426,-2.0400963
3571,5.9817796,-2.2092955
3572,8.231044,-3.1185877
3573,7.465476,-1.7152418
3574,8.179809,-2.8715053
3575,6.3539996,-1.8436579
3576,7.905973,-1.0336176
3577,5.773349,-1.506472
3578,4.514306,-2.5191538
3579,6.272199,-2.4357142
3580,5.034662,-2.5472562
3581,5.23199,-1.646022
3582,6.0322294,-1.2605678
3583,5.029362,-2.958378
3584,6.245755,1.0126902
3585,4.7448015,-1.4058615
3586,5.404662,-1.5611129
3587,6.807331,-0.32047668
3588,7.3712697,-0.21424167
3589,6.280824,0.7668506
3590,6.4326415,-0.09150326
3591,5.8505836,-1.5307531
3592,7.375792,-0.62505233
3593,5.9742374,-0.75187033
3594,8.02729,-1.742181
3595,5.279552,1.8600911
3596,7.1391177,0.39761484
3597,6.2393966,-3.6966145
3598,7.035819,-4.40384
3599,5.576927,-1.8244302
3600,7.2499423,0.5477567
3601,6.617141,2.39432
3602,7.0709,-1.8035866
3603,5.7492485,-2.0725243
3604,6.293173,0.2414442
3605,5.4816103,-3.1551225
3606,6.5679626,-4.623359
3607,5.7392516,-3.5516052
3608,6.600851,2.48448
3609,3.6258142,2.087401
3610,6.7798557,-0.22898884
3611,5.123594,-0.8545822
3612,6.2919183,-2.4816809
3613,7.2037,-2.6338103
3614,4.611842,0.25132576
3615,5.036611,-0.7659381
3616,6.080774,0.71832794
3617,5.1504016,-2.358303
3618,7.128493,-1.6406984
3619,6.763909,-3.7071776
3620,6.112366,-0.16964102
3621,6.1368456,-1.2695649
3622,5.723255,-0.4960511
3623,6.9359164,-0.5464389
3624,7.1835527,-1.5658075
3625,6.7898393,-1.485659
3626,5.5789804,-3.640067
3627,5.4443207,1.346898
3628,6.0128703,0.6126244
3629,7.165807,-0.98552245
3630,7.1309686,0.015035029
3631,7.2373147,-0.90717614
3632,8.175422,-4.6334643
3633,6.627774,-2.0310493
3634,5.9394197,-2.1545968
3635,7.4489026,-1.5956465
3636,7.308645,0.8722182
3637,8.718711,1.0516131
3638,7.3676596,7.2579536
3639,8.045178,2.8038821
3640,8.619125,6.6723466
3641,7.1085663,5.3285403
3642,7.9574356,5.6766033
3643,7.650639,4.9320283
3644,8.577459,7.2128696
3645,7.523992,8.281838
3646,7.5361085,11.256416
3647,6.895249,10.69339
3648,7.5715275,8.110594
3649,6.5207486,3.9422538
3650,8.0657215,0.70013565
3651,6.129748,0.04936953
3652,7.859934,-1.0034673
3653,6.332111,0.4448543
3654,6.8634334,-1.3253502
3655,8.75202,1.5096732
3656,6.977502,-2.2209926
3657,7.536483,-1.6073062
3658,7.302942,-1.2282032
3659,6.968285,-2.9564312
3660,7.0712886,-1.2544492
3661,6.529554,-2.856773
3662,8.397629,-3.3552492
3663,9.510553,-3.5742147
3664,8.004263,-3.6733909
3665,7.634379,-2.5108867
3666,6.997444,0.97736514
3667,5.4657874,-1.2977643
3668,8.384586,2.3041584
3669,7.2230206,1.4992601
3670,6.283283,4.496489
3671,7.3434463,-3.3159535
3672,7.918512,1.1498628
3673,6.504609,-2.1616979
3674,7.389492,-2.2239983
3675,6.2910976,-3.9588556
3676,7.6792164,-2.6048105
3677,6.8237333,-3.2864492
3678,8.3113785,-3.1845422
3679,6.789297,-4.9475484
3680,6.290786,-3.1953666
3681,8.435203,-2.8538234
3682,6.6363373,-5.593345
3683,8.143493,-2.8357513
3684,7.058698,-3.2063797
3685,8.377072,-1.3061223
3686,6.611515,-3.745238
3687,8.354914,-1.2475605
3688,9.296115,-3.3646822
3689,6.479988,-3.886275
3690,5.4145846,-5.6487584
3691,8.132639,-3.505519
3692,6.853549,-5.2870474
3693,8.131633,-4.7628613
3694,6.7335424,-3.1545937
3695,6.835134,-1.7522422
3696,5.3329,-1.2794784
3697,7.2880073,-2.9410648
3698,7.0558352,-4.6303287
3699,7.0165043,-0.84336805
3700,7.9201837,-2.6991632
3701,7.897007,-4.0732436
3702,7.4369063,-2.8785799
3703,6.7827935,-4.78685
3704,9.038329,-5.6502476
3705,7.305816,-0.69276935
3706,7.940577,-2.967744
3707,7.6227813,-3.129165
3708,7.6698484,-3.6447525
3709,6.630114,-1.5174367
3710,7.305345,-4.35258
3711,5.8109956,-3.191707
3712,8.756862,-5.112988
3713,5.065116,-3.390744
3714,7.057303,-5.8981905
3715,6.9215236,-4.2291
3716,7.115995,-2.576714
3717,6.064999,-2.6400547
3718,5.537659,-2.5891912
3719,6.2970104,-3.784814
3720,5.3685145,-1.663433
3721,6.483809,-2.8359277
3722,7.192134,-4.7340083
3723,8.037097,-5.719415
3724,6.5552197,-1.773972
3725,6.999257,-3.5544338
3726,7.3696,-2.2153468
3727,6.6257105,-1.0982443
3728,5.699462,0.03637063
3729,5.9667373,-2.4151878
3730,5.8497367,-1.807915
3731,4.3024044,-0.69295603
3732,6.590431,-1.8834764
3733,4.68295,-1.1568524
3734,6.0766215,-3.1590827
3735,4.593758,-5.308499
3736,6.800232,-3.5234742
3737,6.483652,-3.2498834
3738,4.310623,-3.6657367
3739,6.967984,-2.185082
3740,5.737593,-4.498701
3741,6.742661,-3.2735713
3742,4.113189,-2.1678567
3743,5.1097584,-3.6471307
3744,4.584376,-6.685363
3745,6.15924,-1.4820275
3746,5.4942265,-4.191575
3747,6.7144837,-5.179295
3748,6.855451,-5.0286717
3749,6.1561933,-3.7558994
3750,6.6550117,-3.5074701
3751,5.1978106,-2.685268
3752,4.751351,-4.5922885
3753,5.555631,-4.115124
3754,5.1900606,-1.7767584
3755,7.340309,-3.3284757
3756,5.6291227,-1.0125389
3757,6.0989904,-4.8679233
3758,6.5991387,-4.374666
3759,7.33171,-5.431574
3760,6.3880687,-3.7985413
3761,6.181375,-2.5486927
3762,4.730429,-4.037438
3763,5.743968,-5.468342
3764,6.984222,-2.904771
3765,6.8048983,-4.40958
3766,7.769548,-3.7094083
3767,9.0367985,-7.891942
3768,6.057999,-3.184537
3769,6.451928,-2.2030125
3770,7.40847,-5.4294257
3771,7.5944357,-5.7047467
3772,7.621474,-3.543787
3773,5.4139004,-2.0079005
3774,5.4697022,-2.014976
3775,5.7505913,-4.0502424
3776,4.8010683,-1.1297456
3777,5.4976683,-3.1530128
3778,5.244165,-2.8358595
3779,5.376924,-3.1093628
3780,6.076187,-4.3159347
3781,6.1365504,-2.9391527
3782,5.3834567,-3.2616498
3783,3.6335306,-3.1499953
3784,6.70753,-2.3477411
3785,6.673258,-4.0987754
3786,7.425128,-4.2333837
3787,6.5416837,-4.4368243
3788,8.289073,-2.5956442
3789,6.7148743,-3.5931406
3790,9.598504,-3.6949248
3791,8.887488,-8.352954
3792,5.3444605,-3.57064
3793,6.675427,-2.825208
3794,9.178335,-1.5820422
3795,6.6659327,-3.606877
3796,5.4883137,-1.7604495
3797,7.4261284,-0.77193487
3798,8.005745,-3.8950467
3799,6.858123,-2.5652587
3800,8.842554,-4.7635345
3801,8.298353,-4.3791413
3802,7.4576454,-4.026476
3803,7.202003,-4.7785993
3804,7.5384636,-6.3804817
3805,7.7077823,-1.2293671
3806,6.0530553,-2.8972316
3807,6.868636,-5.6874776
3808,7.554666,-5.2121134
3809,7.4605002,0.47217873
3810,7.07974,0.89143133
3811,4.9936156,-0.56829244
3812,6.99723,0.18430738
3813,7.089669,-3.6414707
3814,7.056397,-0.040058285
3815,7.8149805,-2.749834
3816,7.339218,-0.25152153
3817,8.166378,-3.3440158
3818,6.8126893,-0.9043505
3819,6.027174,-3.9373782
3820,8.06525,-6.1437755
3821,6.7408385,-5.46304
3822,5.2517357,-1.8283542
3823,7.818129,-2.9643648
3824,5.9681277,-1.2852675
3825,6.366895,-3.5349333
3826,5.7481055,-2.5479105
3827,7.197338,-2.2728314
3828,7.1099257,-4.7849417
3829,7.826971,-3.021749
3830,6.5817327,-5.612918
3831,6.7672396,-4.0762215
3832,6.4283423,-4.307287
3833,6.88185,-2.3433135
3834,7.448961,-4.161339
3835,6.594086,-3.7910814
3836,6.207364,-2.794951
3837,6.83161,-2.1111119
3838,6.949679,-5.477297
3839,6.6677628,-3.266474
3840,6.0424,-1.2150406
3841,6.5940304,-3.823686
3842,6.9249988,-2.3936043
3843,5.7838235,-2.9048264
3844,6.024902,-2.5884247
3845,6.503321,-3.0015087
3846,5.379051,-4.511748
3847,7.0019765,-0.021225765
3848,6.252756,-3.179523
3849,6.1809196,-1.0067343
3850,6.586575,1.3187608
3851,7.8166766,1.7030349
3852,6.7197556,5.7417054
3853,6.960606,2.939996
3854,7.709075,1.8523052
3855,8.152959,0.2891033
3856,7.5692987,0.57121736
3857,7.6873393,0.6522868
3858,6.8672566,-0.6611487
3859,6.965633,1.6331822
3860,6.9962354,3.143128
3861,6.333958,-1.0989051
3862,6.837362,-1.632843
3863,5.497922,-4.0594053
3864,5.5929227,-1.5776553
3865,5.5634227,-1.7619705
3866,6.5385003,-3.8966987
3867,6.6926723,-2.1329675
3868,8.556461,-5.26101
3869,7.857014,-3.6640916
3870,6.3905053,-4.035906
3871,7.6605334,-2.066619
3872,7.418976,-0.53316575
3873,6.9602895,-4.2085624
3874,7.6929936,-1.6453655
3875,6.078236,-0.08666622
3876,7.464577,-0.64914966
3877,8.517431,-2.5734909
3878,7.8035994,-0.84469116
3879,7.655566,-2.8057437
3880,7.7250257,-6.076751
3881,7.0730014,-5.4758906
3882,7.0420527,-2.8277204
3883,6.5735745,-0.4399179
3884,7.394185,-2.3914475
3885,6.2148404,-3.5487487
3886,5.8776855,-4.995824
3887,5.0984154,-2.9471314
3888,5.781809,-3.7443569
3889,4.775819,-2.6250713
3890,7.2999635,-1.4216675
3891,7.388743,-3.6164832
3892,7.738215,-5.0768914
3893,7.9085665,-6.850709
3894,7.336069,-3.974793
3895,6.730594,-4.095568
3896,7.3585877,-2.0871623
3897,7.7465863,-1.3393955
3898,6.9336367,-1.4993912
3899,7.9016523,-1.2787601
3900,8.209057,-0.5086222
3901,7.3505387,-2.0126076
3902,6.1949034,-3.307805
3903,5.4675183,-2.9282699
3904,5.96991,-2.2124107
3905,6.3627276,-3.4198983
3906,5.674651,-3.3809664
3907,7.0444064,-5.4152265
3908,6.7300816,-5.2836986
3909,6.8860755,-3.938813
3910,8.018867,-3.2035544
3911,7.690056,-3.3136473
3912,7.486805,-4.8438497
3913,6.359509,-4.171295
3914,7.4323683,-2.4957368
3915,7.20872,-0.022043435
3916,6.6399837,-0.63918644
3917,6.313429,-2.869525
3918,6.087631,0.26980132
3919,6.99169,-3.7687235
3920,6.2707753,-0.07424934
3921,6.187585,-4.180049
3922,5.539382,0.4660168
3923,6.0022335,0.5187802
3924,6.3073196,-2.3133547
3925,6.7558775,-1.1448753
3926,5.897553,-0.67663425
3927,7.3182406,-1.1442994
3928,6.271805,-5.6703773
3929,7.81909,-4.2642255
3930,7.135477,1.154806
3931,8.376622,-4.1496224
3932,7.8023305,-2.460014
3933,8.26333,-3.824998
3934,8.051351,-4.8785143
3935,7.2045674,-2.2882507
3936,6.888051,-3.958388
3937,7.7892528,-5.2513504
3938,7.7406044,-3.217695
3939,6.6694117,0.79287344
3940,7.756663,-4.063183
3941,6.89766,-5.367569
3942,7.1074004,-2.1117954
3943,6.471194,-0.9286024
3944,7.3114676,-2.7909322
3945,6.6839366,-4.329456
3946,5.553184,-2.179672
3947,6.5282784,-3.4133747
3948,7.7666883,-1.1554008
3949,5.9108787,-4.4581714
3950,6.823413,-0.85763764
3951,6.912414,-4.852366
3952,7.7844467,-2.2842042
3953,5.551461,-0.8045254
3954,5.5593476,-2.5550392
3955,6.7979198,-4.526747
3956,9.309536,-2.244109
3957,7.8761735,-2.9443395
3958,9.0219965,-3.1699657
3959,8.3741,-0.11366137
3960,8.39133,-2.9032242
3961,7.179703,-2.7747617
3962,9.260285,-2.4206514
3963,8.574298,-2.7491727
3964,8.136627,-2.3622065
3965,7.8959823,0.19921051
3966,6.7642226,-2.2870283
3967,7.2972536,-1.2003889
3968,6.862176,-3.7889888
3969,6.7733674,-2.1167164
3970,7.494963,-2.2895448
3971,6.184468,-1.8182406
3972,7.283227,-3.071472
3973,6.669924,-4.56897
3974,8.227551,-3.6748536
3975,7.439542,-0.107877456
3976,7.2006817,-2.2184165
3977,6.811873,0.8261136
3978,9.144729,-0.09640134
3979,6.878179,-2.8239307
3980,8.286015,-3.8699305
3981,8.577571,-2.0685732
3982,6.002435,-0.8114896
3983,6.9044237,1.1285206
3984,6.235999,-0.9042528
3985,6.96385,-0.22267208
3986,7.6382775,2.2591805
3987,8.2523365,-0.7104876
3988,7.3788342,0.28816366
3989,8.147229,-0.032479566
3990,7.619522,-4.360076
3991,8.569286,-0.8446375
3992,8.812079,-2.1348507
3993,8.555465,-1.1959127
3994,8.14051,-1.2805325
3995,6.3467097,-4.255161
3996,8.552621,-3.890374
3997,7.8108277,-2.9788077
3998,8.542328,0.17428283
3999,8.982601,-4.0270567
4000,7.264922,-3.6986
4001,7.117941,-3.4976115
4002,8.928627,-5.7919264
4003,7.7873125,-5.327182
4004,7.726383,-5.622515
4005,5.858476,-4.5132756
4006,5.9593673,-1.9993072
4007,6.726087,-2.6697445
4008,7.125012,-3.971871
4009,9.177618,-3.1705267
4010,6.372949,-4.246523
4011,6.017603,-3.2568507
4012,7.427076,-4.888846
4013,5.321104,-3.128716
4014,7.1653748,-2.4914758
4015,7.9768267,-5.1835036
4016,7.5733995,-5.7163606
4017,6.7297835,-4.4220257
4018,6.9702067,-2.344853
4019,6.885237,-6.1798096
4020,6.401367,-1.0409127
4021,6.531816,-0.68172944
4022,5.780496,-2.6384795
4023,7.690858,-1.1392597
4024,6.4112663,-0.47688168
4025,9.006121,-0.63783485
4026,7.1884274,-2.2913704
4027,6.1575074,-2.884946
4028,6.8619027,-2.879228
4029,7.488694,-3.7879663
4030,6.026245,-3.577793
4031,7.0003266,-3.0870094
4032,7.520852,-0.8593628
4033,5.5295215,-0.7056814
4034,5.363825,-1.387116
4035,7.950161,-1.7985976
4036,7.7002096,-1.3774887
4037,8.414606,-2.1133208
4038,8.891103,-4.609819
4039,6.952463,-3.4760704
4040,7.5885115,-5.1709495
4041,8.7528515,-6.6276245
4042,8.7658825,-6.6968393
4043,7.960023,-5.6577497
4044,6.568825,-5.862048
4045,7.6516404,-7.1887527
4046,8.860941,-7.0786004
4047,6.4241424,-7.719257
4048,6.185651,-8.567436
4049,6.62364,-8.839934
4050,6.783653,-7.8913465
4051,5.1098423,-8.919563
4052,5.4588785,-8.77347
4053,4.550175,-9.004687
4054,5.793985,-9.90667
4055,5.648335,-11.14198
4056,3.9188147,-10.232116
4057,6.960358,-12.799749
4058,6.115704,-9.523258
4059,6.4097943,-10.374956
4060,8.72258,-8.65766
4061,7.4051566,-8.546194
4062,8.955578,-7.699264
4063,7.8475394,-7.2746143
4064,8.218661,-7.7643595
4065,8.190055,-8.344709
4066,7.7822723,-8.213441
4067,9.056998,-4.134618
4068,7.6609387,-7.1633964
4069,7.6473722,-6.1845665
4070,7.41919,-5.615844
4071,7.7266607,-7.089425
4072,5.214359,-7.7698903
4073,4.254925,-5.714028
4074,5.3694377,-7.5085263
4075,6.76625,-6.163124
4076,6.106368,-5.178912
4077,6.6543903,-6.5796065
4078,8.111104,-8.505569
4079,8.612365,-7.431903
4080,7.942981,-7.570568
4081,7.28139,-5.9866934
4082,7.348173,-10.080314
4083,6.217533,-6.2647915
4084,7.5487657,-7.2858768
4085,7.8767724,-4.5206885
4086,7.4776497,-2.7854965
4087,9.302803,-3.4723208
4088,6.663692,-3.5201852
4089,7.09938,-4.422836
4090,6.9876876,-7.1754947
4091,6.305543,-5.8045664
4092,7.0382104,-7.7623672
4093,8.934301,-6.3171034
4094,7.501449,-6.5338354
4095,7.838057,-4.163327
4096,7.512791,-7.507263
4097,7.915425,-6.776658
4098,7.8523116,-7.6337085
4099,7.2385283,-5.9029865
4100,6.9134994,-6.152645
4101,7.344989,-5.7455344
4102,7.6124315,-4.0742364
4103,7.8170094,-7.321149
4104,7.1393228,-5.124158
4105,7.08791,-9.204585
4106,7.2169843,-10.129853
4107,6.9253135,-8.491931
4108,7.2356353,-8.916203
4109,6.796869,-6.6214795
4110,7.651915,-7.228973
4111,6.8382916,-5.245325
4112,8.904132,-6.7524214
4113,6.561332,-5.407059
4114,7.7857995,-7.1534767
4115,7.2680216,-5.74549
4116,8.487699,-7.321652
4117,8.170424,-6.34052
4118,6.876496,-6.140954
4119,7.020304,-5.7817917
4120,7.657371,-8.853858
4121,7.778159,-10.239572
4122,5.795945,-5.0045414
4123,7.3598704,-6.6343513
4124,9.3718605,-6.8172817
4125,6.98569,-7.1624665
4126,7.0308766,-5.4212527
4127,6.885736,-5.981491
4128,7.587246,-7.536149
4129,7.040913,-5.8803406
4130,7.805686,-5.975484
4131,7.758955,-5.0145044
4132,8.017004,-7.162119
4133,8.109601,-6.3901434
4134,9.033318,-6.654204
4135,6.5663133,-6.5899415
4136,7.1311073,-6.3941364
4137,7.972281,-6.76737
4138,7.0697074,-6.1692863
4139,7.448014,-5.3277135
4140,8.671201,-4.188577
4141,8.312866,-6.049779
4142,6.768122,-7.221066
4143,8.973164,-6.9220176
4144,8.623936,-7.873966
4145,6.1081333,-6.620688
4146,7.3992596,-5.5829988
4147,7.8818493,-5.0180454
4148,6.533469,-6.388311
4149,7.2228756,-7.965233
4150,7.0999603,-7.23588
4151,7.734054,-9.080592
4152,8.163861,-8.505594
4153,8.186065,-5.3413596
4154,6.130351,-5.9203157
4155,7.3420625,-2.7191548
4156,7.284332,-5.4144635
4157,8.079149,-7.3877244
4158,7.9060354,-10.2448635
4159,8.06063,-8.3683605
4160,7.9353786,-7.0107007
4161,7.0577836,-6.492608
4162,7.758344,-6.566833
4163,7.5275664,-10.890405
4164,7.460287,-7.082717
4165,7.7272925,-7.511949
4166,7.6183834,-10.002452
4167,8.269674,-7.1734567
4168,8.818405,-7.7679367
4169,6.469301,-7.6008644
4170,7.6436563,-6.698983
4171,7.1997895,-8.455718
4172,6.387498,-7.7544436
4173,7.812295,-7.433636
4174,7.3511558,-6.3300834
4175,7.9916754,-8.6990795
4176,7.7769747,-7.60549
4177,8.613286,-8.87241
4178,8.317856,-10.063851
4179,8.138694,-8.660173
4180,10.204422,-10.490036
4181,8.248528,-7.9873
4182,8.462429,-8.357729
4183,7.2839475,-6.708683
4184,8.041358,-6.591707
4185,9.041877,-9.034492
4186,7.527658,-10.266781
4187,7.138743,-10.380701
4188,8.025076,-7.897405
4189,7.9982667,-11.667066
4190,7.146465,-6.751667
4191,8.249597,-6.784494
4192,7.5733743,-5.8535137
4193,6.4111943,-6.394741
4194,8.198442,-8.049695
4195,7.6908135,-5.4451213
4196,7.4012856,-8.986637
4197,6.982559,-7.844812
4198,8.895338,-6.8607464
4199,7.655895,-6.4845424
4200,7.864841,-8.22762
4201,8.23312,-7.915405
4202,6.937919,-5.2954297
4203,6.520597,-6.5906487
4204,8.726153,-7.1464396
4205,5.884126,-6.236452
4206,7.575744,-7.832958
4207,8.068033,-8.207276
4208,8.905665,-8.011752
4209,8.414844,-7.9864078
4210,7.8426847,-6.6470776
4211,8.149123,-5.1163907
4212,7.5462637,-9.963838
4213,8.141385,-6.873687
4214,6.6265545,-7.9165974
4215,8.178773,-7.486715
4216,7.966118,-5.3990674
4217,8.608678,-7.852971
4218,7.6163416,-5.969891
4219,7.949593,-7.001907
4220,6.659231,-6.7120466
4221,8.401618,-5.434512
4222,8.627885,-9.714149
4223,9.495318,-9.655423
4224,9.83648,-7.2615776
4225,8.434418,-7.5636153
4226,9.665058,-5.331106
4227,8.625407,-6.67439
4228,7.404525,-5.915194
4229,7.996588,-6.7718325
4230,7.3909707,-10.382893
4231,9.476928,-9.4438715
4232,7.6884627,-9.138673
4233,8.805176,-8.8003845
4234,9.064163,-6.358229
4235,8.231261,-8.324564
4236,9.281394,-7.904046
4237,7.6405253,-8.671222
4238,7.4440465,-5.2652698
4239,8.397388,-3.948626
4240,7.8155403,-4.8999553
4241,7.4405637,-4.2731605
4242,8.083129,-7.8084283
4243,9.128031,-8.343145
4244,8.703135,-7.9766684
4245,6.587056,-6.6550684
4246,6.16283,-6.047693
4247,8.108652,-4.765538
4248,7.022249,-4.958797
4249,7.905292,-4.4518003
4250,7.7101564,-3.6563716
4251,8.475759,-5.8595967
4252,8.590298,-5.658365
4253,8.271165,-8.7480545
4254,9.221717,-7.64591
4255,8.689708,-10.334792
4256,7.672059,-5.219988
4257,9.0678425,-10.430659
4258,8.037683,-8.028844
4259,9.549536,-12.173525
4260,9.11454,-9.499109
4261,8.817688,-5.0813975
4262,8.63495,-9.084841
4263,7.0304914,-7.761546
4264,7.4895806,-9.017128
4265,8.038859,-8.455228
4266,8.138593,-11.139021
4267,6.436619,-6.9238176
4268,10.1279125,-6.9234695
4269,8.130749,-7.2541223
4270,8.771474,-7.3558216
4271,10.823855,-8.678996
4272,8.495086,-3.0887208
4273,8.08361,-6.5576754
4274,9.226161,-7.3022866
4275,9.275884,-6.6978865
4276,9.168725,-7.9540777
4277,9.066529,-7.7344403
4278,8.505048,-5.3296423
4279,9.542622,-6.2927146
4280,9.465299,-8.180621
4281,11.407404,-6.32289
4282,9.567873,-7.2716007
4283,9.358273,-8.318963
4284,9.886583,-8.431798
4285,9.745641,-3.2573187
4286,9.46469,-6.0567474
4287,6.929617,-5.839065
4288,9.24052,-7.128376
4289,9.533797,-8.056332
4290,9.735458,-6.669689
4291,9.111477,-4.537975
4292,9.648912,-7.0989347
4293,10.066985,-5.4403453
4294,9.193443,-3.6776552
4295,9.019757,-6.031898
4296,9.910865,-4.7471647
4297,8.145858,-8.315913
4298,8.635815,-5.8834915
4299,8.231125,-4.7842884
4300,8.5331955,-4.914077
4301,9.046438,-3.484143
4302,10.922233,-4.265025
4303,9.490346,-5.726334
4304,9.596248,-6.164089
4305,9.965248,-4.2009745
4306,9.11895,-6.651477
4307,8.0695915,-4.169638
4308,8.096465,-3.9600909
4309,8.073802,-4.6880584
4310,8.168603,-6.1475487
4311,8.378735,-5.042181
4312,9.457709,-6.6283464
4313,7.6898017,-7.1239405
4314,8.752218,-4.987571
4315,9.081665,-8.333047
4316,8.707881,-7.612505
4317,10.790273,-5.8556485
4318,7.236565,-10.206106
4319,9.96582,-10.660192
4320,10.00306,-12.194497
4321,9.625311,-8.759859
4322,7.5622087,-7.983321
4323,7.749945,-8.240902
4324,8.999191,-7.705812
4325,9.712804,-5.388197
4326,8.040784,-8.365404
4327,9.39224,-6.4065304
4328,8.314968,-6.240385
4329,10.891692,-8.151774
4330,7.551765,-8.288152
4331,8.456756,-6.605297
4332,8.423688,-6.6130457
4333,6.6660514,-10.605723
4334,8.612915,-9.097175
4335,7.5294204,-9.982318
4336,8.612948,-8.3177395
4337,9.48789,-7.160653
4338,8.936282,-6.603699
4339,9.343649,-7.7832417
4340,10.209709,-5.8471985
4341,7.4635987,-7.909094
4342,10.469664,-9.273469
4343,9.278389,-7.245987
4344,8.71953,-4.6865015
4345,7.7600045,-9.120467
4346,9.250949,-9.230445
4347,8.768817,-9.79537
4348,7.328367,-10.462767
4349,8.542573,-7.1837964
4350,7.7970667,-4.607088
4351,8.459773,-6.5726995
4352,7.0601025,-8.500331
4353,8.110537,-7.262805
4354,8.607592,-7.4518127
4355,9.721663,-5.9392257
4356,7.796427,-10.172865
4357,10.143983,-6.9284906
4358,9.3695345,-8.034446
4359,9.383352,-4.6185813
4360,9.919819,-6.5059223
4361,7.9152803,-5.5917645
4362,9.917617,-7.0940995
4363,10.594541,-7.313449
4364,8.385729,-6.0465183
4365,8.9359045,-4.4935956
4366,9.765853,-7.7210307
4367,9.167374,-5.700591
4368,8.299727,-6.6236
4369,8.332763,-8.562091
4370,7.6713843,-7.372251
4371,8.365814,-5.5027275
4372,9.015059,-6.2266555
4373,8.739763,-5.7687607
4374,6.437159,-6.155894
4375,8.987334,-6.7122703
4376,8.807602,-6.1384964
4377,9.254195,-6.3845987
4378,10.218902,-8.058303
4379,10.089951,-7.4969635
4380,9.698653,-6.478144
4381,10.314302,-5.418916
4382,10.7323265,-8.282425
4383,9.982796,-8.625292
4384,9.453591,-10.008046
4385,9.235202,-6.9575386
4386,9.117723,-8.028596
4387,9.532375,-6.9629993
4388,9.547715,-6.9315124
4389,7.417179,-5.756511
4390,7.2899113,-7.532199
4391,8.030066,-7.761225
4392,9.967287,-4.362468
4393,10.735899,-7.978653
4394,8.841951,-9.061925
4395,8.100302,-6.6241064
4396,7.6252856,-7.9196625
4397,8.696462,-12.143349
4398,8.661487,-8.630182
4399,7.725514,-4.3869176
4400,9.073423,-7.300548
4401,9.109149,-7.269335
4402,8.932486,-6.7908754
4403,10.301113,-9.476745
4404,9.208696,-7.6204925
4405,8.597848,-10.028498
4406,9.288214,-9.941896
4407,7.818644,-10.307115
4408,9.773107,-8.536828
4409,9.079156,-6.784155
4410,8.528313,-7.832645
4411,7.4549866,-9.332415
4412,9.105138,-9.761807
4413,7.600576,-9.031706
4414,9.171498,-11.53059
4415,8.263559,-9.160987
4416,8.72057,-8.541634
4417,7.043988,-7.570613
4418,9.547885,-8.434654
4419,8.324402,-7.7501445
4420,9.570822,-10.013907
4421,8.030929,-6.342574
4422,7.6302576,-8.762186
4423,6.793884,-7.155239
4424,8.115242,-9.437475
4425,9.297796,-8.366232
4426,9.457965,-7.085773
4427,9.428478,-10.311454
4428,8.741865,-8.096151
4429,7.4658012,-8.774404
4430,9.625851,-6.1107693
4431,8.964167,-8.471142
4432,8.970959,-7.328984
4433,8.665357,-8.197525
4434,9.195283,-10.46919
4435,8.794153,-6.189029
4436,10.042881,-7.391534
4437,9.542207,-4.3827996
4438,7.987867,-7.106778
4439,9.192445,-8.156372
4440,8.979567,-10.19026
4441,7.4069386,-7.1666617
4442,8.73133,-7.356621
4443,7.8917394,-7.7814713
4444,6.215927,-6.3095098
4445,6.802264,-7.411485
4446,8.008163,-6.9611225
4447,8.766632,-9.729638
4448,8.926835,-9.074091
4449,9.377582,-10.9950905
4450,8.067776,-8.7207365
4451,8.827622,-8.07432
4452,8.680432,-9.2574415
4453,9.098918,-9.496473
4454,8.69938,-8.027399
4455,8.479894,-9.739329
4456,8.2589,-8.373674
4457,10.426629,-7.360692
4458,10.29908,-6.946373
4459,9.664577,-7.754996
4460,8.942624,-7.3012285
4461,10.006858,-8.2969885
4462,8.744219,-11.350471
4463,8.623167,-9.271374
4464,9.287459,-7.739543
4465,9.458689,-10.20448
4466,9.7765,-8.321624
4467,7.928601,-11.278669
4468,9.941307,-8.58058
4469,8.889348,-8.426997
4470,8.980839,-9.558336
4471,8.992017,-9.834571
4472,8.046,-8.906016
4473,7.3921857,-7.1684895
4474,8.484897,-7.355112
4475,7.6400847,-4.8778834
4476,7.4134274,-9.601146
4477,7.564085,-11.093151
4478,7.5085826,-8.356332
4479,7.045478,-9.023275
4480,8.079176,-5.978785
4481,8.081686,-7.905024
4482,10.060671,-9.074621
4483,8.2392,-8.901014
4484,8.259716,-7.9748263
4485,10.284225,-5.893223
4486,7.2803974,-6.358489
4487,9.602265,-9.866111
4488,8.141554,-9.868087
4489,9.406028,-10.099225
4490,8.25978,-6.804966
4491,7.6755824,-8.844235
4492,6.6903725,-8.250959
4493,6.8793216,-5.348206
4494,8.17281,-6.0754795
4495,8.703645,-10.594348
4496,8.397816,-7.3166947
4497,6.8146396,-8.107777
4498,7.7524543,-7.375963
4499,7.1008544,-6.833144
4500,8.161199,-9.362428
4501,7.7211976,-7.718899
4502,7.9661865,-8.750685
4503,7.607028,-6.7667603
4504,7.0606513,-8.456735
4505,9.533784,-8.209799
4506,8.724495,-7.510195
4507,8.609236,-7.64107
4508,6.4171934,-8.07362
4509,8.437063,-5.9081435
4510,8.634035,-7.3277497
4511,7.9406753,-8.23545
4512,7.0151286,-6.1930556
4513,6.721174,-9.416239
4514,7.6654525,-9.482587
4515,7.292904,-12.102622
4516,6.6473055,-7.1749597
4517,7.5185876,-9.375802
4518,6.914538,-4.744523
4519,7.8824244,-11.687001
4520,10.434217,-9.09847
4521,7.7212706,-7.1303706
4522,8.309433,-7.5288005
4523,8.210262,-10.62838
4524,9.049903,-10.456316
4525,7.1455083,-8.857623
4526,7.8624997,-9.50589
4527,9.116439,-9.410558
4528,9.208307,-10.415862
4529,9.694883,-10.337242
4530,8.493069,-8.618282
4531,8.543521,-8.782729
4532,9.202224,-11.195045
4533,8.268441,-10.586085
4534,9.46637,-9.153711
4535,9.907984,-12.740433
4536,8.7099495,-12.087578
4537,7.940108,-11.459649
4538,8.124491,-13.372346
4539,7.604447,-11.685468
4540,8.566544,-11.0572815
4541,7.9831676,-12.165724
4542,9.270238,-10.357086
4543,8.076321,-13.110386
4544,7.0682354,-11.209484
4545,10.380635,-11.44935
4546,7.487097,-12.798241
4547,7.637048,-11.31599
4548,8.841728,-12.665694
4549,7.075559,-8.944434
4550,7.6326623,-8.437876
4551,7.5330567,-8.911501
4552,9.644091,-10.02643
4553,9.917658,-11.727774
4554,10.051456,-12.250904
4555,9.476619,-8.607101
4556,11.12343,-7.695125
4557,9.623906,-4.157266
4558,10.231324,-8.693764
4559,9.088714,-8.438759
4560,9.655359,-7.745632
4561,9.755689,-6.0183635
4562,9.72417,-7.0630493
4563,9.80525,-7.7367268
4564,7.750797,-6.539238
4565,9.18018,-7.6996093
4566,8.35465,-5.2833376
4567,8.743297,-8.1097355
4568,8.522573,-8.600877
4569,7.585534,-9.629825
4570,8.250295,-10.6458845
4571,7.5348563,-11.110809
4572,9.248761,-7.2786875
4573,7.2610826,-6.8684034
4574,8.5900545,-8.086277
4575,9.790536,-7.7448435
4576,9.071923,-7.7459126
4577,9.45914,-8.289792
4578,7.735245,-6.7638607
4579,8.717588,-8.04246
4580,9.792672,-10.851636
4581,9.404341,-9.9535475
4582,9.517864,-8.911984
4583,9.772487,-7.4370556
4584,8.854395,-8.503724
4585,7.9631515,-6.2726493
4586,8.401956,-8.619296
4587,8.141973,-10.226738
4588,8.738226,-10.805183
4589,8.68958,-9.438863
4590,9.992766,-9.86397
4591,10.450754,-8.928873
4592,7.5721197,-9.244328
4593,9.527564,-8.200479
4594,9.148897,-8.966022
4595,9.374116,-8.95495
4596,8.582901,-9.645314
4597,7.093667,-9.332875
4598,8.187777,-10.540114
4599,10.746656,-10.845484
4600,10.457116,-10.341046
4601,8.506427,-11.518131
4602,8.576494,-6.9713664
4603,8.972119,-8.522904
4604,7.7375875,-11.424048
4605,8.644103,-7.4902797
4606,9.700134,-9.030368
4607,7.685617,-7.5388584
4608,7.7989936,-7.095245
4609,8.476684,-9.798485
4610,7.315379,-11.2681875
4611,8.728919,-11.1099615
4612,8.566979,-11.649561
4613,9.517442,-10.111366
4614,7.9990716,-8.588685
4615,6.788349,-9.20449
4616,6.3459945,-6.751814
4617,8.122337,-8.757814
4618,8.7481,-9.547435
4619,7.829753,-11.38612
4620,7.637367,-8.332357
4621,8.758942,-11.694417
4622,8.167356,-12.317488
4623,8.759421,-11.145453
4624,8.745469,-10.652594
4625,7.6263256,-10.540151
4626,7.7745757,-8.611716
4627,7.17363,-9.25148
4628,7.434966,-9.431041
4629,9.097257,-7.475569
4630,8.592523,-8.870268
4631,8.673472,-4.9775324
4632,5.8528385,-6.43146
4633,6.6901937,-5.8067703
4634,7.56701,-8.715427
4635,9.0130205,-6.8046894
4636,8.115684,-5.2689805
4637,6.9612465,-6.1867313
4638,7.118369,-5.301776
4639,6.9900136,-3.6292198
4640,7.7722044,-7.063819
4641,7.4782863,-5.448325
4642,8.265762,-5.5970216
4643,6.825481,-4.895778
4644,7.316971,-5.145839
4645,7.3744345,-6.1472845
4646,6.3303943,-5.8674464
4647,7.0823975,-7.7965627
4648,5.3013077,-5.340428
4649,7.229149,-7.2851005
4650,6.628433,-4.9753804
4651,6.6487975,-5.44583
4652,6.252022,-7.7642837
4653,7.2975044,-11.585362
4654,6.2254825,-7.0210285
4655,8.338963,-10.236409
4656,7.813272,-7.482353
4657,7.1504264,-8.897112
4658,5.7907395,-6.937676
4659,7.680826,-5.2118506
4660,7.5033765,-6.7040005
4661,6.542604,-5.6097918
4662,7.5947785,-4.7889366
4663,7.3027444,-3.4731495
4664,7.0497556,-7.2733226
4665,6.6472054,-4.5495167
4666,6.7732716,-4.5191674
4667,8.366596,-6.1615105
4668,7.354597,-6.227384
4669,8.758024,-4.3341246
4670,6.1172395,-6.3544364
4671,7.300203,-5.704554
4672,5.249207,-4.824436
4673,6.104289,-5.466154
4674,4.895288,-4.989529
4675,6.9980154,-5.2319937
4676,6.5146294,-5.3027925
4677,6.9317894,-8.374695
4678,5.0957947,-8.028537
4679,6.3437505,-8.129412
4680,6.559434,-5.5613847
4681,6.8229084,-10.201021
4682,6.573071,-6.8624625
4683,5.2541475,-5.152499
4684,5.2461576,-6.97589
4685,5.9354663,-6.6486425
4686,5.539071,-6.127695
4687,4.9951706,-8.594266
4688,6.5380435,-7.1110725
4689,5.150193,-8.237686
4690,6.950724,-7.144859
4691,6.6935325,-3.121942
4692,7.413712,-8.958054
4693,6.0469656,-8.868385
4694,3.8592556,-5.903159
4695,6.1231995,-6.382383
4696,6.424232,-3.5395746
4697,7.2882338,-6.329855
4698,6.5591125,-5.60373
4699,7.0562367,-4.9378004
4700,7.669137,-4.190842
4701,7.4175053,-7.5975404
4702,6.4678736,-9.893655
4703,6.2323556,-11.348327
4704,7.7724657,-8.962686
4705,8.040568,-10.312359
4706,7.3718104,-10.246739
4707,6.7404823,-12.506349
4708,7.4557505,-7.2465706
4709,7.6396685,-8.002474
4710,7.4569225,-8.840625
4711,5.4517164,-6.281377
4712,7.1592665,-4.665158
4713,7.5094814,-7.6125636
4714,6.493246,-6.2019944
4715,6.037219,-8.759472
4716,6.035938,-5.4947615
4717,6.60415,-7.303828
4718,5.7233763,-7.3929195
4719,8.036045,-7.3736105
4720,8.186427,-7.958064
4721,7.83621,-5.5055194
4722,8.421658,-5.312729
4723,6.968733,-5.218908
4724,9.0057125,-6.788633
4725,7.672482,-8.169686
4726,8.711365,-9.1725445
4727,8.127579,-6.967731
4728,9.179586,-9.158198
4729,7.6627555,-6.6097136
4730,7.5958,-8.088837
4731,9.202904,-7.9692416
4732,9.116151,-8.513536
4733,6.806122,-7.1089168
4734,7.433075,-12.07892
4735,8.287246,-6.376226
4736,7.9189343,-6.438702
4737,6.910703,-4.036676
4738,7.637576,-11.886504
4739,8.445534,-9.794273
4740,9.147373,-9.6033125
4741,9.116794,-8.807962
4742,7.2522125,-9.118361
4743,7.6024384,-6.1267653
4744,6.7547817,-5.8901987
4745,7.617529,-7.5516386
4746,7.4420066,-8.434235
4747,8.038642,-7.9154983
4748,5.8873434,-7.9300747
4749,6.5766044,-4.6739054
4750,7.5832577,-6.5641093
4751,7.663735,-5.80425
4752,7.744988,-3.6049664
4753,8.6607065,-6.1946115
4754,8.329071,-8.22227
4755,8.683137,-4.9624777
4756,8.1423645,-5.1171193
4757,9.108805,-7.477955
4758,7.9689784,-8.8489485
4759,7.153123,-5.1685863
4760,8.677583,-7.3665957
4761,7.2262254,-5.456592
4762,8.859228,-5.5875087
4763,9.556073,-4.0458746
4764,9.036508,-4.814219
4765,8.923889,-9.76712
4766,8.326951,-6.4773426
4767,8.189025,-7.474854
4768,8.294286,-5.3140793
4769,8.331454,-7.345213
4770,6.789417,-6.7665715
4771,8.065689,-5.5644736
4772,8.7587185,-7.4762573
4773,7.376365,-6.2425103
4774,7.3578324,-7.945169
4775,6.974154,-7.760287
4776,8.938697,-6.3702354
4777,6.8859005,-5.244925
4778,5.981691,-5.710017
4779,6.283866,-6.686267
4780,8.457982,-7.2072616
4781,6.571299,-4.9458737
4782,6.9117618,-5.7181716
4783,8.282802,-5.7300153
4784,6.694593,-5.3541756
4785,6.421202,-7.3861203
4786,6.096051,-7.024342
4787,7.3973646,-5.2766685
4788,6.3078113,-3.1712203
4789,8.456172,-4.6210823
4790,7.160539,-3.791034
4791,7.2344046,-4.0274262
4792,7.507417,-5.7166696
4793,6.775432,-3.5686924
4794,5.6577067,-7.523151
4795,7.167266,-6.0112233
4796,8.369002,-3.062863
4797,6.898146,-2.9845428
4798,7.432222,-7.4854717
4799,7.3349056,-7.78994
4800,7.66055,-5.7868853
4801,8.063767,-6.6722527
4802,7.2153726,-4.61781
4803,7.9375544,-3.7614949
4804,8.659447,-2.3371327
4805,7.5308957,-2.5956492
4806,5.6156225,-5.7136
4807,7.1347833,-4.6460414
4808,6.6959944,-7.0917244
4809,5.999008,-9.202355
4810,7.9833083,-9.151284
4811,7.6407475,-9.6359005
4812,8.420153,-8.883519
4813,7.3943434,-4.4264
4814,7.8940244,-6.7103343
4815,7.3549557,-8.213434
4816,6.884995,-6.166462
4817,7.855095,-9.170383
4818,9.091988,-10.099398
4819,5.3835964,-11.595866
4820,7.183644,-7.4525666
4821,7.264721,-5.686883
4822,6.9421244,-8.882393
4823,7.4436154,-6.7738314
4824,6.3555465,-11.640629
4825,7.6428075,-9.049734
4826,5.461684,-9.968587
4827,6.2487144,-14.242235
4828,6.9882407,-11.323179
4829,7.289589,-9.868936
4830,6.4203815,-8.519453
4831,6.3609076,-11.340123
4832,7.269081,-11.331895
4833,7.777408,-8.473672
4834,6.4141293,-11.838086
4835,8.184393,-11.042697
4836,7.16633,-9.558307
4837,5.938468,-8.455725
4838,6.8542852,-10.083391
4839,4.968003,-10.239268
4840,6.479481,-4.4648304
4841,6.6863813,-8.3111
4842,5.8804526,-8.923315
4843,5.59191,-11.116515
4844,6.2591066,-11.201439
4845,7.2262206,-12.163439
4846,6.63454,-11.178102
4847,7.3753157,-8.461096
4848,6.896201,-10.71994
4849,5.0123544,-8.001101
4850,7.4425707,-12.288555
4851,6.8247166,-10.261745
4852,6.4976983,-8.657212
4853,7.13949,-9.721767
4854,6.6601458,-6.9676805
4855,6.0499983,-9.33275
4856,6.792029,-9.939445
4857,7.7694764,-8.231386
4858,6.889098,-6.70397
4859,6.9552565,-8.131568
4860,7.3517694,-7.8439174
4861,7.2243543,-9.1835985
4862,7.4194245,-6.081395
4863,8.438344,-4.4862385
4864,7.763804,-8.540679
4865,5.4891214,-10.419507
4866,5.880472,-10.493738
4867,7.054477,-9.258049
4868,7.7426505,-6.940099
4869,7.726718,-7.755351
4870,6.9301033,-6.602434
4871,8.292332,-8.118944
4872,6.3435493,-8.771392
4873,7.1779056,-6.552957
4874,6.6555085,-7.8354373
4875,5.8169904,-4.0595803
4876,5.272324,-6.322961
4877,6.777152,-7.982518
4878,6.412036,-10.670806
4879,6.866682,-10.055758
4880,4.0670023,-5.227548
4881,6.5447426,-8.848726
4882,5.7061224,-8.461917
4883,5.4346395,-7.6846995
4884,5.777206,-8.78585
4885,5.787318,-6.820228
4886,7.0000463,-8.797363
4887,5.684478,-12.926469
4888,7.7353272,-9.602824
4889,6.4374714,-9.697841
4890,6.6267033,-9.217769
4891,6.6297145,-8.921909
4892,4.937762,-9.322545
4893,4.8735704,-6.7502136
4894,6.401057,-5.988023
4895,6.414117,-7.0807605
4896,6.114052,-7.528167
4897,5.4858384,-5.9131966
4898,8.288973,-11.450818
4899,5.8136225,-9.551848
4900,7.222314,-7.8471904
4901,4.9485874,-7.7763085
4902,5.0843363,-5.910884
4903,5.1587214,-10.426434
4904,6.242544,-11.461759
4905,6.075864,-10.3808775
4906,5.41774,-7.015969
4907,8.104,-7.407605
4908,6.365821,-10.112761
4909,8.267984,-7.2790756
4910,8.263105,-6.5778165
4911,5.5766306,-7.3286557
4912,8.046604,-5.4522457
4913,5.9297204,-3.2155821
4914,7.2080936,-6.0835586
4915,6.98706,-8.20918
4916,8.473219,-1.5092763
4917,6.976621,-2.3614
4918,7.9116645,-8.932897
4919,7.787314,-10.339549
4920,6.999148,-7.5812807
4921,7.624314,-6.858935
4922,6.265493,-10.132857
4923,5.6291428,-11.144133
4924,6.691946,-9.035219
4925,8.110077,-7.000883
4926,6.3309317,-7.90249
4927,8.743433,-9.280529
4928,8.291166,-9.9394655
4929,6.9611745,-10.655383
4930,6.457177,-10.122098
4931,6.28665,-8.819023
4932,7.1176906,-10.236519
4933,6.830735,-9.7168665
4934,6.2310686,-11.223199
4935,6.595166,-9.614579
4936,6.992772,-9.062702
4937,5.6606274,-9.064928
4938,7.4592104,-10.665935
4939,7.2762027,-9.719829
4940,6.6182237,-9.713734
4941,6.2725377,-7.8810353
4942,7.443058,-9.203608
4943,7.3542733,-8.431628
4944,7.350615,-10.493029
4945,6.491283,-4.4870887
4946,7.7706466,-6.5492444
4947,7.0566797,-7.015061
4948,8.227435,-5.8670077
4949,7.4270167,-6.3650417
4950,7.6206665,-5.2402873
4951,7.2249417,-5.8335447
4952,8.567085,-6.2139597
4953,8.381949,-6.685607
4954,7.6051903,-5.5690346
4955,7.7434993,-8.078981
4956,7.5009756,-4.9327593
4957,6.8844,-7.444119
4958,6.9182982,-6.9397864
4959,7.356874,-8.16728
4960,8.849739,-6.4700093
4961,7.753003,-6.8416066
4962,6.862786,-7.8209486
4963,7.0096793,-5.2733283
4964,6.9502697,-3.5595226
4965,5.876181,-1.7125543
4966,6.6587796,-4.4289255
4967,8.307958,-6.774971
4968,5.8540926,-2.734971
4969,8.170008,-3.8991346
4970,7.6693277,-6.1960754
4971,7.0474234,-6.850166
4972,7.489419,-5.926176
4973,7.4605517,-5.233857
4974,6.320329,-5.076491
4975,7.2475624,-4.187963
4976,7.1374245,-5.0084705
4977,6.5888987,-5.9783034
4978,8.377986,-3.3382246
4979,7.416993,-4.6194334
4980,7.817563,-7.6916976
4981,6.741486,-7.19475
4982,8.30279,-6.025831
4983,8.524381,-7.696003
4984,6.2971883,-7.3509774
4985,7.143096,-3.0433054
4986,7.2870245,-2.6651106
4987,7.1011915,-5.659968
4988,6.688386,-4.5708632
4989,6.4764132,-2.2708707
4990,5.6855717,-5.1102414
4991,7.819955,-8.435475
4992,7.7228103,-5.7977505
4993,7.4983196,-7.132977
4994,8.504046,-8.695563
4995,6.5144954,-5.5848827
4996,7.3306155,-7.0179152
4997,7.5254345,-5.469348
4998,7.5722575,-7.0209627
4999,7.29134,-6.5000696
5000,6.9328914,-7.478213
5001,7.508018,-7.325341
5002,7.3407836,-7.969023
5003,7.869569,-6.3206897
5004,7.242201,-6.671139
5005,6.759446,-9.256417
5006,7.960988,-7.2229023
5007,7.545686,-8.782119
5008,6.9422665,-7.48433
5009,6.678803,-6.0740857
5010,6.751573,-5.6702037
5011,6.0985217,-6.98714
5012,7.0609407,-6.385578
5013,6.4451127,-4.707852
5014,5.413584,-6.564722
5015,5.3205657,-6.9948134
5016,6.358436,-5.5725355
5017,6.6362896,-9.48629
5018,6.6120543,-9.750223
5019,5.990013,-6.715733
5020,6.392121,-5.575581
5021,7.611184,-3.253798
5022,7.396432,-7.24648
5023,6.0700393,-2.3937235
5024,6.3159947,-3.1790776
5025,6.491663,-3.6646647
5026,7.9820213,-4.6298027
5027,6.240507,-8.337508
5028,6.828061,-7.2262387
5029,5.8272333,-4.0793033
5030,6.517284,-8.083043
5031,6.9499545,-5.249659
5032,6.654954,-6.7270975
5033,6.5512934,-6.7471833
5034,5.9208226,-7.4232817
5035,4.8259106,-7.906829
5036,7.2154016,-7.204583
5037,7.6329517,-6.417713
5038,6.5232353,-7.111765
5039,7.8596144,-5.21433
5040,6.6116776,-6.502194
5041,8.596071,-6.373392
5042,7.6709857,-4.0402184
5043,7.12002,-2.5418103
5044,7.6445503,-3.7333436
5045,6.7965684,-4.9504633
5046,6.9366097,-3.964491
5047,8.049245,-7.149483
5048,6.0536127,-6.880792
5049,7.001592,-5.597754
5050,6.651941,-4.070957
5051,7.094946,-2.9715896
5052,6.553028,-5.741567
5053,6.4343333,-6.40785
5054,6.2692432,-3.4284396
5055,6.5723696,-3.440891
5056,6.4538145,-5.8691125
5057,7.181195,-7.167637
5058,8.33073,-9.322179
5059,7.5514913,-5.3110194
5060,8.984729,-5.700523
5061,8.232612,-11.597712
5062,8.5091505,-8.326474
5063,6.97445,-9.851959
5064,8.638623,-7.7848277
5065,9.311713,-8.393485
5066,8.124094,-7.900972
5067,6.0993924,-5.5446978
5068,7.679822,-7.588818
5069,7.9642982,-7.526104
5070,9.102142,-8.041165
5071,8.120033,-11.306684
5072,7.5685377,-10.0804205
5073,8.112368,-7.9397726
5074,8.886178,-8.73247
5075,7.7868156,-9.534368
5076,9.003486,-7.679373
5077,8.031991,-9.035876
5078,7.8011875,-8.955359
5079,7.7247734,-8.187276
5080,7.8282313,-8.483659
5081,7.417024,-8.812623
5082,8.946099,-8.388417
5083,8.7867565,-9.786739
5084,8.490912,-8.371862
5085,7.8499856,-7.891971
5086,8.524462,-8.15041
5087,8.191256,-8.626986
5088,6.711337,-3.74715
5089,7.537198,-1.4772433
5090,6.8344507,-5.481263
5091,7.251725,-6.8875456
5092,7.716202,-6.3964295
5093,8.464859,-4.041987
5094,7.244878,-2.6418326
5095,8.5665,-10.770969
5096,8.456577,-9.02278
5097,7.632475,-8.889027
5098,8.240021,-8.134658
5099,8.447897,-7.891758
5100,7.7717185,-7.8923697
5101,7.1156745,-5.928206
5102,8.317896,-4.822675
5103,8.560834,-5.969868
5104,8.458353,-7.983439
5105,8.759697,-6.608782
5106,6.569634,-6.245521
5107,8.7571535,-7.304677
5108,6.4702406,-5.578037
5109,6.4349356,-5.660695
5110,7.660953,-6.488313
5111,9.049301,-6.3326173
5112,7.033687,-7.0234947
5113,6.421007,-8.004464
5114,6.9637,-8.262632
5115,7.8872924,-7.178986
5116,7.1568055,-7.238476
5117,8.086034,-8.331075
5118,6.826249,-7.148309
5119,8.315129,-8.462195
5120,9.263127,-10.417508
5121,8.187555,-5.569737
5122,8.025441,-6.336636
5123,7.8595223,-4.7424316
5124,8.218375,-6.900386
5125,8.649919,-8.798264
5126,9.280724,-7.3664207
5127,7.2107005,-6.2916193
5128,8.764762,-9.153718
5129,7.6681623,-8.51857
5130,7.7703075,-7.092013
5131,7.7157183,-8.098209
5132,6.3773375,-5.121177
5133,5.461601,-6.3488917
5134,6.707603,-6.7800565
5135,6.8302484,-5.8881464
5136,7.6990094,-5.8837857
5137,7.286555,-7.822126
5138,7.688554,-7.199418
5139,7.663268,-8.868667
5140,7.6459317,-7.4388914
5141,8.317367,-6.1583085
5142,7.9159436,-6.193807
5143,6.9510646,-6.7433257
5144,6.5814137,-6.084469
5145,8.56926,-7.6502624
5146,9.161547,-7.8564763
5147,7.859838,-6.711619
5148,8.601607,-6.9218063
5149,8.881073,-7.7204494
5150,8.235989,-11.355913
5151,7.323324,-9.92094
5152,8.73856,-5.9258137
5153,7.63754,-8.526051
5154,7.247746,-7.2825685
5155,6.9058485,-6.5670366
5156,7.8102293,-7.3963933
5157,7.3796086,-9.420145
5158,6.344413,-5.8860765
5159,6.791636,-7.617634
5160,6.1270833,-7.3240075
5161,7.869022,-9.327595
5162,7.79002,-7.7383814
5163,7.479233,-7.144293
5164,6.0298676,-7.5739617
5165,8.251778,-8.7497635
5166,9.015592,-7.874544
5167,6.805131,-5.5027666
5168,7.732891,-8.157419
5169,5.32533,-10.524434
5170,5.146786,-8.990643
5171,7.894687,-7.7719855
5172,6.4467673,-7.415764
5173,7.4990506,-9.644352
5174,7.686658,-8.367545
5175,6.013348,-8.835157
5176,7.140167,-9.900775
5177,6.7122164,-9.873929
5178,6.588159,-7.046065
5179,9.071057,-9.303159
5180,9.003874,-8.098598
5181,7.574976,-5.669325
5182,7.351266,-8.110096
5183,7.2010655,-7.608048
5184,6.027585,-8.252572
5185,7.992915,-9.843098
5186,7.1897893,-10.51225
5187,8.688297,-6.30029
5188,6.206323,-8.385847
5189,8.030196,-7.7438107
5190,7.2357264,-7.161569
5191,7.0150623,-6.2854185
5192,8.624096,-3.983968
5193,7.5636997,-6.4116817
5194,6.920164,-6.2615123
5195,6.013259,-7.455613
5196,6.7822084,-6.823397
5197,7.938065,-7.952318
5198,7.5397954,-6.343626
5199,6.941697,-8.419972
5200,8.314249,-6.640028
5201,8.371421,-5.5709248
5202,7.906162,-8.7402315
5203,7.808318,-7.625323
5204,7.7371216,-8.586919
5205,7.441013,-7.602739
5206,9.343501,-9.684375
5207,8.057825,-8.989232
5208,8.345042,-8.804143
5209,7.3743753,-6.8384156
5210,8.685097,-6.2526445
5211,7.6772366,-6.350453
5212,7.8897657,-5.4466777
5213,7.4067254,-9.33956
5214,7.8216677,-8.323405
5215,8.093855,-7.8378396
5216,5.811875,-8.853833
5217,6.7387633,-6.7178617
5218,8.226055,-8.512659
5219,6.8463683,-8.443401
5220,7.1200695,-6.880851
5221,7.6805468,-7.4942193
5222,7.112059,-7.9478235
5223,7.2747374,-5.788612
5224,8.674169,-6.2736025
5225,7.1969934,-4.9217877
5226,6.430022,-7.009057
5227,6.78553,-3.8307607
5228,8.155192,-6.6073847
5229,6.9523025,-8.111839
5230,7.528216,-7.2132897
5231,6.7781568,-4.313889
5232,8.555494,-5.5340557
5233,8.951495,-5.039102
5234,6.953154,-6.840709
5235,6.59141,-8.473413
5236,6.9054294,-6.2508063
5237,7.405955,-9.033618
5238,6.5861015,-7.2867217
5239,6.0485673,-5.968044
5240,4.526158,-5.0676928
5241,4.312781,-5.9305263
5242,6.8517957,-4.3096337
5243,6.8410807,-6.714028
5244,7.4002357,-4.0606136
5245,8.172468,-6.254585
5246,7.4624205,-6.7352
5247,5.8096037,-5.507528
5248,5.9087095,-5.2775264
5249,8.161737,-4.0656886
5250,8.368587,-6.160782
5251,8.587602,-6.839067
5252,8.315258,-8.252688
5253,8.338011,-7.1496396
5254,7.0064034,-8.597451
5255,6.323573,-7.637696
5256,6.902957,-8.199011
5257,8.695148,-8.25525
5258,7.444637,-6.462501
5259,6.231027,-5.886768
5260,7.609531,-5.771062
5261,8.11551,-6.7240095
5262,8.501939,-5.4928145
5263,8.898962,-6.146758
5264,9.755462,-6.561118
5265,7.724395,-3.7606874
5266,7.0921235,-6.189797
5267,8.223903,-6.6215787
5268,7.101166,-6.76105
5269,7.2811766,-7.6125965
5270,7.1572676,-9.53406
5271,7.3180175,-6.6093245
5272,7.126907,-8.015771
5273,6.693076,-7.4860783
5274,7.662648,-5.9657173
5275,8.120903,-5.271486
5276,7.8690434,-4.3794847
5277,9.396942,-6.04839
5278,7.5807614,-8.048816
5279,8.113514,-7.3188334
5280,8.483147,-5.3242326
5281,7.5522995,-6.2083535
5282,6.7880173,-4.2824516
5283,8.476711,-8.116395
5284,8.0182,-4.539305
5285,6.013157,-7.197347
5286,6.6734056,-3.3701854
5287,7.841366,-6.184298
5288,7.0452228,-4.4607573
5289,6.1412606,-6.417981
5290,7.198184,-3.3203082
5291,7.3504133,-3.3832998
5292,8.708563,-6.1966596
5293,8.128505,-7.5696325
5294,7.192973,-6.1310687
5295,8.792926,-5.0682034
5296,7.767114,-3.8476093
5297,5.0188904,-4.521376
5298,7.6292825,-7.8630257
5299,6.3567166,-3.7349079
5300,7.678727,-3.7936735
5301,7.475656,-2.7692075
5302,7.1562343,-4.841005
5303,7.215591,-0.26135445
5304,7.2248235,-1.7591256
5305,7.051358,-0.5308739
5306,7.2851977,-1.0157888
5307,5.204722,0.57910985
5308,5.1443315,1.1026388
5309,9.935736,0.56430674
5310,4.873256,-1.6567097
5311,8.378554,-4.3769097
5312,7.5534363,-1.950326
5313,7.572152,-5.284857
5314,4.445433,-7.656397
5315,7.4181714,-6.255557
5316,6.043128,-5.2060122
5317,7.406547,-7.077892
5318,6.52058,-4.1716137
5319,8.055144,-5.09278
5320,6.6521497,-6.0639176
5321,7.9396167,-5.1437254
5322,7.7231846,-6.2616634
5323,6.5943937,-5.6364803
5324,8.335646,-5.644319
5325,8.334377,-6.5129514
5326,8.033163,-7.631742
5327,6.610888,-6.6485286
5328,6.3838587,-3.849844
5329,7.810197,-6.3366847
5330,8.565867,-11.796828
5331,9.546602,-8.991706
5332,10.02117,-9.231101
5333,6.6074533,-10.62088
5334,8.284905,-9.862841
5335,8.157795,-8.372302
5336,7.5285873,-7.7233
5337,8.605109,-7.404302
5338,7.4565,-9.561349
5339,8.509066,-9.323258
5340,8.758631,-8.019735
5341,7.1544404,-6.8339686
5342,8.497592,-8.273747
5343,8.676905,-7.992689
5344,9.400251,-5.959444
5345,7.188741,-7.708719
5346,7.5524764,-8.208843
5347,9.1553,-8.44152
5348,5.9740567,-7.7883587
5349,7.877222,-7.3066955
5350,8.512253,-5.3365755
5351,9.18557,-10.092921
5352,7.5858455,-5.214943
5353,8.936154,-6.341762
5354,7.9451585,-6.542656
5355,9.975847,-9.040681
5356,8.708793,-8.106004
5357,7.8235903,-8.700711
5358,6.8955803,-7.3105845
5359,8.276314,-8.495624
5360,7.785732,-8.760532
5361,9.680326,-8.712597
5362,8.445156,-9.895985
5363,8.490976,-9.241199
5364,7.1238146,-7.0970163
5365,9.022376,-9.269357
5366,9.5435095,-8.437391
5367,6.9901724,-6.05336
5368,6.7740026,-7.498786
5369,7.5099335,-10.036974
5370,7.0614033,-2.117188
5371,7.005643,-4.5308385
5372,7.3723783,-4.566254
5373,5.7365108,-7.526761
5374,7.1449957,-5.242717
5375,5.868165,-6.5183253
5376,7.154617,-4.980418
5377,7.8022766,-5.7447443
5378,6.771986,-2.8611302
5379,8.932351,-2.202903
5380,6.6803465,-3.7349195
5381,7.4540405,-1.6436303
5382,6.571476,-6.286755
5383,5.544168,-7.8964863
5384,6.927991,-4.8813314
5385,6.3582287,-4.5606785
5386,5.8799195,-3.2377622
5387,7.3942375,-6.7540274
5388,6.8557763,-4.2349305
5389,10.464401,-3.8488808
5390,8.976023,-1.9387835
5391,6.5156336,-3.1601124
5392,5.5689297,-2.5819547
5393,6.2730002,-2.143331
5394,5.6845007,-4.543759
5395,7.4197516,-3.6335902
5396,6.516055,-4.420885
5397,7.719742,-2.8716586
5398,5.619062,-5.480406
5399,7.068752,-3.1567397
5400,8.762327,-5.950275
5401,7.963255,-2.612553
5402,7.952259,-3.0033994
5403,6.9857287,-2.3085513
5404,6.853617,-3.2072031
5405,7.437281,-6.206347
5406,6.6381683,-5.226704
5407,7.524035,-2.0774066
5408,7.562561,-7.12885
5409,9.010173,-4.24643
5410,7.532192,-3.5797653
5411,7.140977,-2.785758
5412,7.62164,-3.4063811
5413,8.368695,-3.4033656
5414,7.320072,-2.8834746
5415,6.521434,-5.870452
5416,6.787545,-7.9207435
5417,7.4613614,-6.907667
5418,7.714713,-5.5120296
5419,6.589363,-2.5862813
5420,7.182027,-1.3271368
5421,5.3245597,-3.483543
5422,6.8968506,-1.016637
5423,6.875224,-5.5457973
5424,8.53934,-8.655464
5425,7.284173,-3.935912
5426,6.3718953,-3.60503
5427,6.852782,-5.68927
5428,8.131557,-1.9412133
5429,7.506508,-2.0080433
5430,7.290125,-6.20138
5431,6.12576,-1.2945125
5432,6.0634346,-6.3733587
5433,9.591872,-5.3527374
5434,5.7419543,-4.6404915
5435,8.675801,-5.03086
5436,7.520991,-5.6660485
5437,8.7849455,-4.038573
5438,8.884827,-3.059716
5439,6.795514,-3.9932446
5440,9.288588,-6.484605
5441,6.546042,-6.149283
5442,7.106183,-3.8010266
5443,7.5626264,-5.797376
5444,6.9466014,-3.3237286
5445,8.448901,-7.27221
5446,9.273559,-4.593735
5447,7.058012,-2.3891172
5448,8.374755,2.1177268
5449,7.4087963,-3.6535301
5450,9.08878,-1.9989685
5451,8.132807,-4.870467
5452,8.15916,-2.0111923
5453,8.671062,-1.3825302
5454,8.28623,-0.8115135
5455,9.262293,-3.2067728
5456,8.4395485,-0.1652216
5457,5.016113,-1.0387297
5458,8.808939,0.23659243
5459,8.162355,0.25379005
5460,7.5736303,2.2834003
5461,9.126554,1.8845465
5462,8.057314,-0.481949
5463,7.428337,-1.6848713
5464,7.589376,-0.31482962
5465,6.9821954,-2.6894035
5466,8.061597,-2.215759
5467,10.322318,-1.6908364
5468,9.286854,3.2420115
5469,10.326864,0.16258319
5470,9.162794,-2.845524
5471,9.078619,2.0766618
5472,9.3631115,1.949687
5473,9.831806,0.9455212
5474,8.18004,0.619018
5475,9.148476,2.1521235
5476,7.693271,3.25186
5477,9.335957,3.7589166
5478,9.222263,-0.816373
5479,7.9520674,-3.7457414
5480,8.729737,0.5197702
5481,10.390635,-1.4557467
5482,10.169329,-0.9493709
5483,9.009553,2.1346085
5484,9.352558,1.5202055
5485,10.488558,2.4428399
5486,10.319444,-0.39713156
5487,11.503183,-2.190037
5488,8.31967,-2.7666006
5489,10.804424,-3.7765517
5490,10.710673,-0.8619777
5491,8.973936,-0.2676222
5492,10.346381,-1.0667474
5493,9.290067,0.23673593
5494,9.128779,0.11866134
5495,7.188836,-1.9380965
5496,9.277539,1.9011354
5497,9.652757,-1.5709907
5498,11.051649,-3.733576
5499,8.567125,-2.4964936
5500,9.759379,-1.620194
5501,8.8357315,1.0089083
5502,8.64438,1.8158853
5503,9.999703,-0.530591
5504,8.907077,-2.0297768
5505,9.03019,0.7557751
5506,9.3322525,0.68684
5507,10.349114,-0.027157098
5508,9.503587,-2.50303
5509,9.594383,-7.5734706
5510,9.500318,-0.3030286
5511,9.631151,0.8759712
5512,8.942941,-1.4429065
5513,9.037794,0.15046704
5514,9.035863,-0.013827646
5515,9.947367,-1.7512776
5516,8.683945,1.5426697
5517,8.936449,2.5325766
5518,8.43507,-1.0246174
5519,8.5708,-1.3526541
5520,9.100583,2.4922388
5521,9.711959,2.0383818
5522,9.433633,-1.3564306
5523,11.621839,1.2851815
5524,7.8556695,1.8552002
5525,7.6482816,-0.67541116
5526,7.497088,-0.8794411
5527,8.41515,-0.49559754
5528,9.760079,-1.9268997
5529,10.461016,-0.6459413
5530,8.740341,-2.5197036
5531,9.033021,1.3144962
5532,9.198278,-0.42494404
5533,7.220684,-1.2683126
5534,10.302309,-0.8678107
5535,8.008096,1.3042606
5536,8.006133,0.69094527
5537,10.378301,0.031061325
5538,10.026111,-0.3861471
5539,9.2546015,-4.1517105
5540,8.332085,0.24042572
5541,9.282532,-4.1352735
5542,9.816351,-0.70483905
5543,9.727771,-0.71102583
5544,9.852721,-5.308829
5545,8.695808,-3.1686707
5546,9.291443,-3.8265462
5547,10.034212,-3.0007188
5548,10.708823,-6.9519863
5549,8.657542,-5.463544
5550,11.049256,-6.147153
5551,9.681722,-7.8310604
5552,9.882568,-8.589639
5553,9.46482,-7.375269
5554,8.6754055,-9.373674
5555,9.092065,-11.501323
5556,7.8315334,-7.536023
5557,8.248169,-7.9495125
5558,6.0011044,-6.359435
5559,6.7484202,-4.9949045
5560,6.4817586,-9.429526
5561,7.3569736,-4.8630557
5562,7.346464,-3.9950588
5563,8.361858,-5.5945444
5564,7.6095967,-6.0112824
5565,10.646661,-7.18331
5566,9.710138,-4.6383286
5567,8.405634,-4.351269
5568,6.628639,-8.889002
5569,8.3187275,-6.764974
5570,9.068408,-8.742737
5571,8.421533,-8.333516
5572,7.9929643,-8.131432
5573,6.867521,-6.0804887
5574,7.6433973,-5.1813326
5575,7.7584877,-7.377373
5576,9.146098,-4.919395
5577,7.6078777,-6.9552207
5578,7.080934,-6.3450303
5579,7.0919642,-9.101149
5580,6.642656,-3.4377265
5581,7.1873436,-4.8485117
5582,6.079199,-5.0541277
5583,7.7491794,-5.067444
5584,6.1420603,-5.56284
5585,7.5338416,-2.7418177
5586,7.0934587,-7.203745
5587,5.620717,-6.0654645
5588,7.2330084,-6.883825
5589,7.3679132,-9.160603
5590,8.101998,-6.377752
5591,5.999819,-3.966406
5592,8.038229,-6.075025
5593,6.7396812,-4.2827997
5594,7.990121,-2.556966
5595,5.5300317,-1.8377794
5596,7.0671372,-2.123158
5597,8.578182,0.72900033
5598,6.8584547,-3.4630654
5599,8.2645035,-3.0778675
5600,7.4618764,0.18986215
5601,6.9168577,-5.7186646
5602,7.412144,-3.8592181
5603,5.8319654,-6.1690087
5604,7.805993,-4.1420727
5605,6.1931863,-4.3641334
5606,7.1146445,-3.7362056
5607,7.419167,-3.714775
5608,7.07617,-5.3361874
5609,7.7224464,-6.967267
5610,7.391914,-7.9508657
5611,5.1009216,-3.8801644
5612,5.377619,-1.878157
5613,8.010524,-4.530527
5614,5.9890547,-3.5661693
5615,8.773604,-6.053077
5616,8.065356,-7.728939
5617,8.48623,-3.057623
5618,8.394059,-5.7179413
5619,6.915806,-4.2389054
5620,6.3792257,-6.891806
5621,8.118005,-4.4061513
5622,7.5956607,-5.4629645
5623,8.733935,-4.189921
5624,8.600348,-4.42592
5625,8.259993,-6.1925116
5626,6.457131,-4.7399683
5627,8.765332,-6.181757
5628,8.022043,-4.764513
5629,8.6553545,-7.1755486
5630,7.1325264,-5.2132325
5631,7.809843,-7.647181
5632,5.2436185,-8.117569
5633,6.752883,-4.0221357
5634,7.8464894,-5.015404
5635,7.0712442,-6.793308
5636,6.540294,-7.6603627
5637,7.096485,-6.508697
5638,7.2878985,-5.8979077
5639,7.4681673,-6.6690106
5640,7.988536,-7.480661
5641,6.7776933,-7.6471324
5642,7.46563,-6.5987773
5643,8.029933,-8.649023
5644,7.515743,-8.227678
5645,7.612761,-8.329406
5646,6.9708314,-8.280482
5647,5.8661447,-10.349801
5648,7.750705,-9.059658
5649,6.517936,-7.2717686
5650,6.528462,-8.196588
5651,6.276196,-11.251743
5652,6.593292,-10.498581
5653,7.481507,-9.450044
5654,8.096007,-8.306053
5655,7.056757,-7.474916
5656,8.136235,-11.529647
5657,8.139092,-9.034436
5658,6.2814035,-8.404364
5659,7.7402368,-6.189714
5660,7.4979906,-7.335831
5661,7.5149326,-9.644967
5662,7.7100253,-8.42289
5663,7.5753727,-8.269225
5664,8.789818,-9.913724
5665,7.954854,-9.474823
5666,5.9806557,-8.411724
5667,6.123737,-8.722846
5668,6.313438,-8.868992
5669,7.4302897,-8.023674
5670,7.75914,-9.949649
5671,7.3497934,-9.322036
5672,7.9975853,-10.43489
5673,7.480761,-7.7248993
5674,5.8690004,-8.156178
5675,7.679461,-5.816241
5676,7.6376615,-7.6239157
5677,8.080567,-8.921494
5678,6.6203413,-8.4053545
5679,6.7539377,-6.4664035
5680,6.768789,-7.1360035
5681,8.355804,-7.9716854
5682,8.915976,-8.293046
5683,8.552148,-10.188609
5684,8.607404,-9.353076
5685,7.5953875,-7.5885177
5686,8.216391,-6.0950923
5687,8.415843,-6.7736864
5688,8.590773,-6.640224
5689,6.985132,-6.9277825
5690,8.963961,-5.35442
5691,8.565153,-10.965909
5692,7.473542,-8.483103
5693,8.369981,-8.710416
5694,7.127446,-6.5643325
5695,8.041204,-8.596841
5696,7.490926,-8.416205
5697,5.9667783,-5.956205
5698,8.196212,-6.619965
5699,8.018847,-7.2975574
5700,6.6367126,-6.985488
5701,7.618679,-9.481427
5702,6.9065247,-10.007955
5703,6.269243,-11.578066
5704,7.3857474,-12.694052
5705,8.295203,-11.200313
5706,6.1739573,-8.491931
5707,7.750054,-9.341164
5708,7.125735,-7.4287324
5709,6.5471225,-10.775245
5710,7.429871,-9.14837
5711,6.8017964,-10.176231
5712,6.226493,-6.190335
5713,7.940783,-10.180302
5714,6.771285,-6.9453473
5715,7.7696304,-8.9514
5716,7.001786,-8.208207
5717,7.1170454,-7.653345
5718,6.0658426,-10.883121
5719,7.319496,-8.608145
5720,6.0710454,-9.139303
5721,7.240455,-8.8341675
5722,7.1380787,-10.499218
5723,8.097244,-8.639408
5724,6.695203,-9.962198
5725,6.771195,-9.765818
5726,7.3610554,-9.118463
5727,7.131251,-8.634363
5728,6.5749416,-10.223369
5729,7.383055,-7.44827
5730,6.4611983,-8.00356
5731,7.5426106,-10.421224
5732,5.309805,-6.853723
5733,5.2531457,-5.849806
5734,6.088949,-6.301083
5735,6.2632227,-6.6688967
5736,7.3991065,-9.28334
5737,7.6022606,-8.638574
5738,7.1693277,-6.806899
5739,7.8642445,-3.9898453
5740,7.108415,-6.9772215
5741,6.1143794,-7.0516567
5742,5.332871,-7.5259266
5743,6.0108614,-5.7285204
5744,6.490475,-7.146958
5745,6.5788136,-5.3805966
5746,6.474075,-5.970627
5747,6.3856587,-6.5822763
5748,6.778417,-9.322914
5749,7.2129445,-9.478491
5750,7.6325984,-6.526879
5751,7.3616447,-8.677366
5752,6.708238,-7.42755
5753,6.5643544,-8.631374
5754,6.314701,-4.6835437
5755,7.8515773,-5.5011063
5756,7.6049976,-5.2581835
5757,8.0151205,-6.509446
5758,8.317869,-7.2572474
5759,6.3674154,-9.464089
5760,8.629597,-10.957853
5761,7.9835744,-9.005969
5762,6.1836767,-8.329601
5763,6.073286,-6.7020216
5764,7.232772,-7.818967
5765,7.7681465,-6.8204007
5766,5.64829,-10.764564
5767,6.2494545,-6.866279
5768,6.2061434,-4.9903464
5769,7.037525,-3.8010583
5770,7.116228,-9.687744
5771,8.895847,-7.984908
5772,6.6779675,-6.8564997
5773,6.874794,-7.2026534
5774,6.325068,-6.1198153
5775,5.8335896,-5.80798
5776,7.0791492,-7.697016
5777,6.196669,-3.9643445
5778,6.7926207,-5.727011
5779,6.159264,-8.696202
5780,6.337173,-4.033648
5781,6.440757,-6.7738028
5782,6.593952,-6.7732735
5783,5.724507,-6.5423484
5784,6.030786,-5.9622316
5785,5.162848,-6.701063
5786,4.6886106,-7.461831
5787,5.751914,-8.037626
5788,4.7719607,-11.392341
5789,6.7212167,-9.085554
5790,4.463468,-11.939281
5791,4.168394,-8.9793005
5792,6.36157,-7.874995
5793,5.197461,-6.8491755
5794,3.9048991,-7.773416
5795,4.328395,-9.237283
5796,3.9618616,-10.589341
5797,3.5811236,-11.192307
5798,3.9736512,-12.967754
5799,3.6399667,-14.650806
5800,4.1690373,-11.371513
5801,6.0392103,-9.344728
5802,4.9585314,-10.300019
5803,4.9231358,-12.1691885
5804,4.3390512,-15.730526
5805,4.11886,-13.147975
5806,2.6672347,-12.384857
5807,2.9455082,-10.830168
5808,6.319263,-13.256652
5809,6.404205,-11.228515
5810,6.318634,-11.569034
5811,6.265337,-11.620409
5812,5.5068316,-10.940264
5813,7.0697317,-8.839326
5814,6.7177978,-10.609543
5815,4.038556,-8.259914
5816,8.327781,-10.046408
5817,5.064022,-8.875115
5818,5.248864,-8.719034
5819,6.8472843,-6.7325516
5820,5.957035,-6.0257044
5821,5.717046,-7.7153664
5822,5.8996162,-6.641809
5823,7.5943217,-11.56597
5824,4.587298,-7.535528
5825,6.478308,-8.361822
5826,7.246485,-9.360574
5827,6.076187,-10.5527
5828,4.495005,-8.056944
5829,6.4590945,-8.992258
5830,5.6758347,-8.036766
5831,6.5243635,-8.091432
5832,5.99408,-9.681501
5833,3.5209668,-10.231959
5834,6.865592,-9.0136385
5835,4.9948864,-7.9044847
5836,5.445727,-8.908441
5837,5.141447,-10.5319605
5838,5.1883845,-9.902973
5839,5.119823,-7.5602775
5840,4.210124,-5.2306824
5841,4.7730594,-8.469137
5842,4.7976665,-8.148255
5843,6.299355,-6.8076296
5844,4.1937184,-11.587408
5845,5.0390215,-11.115343
5846,7.0250463,-9.725224
5847,6.8214707,-6.231003
5848,8.048112,-8.729949
5849,5.936409,-9.5564165
5850,4.403602,-8.405567
5851,5.8460464,-9.383922
5852,6.9143643,-7.3487425
5853,6.645698,-7.223069
5854,5.085991,-5.408015
5855,5.6491857,-8.10306
5856,7.795511,-6.916899
5857,7.1961284,-12.823163
5858,8.248972,-9.159867
5859,5.363209,-4.91346
5860,5.8745184,-8.700048
5861,5.34602,-8.8709755
5862,7.6513095,-7.1785817
5863,6.832524,-8.314164
5864,7.1800795,-8.67701
5865,8.026504,-10.559505
5866,6.3317304,-8.588375
5867,6.0418787,-8.85712
5868,6.4850907,-9.18338
5869,6.6500916,-8.441686
5870,5.9350824,-7.626246
5871,6.53103,-7.4682198
5872,6.588238,-6.2528934
5873,6.930358,-5.4530315
5874,7.053432,-8.630302
5875,5.4808726,-6.120881
5876,5.662092,-6.320453
5877,5.525304,-8.80389
5878,5.2745667,-4.720233
5879,6.7823296,-6.1628056
5880,6.1103687,-7.225912
5881,6.7263894,-7.3467927
5882,6.160089,-7.1069613
5883,7.3690176,-4.922782
5884,7.83425,-8.306669
5885,5.6457458,-7.4787846
5886,6.5835714,-5.9709787
5887,8.095134,-9.531832
5888,5.2242928,-6.284204
5889,6.4833007,-6.5996966
5890,6.906495,-6.3766603
5891,7.386359,-5.2534275
5892,7.570927,-6.0458493
5893,6.9580092,-9.004231
5894,5.6349974,-9.017568
5895,5.911289,-8.444154
5896,7.5872912,-7.047566
5897,6.148171,-7.4382696
5898,6.6366687,-7.4885616
5899,8.103279,-7.7363906
5900,6.582364,-7.7168517
5901,6.8181744,-4.197155
5902,6.933476,-9.489266
5903,7.9454775,-7.8276935
5904,6.5278153,-5.8009777
5905,6.364147,-7.40494
5906,7.257174,-7.8057933
5907,6.5330367,-7.6749606
5908,7.900258,-8.264569
5909,7.65862,-8.996006
5910,7.4862194,-9.8495245
5911,5.8244166,-9.598314
5912,6.485033,-9.0902605
5913,6.8506045,-9.788662
5914,7.699073,-7.738093
5915,6.7375016,-8.762902
5916,7.944692,-7.8465867
5917,6.5589924,-8.75713
5918,5.8287005,-6.3972735
5919,4.9762387,-8.08898
5920,6.43856,-7.5006685
5921,6.6813197,-7.124981
5922,6.676514,-8.691253
5923,6.9579706,-7.2471375
5924,7.502846,-7.3222804
5925,8.072555,-7.142916
5926,5.785641,-8.113142
5927,6.3329754,-9.320007
5928,7.365987,-6.5277395
5929,6.5839124,-6.3167915
5930,5.992082,-4.800423
5931,7.7955256,-7.093594
5932,4.938827,-10.134823
5933,6.024923,-8.140267
5934,7.0734444,-8.0681505
5935,7.113457,-8.97409
5936,10.206255,-7.0483723
5937,7.925649,-7.208488
5938,7.880497,-7.532691
5939,7.343921,-7.729597
5940,5.8774924,-8.958307
5941,7.077985,-8.293012
5942,6.581209,-6.9788
5943,6.4836655,-6.3804398
5944,6.622984,-9.62403
5945,7.077513,-9.078238
5946,8.322334,-7.452694
5947,7.182816,-7.440797
5948,6.9315534,-9.403166
5949,7.799671,-7.9753184
5950,5.6647267,-7.9176283
5951,6.4112644,-8.20434
5952,6.9137692,-8.525183
5953,6.4671926,-9.321855
5954,6.8710027,-9.527836
5955,7.682303,-6.3108244
5956,7.1779294,-6.8266435
5957,7.3864074,-7.444772
5958,7.730267,-6.8991594
5959,8.533681,-7.752465
5960,6.1106772,-8.750796
5961,6.4247546,-7.1081705
5962,8.823094,-10.666547
5963,7.8812566,-9.057301
5964,7.695069,-10.553928
5965,6.914219,-6.91873
5966,7.1326823,-6.9358134
5967,5.5653515,-7.702402
5968,6.062662,-8.519342
5969,5.284904,-9.122869
5970,7.8422475,-4.1909504
5971,7.0915008,-7.539818
5972,7.9094205,-10.362994
5973,7.8192406,-6.736154
5974,7.4422984,-8.260537
5975,6.587637,-9.310827
5976,7.4917035,-7.307947
5977,6.2716146,-5.6855083
5978,5.7970605,-3.9114594
5979,6.966552,-5.3523107
5980,6.814977,-5.5175986
5981,6.0875506,-6.9002566
5982,7.890793,-8.798676
5983,6.6144314,-8.987454
5984,5.964414,-6.787469
5985,7.9845986,-8.302761
5986,7.0800605,-8.07972
5987,6.025644,-6.1727633
5988,6.119577,-8.420808
5989,7.2037644,-5.8182163
5990,6.5786505,-7.376643
5991,5.486939,-4.2370367
5992,5.562162,-5.950223
5993,8.032184,-7.542502
5994,6.3889084,-7.237753
5995,6.990183,-8.741224
5996,7.500545,-6.6771507
5997,6.543669,-6.3210444
5998,5.8632445,-11.025511
5999,7.089764,-8.039671
6000,7.521171,-6.68991
6001,6.8074255,-8.590341
6002,8.2436495,-7.895595
6003,7.4211164,-10.31308
6004,5.870045,-9.814843
6005,6.965867,-10.584287
6006,7.181902,-8.977138
6007,6.7847533,-6.8205833
6008,8.415033,-7.769203
6009,6.6501617,-11.009469
6010,7.448902,-7.897981
6011,7.1051126,-6.080893
6012,8.893602,-9.147789
6013,9.02896,-4.6705804
6014,8.258268,-9.125699
6015,8.112176,-7.8967495
6016,8.955872,-9.836996
6017,6.557876,-7.706875
6018,7.6426296,-10.824166
6019,8.137039,-10.809487
6020,7.2231874,-8.000026
6021,6.9079394,-9.500529
6022,8.488846,-11.145615
6023,8.360648,-9.591989
6024,9.38335,-9.423088
6025,9.046773,-7.456508
6026,8.714379,-8.115352
6027,6.9884663,-10.694032
6028,6.6745014,-8.518843
6029,8.090911,-6.434353
6030,6.4182005,-7.3817477
6031,7.9597178,-6.734801
6032,8.006758,-6.515464
6033,7.23092,-9.579645
6034,8.623465,-8.878779
6035,8.443183,-7.3634276
6036,7.5337296,-8.237268
6037,7.6986217,-7.2917185
6038,9.374256,-10.2604885
6039,7.4195795,-8.803117
6040,7.946484,-9.054411
6041,9.024988,-11.4599695
6042,7.1718755,-8.126294
6043,5.8632903,-7.987295
6044,8.375373,-8.257834
6045,6.7445993,-8.876467
6046,7.780009,-9.861832
6047,7.194299,-11.058085
6048,5.9660788,-8.889171
6049,6.2974863,-9.1037655
6050,6.1806464,-9.142586
6051,6.005006,-8.293831
6052,5.4332023,-7.05412
6053,6.860369,-9.123921
6054,7.2712765,-7.631722
6055,6.589086,-9.762471
6056,6.885157,-12.407476
6057,6.8104343,-10.529235
6058,6.8440995,-8.37836
6059,7.3896427,-9.503358
6060,6.0945106,-6.5074186
6061,7.105743,-10.995415
6062,6.701663,-8.910338
6063,8.159218,-6.8881645
6064,6.4751577,-7.9807057
6065,8.163069,-8.104291
6066,6.7800593,-7.28922
6067,7.7780733,-7.4743886
6068,7.094717,-6.6925035
6069,7.4686522,-8.032706
6070,7.787433,-7.2859807
6071,5.925793,-8.211047
6072,5.6662126,-8.771867
6073,6.9885907,-8.103426
6074,5.776461,-10.503665
6075,6.6133704,-8.476491
6076,4.5313835,-5.16524
6077,8.114581,-10.411006
6078,6.8254933,-9.468987
6079,5.895933,-8.93399
6080,6.8676133,-7.463295
6081,8.492693,-7.7410784
6082,6.538983,-7.587629
6083,6.118056,-8.476154
6084,6.737248,-9.553577
6085,6.1704054,-7.9418325
6086,8.372834,-9.55751
6087,7.924862,-10.428311
6088,7.997091,-8.418007
6089,8.372264,-8.728717
6090,7.529458,-11.437064
6091,7.8149495,-9.283594
6092,9.652306,-11.503873
6093,7.64674,-11.935303
6094,8.449067,-11.929704
6095,7.0458026,-9.720228
6096,6.724286,-9.109223
6097,6.837782,-10.143243
6098,8.443481,-10.021088
6099,7.165046,-8.795538
6100,7.2774014,-7.6821303
6101,9.244713,-10.781055
6102,7.3200135,-8.729365
6103,8.889889,-9.711997
6104,5.8263035,-7.9512563
6105,6.529017,-10.185208
6106,8.062628,-7.739772
6107,6.542612,-12.404332
6108,4.949292,-9.255571
6109,6.63762,-6.94097
6110,5.472217,-9.4985895
6111,5.21442,-8.236061
6112,6.17373,-9.338944
6113,7.1513224,-7.390849
6114,7.0131035,-9.1788645
6115,8.649745,-9.245624
6116,7.0312862,-8.165269
6117,8.294157,-7.9814425
6118,6.7135744,-9.295605
6119,7.758177,-8.222701
6120,7.3121514,-9.991825
6121,7.3897047,-7.7951903
6122,7.4735913,-8.09653
6123,8.549979,-8.787147
6124,6.940745,-8.587904
6125,7.2145066,-10.6683
6126,6.0142198,-6.0561953
6127,7.0042653,-11.110692
6128,7.6136436,-11.065827
6129,7.2708545,-11.825171
6130,6.103911,-11.491187
6131,7.087927,-11.334997
6132,5.072578,-12.072101
6133,5.6222076,-8.048372
6134,7.552033,-7.7224507
6135,6.695546,-8.204424
6136,7.981383,-6.2994056
6137,8.634633,-8.709019
6138,6.6481447,-8.86577
6139,6.261234,-9.342561
6140,5.9074316,-7.922315
6141,5.963829,-8.800157
6142,6.3931947,-6.1272693
6143,7.110953,-10.049054
6144,7.4425483,-9.226104
6145,6.280481,-5.824534
6146,7.5907564,-11.912439
6147,9.897154,-8.329702
6148,7.538877,-8.881557
6149,7.203874,-10.69752
6150,7.0207577,-9.616755
6151,7.513702,-13.204308
6152,7.80369,-8.676216
6153,6.4134765,-10.255738
6154,7.9954505,-12.84876
6155,7.229353,-12.739049
6156,8.215447,-11.914407
6157,8.154986,-10.872582
6158,5.5573096,-9.66057
6159,6.199909,-8.514892
6160,8.781042,-8.087824
6161,7.304311,-9.781812
6162,7.029013,-10.404895
6163,8.200117,-9.066325
6164,8.657239,-9.84685
6165,7.70996,-12.737679
6166,8.241157,-9.91865
6167,9.893995,-10.042337
6168,8.263685,-11.66444
6169,9.403488,-11.91139
6170,8.499031,-8.360928
6171,6.72471,-12.803768
6172,7.599407,-10.369918
6173,7.396695,-10.882451
6174,6.403838,-9.835706
6175,8.724977,-9.686872
6176,7.391254,-9.269478
6177,7.1922417,-10.100072
6178,7.496408,-8.366003
6179,7.5915656,-10.927402
6180,7.07437,-10.443726
6181,5.404983,-10.354432
6182,4.357481,-9.367082
6183,4.3304625,-8.614631
6184,4.283324,-7.6756253
6185,4.361971,-7.3661423
6186,6.8961854,-8.261855
6187,6.4888825,-9.810101
6188,6.386374,-8.9867735
6189,6.5433354,-8.785177
6190,6.671214,-9.1327
6191,7.054894,-10.993986
6192,6.052371,-8.772099
6193,6.386027,-7.6220746
6194,6.2735534,-6.979614
6195,7.846877,-10.867756
6196,8.809079,-10.976532
6197,5.2467117,-6.6768947
6198,5.7331867,-9.620396
6199,6.2422113,-9.58372
6200,7.9423933,-8.778665
6201,7.1061764,-7.9979315
6202,6.60547,-10.4816065
6203,7.6557455,-9.393434
6204,8.315729,-9.722308
6205,9.088723,-9.526954
6206,6.6033607,-9.168256
6207,6.9235287,-11.814574
6208,5.569224,-10.885523
6209,6.648383,-9.245893
6210,6.35114,-9.276935
6211,6.834656,-9.565034
6212,6.9706726,-6.882086
6213,7.1747165,-7.31534
6214,7.8429775,-10.52309
6215,6.3212023,-9.146805
6216,5.1136127,-9.817664
6217,4.6038857,-8.868284
6218,4.8365273,-10.803095
6219,6.060441,-8.294082
6220,6.7725005,-8.429825
6221,8.682818,-9.943289
6222,8.226925,-9.276436
6223,8.74187,-10.256495
6224,8.81841,-11.912507
6225,5.794927,-7.093728
6226,8.170219,-9.006294
6227,8.6559105,-10.169308
6228,8.283971,-7.254676
6229,7.630029,-9.62214
6230,7.1575027,-10.564195
6231,7.3151183,-7.603182
6232,6.774973,-7.527946
6233,7.341702,-8.461402
6234,6.7665205,-8.499318
6235,6.929063,-9.852044
6236,8.904767,-8.29694
6237,8.665579,-6.824121
6238,7.52649,-6.85052
6239,8.768007,-10.803462
6240,7.8829412,-7.011558
6241,7.751555,-8.056548
6242,7.249887,-8.6051855
6243,8.1112175,-8.688697
6244,6.058996,-7.355117
6245,8.171793,-9.136423
6246,8.529158,-10.687201
6247,7.063513,-8.561179
6248,7.0461035,-8.643059
6249,9.501593,-8.652977
6250,7.570747,-10.501568
6251,7.0422907,-10.025076
6252,7.704951,-8.980675
6253,8.089235,-7.948948
6254,7.7299404,-7.169516
6255,8.301825,-7.6139674
6256,6.4039154,-7.8910556
6257,8.462034,-5.467643
6258,7.8503475,-7.8590455
6259,7.445803,-5.1999106
6260,8.837948,-5.5095167
6261,9.483009,-5.8829603
6262,8.002582,-10.479413
6263,8.903735,-10.88587
6264,7.609565,-9.831341
6265,8.161555,-8.446977
6266,7.0966434,-7.2468925
6267,8.818524,-8.693619
6268,7.5331984,-8.457825
6269,7.4626346,-7.602229
6270,9.05269,-10.828372
6271,7.6223264,-6.5893054
6272,7.9374447,-8.476394
6273,9.299118,-7.853012
6274,7.810195,-6.9921017
6275,8.11521,-7.7204447
6276,9.466189,-9.436631
6277,7.5203867,-5.749294
6278,8.428025,-8.6207285
6279,5.2396717,-4.9169745
6280,6.7200565,-7.3683276
6281,7.3761535,-6.035417
6282,6.902138,-7.325273
6283,8.70573,-7.5665746
6284,9.06697,-4.178759
6285,8.192219,-6.4454885
6286,7.9089494,-8.131641
6287,7.2785544,-6.8662615
6288,7.399279,-7.115322
6289,6.987374,-5.9522753
6290,7.9783835,-9.5887785
6291,8.52817,-6.049043
6292,7.3368874,-6.4370317
6293,7.6655583,-6.069766
6294,5.448678,-4.583596
6295,7.6217976,-5.6873746
6296,7.003237,-9.365703
6297,7.7770977,-6.581879
6298,8.505391,-7.021044
6299,7.579103,-10.811112
6300,9.904411,-10.94015
6301,10.187317,-8.734248
6302,7.1571226,-6.4946146
6303,7.011753,-7.5638614
6304,6.821132,-6.6303887
6305,6.9781094,-6.9016924
6306,5.709796,-7.100781
6307,7.218782,-7.143235
6308,5.2958694,-8.345953
6309,6.066025,-7.4371705
6310,5.937546,-7.7841797
6311,5.7843647,-7.7629333
6312,7.1710687,-8.53917
6313,7.9951444,-7.2265663
6314,7.1751285,-8.201859
6315,7.0064554,-6.9524837
6316,6.715363,-8.062899
6317,6.894289,-6.8330207
6318,6.7492514,-8.593638
6319,6.336539,-8.074162
6320,7.6113033,-8.062787
6321,8.267341,-3.8725514
6322,8.4620075,-6.5141773
6323,6.959377,-6.4043913
6324,6.201253,-4.5790935
6325,7.3989067,-4.242375
6326,6.7744393,-6.1802444
6327,6.6317153,-5.9784994
6328,7.9584146,-5.882563
6329,6.538926,-4.782878
6330,6.302895,-3.1194
6331,6.5188513,-6.42719
6332,6.0187364,-3.9022868
6333,5.166772,-6.515522
6334,5.676299,-7.3072205
6335,8.175138,-3.874391
6336,6.8600087,-4.490936
6337,6.9461775,-8.641574
6338,7.002884,-6.0833683
6339,7.5247436,-6.6619253
6340,7.0291543,-3.466536
6341,7.114295,-5.2286386
6342,6.960007,-6.5097666
6343,7.3898873,-6.267675
6344,8.269832,-8.561294
6345,8.035449,-7.722143
6346,7.3112154,-5.5509825
6347,6.5393353,-8.068073
6348,6.3728743,-6.140952
6349,5.581838,-6.778303
6350,6.651838,-4.486621
6351,6.2770567,-6.63077
6352,7.498293,-7.5771337
6353,8.062763,-8.99471
6354,9.541034,-9.38999
6355,8.743592,-10.383499
6356,6.463487,-7.6718907
6357,7.18022,-8.794079
6358,7.521848,-5.5918417
6359,7.6711483,-10.767194
6360,7.889246,-9.613189
6361,7.208416,-7.268127
6362,8.908455,-9.328541
6363,7.7845817,-8.200967
6364,7.5404673,-7.682483
6365,7.5839972,-8.322126
6366,7.346294,-7.349754
6367,8.782161,-13.655988
6368,7.5644226,-8.906319
6369,7.582218,-7.752336
6370,8.220799,-10.086218
6371,8.517515,-9.159768
6372,6.7182217,-8.247535
6373,5.6885624,-10.29421
6374,5.686416,-10.301651
6375,6.923336,-10.351785
6376,6.044561,-8.199908
6377,5.565319,-7.8924856
6378,6.981401,-9.811074
6379,5.952716,-9.098789
6380,5.7073817,-9.079111
6381,4.8966646,-6.4507756
6382,6.001255,-10.739487
6383,6.0466766,-11.071623
6384,6.736366,-9.5561905
6385,5.681315,-10.962584
6386,5.8535323,-8.268904
6387,7.5771275,-8.272968
6388,5.7721705,-10.522921
6389,7.0258408,-7.22396
6390,7.085023,-6.4705954
6391,8.038235,-7.1901894
6392,6.8694553,-5.631729
6393,5.5198674,-9.285841
6394,6.2706194,-8.373251
6395,6.8492994,-8.439458
6396,6.06836,-8.782085
6397,6.5386677,-10.217267
6398,8.472076,-11.204167
6399,7.4721375,-10.611999
6400,7.3496947,-11.850018
6401,6.3552327,-9.9974985
6402,6.8729367,-13.636056
6403,5.9705977,-11.387951
6404,5.9329844,-10.221003
6405,7.731062,-11.898652
6406,7.3095407,-8.781955
6407,7.676596,-10.11655
6408,6.225047,-8.916229
6409,8.180375,-7.716047
6410,8.912319,-8.431642
6411,7.445954,-9.479421
6412,6.980445,-6.7763352
6413,7.0817723,-6.7368436
6414,4.35978,-7.1153007
6415,5.5066185,-8.793237
6416,7.168355,-7.8525124
6417,6.420323,-7.1796064
6418,5.185402,-7.978234
6419,6.694759,-4.001398
6420,6.425692,-5.704724
6421,7.120346,-7.332242
6422,7.03525,-6.567946
6423,6.5564904,-6.631982
6424,7.095279,-4.9042845
6425,7.356426,-8.557444
6426,7.8427906,-12.840559
6427,7.207234,-11.601555
6428,5.595906,-14.0006
6429,5.8042946,-11.988619
6430,6.557706,-10.655988
6431,5.757503,-10.950147
6432,4.607681,-9.888269
6433,4.9919653,-15.629526
6434,4.882233,-13.218966
6435,6.50243,-11.23753
6436,6.2127094,-10.896331
6437,5.3382154,-13.24989
6438,7.448793,-10.182299
6439,7.3212852,-11.640689
6440,6.759626,-9.221696
6441,7.0218306,-10.251378
6442,4.706615,-8.112199
6443,5.7382994,-6.3189883
6444,5.5287004,-6.393853
6445,5.150007,-6.2265615
6446,7.477785,-9.23664
6447,6.646873,-7.32656
6448,5.2310224,-7.3674755
6449,7.5930953,-5.942171
6450,6.036116,-9.639833
6451,7.455895,-7.8236055
6452,7.312391,-8.354669
6453,6.340877,-8.369798
6454,8.012625,-7.50353
6455,6.0435896,-9.609411
6456,6.4030323,-6.8528724
6457,6.3318834,-8.709272
6458,6.646038,-11.160113
6459,7.982943,-7.278024
6460,7.650527,-11.276097
6461,6.210148,-8.906521
6462,6.0611143,-8.527676
6463,5.2640996,-9.604073
6464,6.0423784,-10.227358
6465,6.768396,-10.824698
6466,6.311397,-11.5406885
6467,7.554584,-11.748944
6468,6.7635975,-9.797846
6469,5.2984223,-10.896714
6470,6.75953,-11.51146
6471,7.995047,-12.617364
6472,6.5672827,-8.020955
6473,8.507595,-10.582151
6474,7.7295594,-8.431817
6475,6.8431215,-9.819933
6476,9.5113325,-9.53636
6477,7.2180214,-8.968823
6478,7.5785284,-7.5363936
6479,7.0193696,-10.066609
6480,8.263528,-9.001834
6481,6.504464,-7.216371
6482,7.460961,-8.420182
6483,7.5497427,-9.025794
6484,9.172378,-8.824938
6485,4.8382497,-10.339392
6486,6.8089213,-9.812914
6487,5.634599,-9.684229
6488,8.214659,-8.70403
6489,6.4261847,-8.187572
6490,7.5176635,-8.951923
6491,4.5549054,-9.373932
6492,8.489676,-7.8720813
6493,7.7866735,-9.051885
6494,9.045707,-9.818075
6495,8.1053505,-8.728178
6496,7.4413824,-9.377974
6497,6.98247,-7.4622884
6498,5.2237296,-9.15611
6499,8.148356,-11.598707
6500,8.432937,-9.65425
6501,8.337899,-7.2348347
6502,7.5922875,-9.38736
6503,5.8715734,-10.252779
6504,7.4780693,-8.391529
6505,9.464413,-10.544285
6506,8.723705,-8.820638
6507,7.3836093,-7.630638
6508,8.240872,-8.151003
6509,7.13529,-11.110716
6510,8.451014,-9.238306
6511,8.2638445,-10.191918
6512,6.2072053,-10.513346
6513,9.408091,-12.062363
6514,8.363539,-11.398539
6515,7.131853,-10.7534275
6516,8.584784,-11.167356
6517,6.470989,-9.613037
6518,8.779815,-8.75127
6519,9.939468,-9.846297
6520,8.445799,-12.143591
6521,7.734427,-11.079322
6522,6.8857093,-10.679257
6523,6.6756754,-8.582852
6524,8.540499,-9.108399
6525,6.6262016,-9.956519
6526,7.6041894,-6.7555895
6527,7.796887,-8.770399
6528,8.314612,-9.383097
6529,7.7470303,-8.279076
6530,8.430133,-8.91366
6531,9.912698,-7.8552403
6532,9.305969,-6.09564
6533,8.107327,-7.8463826
6534,7.912271,-6.181393
6535,7.6848154,-5.4741244
6536,6.8087497,-4.2071586
6537,7.5866256,-8.403273
6538,5.992912,-4.8648396
6539,8.641071,-2.629027
6540,9.363798,-6.438577
6541,8.2642145,-6.4954867
6542,6.5611267,-7.874636
6543,8.971518,-6.9428816
6544,8.16262,-8.537507
6545,9.423704,-9.111734
6546,7.54364,-8.954189
6547,7.0152884,-5.7545185
6548,5.1464424,-9.623822
6549,4.0744305,-6.91962
6550,3.5271976,-10.360836
6551,6.858468,-11.536708
6552,7.34528,-12.477527
6553,6.2894444,-9.321999
6554,5.446909,-10.671326
6555,6.0047317,-7.454813
6556,7.7692227,-9.601626
6557,7.0546155,-10.048403
6558,7.5878086,-11.629044
6559,7.35863,-10.752002
6560,5.7772913,-12.1439085
6561,6.2337956,-9.620145
6562,6.9304185,-9.785208
6563,5.2623415,-8.018756
6564,6.40079,-11.238503
6565,5.2915006,-8.783991
6566,6.9400034,-8.103965
6567,7.6913548,-10.17017
6568,6.8464236,-9.542472
6569,7.9183135,-8.865801
6570,5.564484,-10.322163
6571,7.2300262,-7.275935
6572,8.215231,-9.5035305
6573,8.630796,-7.1200676
6574,8.243766,-8.281306
6575,6.351081,-6.527108
6576,6.0238748,-5.2518277
6577,7.620999,-6.0629864
6578,6.8043313,-6.0081587
6579,7.883288,-6.17275
6580,7.8550825,-7.5664783
6581,7.6817493,-6.451573
6582,6.914628,-6.287724
6583,7.75151,-7.2922215
6584,7.405344,-5.512022
6585,7.7802234,-8.150734
6586,7.209547,-7.02759
6587,6.6149545,-5.844215
6588,6.856026,-9.589746
6589,7.451581,-6.345705
6590,8.00089,-4.1765766
6591,7.672673,-2.6799386
6592,6.815029,-6.198707
6593,6.020053,-5.0389915
6594,6.7566957,-3.7215884
6595,6.4770093,-7.7082734
6596,6.501079,-6.749202
6597,7.728221,-5.5124583
6598,7.7907443,-6.878873
6599,6.9950547,-6.1285815
6600,9.563216,-6.441429
6601,7.9633164,-6.1818943
6602,5.615008,-7.9583616
6603,7.7531867,-8.2628565
6604,8.679121,-10.143068
6605,8.03099,-7.9202857
6606,7.9234967,-9.67151
6607,6.963233,-10.038002
6608,7.9291134,-10.485473
6609,8.41875,-12.236428
6610,7.3783493,-10.2346
6611,6.1554317,-10.282094
6612,7.5426774,-6.680894
6613,7.6430926,-9.329035
6614,5.7589397,-9.413587
6615,7.5691614,-8.808007
6616,6.0903654,-10.062607
6617,7.1079183,-11.90812
6618,7.355725,-8.312945
6619,6.131822,-9.682104
6620,7.3777585,-10.076358
6621,8.298059,-9.365477
6622,7.225448,-11.475491
6623,8.660959,-10.005865
6624,7.064867,-9.794563
6625,7.0712337,-9.530848
6626,8.264286,-15.586693
6627,5.734782,-10.0962925
6628,7.816723,-10.351155
6629,7.428602,-8.383656
6630,9.507813,-10.008598
6631,7.243712,-9.630296
6632,6.471993,-11.15839
6633,8.088455,-8.311748
6634,7.986252,-9.917331
6635,8.654655,-8.255217
6636,8.603908,-6.366976
6637,6.7590795,-7.437865
6638,8.326993,-10.296411
6639,7.135496,-7.6262054
6640,6.946984,-6.9580827
6641,7.5899844,-6.9969974
6642,6.993612,-11.02119
6643,8.5805855,-9.921028
6644,8.29,-11.734125
6645,6.8026032,-9.922091
6646,8.070378,-12.352121
6647,9.302798,-14.425954
6648,7.6388783,-10.412351
6649,8.753024,-10.246821
6650,7.5837474,-11.418337
6651,8.164823,-8.079405
6652,7.909913,-8.405037
6653,6.7738404,-10.241545
6654,7.2828436,-11.3190775
6655,7.64671,-8.780598
6656,7.225503,-6.210613
6657,7.2590995,-8.426973
6658,7.899368,-5.8226833
6659,7.669959,-7.3578663
6660,7.0350904,-5.178796
6661,7.684365,-9.318389
6662,6.962203,-11.658802
6663,5.7148733,-10.36528
6664,6.896134,-8.216184
6665,6.262395,-7.9082637
6666,8.20561,-10.096551
6667,6.2694206,-8.823332
6668,7.9036336,-9.120191
6669,7.3958416,-10.351103
6670,7.845936,-9.522985
6671,8.776603,-8.015754
6672,8.556074,-8.15208
6673,7.723658,-7.7628417
6674,7.801919,-6.7507234
6675,8.069483,-10.56952
6676,7.206891,-9.889015
6677,6.9513507,-9.693945
6678,7.5470896,-11.623997
6679,6.523196,-11.482847
6680,7.6333585,-10.060281
6681,6.7234936,-11.541882
6682,7.5958266,-9.394531
6683,8.833295,-9.241009
6684,6.43562,-11.746741
6685,7.077103,-12.071968
6686,7.7563267,-10.40207
6687,7.254139,-7.367511
6688,6.332751,-7.956713
6689,8.429442,-7.85629
6690,6.2799044,-10.0067625
6691,5.9753265,-9.1735525
6692,6.777179,-14.583405
6693,6.5248895,-10.552805
6694,6.5428743,-7.757543
6695,6.510387,-7.590145
6696,7.175353,-10.8434105
6697,7.1653323,-9.318985
6698,7.8431435,-6.968312
6699,7.1390176,-9.229521
6700,7.50477,-9.961183
6701,7.8441777,-6.612334
6702,7.6249213,-8.9940815
6703,6.769402,-5.423409
6704,8.469111,-10.146493
6705,7.639767,-9.377413
6706,8.38763,-10.663205
6707,6.641729,-11.748679
6708,8.072577,-11.066125
6709,8.032706,-10.925232
6710,7.19798,-10.009545
6711,8.984133,-11.228884
6712,8.128848,-8.190444
6713,7.8361845,-9.707134
6714,8.512644,-7.227643
6715,7.987529,-8.659162
6716,9.064596,-9.511958
6717,6.618271,-7.6231627
6718,9.433712,-9.494856
6719,9.748334,-8.4315195
6720,8.419061,-10.26098
6721,9.129533,-7.9341073
6722,9.401226,-10.584292
6723,7.9875927,-10.023797
6724,8.103976,-6.753611
6725,7.1644053,-9.856434
6726,7.934555,-9.486911
6727,7.8911543,-10.229124
6728,7.397008,-11.41217
6729,7.5509887,-11.635615
6730,7.1601562,-6.5174885
6731,7.008472,-10.4506645
6732,9.380029,-9.00482
6733,7.8744936,-8.808044
6734,8.141133,-8.9285
6735,6.5799046,-8.974346
6736,8.135096,-9.437996
6737,6.8645706,-9.918091
6738,8.219154,-9.624807
6739,7.584045,-6.918652
6740,8.849139,-9.705584
6741,9.398652,-10.373748
6742,6.3690176,-10.775816
6743,9.019149,-7.9801044
6744,9.327964,-9.913255
6745,8.131214,-6.8706365
6746,7.851115,-11.1742115
6747,8.459001,-10.535693
6748,8.071099,-10.676068
6749,8.333614,-7.3343277
6750,8.219791,-9.920616
6751,8.757401,-5.429702
6752,8.207319,-6.5271144
6753,7.5787754,-7.082623
6754,8.64454,-7.625486
6755,7.0998397,-7.6131105
6756,8.710356,-5.456243
6757,7.913604,-5.4938254
6758,7.887239,-7.0597277
6759,7.468577,-8.329092
6760,7.7685976,-5.626192
6761,9.632357,-7.389925
6762,9.098988,-10.578353
6763,7.9549513,-7.3010936
6764,8.146476,-9.8736
6765,7.647305,-8.999538
6766,8.709215,-11.152676
6767,7.1181793,-8.939774
6768,7.946261,-6.212385
6769,6.9730535,-3.5784545
6770,7.2553477,-7.2938285
6771,6.310939,-7.5061464
6772,8.132298,-6.512477
6773,7.5187564,-8.989606
6774,8.146669,-2.3836057
6775,7.675829,-8.939893
6776,10.252071,-8.024949
6777,7.980335,-5.795572
6778,8.908932,-6.934482
6779,9.053559,-5.9838157
6780,9.015623,-6.8579984
6781,8.815007,-7.539879
6782,9.393072,-7.6723685
6783,9.680171,-5.2450085
6784,10.743741,-4.9629936
6785,8.884545,-7.1025987
6786,8.817773,-4.852199
6787,8.993782,-6.225746
6788,8.40611,-5.355912
6789,7.5806565,-3.3756754
6790,9.274702,-8.918926
6791,8.999789,-5.7643013
6792,7.7119064,-3.7341924
6793,7.847066,-6.615416
6794,8.797244,-5.501915
6795,7.702669,-1.8522706
6796,7.9392014,-5.3954706
6797,7.2442307,-6.2731957
6798,7.4451456,-5.939624
6799,8.431144,-6.6534896
6800,7.7786965,-10.389398
6801,7.2902746,-5.4273524
6802,6.1870165,-5.1875305
6803,6.1026115,-5.3454475
6804,6.2919226,-6.4995832
6805,6.144987,-9.3927765
6806,6.7838454,-7.6893225
6807,8.576145,-5.3287067
6808,8.999957,-7.0422444
6809,6.315524,-4.3051314
6810,8.480828,-10.479892
6811,7.3964095,-9.246353
6812,5.981322,-6.2636347
6813,8.100514,-10.181171
6814,7.9431605,-5.943905
6815,8.351747,-8.541968
6816,7.4481053,-8.801825
6817,6.3193502,-8.12067
6818,5.9512625,-7.1138024
6819,7.3212323,-9.400125
6820,6.2086344,-8.879887
6821,6.9165845,-10.042301
6822,6.1658998,-8.770432
6823,4.7173944,-6.4102845
6824,5.690209,-7.4240637
6825,6.9131722,-8.492677
6826,5.1435804,-10.091488
6827,4.484611,-8.991755
6828,3.3697915,-8.758847
6829,5.9128804,-7.6645555
6830,5.148983,-7.0299144
6831,5.5168705,-8.865028
6832,5.0327277,-9.390985
6833,4.9388227,-6.449293
6834,3.8737938,-7.471921
6835,5.4544845,-8.647201
6836,6.077438,-6.0145144
6837,6.513571,-6.4106665
6838,6.599302,-3.5519695
6839,6.313896,-7.195462
6840,5.420937,-6.0600076
6841,5.352616,-8.516289
6842,5.6502285,-5.120785
6843,5.8115854,-2.8852456
6844,5.2271557,-6.7771344
6845,4.4504704,-6.0179515
6846,3.399244,-4.37103
6847,5.402893,-6.7752285
6848,5.217094,-6.2881966
6849,5.158951,-5.7861876
6850,4.902225,-5.9311795
6851,5.163913,-5.762649
6852,4.2659316,-5.2083807
6853,6.8545537,-7.3045583
6854,5.696747,-5.0609584
6855,4.5285463,-5.7441087
6856,7.1194563,-6.4948974
6857,6.2987256,-3.2962599
6858,5.245152,-5.3920374
6859,5.708736,-5.419392
6860,4.82746,-4.999306
6861,4.377022,-3.82664
6862,4.219428,-7.151766
6863,3.6120253,-7.852859
6864,5.4161043,-7.436853
6865,3.208926,-7.8120747
6866,5.938906,-5.2841363
6867,4.645846,-7.3564277
6868,5.664303,-5.7835255
6869,7.075895,-6.912232
6870,6.7715406,-7.820598
6871,3.2295313,-7.6303163
6872,4.821974,-7.866091
6873,4.3399496,-9.057266
6874,5.407945,-8.797445
6875,3.142158,-8.200949
6876,3.2794065,-6.7434177
6877,3.5851007,-3.8154294
6878,3.307033,-4.659495
6879,3.846654,-5.7280974
6880,3.8825793,-4.3942285
6881,3.6561034,-3.655984
6882,4.562151,-7.0123305
6883,5.102364,-5.3567014
6884,3.5545201,-5.8653617
6885,4.8852963,-5.022251
6886,5.2812414,-6.293634
6887,5.321646,-8.515496
6888,4.564204,-5.0345345
6889,4.7262883,-7.5081744
6890,6.032366,-6.139203
6891,4.584912,-5.706557
6892,1.7862902,-4.237851
6893,3.0224087,-6.2385936
6894,5.2877717,-7.514274
6895,2.7580748,-8.413249
6896,5.0876036,-7.5027275
6897,4.4929357,-11.203049
6898,4.3023896,-10.928409
6899,3.3803575,-12.160704
6900,3.6140518,-11.3274555
6901,4.3171473,-9.7193985
6902,5.000004,-9.90754
6903,4.045381,-6.9452147
6904,4.5877504,-9.4222555
6905,4.590512,-6.115627
6906,5.1503153,-3.9000785
6907,5.301381,-6.865718
6908,4.5494304,-7.6286364
6909,3.4237547,-6.689393
6910,3.7644336,-8.006001
6911,3.743202,-7.70515
6912,4.754228,-4.9312663
6913,4.9021254,-6.611909
6914,4.608301,-9.585035
6915,5.7140937,-7.354327
6916,6.32473,-8.88043
6917,5.5025134,-9.013043
6918,6.473489,-8.791294
6919,4.793069,-10.229644
6920,4.4545774,-8.523565
6921,5.407092,-7.9376554
6922,5.1905675,-7.03008
6923,6.966487,-8.040943
6924,6.9477205,-10.288114
6925,5.4334455,-4.947225
6926,5.496538,-9.14007
6927,4.7831626,-9.772828
6928,5.566115,-8.700897
6929,3.9109838,-9.023193
6930,6.281102,-6.8488927
6931,4.6571155,-9.719889
6932,5.234987,-10.034873
6933,6.074466,-11.437647
6934,5.663433,-8.760128
6935,6.468674,-9.579116
6936,4.709669,-11.045295
6937,5.358102,-12.451381
6938,5.0101767,-11.002593
6939,5.3554735,-8.422436
6940,6.171006,-8.80833
6941,7.3718233,-10.021477
6942,5.613083,-8.992931
6943,6.3531585,-9.637285
6944,7.7116075,-9.503147
6945,5.263603,-7.494058
6946,6.499605,-7.663574
6947,5.9152727,-10.559659
6948,4.1426454,-8.68971
6949,2.9337423,-7.0111465
6950,8.294303,-7.851573
6951,6.7747736,-7.1758375
6952,6.400907,-7.6362753
6953,3.6860075,-4.53503
6954,4.993109,-6.2624383
6955,3.7246454,-5.379163
6956,5.922892,-6.433693
6957,5.129635,-4.376952
6958,4.9937415,-8.763722
6959,5.798626,-8.311883
6960,5.756119,-8.6589985
6961,4.7198424,-10.10169
6962,5.284708,-7.126107
6963,5.648588,-9.5114765
6964,6.1271367,-8.386975
6965,5.5400534,-5.963846
6966,6.538041,-3.8139203
6967,6.4023643,-6.783422
6968,5.8285246,-6.812092
6969,5.8644695,-7.265819
6970,5.8900642,-6.8055363
6971,5.369676,-4.9280334
6972,5.270032,-6.2194514
6973,5.270442,-8.229264
6974,5.592551,-5.817444
6975,6.375144,-6.432068
6976,5.256542,-6.307213
6977,7.038521,-5.6582146
6978,5.1275163,-5.9063005
6979,4.613327,-4.9461045
6980,5.4221973,-7.2131248
6981,3.7069628,-6.3493705
6982,5.0296235,-7.173258
6983,5.8370314,-3.9214463
6984,5.54951,-7.4773755
6985,4.580719,-6.091056
6986,6.207003,-8.813707
6987,5.7422214,-8.837977
6988,5.423721,-4.082784
6989,4.9379344,-5.4541717
6990,4.9954762,-8.904502
6991,4.416662,-6.5158224
6992,4.643924,-7.20297
6993,5.609272,-8.722942
6994,5.9267263,-6.337242
6995,5.6770864,-7.933061
6996,4.8596034,-7.701279
6997,3.7241724,-8.573531
6998,4.2460704,-5.5076566
6999,4.876055,-6.91211
7000,4.875155,-8.874466
7001,5.276469,-9.392333
7002,3.0042934,-10.548988
7003,4.1744256,-9.993205
7004,5.87135,-5.283722
7005,6.0039535,-9.23539
7006,6.258558,-5.3924217
7007,6.2357564,-4.4912333
7008,5.2430673,-5.015844
7009,4.687733,-8.574688
7010,5.166905,-8.173168
7011,5.2377996,-5.5842757
7012,4.93124,-6.319558
7013,5.0786667,-7.8302526
7014,6.463093,-6.961369
7015,6.2380915,-4.620167
7016,4.324956,-3.0962853
7017,5.850348,-7.417475
7018,5.1081934,-5.1987495
7019,7.527656,-6.4843597
7020,4.3206773,-8.871025
7021,4.7580166,-7.15491
7022,5.1305256,-9.388749
7023,4.904273,-8.207937
7024,4.863264,-4.2077155
7025,4.8304496,-5.1909513
7026,5.0222445,-6.3218794
7027,4.6405587,-6.231318
7028,4.824071,-4.176363
7029,3.1989837,-10.82931
7030,5.0876403,-7.8347874
7031,4.7761283,-7.1250863
7032,5.8450274,-5.048777
7033,5.331287,-5.101127
7034,4.937912,-7.3002405
7035,3.7875772,-5.643363
7036,3.103875,-5.9779367
7037,4.2178254,-3.8831844
7038,3.6837318,-4.993355
7039,4.696816,-6.536171
7040,4.1403203,-7.0780497
7041,5.1486425,-5.729593
7042,4.189322,-7.4252954
7043,2.6885731,-8.838976
7044,4.087002,-5.0922537
7045,1.8019974,-6.005477
7046,5.0700316,-6.7435517
7047,5.4992433,-7.5461617
7048,5.158366,-7.7328115
7049,5.343774,-6.654034
7050,3.0821161,-6.9661794
7051,4.1838245,-6.353099
7052,6.579591,-6.974017
7053,5.3970957,-4.7365656
7054,5.4421835,-7.931295
7055,5.2334137,-6.066887
7056,6.329617,-5.418952
7057,6.5441623,-6.849561
7058,5.4605446,-5.7512918
7059,4.364695,-6.761445
7060,4.6079774,-9.361704
7061,6.058476,-7.9384985
7062,7.679141,-9.089819
7063,4.983879,-6.659884
7064,6.590653,-7.2651362
7065,4.2427344,-10.077694
7066,4.299569,-10.602496
7067,4.712817,-9.317092
7068,4.0707097,-12.461953
7069,6.7273884,-11.159863
7070,8.340032,-10.815553
7071,6.350209,-11.147024
7072,6.3836346,-7.5332055
7073,7.363662,-8.382884
7074,5.1479445,-8.301149
7075,6.598815,-12.334269
7076,5.9748874,-10.446704
7077,6.288869,-12.007242
7078,5.698648,-8.415234
7079,6.0869136,-5.8799863
7080,4.9571157,-8.423881
7081,5.205942,-12.347896
7082,5.513518,-9.916033
7083,6.2902303,-10.978419
7084,4.599204,-9.923975
7085,4.491807,-12.01588
7086,6.6905866,-7.608422
7087,4.545082,-9.697017
7088,5.376725,-7.2962403
7089,3.9437017,-9.190732
7090,4.9529724,-7.709847
7091,7.481847,-8.042171
7092,6.4886065,-5.866258
7093,7.1901937,-9.02
7094,5.815714,-7.655783
7095,5.1351085,-8.391326
7096,5.8097124,-7.0885444
7097,6.518955,-8.143352
7098,8.330387,-7.761931
7099,6.225189,-11.278661
7100,5.0048175,-11.6544695
7101,5.509666,-9.555471
7102,3.6714606,-7.282029
7103,4.014643,-11.5817995
7104,5.020261,-9.293963
7105,7.109384,-11.325983
7106,4.7387366,-10.553189
7107,5.2545633,-10.841524
7108,5.275689,-8.255608
7109,6.4946294,-8.459302
7110,5.9239244,-10.047044
7111,5.168225,-10.124036
7112,3.9345276,-8.731248
7113,5.479902,-8.808271
7114,3.0589323,-11.734747
7115,5.4352674,-11.421294
7116,4.383086,-10.059759
7117,6.8150806,-11.3055
7118,5.742524,-9.109303
7119,5.28204,-8.703594
7120,3.8194208,-8.50372
7121,5.277761,-9.182271
7122,5.3218527,-7.5144963
7123,7.74634,-5.699079
7124,6.636189,-9.204791
7125,6.4441805,-10.679964
7126,3.7546039,-9.400422
7127,4.142745,-7.3680687
7128,4.4983745,-8.50143
7129,4.876593,-7.4341946
7130,4.141521,-7.0543866
7131,5.9502454,-6.5398164
7132,4.4460387,-9.951857
7133,5.034036,-5.5415883
7134,4.2131486,-7.0270033
7135,6.492632,-5.732727
7136,6.7994833,-7.437043
7137,6.671299,-7.6475873
7138,4.6391582,-9.112484
7139,5.4918838,-9.131388
7140,5.2188997,-8.182411
7141,4.9003515,-9.03455
7142,6.9307594,-7.468165
7143,5.9461527,-9.850436
7144,4.240549,-6.6232657
7145,6.285398,-9.774326
7146,4.780777,-8.311454
7147,5.3907456,-10.246494
7148,5.9622025,-10.401778
7149,5.6231203,-8.984582
7150,3.1005783,-9.705158
7151,6.897735,-5.7621746
7152,4.4111657,-8.513408
7153,6.999169,-8.294496
7154,6.6288033,-8.802122
7155,5.069456,-6.403263
7156,5.933455,-7.9670525
7157,5.813177,-7.427115
7158,6.47357,-10.275234
7159,4.436531,-8.538013
7160,2.4707341,-6.2114153
7161,5.174009,-9.108169
7162,5.4851007,-5.7889004
7163,6.145694,-7.901001
7164,7.0719633,-8.692048
7165,6.55973,-5.8000565
7166,5.255947,-8.660751
7167,6.2868247,-10.366987
7168,5.996118,-9.418879
7169,3.6012933,-9.895422
7170,6.4388404,-7.6573763
7171,5.0797176,-6.478648
7172,4.6579313,-7.2565694
7173,5.787289,-10.245502
7174,4.09547,-12.972013
7175,3.8890362,-11.284574
7176,4.3232,-11.390946
7177,5.1427064,-10.63569
7178,3.1746128,-10.931866
7179,4.610918,-10.762361
7180,5.077135,-11.807788
7181,3.4748075,-9.184554
7182,4.834952,-10.330056
7183,4.871092,-12.012088
7184,4.3020644,-11.161243
7185,5.838695,-10.156533
7186,5.021348,-9.065615
7187,5.7174044,-11.184874
7188,4.6163616,-10.899048
7189,6.1424117,-7.825483
7190,5.755696,-10.155842
7191,5.3261886,-11.53346
7192,5.881675,-10.030422
7193,5.49028,-9.015925
7194,6.354073,-7.4389725
7195,4.6687536,-9.755319
7196,5.4629464,-10.2451105
7197,4.378122,-8.22857
7198,3.5819104,-8.5194235
7199,5.7477813,-10.859182
7200,5.0214863,-9.911595
7201,4.896441,-9.035313
7202,6.95095,-11.062809
7203,4.836657,-7.2981467
7204,5.7415457,-6.4438314
7205,5.962186,-7.089945
7206,4.187681,-8.339143
7207,5.454588,-9.204276
7208,4.3715625,-7.9062433
7209,5.918635,-5.2675986
7210,6.4204392,-6.140994
7211,4.7208695,-9.923623
7212,5.051701,-9.385331
7213,6.0004582,-12.050701
7214,6.5088024,-8.98791
7215,5.7129264,-8.032364
7216,6.605549,-9.771301
7217,4.6888766,-8.858757
7218,5.9530096,-8.544232
7219,7.471162,-10.157889
7220,4.9266376,-5.577399
7221,5.242664,-6.9007993
7222,6.1406193,-4.799667
7223,6.868845,-9.491234
7224,6.4739475,-10.684971
7225,6.8108006,-10.933858
7226,5.170593,-9.108396
7227,6.58151,-7.8628464
7228,6.386849,-9.8731365
7229,7.660046,-12.609721
7230,3.6953259,-10.6281595
7231,5.4143457,-9.0866585
7232,4.988605,-9.912667
7233,5.5225067,-11.962842
7234,6.803728,-10.479771
7235,6.158576,-8.400795
7236,6.577002,-7.493727
7237,5.0718746,-10.068694
7238,4.9885345,-8.566896
7239,7.2036815,-9.797287
7240,7.6922116,-10.2406435
7241,5.6038,-11.898877
7242,7.354118,-12.008199
7243,7.28585,-13.937014
7244,7.5732713,-9.617823
7245,7.383412,-9.869307
7246,6.6450253,-9.852695
7247,6.392152,-9.611798
7248,7.156581,-11.411006
7249,8.02427,-11.12645
7250,6.540919,-10.075453
7251,5.3191924,-10.65298
7252,5.8931923,-9.01472
7253,5.539048,-9.628075
7254,8.010911,-9.366661
7255,7.1073823,-10.452086
7256,8.1644535,-6.9434233
7257,6.4887815,-7.8178053
7258,5.0833955,-6.8622065
7259,6.869671,-6.54003
7260,5.1357107,-9.162552
7261,6.4928675,-10.195622
7262,5.93368,-9.754417
7263,5.977069,-8.948605
7264,6.7149496,-6.1322126
7265,6.053478,-9.685338
7266,5.4293904,-10.924837
7267,5.8286686,-9.685733
7268,6.5858855,-9.879362
7269,4.3247995,-8.280501
7270,5.809152,-10.475017
7271,5.1563554,-10.447236
7272,5.3414817,-10.2139
7273,5.267581,-10.56301
7274,5.229875,-12.399686
7275,4.149442,-8.802933
7276,6.3583326,-9.311461
7277,5.9913716,-6.021599
7278,4.7882056,-5.7015047
7279,4.6477323,-8.309869
7280,5.6383514,-5.4334655
7281,4.1141915,-4.63884
7282,4.389955,-5.0074673
7283,4.840831,-5.371777
7284,4.7322783,-5.7967434
7285,4.993553,-4.885438
7286,2.4001648,-7.3500257
7287,2.8596778,-4.243515
7288,3.6619198,-8.638125
7289,3.012056,-8.847552
7290,3.2560027,-6.436894
7291,4.3008657,-4.899603
7292,3.5711973,-8.701489
7293,4.735443,-8.910638
7294,4.933528,-9.14301
7295,4.4567885,-4.5598927
7296,5.478058,-5.5160065
7297,3.2579253,-6.042221
7298,5.0520816,-8.055441
7299,4.128281,-5.5710764
7300,5.2201686,-8.645865
7301,3.9623017,-4.218684
7302,3.663922,-6.7802563
7303,4.238935,-5.0259542
7304,5.454492,-7.3915086
7305,2.8340743,-5.370549
7306,1.8431418,-7.5039434
7307,3.2330005,-4.480539
7308,2.8227842,-5.378242
7309,4.895201,-3.8889353
7310,2.8489466,-6.4307885
7311,3.5144246,-4.3507714
7312,3.8144472,-2.8723257
7313,4.193788,-4.6917744
7314,4.718414,-6.783606
7315,4.2750845,-5.238424
7316,5.0940313,-7.592945
7317,2.4349487,-2.902487
7318,5.2718744,-3.8575974
7319,3.8744533,-1.6090839
7320,4.0961437,-4.479718
7321,5.2585974,-4.1946306
7322,5.60763,-5.2192836
7323,4.4781923,-5.5560393
7324,4.7303023,-7.0026307
7325,5.4103127,-3.4141283
7326,5.410121,-6.536806
7327,5.837571,-8.182561
7328,2.9884124,-8.994928
7329,4.676677,-5.063619
7330,5.3072176,-5.439514
7331,5.785302,-5.6708035
7332,3.4768715,-4.9056206
7333,4.4557085,-6.5437956
7334,2.644554,-5.0794663
7335,6.444067,-5.811599
7336,4.604077,-5.9770346
7337,5.3964353,-4.4947395
7338,4.4825215,-2.3704002
7339,5.6600914,-5.7271037
7340,5.633745,-5.577816
7341,6.315106,-6.8524065
7342,4.680817,-6.609226
7343,6.139682,-6.3251424
7344,5.4361606,-4.316113
7345,5.6592536,-10.029374
7346,4.9085007,-9.63464
7347,5.7583957,-5.5460234
7348,5.9651217,-3.1590283
7349,7.18169,-5.873465
7350,4.838045,-3.9768977
7351,6.213194,-2.2357047
7352,6.0779467,-5.2313085
7353,4.968755,-5.2002296
7354,5.8753476,-4.7938337
7355,7.395987,-3.2575822
7356,6.3063235,-3.9019792
7357,6.862818,-5.0869036
7358,5.57095,-3.1035275
7359,6.1489215,-8.450558
7360,5.467611,-6.084754
7361,5.9285874,-4.666485
7362,6.093627,-1.7514176
7363,5.4655437,-5.2187285
7364,5.337346,-5.570876
7365,3.316415,0.06767681
7366,6.0841055,-2.233757
7367,3.0571957,-5.3951583
7368,4.829086,-4.8310833
7369,4.2943316,-6.8400016
7370,3.5015376,-4.70063
7371,5.0897465,-5.1983976
7372,5.1851916,-5.4255366
7373,4.155813,-7.538361
7374,3.9503899,-6.5005374
7375,5.330882,-8.181499
7376,5.325583,-6.269522
7377,4.5262527,-7.4453435
7378,5.8604007,-8.43991
7379,6.507007,-6.263072
7380,6.3128014,-7.9869657
7381,4.981019,-5.7395763
7382,4.811535,-6.6164346
7383,5.0427346,-7.1223
7384,5.0813823,-4.8925505
7385,5.5675907,-5.9549584
7386,5.6256723,-7.664863
7387,5.5574036,-7.832995
7388,7.035876,-6.888739
7389,4.889789,-7.1777525
7390,6.39704,-5.8563213
7391,6.4567184,-4.912557
7392,5.8970203,-4.417433
7393,6.2593794,-6.65427
7394,6.652061,-5.160172
7395,5.247239,-5.0656157
7396,4.8755646,-7.445034
7397,6.522121,-5.6502075
7398,4.811212,-4.528686
7399,5.473432,-5.397301
7400,3.7503023,-3.7612631
7401,7.1224732,-6.158721
7402,5.4634576,-4.35783
7403,3.9913054,-4.703001
7404,5.7014246,-3.996143
7405,3.683854,-4.2667747
7406,4.858253,-7.3507447
7407,4.964904,-5.027842
7408,5.851376,-7.0938873
7409,4.350135,-5.6740985
7410,5.3948283,-5.296915
7411,6.111257,-6.0345206
7412,5.949723,-2.371322
7413,4.785752,-6.070984
7414,3.5059876,-7.448643
7415,4.6949806,-5.4569106
7416,5.153201,-11.504421
7417,5.2673187,-9.832243
7418,3.8842094,-8.446286
7419,4.19233,-5.958805
7420,5.759959,-8.752968
7421,4.9095984,-8.353668
7422,6.0023637,-7.0761886
7423,4.7140374,-9.257394
7424,5.883198,-7.3009014
7425,4.4215856,-9.334537
7426,4.722424,-5.287592
7427,5.309106,-7.6602006
7428,6.196908,-9.82282
7429,3.5726485,-7.69715
7430,5.5654807,-5.3335695
7431,4.6727448,-4.7617574
7432,4.324132,-6.647485
7433,4.743484,-6.0782776
7434,3.3372042,-4.4190755
7435,4.7879233,-5.047574
7436,4.5767956,-4.9997716
7437,5.243997,-3.7449417
7438,3.8074787,-5.0268536
7439,5.2214932,-7.1169972
7440,6.865136,-3.4946811
7441,4.717081,-2.0584297
7442,6.2735953,-7.351096
7443,5.723579,-6.6939683
7444,4.458839,-3.670475
7445,3.1950672,-1.8212615
7446,3.3012166,-4.4202647
7447,3.9519317,-3.5392208
7448,3.0136387,-5.047652
7449,5.537513,-5.1522303
7450,4.888688,-4.540622
7451,4.8798575,-5.108943
7452,6.181025,-5.241328
7453,5.859139,-3.696422
7454,3.4966633,-6.2237983
7455,5.4002194,-5.7732778
7456,5.337111,-6.903458
7457,3.5399406,-6.223211
7458,5.053273,-4.7274666
7459,4.8032427,-2.6898365
7460,4.138447,-6.4167585
7461,3.329238,-3.452765
7462,4.9635634,-3.9353867
7463,3.40284,-4.728071
7464,5.497942,-4.6862183
7465,5.3547354,-5.6993446
7466,5.3948035,-6.2043543
7467,4.778076,-3.1236386
7468,3.9747965,-4.2834454
7469,4.466259,-2.2761924
7470,4.1755543,-4.370743
7471,5.418338,-5.603281
7472,4.3890295,-5.391997
7473,3.0892332,-7.3570633
7474,5.9927607,-7.9091845
7475,4.1729183,-8.53827
7476,4.3913307,-8.06167
7477,3.6047473,-5.355408
7478,5.079075,-4.5269737
7479,4.803981,-7.2991123
7480,2.8473582,-9.93054
7481,6.3866158,-7.4203134
7482,6.041765,-8.909241
7483,3.655581,-6.4612985
7484,3.3099627,-7.1163874
7485,3.8827212,-7.5321555
7486,3.2677236,-8.566423
7487,5.282575,-9.803098
7488,6.7661033,-9.09774
7489,5.6413918,-6.124982
7490,5.911707,-8.251662
7491,4.986536,-9.834827
7492,5.6888604,-9.413685
7493,4.847864,-9.81882
7494,7.0645723,-7.977029
7495,6.081847,-4.7701335
7496,4.921301,-7.175219
7497,3.16875,-8.205863
7498,5.047396,-5.3777204
7499,4.1216226,-7.644482
7500,4.5372987,-10.562715
7501,5.2665577,-8.804359
7502,5.446684,-8.189053
7503,6.2582474,-8.729757
7504,4.977972,-11.560295
7505,4.563629,-10.288867
7506,6.104143,-8.823236
7507,4.890652,-9.078133
7508,6.1833344,-9.568334
7509,4.886647,-9.638148
7510,4.6010323,-8.059347
7511,5.2149982,-8.407373
7512,5.5508685,-7.080276
7513,3.8421977,-6.8826294
7514,3.79343,-11.615323
7515,3.7258136,-7.0710936
7516,6.403852,-10.659193
7517,3.8833203,-10.2781315
7518,5.6343856,-7.6182194
7519,4.628324,-11.23211
7520,4.8641114,-10.762173
7521,3.1163425,-10.703045
7522,4.794305,-9.4667
7523,3.7318966,-8.19441
7524,4.5551987,-11.291062
7525,4.288894,-10.139667
7526,4.0105267,-9.2481365
7527,4.380627,-11.802853
7528,7.436444,-8.958797
7529,6.806475,-3.557801
7530,6.303594,-4.9314013
7531,6.45553,-7.895333
7532,6.2165456,-6.1661496
7533,4.741269,-5.597197
7534,5.610704,-3.502141
7535,4.785593,-5.2549396
7536,4.475139,-6.3532667
7537,4.564122,-8.20743
7538,5.595532,-7.582913
7539,4.0151253,-9.394498
7540,4.3959403,-4.7635326
7541,4.9849644,-5.0791087
7542,4.1081514,-5.460731
7543,6.6970444,-5.834732
7544,3.8557444,-8.066518
7545,4.8949757,-8.032707
7546,4.504148,-10.938778
7547,5.158919,-8.809198
7548,5.046576,-6.9383802
7549,4.296571,-5.191831
7550,5.434966,-10.281977
7551,4.235025,-7.019817
7552,5.332284,-10.106769
7553,4.2819595,-8.927233
7554,6.200381,-8.142242
7555,5.501368,-8.508261
7556,5.7557645,-8.34293
7557,4.813567,-7.794715
7558,5.894444,-11.986479
7559,3.8124163,-8.664386
7560,4.11096,-8.966537
7561,4.149653,-9.605705
7562,2.8821247,-9.793231
7563,3.7681775,-8.114609
7564,4.3306813,-8.466437
7565,2.911321,-6.2237887
7566,3.911568,-5.8266864
7567,4.9729767,-5.8228025
7568,1.2676754,-8.056454
7569,3.8647506,-9.593979
7570,3.6782174,-9.384021
7571,1.1143287,-10.233136
7572,3.5167766,-10.693076
7573,5.233267,-11.294404
7574,4.3190804,-7.038591
7575,4.351216,-10.223485
7576,3.7864432,-9.489663
7577,4.1947656,-10.079918
7578,2.8300698,-7.0202365
7579,1.2884668,-7.561983
7580,2.2381032,-6.927909
7581,3.9203603,-7.63598
7582,5.2220426,-6.9434485
7583,5.0184097,-8.587147
7584,7.206327,-8.62805
7585,3.7952464,-6.9330378
7586,5.2939754,-7.061645
7587,4.1893907,-8.828036
7588,4.7254014,-9.436716
7589,5.3197412,-10.529196
7590,2.286399,-9.759985
7591,3.6869206,-6.068659
7592,4.295231,-8.086249
7593,5.110846,-8.37584
7594,4.9210835,-7.9591875
7595,4.595964,-7.4705257
7596,4.1791835,-9.849716
7597,4.287745,-7.7890477
7598,3.3829355,-9.295854
7599,4.309899,-6.1772947
7600,5.4261785,-7.033068
7601,2.8924196,-9.118713
7602,1.9509366,-9.233149
7603,4.9339685,-6.0809417
7604,3.6950223,-4.2319713
7605,3.9580317,-3.9016633
7606,3.407859,-7.969119
7607,4.667833,-8.616764
7608,4.1920104,-10.545301
7609,4.0521803,-8.600215
7610,4.760465,-5.1059346
7611,4.940837,-11.126627
7612,5.6938915,-8.5972805
7613,5.4645486,-9.630107
7614,3.6955352,-11.065156
7615,4.234942,-8.844587
7616,5.7396016,-8.212625
7617,3.8795702,-8.219122
7618,4.742744,-10.27134
7619,5.207047,-9.478273
7620,5.1031256,-14.08593
7621,5.1814,-9.890543
7622,6.1086206,-7.098622
7623,4.465536,-8.537389
7624,2.8231149,-7.887923
7625,5.203979,-7.1974406
7626,5.2328715,-6.139844
7627,4.8235235,-8.846894
7628,4.434228,-7.041056
7629,3.4770882,-8.0628
7630,6.18474,-9.269848
7631,3.749056,-7.0376363
7632,3.4474094,-6.824391
7633,4.1922026,-8.290446
7634,4.781378,-6.205424
7635,3.5322518,-6.6935415
7636,4.123288,-5.8999825
7637,4.267736,-6.867845
7638,3.5471961,-7.6200247
7639,1.8436049,-4.8024464
7640,4.168511,-4.0817094
7641,7.151115,-8.151789
7642,3.1149738,-5.1488733
7643,3.9594789,-4.9357643
7644,4.3888927,-7.3750653
7645,5.0229683,-4.4008274
7646,4.8620715,-7.318732
7647,5.5323157,-6.8537154
7648,1.229511,-7.273702
7649,-3.11541,-7.309844
7650,-2.5101256,-6.004661
7651,-4.742667,-8.8448715
7652,-4.892666,-7.9278884
7653,-4.4665947,-6.694067
7654,-5.79759,-8.1557865
7655,-5.253789,-6.1632085
7656,-3.143613,-7.3715234
7657,-3.6265748,-6.9454284
7658,-2.1590486,-7.609119
7659,-3.7377882,-8.458119
7660,-0.45716846,-9.338848
7661,0.5162958,-6.4091115
7662,1.223104,-8.512015
7663,-0.10336027,-7.5721936
7664,-1.6714609,-8.526525
7665,-0.62633795,-8.311156
7666,-3.4745948,-6.765984
7667,-4.143736,-6.992247
7668,-5.837385,-6.630397
7669,-3.1577654,-5.7377524
7670,-3.077503,-5.8152723
7671,-2.6320722,-7.0978723
7672,-7.666318,-6.990176
7673,-6.1412535,-5.3384776
7674,-6.09004,-3.7006454
7675,-4.1334724,-6.6320457
7676,-4.684274,-4.692289
7677,-4.9173555,-3.0200024
7678,-4.232611,-1.8518144
7679,-7.20967,-2.5046477
7680,-3.92124,-3.845185
7681,-3.4159982,-4.367715
7682,-2.5649374,-3.6066124
7683,-3.685439,0.13831323
7684,-4.2585893,-6.224733
7685,-5.5569606,-5.4303646
7686,-3.406031,-5.49333
7687,-4.1228547,-5.1548877
7688,-4.3583813,-6.3658867
7689,-8.0577965,-6.4497147
7690,-4.418704,-6.162633
7691,-3.3933396,-6.363484
7692,-0.6975013,-5.6128845
7693,2.2107255,-5.709956
7694,2.8031795,-6.658974
7695,6.1334405,-4.6235294
7696,3.8630242,-5.169983
7697,2.6886969,-3.172699
7698,3.2869966,-2.9015594
7699,3.8889768,-5.8898726
7700,1.4329855,-4.5331945
7701,-0.58985186,-3.7884007
7702,1.6468599,-6.2344522
7703,3.0888314,-5.107929
7704,4.0407724,-6.229489
7705,0.037908588,-6.24428
7706,2.9974117,-9.659592
7707,5.809158,-9.586785
7708,6.3930497,-9.192539
7709,7.830603,-10.543019
7710,7.3681436,-8.766296
7711,5.0947976,-8.151732
7712,3.8969455,-7.2214
7713,4.980665,-9.723898
7714,5.053784,-9.798574
7715,4.699021,-8.91537
7716,4.0776663,-8.163127
7717,4.458432,-10.559832
7718,1.9127352,-8.264313
7719,5.5520926,-8.228312
7720,2.411791,-7.239292
7721,0.75438404,-12.74958
7722,3.2701287,-11.666456
7723,3.1279914,-8.2002325
7724,3.2718651,-6.0909567
7725,-1.4370999,-7.618097
7726,0.2045287,-6.3960133
7727,-1.282626,-13.057391
7728,1.8095632,-12.0245
7729,0.302798,-9.71811
7730,0.7991793,-10.408369
7731,2.9639544,-10.966315
7732,0.66126263,-10.158322
7733,4.5717845,-7.904085
7734,4.000771,-6.8670883
7735,4.7823906,-7.286803
7736,2.4992452,-8.328699
7737,0.80469304,-8.532599
7738,2.9434779,-9.529619
7739,3.5920126,-7.8073583
7740,1.4529777,-4.2489905
7741,1.9010974,-8.679875
7742,3.0903268,-6.170637
7743,3.205552,-5.90486
7744,3.8594959,-8.897508
7745,1.3893143,-9.604781
7746,-1.6265734,-6.141
7747,2.595585,-7.368957
7748,3.3335314,-9.526597
7749,4.0802345,-7.6613116
7750,1.4184372,-11.566098
7751,3.5416064,-8.621774
7752,3.4482234,-8.973616
7753,2.9698703,-10.246702
7754,2.5201898,-10.590668
7755,3.6164293,-13.646226
7756,0.9859422,-10.555381
7757,3.8324103,-10.425634
7758,3.3430412,-10.90813
7759,2.337432,-10.2884
7760,0.15702547,-8.176193
7761,2.4851556,-8.259051
7762,0.98571366,-11.927941
7763,0.57643366,-8.535856
7764,1.7933575,-8.220848
7765,-1.2370151,-5.9331203
7766,0.31421053,-9.213249
7767,-1.6519781,-8.518656
7768,-2.0377803,-6.044052
7769,-2.2160137,-6.105304
7770,1.5026811,-10.179484
7771,-1.2616456,-5.540709
7772,-4.425185,-6.670354
7773,-0.5519701,-5.679139
7774,0.14388183,-9.5692215
7775,-2.0273325,-9.785151
7776,-3.3087244,-8.769088
7777,-2.075304,-7.3136663
7778,-3.26911,-7.54607
7779,-2.5926921,-9.230796
7780,0.41805,-7.732425
7781,-4.683299,-7.3855066
7782,-4.209465,-8.028591
7783,-0.8210947,-7.717276
7784,3.006377,-5.558868
7785,1.0683897,-6.4624667
7786,-0.64353347,-7.0014706
7787,-1.17848,-7.66671
7788,-1.1928089,-11.860618
7789,-1.311968,-10.906555
7790,-1.6720741,-10.122723
7791,-2.298025,-8.968783
7792,-3.500573,-11.848142
7793,-4.4648805,-9.7083235
7794,-1.8461787,-7.480045
7795,0.8038218,-7.329516
7796,3.5086932,-7.644291
7797,1.8794837,-8.450728
7798,2.6197813,-8.125692
7799,3.2208023,-8.610513
7800,0.8247992,-5.656916
7801,1.9039263,-7.92942
7802,2.042033,-4.883005
7803,4.4338417,-6.384651
7804,4.561437,-9.430855
7805,2.7260478,-7.343116
7806,4.5552144,-6.9879036
7807,4.148651,-7.287655
7808,3.6017802,-7.8609304
7809,4.2252116,-7.766581
7810,1.5597972,-7.3974056
7811,4.0499425,-7.895615
7812,0.9683578,-5.735129
7813,1.1831177,-3.2910707
7814,1.29596,-5.6633058
7815,1.3906176,-8.013797
7816,3.1017938,-7.5367866
7817,2.8442945,-5.978781
7818,0.35498655,-8.369547
7819,-1.8951702,-9.211981
7820,0.2633023,-7.3335204
7821,-1.4826769,-6.644558
7822,-1.6395336,-5.6630216
7823,0.49209175,-4.7205486
7824,0.2212633,-7.6653996
7825,0.27981886,-8.3654995
7826,0.31871068,-6.1552353
7827,0.8010044,-4.4993987
7828,0.7989246,-7.1537895
7829,2.3778222,-5.4736376
7830,-0.59181523,-7.6084948
7831,1.4936868,-7.585433
7832,1.0505863,-7.2004356
7833,3.4901235,-8.805493
7834,2.3200345,-9.223495
7835,6.393904,-6.90711
7836,4.8476768,-6.3479595
7837,5.189835,-5.734627
7838,6.0782995,-7.543552
7839,2.8827443,-10.928575
7840,4.6382337,-7.5405936
7841,3.7203524,-8.318576
7842,5.660881,-7.301299
7843,3.413564,-8.925298
7844,5.3251514,-11.019836
7845,3.505497,-10.17777
7846,5.9160657,-6.985872
7847,4.299496,-7.6272807
7848,4.188936,-7.55094
7849,2.7655725,-6.8022327
7850,4.7181625,-5.6566243
7851,3.3684382,-7.8359137
7852,0.37531453,-4.379955
7853,2.8867831,-5.990894
7854,2.4782026,-6.0095186
7855,4.7912464,-9.024278
7856,3.3262722,-8.2530775
7857,0.46935102,-6.034354
7858,1.2854877,-8.2375
7859,2.4477901,-9.74914
7860,3.4282572,-7.8827457
7861,1.9839418,-5.3641605
7862,0.8949098,-5.42162
7863,-2.345155,-4.8528104
7864,2.7704954,-3.4294567
7865,0.5758642,-5.041563
7866,0.71143144,-10.67662
7867,2.2504263,-6.8137755
7868,0.52847195,-6.922494
7869,2.5704043,-7.5116987
7870,4.6680474,-6.5415835
7871,3.999179,-7.088073
7872,3.5182688,-8.951545
7873,1.23305,-7.880179
7874,1.1902273,-12.140599
7875,-0.80703247,-9.275655
7876,1.389873,-9.458353
7877,-0.46266285,-8.227745
7878,1.6921521,-7.9650965
7879,1.3494929,-8.973541
7880,0.482231,-6.2624183
7881,1.2274761,-9.822296
7882,1.7193214,-8.417777
7883,0.474018,-6.6870213
7884,0.1504884,-6.4713507
7885,2.1613271,-8.974433
7886,3.2871165,-8.639759
7887,3.2653027,-9.958588
7888,2.257219,-9.643423
7889,-0.0011687903,-10.14782
7890,-1.685408,-7.053832
7891,-1.2136968,-9.292466
7892,-0.6616578,-9.042529
7893,0.52177316,-7.4459085
7894,-0.07505789,-4.665711
7895,-1.7447016,-4.548262
7896,-0.8898909,-7.5931373
7897,-3.3916543,-5.7236657
7898,-1.8294421,-4.965354
7899,-1.6997726,-3.5297115
7900,-3.9841561,-5.820029
7901,-2.365514,-8.868385
7902,-2.1103342,-5.768951
7903,-2.6933165,-5.2074785
7904,-2.4264925,-6.322846
7905,-3.1344392,-6.3284326
7906,-3.3583543,-6.5404716
7907,-1.0398957,-5.088861
7908,-2.5037258,-6.4575214
7909,-1.1761378,-10.021935
7910,0.14132239,-10.524171
7911,-1.8671131,-4.7345557
7912,-0.7924601,-9.074773
7913,-1.1709614,-6.27996
7914,-0.45252466,-8.800401
7915,-2.6309123,-8.975775
7916,-1.7131476,-7.1106634
7917,-2.41394,-4.827511
7918,-1.1180211,-5.208823
7919,-0.5834089,-4.9226446
7920,-2.5254254,-5.060955
7921,-2.2432954,-8.4980955
7922,-4.3918033,-8.232371
7923,-0.53810173,-10.254699
7924,-2.155329,-9.471744
7925,-2.8974926,-8.43416
7926,-0.9566682,-6.3208137
7927,-1.9487389,-7.110618
7928,-4.3516283,-6.97324
7929,-2.666088,-7.37245
7930,-1.2724668,-7.52717
7931,-2.3151927,-7.670426
7932,-4.4437876,-8.819601
7933,-4.0528927,-6.085197
7934,-1.0288863,-6.1338296
7935,-4.592722,-8.719734
7936,-2.4923472,-7.739678
7937,-1.3870955,-9.722414
7938,-1.1373535,-8.713077
7939,-0.27122745,-11.240808
7940,-0.76351506,-8.459716
7941,-2.3029053,-9.141538
7942,-3.2589073,-8.851202
7943,-3.0943327,-10.198057
7944,-0.94362044,-9.786122
7945,-3.7805285,-8.528736
7946,-4.311524,-9.269678
7947,-7.291999,-8.376333
7948,-6.7250714,-7.984732
7949,-8.075472,-9.28799
7950,-7.37689,-9.806215
7951,-9.016467,-13.05221
7952,-8.679747,-8.253419
7953,-8.442951,-9.214818
7954,-5.659754,-10.451096
7955,-8.592891,-11.070296
7956,-5.951479,-11.089131
7957,-7.89594,-9.517745
7958,-5.4571185,-9.554948
7959,-3.2194579,-6.6710014
7960,-4.2533445,-7.2804794
7961,-3.1908998,-7.7345133
7962,-0.4831933,-10.788589
7963,-2.4154441,-5.622748
7964,-0.93914795,-9.681177
7965,-0.22827229,-6.9828625
7966,-1.1203995,-9.5308
7967,-0.5519724,-7.9279985
7968,-2.2898424,-7.806573
7969,-0.30007368,-8.70374
7970,0.36632043,-8.530696
7971,-1.6857743,-8.962501
7972,-6.1896787,-10.920494
7973,-4.159262,-8.037087
7974,-5.0982437,-10.56116
7975,-4.7201734,-8.86552
7976,-5.5481296,-8.029042
7977,-5.7458773,-8.559777
7978,-5.262941,-9.805561
7979,-1.6002178,-12.09287
7980,-1.840321,-11.192812
7981,-2.1076133,-9.771825
7982,-5.349608,-9.221412
7983,-8.776569,-8.380812
7984,-6.676599,-9.622707
7985,-5.408159,-7.4964557
7986,-4.834699,-8.087757
7987,-7.153751,-7.903058
7988,-1.8252512,-8.461052
7989,-2.6966414,-9.897994
7990,-4.9092927,-11.538732
7991,-5.436362,-9.13347
7992,-3.292684,-8.424354
7993,-2.9430158,-6.660028
7994,-3.4991426,-5.5647407
7995,-4.3179536,-2.9834938
7996,-1.7389278,-4.8351874
7997,-2.7042465,-7.149936
7998,-1.9995978,-5.412337
7999,-3.909844,-4.1329446
8000,-3.717653,-4.007517
8001,-1.1023635,-6.9591765
8002,-5.7047443,-5.4068313
8003,-1.7372401,-2.5440009
8004,-1.4172407,-3.6989727
8005,-1.818706,-6.3514175
8006,-3.5385044,-6.652401
8007,-1.9368784,-7.1630483
8008,-0.9356669,-6.604067
8009,-1.821462,-5.0273433
8010,-3.1892374,-2.3295386
8011,-3.5898027,-4.7724857
8012,-4.712527,-4.5653048
8013,-4.4171143,-6.362728
8014,-1.0857393,-6.7794204
8015,-1.3498735,-5.315593
8016,-2.824517,-7.874109
8017,-2.608073,-5.797167
8018,-3.9156735,-4.8834357
8019,-3.9820457,-5.1496987
8020,-3.5790896,-4.7913384
8021,-3.9133372,-5.550276
8022,-3.3981173,-5.024928
8023,-4.8338685,-5.821342
8024,-7.3353114,-6.683485
8025,-5.2774973,-4.9717083
8026,-5.1434155,-6.967358
8027,-5.915079,-8.336327
8028,-8.83571,-8.016923
8029,-5.1035914,-9.311063
8030,-3.5690672,-7.8625255
8031,-4.3797374,-4.229906
8032,-3.344142,0.20329309
8033,-3.7632203,-4.329584
8034,-6.027605,-6.1485367
8035,-4.276599,-8.506613
8036,-3.3273013,-4.799072
8037,-4.7658005,-8.2546215
8038,-4.7472544,-9.071353
8039,-8.75491,-6.3959846
8040,-8.186198,-7.2756615
8041,-7.309691,-8.635199
8042,-5.496013,-8.93876
8043,-7.2221847,-5.4246073
8044,-5.1689854,-4.6655426
8045,-6.4326925,-4.5169964
8046,-7.709656,-5.8126416
8047,-7.312829,-4.810807
8048,-6.524919,-5.2134385
8049,-5.1081347,-4.7819495
8050,-9.537954,-7.8659787
8051,-7.1391115,-9.568426
8052,-6.907694,-8.710054
8053,-7.872379,-7.8634205
8054,-4.900201,-8.6516695
8055,-5.8965893,-8.952138
8056,-7.2841754,-6.4333596
8057,-7.248657,-7.3798237
8058,-5.111837,-8.548373
8059,-3.1942332,-7.520785
8060,-2.419601,-8.825303
8061,-3.3594866,-9.90363
8062,-3.257155,-9.267558
8063,-5.762589,-8.876514
8064,-5.7097225,-9.2725315
8065,-3.3229027,-8.340895
8066,-5.030325,-8.652212
8067,-4.5798526,-7.8645988
8068,-0.9675997,-6.6899714
8069,-3.286564,-6.567023
8070,-4.092123,-5.2668576
8071,-4.973837,-6.712347
8072,-3.1029735,-8.13706
8073,-3.1295898,-7.84965
8074,-5.4510827,-6.31387
8075,-4.8415055,-7.6358395
8076,-2.5872486,-3.3255386
8077,-3.7443213,-5.3744183
8078,-0.7715446,-2.9404058
8079,-3.314604,-6.205584
8080,-4.534307,-4.456657
8081,-3.753542,-8.134401
8082,-4.6093745,-7.5062337
8083,-4.3518705,-4.171329
8084,-4.3753,-1.7586824
8085,-2.0921412,-5.555855
8086,-2.3541627,-5.4641924
8087,-1.0510199,-4.4777083
8088,0.22175695,-3.6414437
8089,-4.1570063,-3.4132059
8090,-2.3812973,-3.5048325
8091,-3.221573,-3.03346
8092,-3.758045,-5.6061463
8093,-5.0699124,-8.065979
8094,-4.0004025,-6.734354
8095,-3.887149,-5.536019
8096,-4.9520755,-6.0050173
8097,-1.8356633,-4.840162
8098,-4.4912505,-6.344414
8099,-4.3116703,-5.4711356
8100,-0.60825217,-6.5984674
8101,-1.1381874,-9.658227
8102,-0.7600346,-10.964528
8103,-2.1722467,-9.068438
8104,-6.2816434,-6.934654
8105,-2.6738958,-8.075246
8106,-3.9521148,-5.3295074
8107,-5.635509,-4.550481
8108,0.0998818,-7.6445594
8109,2.0717852,-6.109059
8110,-2.034068,-4.526435
8111,-2.605732,-2.8983614
8112,-2.7972777,-6.017735
8113,-2.2246137,-6.2832828
8114,-2.0677717,-6.718281
8115,-2.6827765,-2.8447948
8116,-3.9588888,-6.164673
8117,-3.4622567,-5.3470693
8118,-3.2881815,-5.3936725
8119,-0.6300664,-4.33333
8120,-2.705042,-3.0278401
8121,-1.7315264,-3.0803878
8122,0.30877048,-7.265096
8123,1.1166601,-3.8227022
8124,-0.8434931,-5.247545
8125,-0.63140863,-3.4342246
8126,-2.4735003,-3.0204945
8127,-3.144063,-7.530064
8128,-2.8385658,-6.418417
8129,-2.1529698,-7.129451
8130,-4.9594693,-3.7457166
8131,-4.4080176,-6.1218166
8132,-2.4679332,-5.960736
8133,-4.725755,-4.8507013
8134,-4.7783504,-5.89862
8135,-5.5956125,-5.438637
8136,-4.591371,-5.4542356
8137,-5.3717866,-4.9296823
8138,-4.6455207,-3.832887
8139,-3.7229605,-5.0367694
8140,-2.3080304,-4.67063
8141,-2.6473207,-5.548398
8142,-1.9676099,-6.10356
8143,-3.6861944,-7.9383273
8144,-3.8166876,-4.5705934
8145,-4.937117,-2.826785
8146,-1.8626041,-5.9203615
8147,-3.1528022,-5.5689535
8148,-3.76123,-2.2585468
8149,-2.2845478,-4.1205945
8150,-2.6490333,-4.2025795
8151,-2.727538,-2.8946285
8152,-1.9511297,-3.435333
8153,-1.9922227,-2.6057453
8154,-2.366318,-0.5198636
8155,-1.793107,-4.503988
8156,-4.0679216,-0.24478891
8157,-2.12741,-2.0369647
8158,-1.1698292,-0.111854516
8159,-1.0196984,-1.2967595
8160,-1.1184311,-0.69220203
8161,-1.1434729,-2.6319706
8162,-3.5583527,-1.4642849
8163,-0.18149784,-6.8269415
8164,-1.7742689,-5.880156
8165,-2.2588334,-4.8079505
8166,-2.4130962,-4.5974402
8167,-1.4585507,-5.426299
8168,0.2410072,-6.4145055
8169,-3.1622987,-3.4065702
8170,-5.527863,-6.153333
8171,-1.8709226,-8.392323
8172,-4.241136,-7.4076753
8173,-3.2338204,-5.4250464
8174,-3.6714942,-4.567007
8175,-0.7811673,-3.1821918
8176,-1.2701561,-2.767064
8177,-2.6159647,-2.2725663
8178,-3.8886793,-2.9071646
8179,-1.1582235,1.8105011
8180,-0.6681292,-0.10125342
8181,1.8024175,-2.2440627
8182,-2.9922884,-1.4781771
8183,-3.7168412,-4.4063606
8184,-1.7549857,-5.982457
8185,-2.832936,-5.9249187
8186,-3.8381011,-3.0332837
8187,-3.8366404,-0.8390148
8188,-2.3910463,-3.6707087
8189,-2.141663,-1.0130624
8190,-1.8258215,0.07171636
8191,-2.4422565,-3.6939876
8192,-1.810732,-6.592987
8193,-1.641822,-5.8264074
8194,-2.5252986,-5.6809473
8195,-2.4964912,-4.6450434
8196,-1.7825629,-5.8945956
8197,-4.165946,-5.454652
8198,-1.7716621,-4.689055
8199,-4.1272078,-5.63925
8200,-4.6650424,-4.6844525
8201,-5.9011254,-5.501189
8202,-4.9275985,-6.5876904
8203,-3.4434478,-6.507865
8204,-4.7462234,-4.815508
8205,-3.3905158,-6.604219
8206,-4.12433,-8.552252
8207,-3.5011127,-2.404117
8208,-2.3722856,-5.2456684
8209,-4.134635,-4.658962
8210,-2.9945543,-3.4267583
8211,-5.6059885,-5.8810534
8212,-4.61858,-3.6105266
8213,-2.8947759,-5.7641907
8214,-5.892583,-0.96935743
8215,-6.119215,-1.0349172
8216,-5.7530646,-3.6218214
8217,-4.862841,-4.1476016
8218,-4.791839,-5.423212
8219,-3.267796,-3.0784519
8220,-5.9177494,-3.135411
8221,-3.811283,-3.3611135
8222,-5.904831,-3.0341
8223,-8.131686,-4.9008822
8224,-6.7579885,-2.8182046
8225,-8.901671,-1.9983051
8226,-9.2413025,-4.9898915
8227,-9.346992,-3.1746244
8228,-4.7948203,-4.6451287
8229,-7.1266537,-2.0778613
8230,-7.9550524,-3.2305136
8231,-8.940825,-1.5751972
8232,-8.053867,-2.0998855
8233,-8.017123,-2.4100864
8234,-12.42283,-0.7800149
8235,-14.537649,-2.5610795
8236,-9.652695,-3.5126972
8237,-12.863943,-1.0851032
8238,-10.435248,-5.3383183
8239,-19.05009,-3.6345184
8240,-18.179487,-1.7574357
8241,-19.533714,-1.4570187
8242,-14.630194,-4.7337313
8243,-14.300489,-3.5381467
8244,-15.554143,-2.5144963
8245,-11.794012,-2.2009768
8246,-13.979272,-3.295821
8247,-14.798795,-6.123912
8248,-14.749399,-3.7737117
8249,-9.696488,-3.3312383
8250,-13.913677,-4.883611
8251,-11.042228,-2.3703544
8252,-6.111959,-3.7442732
8253,-7.5979786,-5.8319635
8254,-8.128335,-4.871668
8255,-7.8301425,-5.1422973
8256,-11.220328,-3.504367
8257,-7.363712,-0.7306729
8258,-3.790449,-6.9746184
8259,-5.148102,-4.3799906
8260,-4.320359,-6.432627
8261,-4.6923766,-7.631663
8262,-8.563686,-5.093263
8263,-6.722552,-6.144213
8264,-5.5379214,0.18056343
8265,-10.025986,-0.40168348
8266,-13.867377,-2.2413914
8267,-11.954766,-2.166247
8268,-8.176304,-5.6791825
8269,-8.657272,-5.025049
8270,-7.5073605,-2.5086622
8271,-7.4844327,-3.5824661
8272,-7.2763977,-3.709853
8273,-6.986414,-3.8199425
8274,-6.4402885,-3.1981525
8275,-4.345129,-3.3339415
8276,-5.6125484,-4.4144073
8277,-8.698257,-2.3866057
8278,-6.1650085,-5.761185
8279,-3.2654083,-7.1973577
8280,-4.218547,-3.4616618
8281,-1.9622908,-4.158273
8282,-6.018298,-5.321233
8283,-6.521419,-6.044339
8284,-4.036166,-6.0589647
8285,-10.170559,-4.223686
8286,-6.1898255,-4.94949
8287,-9.193752,-4.8572006
8288,-5.514066,-4.275025
8289,-3.9110026,-4.6130357
8290,-1.4076844,-5.191582
8291,-2.1636546,-4.806968
8292,-2.1776962,-5.3040075
8293,-7.4786763,-2.4234807
8294,-6.5350733,-2.580401
8295,-1.442086,-4.1620426
8296,-1.8961473,-4.965199
8297,-4.152857,-3.307225
8298,-5.259981,-5.2227964
8299,-6.723154,-5.278277
8300,-1.0239321,-4.500958
8301,-0.635733,-6.3818336
8302,0.5331496,-4.0285687
8303,-1.6963975,-4.943728
8304,-1.8457248,-0.13281323
8305,-0.7830294,-4.479051
8306,-1.9894996,-4.090734
8307,-5.787033,-2.3784928
8308,-2.542456,-1.7714295
8309,-3.2433686,-3.6119263
8310,-1.8723552,-4.986778
8311,-1.2339617,-3.2384858
8312,-4.1499143,-2.3641744
8313,-4.996035,-4.099929
8314,-4.437963,-5.47732
8315,-4.0826607,-4.7209287
8316,-3.9782507,-4.617787
8317,-7.2058196,-3.0123336
8318,-8.976551,-3.8955855
8319,-3.6754606,-2.3663166
8320,-2.964099,-5.103495
8321,-4.90725,-3.9879584
8322,-4.4021387,-1.4040036
8323,-2.410007,-3.1991532
8324,-1.9807006,-2.1342602
8325,0.0034095997,-6.8883204
8326,-4.287302,-0.6746772
8327,-5.0539823,-2.128993
8328,-3.1791637,-1.0142353
8329,-7.510153,-0.8704035
8330,-14.392335,-3.208384
8331,-11.363061,-3.7135072
8332,-10.857249,-4.4230394
8333,-10.140652,-5.536032
8334,-9.797135,-5.384041
8335,-13.246583,-1.7655088
8336,-13.228149,-1.2671272
8337,-9.560062,-3.695204
8338,-8.659388,-5.2089596
8339,-2.86468,-6.854732
8340,-8.27079,-5.4790583
8341,-16.034233,-5.8397846
8342,-14.845398,-3.0236304
8343,-13.251607,-2.0522103
8344,-9.672362,-4.1253915
8345,-8.350276,-4.9640627
8346,-5.3371058,-4.868108
8347,-4.914072,-6.557262
8348,-4.4901404,-4.3500166
8349,-5.174725,-6.252348
8350,-5.0646753,-4.1076875
8351,-3.3405056,-4.38144
8352,-6.4189577,-1.973296
8353,-8.707165,-8.215959
8354,-11.623025,-5.4190383
8355,-15.097835,-2.4297628
8356,-10.95404,-3.077111
8357,-7.103887,-4.068135
8358,-9.040034,-3.0108154
8359,-9.77926,-3.1836164
8360,-12.292766,-3.6958153
8361,-11.139756,-4.2247114
8362,-11.987569,-3.1191685
8363,-9.249897,-2.079625
8364,-7.7835345,-1.1150513
8365,-6.701474,-3.0562394
8366,-8.864045,-4.461835
8367,-16.329262,-4.057103
8368,-14.431627,-4.4425426
8369,-12.95357,-6.0984383
8370,-7.114756,-5.6072063
8371,-10.466862,-3.737228
8372,-11.563446,-4.1342807
8373,-11.011864,-5.0159817
8374,-12.355196,-4.721739
8375,-13.883737,-7.086598
8376,-11.302448,-9.059655
8377,-9.075453,-7.1827364
8378,-6.7699313,-9.425981
8379,-6.9934134,-8.679406
8380,-3.5738907,-8.144574
8381,-8.029215,-6.9994617
8382,-9.765773,-7.4055767
8383,-11.366211,-5.43193
8384,-11.628735,-3.8538225
8385,-12.439646,-5.4725103
8386,-14.533341,-7.3044744
8387,-11.728419,-6.8878345
8388,-8.24713,-5.672295
8389,-4.230134,-4.6788826
8390,-5.1175547,-2.894737
8391,-4.5178056,-6.9148316
8392,-4.9180183,-3.9997866
8393,-4.2852488,-3.0950794
8394,-4.154591,-0.10062192
8395,-3.4559605,-2.9119825
8396,-4.553433,-6.024866
8397,-4.0433784,-5.1647367
8398,-2.0873718,-6.0513062
8399,-2.1385894,-6.08652
8400,-2.0049176,-3.6775134
8401,-1.1478969,-4.4221616
8402,-0.57775503,-2.7624302
8403,-1.8542753,-2.411473
8404,-2.3992286,-3.103354
8405,-0.72354054,-4.4914317
8406,-1.743773,-3.8496852
8407,-1.12671,0.667914
8408,-2.4240062,-3.1388078
8409,-2.2280357,1.8157481
8410,-0.73261195,-2.148424
8411,-2.6696723,1.0501184
8412,-2.2751148,2.3862746
8413,1.0042584,1.2452861
8414,-2.6718335,0.3507259
8415,2.4159007,1.6776469
8416,0.46001858,3.1238368
8417,3.7770114,2.334342
8418,2.9070451,3.5035043
8419,4.2268553,-0.89469546
8420,3.1037357,2.6683078
8421,3.9534452,2.4473886
8422,5.2237244,2.555286
8423,2.8291717,3.6577382
8424,3.7042992,5.1783643
8425,3.387198,3.004832
8426,3.795998,1.5716174
8427,5.8235765,2.5601456
8428,4.9563613,5.1234417
8429,2.4705198,3.5918505
8430,4.5433826,0.41278684
8431,4.5907626,0.21099876
8432,3.5313258,0.5242227
8433,5.095772,-2.33258
8434,-1.2199897,-0.002718442
8435,-0.27045795,-4.1399364
8436,2.127948,-1.5772647
8437,-0.73355955,2.7941556
8438,0.47253773,2.5590327
8439,0.9182085,5.1217837
8440,2.5675418,6.8104715
8441,2.425197,2.8419645
8442,-1.1924126,1.1616471
8443,0.32422057,1.9036415
8444,-1.2437248,1.1821609
8445,-0.4660526,0.92575794
8446,4.3193564,0.33586544
8447,0.25079587,-0.95055044
8448,2.7966874,-4.7983046
8449,3.2842097,-3.246597
8450,2.5631166,-4.22732
8451,0.9703452,0.8561773
8452,1.5305685,1.8029323
8453,0.51611245,-1.5504935
8454,2.2910461,-2.2584658
8455,2.1502113,-4.7420287
8456,0.26670575,-0.43014115
8457,1.7443904,1.7495958
8458,0.57418036,1.4838216
8459,0.7616775,1.4439963
8460,1.3309655,-2.3372917
8461,0.09972048,0.7293084
8462,1.0345058,-2.6536858
8463,0.5099291,0.17950402
8464,1.0366198,-3.3962855
8465,1.0138894,-1.8981091
8466,1.0341215,0.56649536
8467,0.8482867,-3.5496576
8468,1.2944224,-2.8507214
8469,-1.1152388,-3.517611
8470,0.73745984,-4.9672093
8471,1.9405507,-6.9747963
8472,2.2829301,-8.142433
8473,2.3555033,-5.3349752
8474,1.18271,-6.763455
8475,-0.9982093,-3.6665218
8476,-0.5102241,-4.4174023
8477,-1.3358687,-2.4350374
8478,-1.2861676,-5.858915
8479,-2.0301754,-2.7881024
8480,-0.50517786,-4.237883
8481,0.36534354,-6.5745597
8482,0.6078468,-7.00956
8483,1.3854954,-3.895103
8484,-0.62315786,-6.265946
8485,-2.064276,-2.4195988
8486,-1.5133537,-5.0442424
8487,-1.849401,-6.7661867
8488,-3.0586417,-5.259972
8489,-2.3681562,-6.363931
8490,1.0437554,-5.9027033
8491,-0.9097897,-1.9057342
8492,-0.12990388,-1.3261664
8493,0.80453926,0.3735076
8494,0.029144969,-1.1028773
8495,-0.07500741,-1.2190802
8496,-2.7320638,-2.8405752
8497,0.31333745,-1.1451713
8498,0.19388428,0.4241794
8499,2.165753,1.3051374
8500,-1.112221,2.7168877
8501,-0.84297556,0.50031364
8502,-0.43006116,-1.7625606
8503,0.47803217,-6.333382
8504,3.3202202,0.1880104
8505,1.2175756,-1.2020372
8506,1.5820655,0.66786754
8507,2.3394039,-1.9570559
8508,3.2731953,-3.891455
8509,1.6828119,-3.2207944
8510,0.7819065,-2.9271743
8511,1.2852819,-1.8656454
8512,3.2121935,-4.3263507
8513,2.0285578,-0.83548045
8514,4.3961973,-3.1240942
8515,0.19648036,-1.9756898
8516,3.5473175,-2.0263805
8517,0.9049943,0.8016436
8518,0.91188437,-2.2160876
8519,0.8167007,-2.8501165
8520,2.0603805,-6.436823
8521,1.6836175,-1.6073476
8522,3.3065424,-4.34743
8523,0.7255092,-2.1307733
8524,0.34074008,-3.8373077
8525,0.76045305,-1.3296189
8526,-2.0107715,-0.7877044
8527,0.7793491,-2.7892783
8528,0.5618065,-4.963983
8529,1.1134949,-1.5667396
8530,-0.9890069,-0.44655204
8531,-0.74346703,-3.343519
8532,-2.683363,-3.373326
8533,-0.6672236,-1.352536
8534,-0.85995346,-0.8943873
8535,-1.8463624,-2.1962364
8536,-2.1559513,0.614626
8537,-1.5295136,-0.03490302
8538,-1.10702,1.1138253
8539,-1.0684992,-1.509953
8540,-0.9902921,-1.9308624
8541,0.36952004,0.20700124
8542,1.6470064,-0.2706679
8543,0.39995784,-0.20986882
8544,1.7951052,0.6266729
8545,0.98926336,0.77683145
8546,-0.35149327,0.0028387262
8547,-1.2459799,-2.942403
8548,-0.8881645,-0.5140989
8549,0.77384466,0.5771007
8550,1.642379,0.6964718
8551,0.029388163,-2.9170246
8552,0.31943446,0.82138294
8553,2.3835576,-1.2994823
8554,2.270737,-0.2209783
8555,2.9843218,2.1278489
8556,-0.9109565,-3.9761038
8557,1.3272606,-0.79088134
8558,-0.9491129,-2.2311742
8559,-1.1854043,-2.0866926
8560,1.7746322,-2.3021352
8561,1.1680357,-2.7009516
8562,-0.31593913,-3.321032
8563,1.9252148,-4.5049396
8564,2.6579397,-1.9367025
8565,0.74999064,-1.828449
8566,2.563023,-3.1884487
8567,1.4023794,1.1277587
8568,0.4007464,-0.11538642
8569,0.8627402,-0.8112532
8570,0.030264141,-2.5843787
8571,0.43791494,-2.4472752
8572,0.9735451,-0.48574057
8573,1.5094995,-2.6457963
8574,0.007668954,-3.914211
8575,0.17160004,-4.1944547
8576,0.5940418,-4.812501
8577,0.796189,-0.89981514
8578,0.9844851,-1.8527789
8579,1.3190289,-0.16558242
8580,1.2637047,0.6987191
8581,2.103605,-0.69942987
8582,1.8240088,-2.1072953
8583,1.6109132,0.6091415
8584,0.9483779,-5.0774403
8585,1.7004291,-8.643559
8586,1.2265834,-4.3961964
8587,-0.70891076,-0.46147764
8588,1.5650504,-3.822491
8589,0.9570998,-6.090352
8590,1.0477663,-0.34364876
8591,-0.24381663,-5.954807
8592,0.740734,-3.1551795
8593,-0.7418199,-4.811821
8594,0.81684035,-1.6695857
8595,-0.81291556,-1.5930504
8596,-0.36160514,-1.5861108
8597,-0.40636382,-3.31334
8598,0.50179267,-3.811333
8599,1.8061725,-0.0692553
8600,0.4251829,-0.61796856
8601,1.6724032,-3.338542
8602,-1.3502913,1.766201
8603,-1.7857348,-1.7275927
8604,1.0128844,-1.9307674
8605,-1.441745,-1.9328498
8606,-0.279848,-2.3874903
8607,-1.9771763,0.8364241
8608,-0.63355607,1.1742182
8609,-1.87979,1.4365609
8610,-0.40863702,1.4305128
8611,-0.71282405,-2.4499626
8612,-0.40252733,-2.4254115
8613,-0.1251027,-0.05041115
8614,1.2520366,-2.3288429
8615,-1.0657345,-1.8156066
8616,0.7898828,-1.3456743
8617,0.73622483,-2.6400676
8618,1.3790103,-3.062459
8619,-0.6873905,-0.06973885
8620,-1.6506509,-0.95886254
8621,0.14554247,-1.1251087
8622,-0.9486389,0.37078217
8623,1.2910887,-0.021219352
8624,-1.396266,0.9782576
8625,2.0763185,1.1285903
8626,1.2502335,-0.9140443
8627,-1.3487365,2.3284123
8628,0.8079395,0.24878295
8629,1.3110423,-1.691972
8630,-0.26539624,-2.0738556
8631,0.98123646,-0.9189253
8632,1.5009013,-1.7499459
8633,1.9088154,-0.11318814
8634,1.044357,-3.0526235
8635,0.27256134,-1.9781637
8636,-0.4494849,-1.8184849
8637,-0.78841335,-1.5707883
8638,-1.4293981,-1.3487643
8639,-1.795765,-5.610866
8640,0.5537218,-1.1391344
8641,-1.2023493,-3.7304718
8642,-1.5737591,-5.911597
8643,-0.24687618,-5.1490993
8644,-0.8121359,-1.6851543
8645,0.16560328,-7.0422325
8646,-0.9382019,-3.1801093
8647,-1.7512732,0.05726005
8648,0.12392532,-2.0711708
8649,0.7496924,-2.6251407
8650,0.05217176,-1.5281818
8651,-1.7657195,-3.6516273
8652,-0.20111461,-3.292844
8653,-0.48344946,-4.153974
8654,-2.1388185,-1.0169811
8655,-3.784757,0.677344
8656,-0.9927344,-1.4859254
8657,0.7549455,-4.204013
8658,-0.5444799,-2.1727126
8659,-1.3683498,-2.899662
8660,-2.4863658,-1.013423
8661,-0.6597188,-4.2535586
8662,-3.0189962,-1.4525234
8663,-1.4692246,-2.4847493
8664,-1.8872821,-3.2550702
8665,-3.0188062,-1.4533455
8666,-0.47529036,-4.3780947
8667,-1.2143333,-3.5994437
8668,-0.28073755,-8.600691
8669,-1.1333567,-4.7844625
8670,-1.3789524,-0.84859097
8671,-3.1446404,-1.7234006
8672,-0.3865309,0.08720061
8673,-0.031860445,-2.323371
8674,-2.4675477,-0.34013686
8675,-1.8095117,0.60013765
8676,-1.1306235,1.3718387
8677,-1.5719353,-0.085964836
8678,0.98382795,0.6474272
8679,-0.6677993,1.2407438
8680,-0.28333297,-0.5769094
8681,0.3478529,1.2328368
8682,-0.38039902,0.54725707
8683,-1.5560095,2.7815719
8684,-1.9634439,3.1801891
8685,0.40551275,0.4542756
8686,-1.0480622,-2.8210382
8687,1.4378065,-2.8553019
8688,2.1939244,0.042432938
8689,1.271871,0.7526993
8690,-0.040586468,2.2033641
8691,-2.0179074,1.608727
8692,-0.86438656,1.5141875
8693,-0.2179167,4.2788854
8694,0.7274476,0.68281764
8695,0.35755852,2.10419
8696,0.851503,-0.4294795
8697,-1.4256932,0.7566516
8698,-0.76484644,-1.3661004
8699,-0.19241259,-1.5447991
8700,0.32599247,0.46926272
8701,-2.683009,-0.84553087
8702,-0.03671998,0.3123844
8703,-1.4272599,-1.1534607
8704,-2.1857333,1.8774896
8705,-0.78921086,-1.0068904
8706,-1.644476,-0.4114256
8707,0.27037883,-1.7841175
8708,-0.4244459,-0.94240904
8709,0.3924736,3.1957421
8710,1.4864621,-0.41219148
8711,1.1378592,-0.40831944
8712,0.8155693,-0.46657148
8713,-1.0858309,0.6647352
8714,1.1963694,0.12329863
8715,1.2374562,1.5299982
8716,-0.5935533,-0.68132347
8717,-0.31161076,0.35519764
8718,0.80419016,2.1653106
8719,1.0439748,-0.34507784
8720,0.6859576,-1.4656553
8721,-0.060488112,2.9857726
8722,-1.677982,0.78694993
8723,-0.090608366,0.984285
8724,-2.2011502,1.0868702
8725,1.4970467,0.54632956
8726,2.4515781,0.37347898
8727,-0.47482088,0.43378532
8728,-0.11534581,1.3557463
8729,0.22898194,-1.410277
8730,0.20623033,0.20872487
8731,-0.33010337,-0.9137487
8732,1.2732264,-4.078591
8733,-0.72163194,-0.64296967
8734,-1.4458644,-1.0844896
8735,-1.5910108,0.67860526
8736,-1.4576445,-2.324574
8737,-0.09427762,0.41287246
8738,-2.173521,0.3286218
8739,0.12750176,0.21141665
8740,-0.24709198,0.025600066
8741,-0.6652634,0.863948
8742,-3.3180869,-0.14351043
8743,-1.6816115,1.0407385
8744,-1.7520083,1.5701092
8745,-2.8098383,1.2815434
8746,-2.6725953,-0.10003048
8747,-1.2660922,3.2316074
8748,1.9208195,0.7072731
8749,-1.0890945,0.64358336
8750,-1.6433202,2.5504265
8751,-2.3142855,1.197692
8752,-0.8663194,1.0398123
8753,-1.7721636,0.5485886
8754,-0.27402568,-2.1062105
8755,-1.9377998,-1.0957983
8756,0.76136947,-0.31599265
8757,-1.1344056,3.3589191
8758,-1.288757,0.44278657
8759,-1.9371603,2.1749322
8760,-0.9928977,0.65773726
8761,0.12119974,0.8412107
8762,-2.2194383,1.3031104
8763,-1.4800946,2.1506746
8764,-1.5781456,3.4418805
8765,-1.917994,0.36672163
8766,-0.08737061,-0.71890604
8767,0.6069056,2.4447765
8768,-0.66852194,1.3463498
8769,-0.39366075,1.2540687
8770,1.0793318,0.9853003
8771,-0.65895146,1.746776
8772,1.2600195,2.1025052
8773,0.28201964,1.6340088
8774,-0.3875889,-1.4599841
8775,-1.012459,-0.4452631
8776,0.05629087,-0.97007036
8777,0.44071758,-0.55592716
8778,-0.6636102,-1.3764849
8779,-1.0834482,-0.8002346
8780,-2.2585022,-2.6721194
8781,-2.8799813,-1.2571727
8782,-0.84581727,0.25408036
8783,-1.4406534,-1.4542719
8784,-2.0594535,0.16061506
8785,-0.19958429,0.6525081
8786,-1.1259632,4.7417197
8787,-0.50410503,2.3794305
8788,-0.93681514,4.27142
8789,-1.0549082,0.9719715
8790,-1.8213226,4.7081885
8791,-1.5552931,4.7092423
8792,-0.45467454,3.8904765
8793,-2.292016,2.2629297
8794,-0.44434452,3.0335352
8795,-0.8437931,2.956848
8796,-0.92824465,1.2902898
8797,-0.21320556,3.402468
8798,-1.9223399,2.0318773
8799,-1.6468745,-0.11049745
8800,-2.481974,0.62680995
8801,-0.85246074,-0.107714556
8802,-1.7979687,0.14547421
8803,0.33231574,0.14328618
8804,0.15477811,1.8127735
8805,-0.8722175,1.6368301
8806,0.08790682,3.405876
8807,0.77265817,0.31321517
8808,-1.5022688,0.32673877
8809,-1.2100649,2.1940773
8810,-0.9805408,1.6887923
8811,-3.7291162,4.6420326
8812,-2.1627052,2.5076923
8813,-2.2473161,2.6399245
8814,-1.0301917,0.2348363
8815,-0.4693267,-0.8241069
8816,-1.5241718,-0.7165433
8817,-0.26788148,0.1520865
8818,0.92037344,3.3509943
8819,-0.564797,1.1139486
8820,0.76038504,2.556185
8821,-0.29420027,0.9970874
8822,-1.1441594,3.6585855
8823,-1.5153826,1.4676938
8824,0.17308353,0.18012913
8825,-1.392838,1.7240095
8826,-1.9290727,3.6417584
8827,-2.4790118,-0.33215445
8828,-1.4436375,3.157042
8829,-0.9734708,-4.1002016
8830,-1.0810992,-1.6830741
8831,-1.691623,-0.06869165
8832,-0.9660794,-1.1634789
8833,-1.2439204,-1.655891
8834,-1.6053628,3.1183538
8835,-0.28535315,-0.6031944
8836,0.62595725,-0.15815972
8837,-0.56752884,0.49236652
8838,0.034170754,2.6929076
8839,0.7378623,2.0717258
8840,0.21082614,-2.1397107
8841,-0.5435606,1.7579129
8842,1.924504,-0.5643256
8843,-1.3199985,3.0541523
8844,0.17183788,0.22078615
8845,0.13888144,2.178724
8846,0.6267721,2.6557486
8847,-1.6495845,-0.2569673
8848,-0.42745686,-0.9458518
8849,-0.90373194,0.30320108
8850,-0.90886974,-0.5582376
8851,-0.8596367,0.40853766
8852,-0.62486506,1.4044487
8853,-0.06443688,0.1907489
8854,2.8547177,0.97980714
8855,-1.0842626,2.8367567
8856,0.5643921,-0.27897042
8857,-0.67439735,4.9725285
8858,-2.0157075,2.4528458
8859,-0.8690522,2.6800437
8860,-2.3048277,0.9069214
8861,-0.9515697,-0.49617586
8862,-2.4251246,1.1315536
8863,-1.6953249,2.0837128
8864,-2.8659043,2.9116912
8865,-1.2706144,-2.0552151
8866,-0.57683206,1.2006717
8867,-2.7252514,-0.16667847
8868,-3.1710865,0.43316156
8869,-2.9585197,1.2389385
8870,-2.3928864,0.5781343
8871,-0.7535551,1.8530341
8872,0.9248873,0.8126228
8873,-1.627797,3.895745
8874,-1.6510073,0.53161275
8875,-0.52752787,-0.7518296
8876,-0.7464009,3.0746024
8877,-1.0272368,1.3296772
8878,-3.1286864,-0.9413029
8879,-0.56013185,2.1342459
8880,1.016099,1.3039098
8881,-0.22668074,2.3791273
8882,-0.7049541,0.6883264
8883,-1.9178354,0.44931376
8884,-2.2437012,2.56451
8885,-1.2033046,0.9381729
8886,-1.480467,-0.5123643
8887,-1.1113795,-1.8700604
8888,-0.8247595,-1.6886792
8889,-2.0951939,-1.5555924
8890,-0.013079909,-1.1096053
8891,-2.2388902,-3.0169587
8892,0.6198135,0.02227274
8893,-1.1561671,-1.5560037
8894,-0.9360378,-2.2915049
8895,0.12592368,-1.8420302
8896,1.8584816,2.9419525
8897,-0.16286074,-0.25072935
8898,0.7193639,0.5514895
8899,-0.21600837,2.5000734
8900,-0.2218424,1.9072305
8901,-1.2867541,1.5478764
8902,-2.283568,3.9352214
8903,-0.054667316,4.931125
8904,-0.9511401,0.034238398
8905,-2.9075558,-0.08216063
8906,-1.5107,2.0955544
8907,-1.4012876,1.50502
8908,-1.6595176,0.9117729
8909,0.96794426,1.0376171
8910,0.483105,0.9790386
8911,-1.0196202,1.9866619
8912,-0.45301723,1.0361701
8913,-0.4797278,-2.406991
8914,-1.1483194,0.37677285
8915,-0.06530222,2.6384027
8916,-0.04932623,0.36643144
8917,-1.3062546,-0.40946385
8918,0.5984903,2.2979617
8919,-1.2666565,1.6097795
8920,-0.8402113,-1.4678092
8921,-0.6436216,3.1763954
8922,0.7254249,2.0082622
8923,-1.0367411,2.3158488
8924,0.15149233,0.057667483
8925,-1.226999,2.0166245
8926,-0.48212242,2.3108554
8927,-0.9339437,2.096899
8928,-0.78043664,2.8933878
8929,-0.537407,0.4167482
8930,-0.049361087,-0.6239016
8931,0.39505908,-1.6684256
8932,-0.11006314,-0.49990034
8933,-1.0345905,0.36106956
8934,0.36442736,0.78930897
8935,-1.3201008,0.5766766
8936,-0.45655143,1.7560422
8937,-2.0946472,-0.74417126
8938,-1.8619237,2.9906454
8939,-1.6285552,-2.4515684
8940,-2.8443873,1.5690632
8941,-1.6168551,0.5269936
8942,-0.7937261,-1.4894933
8943,-1.385781,0.5150034
8944,0.17728569,1.0923314
8945,-1.7202867,0.3155401
8946,-2.2213147,-0.37803784
8947,-0.72429913,-0.35588208
8948,-2.9734569,3.8304083
8949,-2.7843351,0.28612623
8950,-4.401351,0.80247533
8951,-4.4654717,-0.31842697
8952,-1.9466183,0.4705
8953,-2.8045783,2.6642678
8954,-4.4507127,1.4353249
8955,-3.138116,-0.19233954
8956,-1.2855583,1.901579
8957,-3.0111537,1.660388
8958,-0.39831465,1.2250105
8959,-1.4566734,-1.4884865
8960,-2.197527,0.13899434
8961,-1.6047087,-0.24611229
8962,-1.5737482,1.3432881
8963,-0.3496933,1.1166176
8964,-0.02366814,-3.7684784
8965,-1.7347301,-0.7832841
8966,-1.2745672,-1.603068
8967,0.12262474,2.935836
8968,-1.4023049,2.1973782
8969,-1.4623679,0.647912
8970,-1.5513103,2.8760195
8971,-1.6830416,5.556599
8972,-1.4595999,3.4911795
8973,-0.92745566,1.5152332
8974,-2.4681206,3.4128883
8975,-1.346141,6.716055
8976,-0.24954194,2.2655272
8977,-2.394078,-0.8209322
8978,-0.97864676,0.92378473
8979,-2.489337,1.0403609
8980,-1.6145636,3.8139093
8981,-0.50127965,-2.0501778
8982,-1.0033809,-2.7385514
8983,-0.06018629,-1.7839309
8984,-1.3383595,-0.38209546
8985,-1.3387151,-0.5310386
8986,-0.36070833,-0.39706957
8987,-1.2757705,0.8429274
8988,-1.7581359,0.94386107
8989,-0.73066115,0.84164035
8990,-1.5867747,0.34624618
8991,-2.7064536,0.4127369
8992,-1.5856049,0.5562432
8993,-0.9701279,0.885613
8994,-1.1657226,-0.63085365
8995,-1.3112704,2.0810733
8996,-1.1794287,1.0680406
8997,-0.45059454,0.74742633
8998,-1.3395997,-1.43105
8999,-0.93101025,-1.921145
9000,-1.405753,-1.3215164
9001,-1.7479957,-3.485541
9002,0.31813875,-0.47227165
9003,0.25836095,0.29014686
9004,-0.15101416,1.3877484
9005,1.3063972,0.7836209
9006,0.37746274,1.9168864
9007,1.6937912,0.5383297
9008,-0.107521534,-2.428135
9009,-1.1075898,-0.29059654
9010,-0.3595718,-3.095218
9011,-1.476411,2.3750489
9012,-0.8070943,0.9667538
9013,-2.443413,5.27344
9014,-1.9072411,4.955206
9015,-1.1786783,3.4986546
9016,0.99699664,3.7224278
9017,-0.16123551,3.7881818
9018,-1.1497109,3.5319867
9019,-0.41931722,1.8475186
9020,0.74494845,3.6731787
9021,-0.83016634,0.073887564
9022,-0.7258459,2.3946638
9023,-0.284534,3.0476477
9024,-1.4763482,-0.82381755
9025,-0.24622224,-1.0593605
9026,-0.96093965,-2.1314118
9027,-2.1512604,-2.170482
9028,-1.4883449,-2.9639552
9029,-1.5644052,-1.838721
9030,-4.279206,-3.922094
9031,-2.2912288,-2.4123285
9032,0.50389034,-0.161398
9033,-2.9734287,-1.6636548
9034,-0.55677915,-1.599672
9035,-0.57905143,-3.1123924
9036,-2.1547067,-3.620959
9037,-1.4382821,-3.8948896
9038,-0.6438941,-1.319826
9039,-0.9493386,-0.49996147
9040,0.35858446,0.49494693
9041,-2.4660509,-0.9870838
9042,-1.1774267,0.20736885
9043,-1.89111,2.2585175
9044,-2.251034,0.95812744
9045,-2.1216335,4.9921274
9046,-1.5113672,3.2823896
9047,0.70977443,-0.041789893
9048,-0.6225993,0.821934
9049,-0.33668658,1.6553082
9050,1.0404767,4.9089704
9051,0.4900988,5.2182603
9052,-3.7394085,3.8639016
9053,0.25655407,7.2403116
9054,1.1761348,3.8041117
9055,-0.8933838,4.406751
9056,-0.8873174,0.38116202
9057,-0.4749678,-0.5947426
9058,0.118070446,1.3254318
9059,-0.3339117,-0.56448835
9060,-1.236938,2.460463
9061,-2.018239,2.2538223
9062,-0.7614871,0.57524544
9063,-1.4597771,0.38964036
9064,-1.4526937,2.9928815
9065,-0.6615162,0.28479663
9066,0.029822377,0.7481142
9067,-1.1606094,-3.1411843
9068,-0.9195154,0.08891691
9069,-1.4681864,-0.88523716
9070,-1.2799399,-3.9013627
9071,0.5442338,-1.6492375
9072,-1.5117098,1.7876884
9073,-0.5463464,1.295336
9074,-2.1576908,0.8768892
9075,-1.5824143,-1.2610679
9076,-1.6354723,-3.0251613
9077,-0.3660956,-1.1949983
9078,-1.2728074,-0.6559896
9079,0.6569315,-0.03922724
9080,-0.49278614,0.37137887
9081,-0.7486184,-0.7411999
9082,-0.78516626,-2.1504817
9083,-0.29675224,-1.9547518
9084,-0.24716713,-1.5731031
9085,-0.20841116,-1.5978535
9086,-0.14344196,-2.4217126
9087,-0.11299343,-0.92182595
9088,1.0758784,-2.7343476
9089,-1.8020858,-2.7097747
9090,-0.3363999,-3.0356941
9091,-2.2608342,-1.1026396
9092,0.367878,0.24486475
9093,-1.9288354,-4.0355477
9094,-1.7531604,-1.8686464
9095,-1.9948171,-2.2658236
9096,-0.6627274,-0.042340938
9097,-0.025496894,-0.22118944
9098,-1.0029032,-1.5578508
9099,-2.093509,0.28021532
9100,-1.1262664,-0.6459051
9101,0.17249638,-1.6068187
9102,0.80961907,-1.6735922
9103,-0.4582718,0.6565669
9104,-0.9641499,-1.017105
9105,-0.8302849,0.22447273
9106,0.8968078,-1.5590442
9107,0.49672407,0.4231262
9108,-1.8268825,3.3358788
9109,-2.288618,0.19131431
9110,-0.5009716,-0.9373712
9111,0.5918174,-1.6897746
9112,0.5613203,-3.970575
9113,0.49069092,-2.173998
9114,-0.39507973,-1.4042405
9115,-0.7003856,-1.3613453
9116,-0.9996315,-1.0778106
9117,-2.2406883,-1.7676004
9118,-0.049337383,0.7549779
9119,-1.4633341,-1.5101156
9120,-1.1292174,-0.9485641
9121,-2.058785,-1.1860701
9122,-2.713294,-0.9919741
9123,-1.1995965,-1.1810381
9124,-0.21639465,-5.7158136
9125,-1.3728948,-4.164627
9126,-0.98946285,-3.710381
9127,-0.9697371,-3.1709769
9128,-2.2840223,-0.5236834
9129,-0.0955317,-1.3702558
9130,-0.2795854,-4.6756725
9131,-1.0879197,-3.3368695
9132,-1.284124,-3.9722037
9133,-0.3150759,-2.8150413
9134,-1.7759522,-0.8553839
9135,-0.9076711,-3.6392617
9136,-2.126969,-2.8267167
9137,-0.92312413,-2.316457
9138,-0.72112733,0.7560448
9139,-0.8515331,0.66271853
9140,-0.65304005,-1.1680696
9141,-0.18330923,-2.9930372
9142,-1.8933996,-1.5950716
9143,-3.1875064,0.30121377
9144,-1.3986845,3.8519077
9145,-1.7430649,2.1209764
9146,-1.7039624,0.5592828
9147,-0.46408212,-0.5051403
9148,-1.8799986,-0.2651632
9149,-0.06870735,0.7157356
9150,-1.0033087,-0.41914183
9151,-0.4836956,0.70537406
9152,-0.85876966,1.4885664
9153,-0.45986286,-0.8216862
9154,0.39356047,-0.44388083
9155,-0.51343614,2.105867
9156,0.4449042,2.7928307
9157,0.40164268,1.713306
9158,-1.3301305,-1.6648579
9159,-1.3331162,-1.0937663
9160,1.5882646,0.38288423
9161,-1.3284491,4.397384
9162,-1.1081312,2.4276795
9163,0.82122624,2.5647206
9164,-0.21481742,-0.2117546
9165,0.17931984,0.1370665
9166,0.5709415,-0.73199415
9167,0.38712546,-1.5012136
9168,-0.38678432,-0.91591775
9169,-1.1711137,-1.0827955
9170,-1.2355932,-0.99795115
9171,0.10139537,-2.3083003
9172,-1.4646846,-1.8756278
9173,0.3008376,-5.5908155
9174,0.36344138,-3.975165
9175,-0.21723892,-3.2128203
9176,0.40018576,-1.4796942
9177,-1.4447653,-1.1140019
9178,-0.74408525,-2.665072
9179,-2.2790565,-3.2791567
9180,0.50990903,-2.808085
9181,-1.7385409,-1.2177303
9182,-2.0246234,0.23041801
9183,0.32915336,-4.1742015
9184,0.8914356,-7.768735
9185,1.783227,-7.662823
9186,-1.1876807,-4.7106605
9187,-0.8134882,-5.9312663
9188,-0.3844977,-3.5992944
9189,-0.7142738,-2.3433976
9190,-2.5169187,-1.8941799
9191,-0.8052352,-1.5276269
9192,-2.0061836,-2.9573705
9193,-0.021892862,-4.2124243
9194,-1.4634852,-1.7823652
9195,-1.3554157,-1.7185274
9196,-1.0557886,-6.640597
9197,1.1830583,-4.6542654
9198,-0.6497006,-2.4073257
9199,0.07535495,-1.852066
9200,0.4797926,-2.3643935
9201,-0.50484544,-3.190548
9202,0.6728024,-4.117377
9203,0.051447917,-4.743858
9204,-0.5716471,-3.1599054
9205,-0.39373586,-3.8745155
9206,0.30453873,-7.040521
9207,-0.5425345,-2.2049234
9208,1.3362373,-3.3897197
9209,0.63831484,-2.9620934
9210,-0.53754824,-1.2207873
9211,-0.9651256,-2.2918775
9212,-1.4195052,-3.5552156
9213,-2.2379537,-2.6553707
9214,-0.45570347,-1.6372977
9215,0.10097778,-2.9395556
9216,0.3779748,-2.5806572
9217,-1.4213434,-3.2770815
9218,-2.7846014,-2.750342
9219,-2.0742345,-3.1447608
9220,-0.45239645,-3.8351333
9221,-0.43255255,-5.510119
9222,0.7737263,-8.736503
9223,-1.746398,-3.9511752
9224,-2.319385,-3.5511591
9225,-1.5891398,-4.412721
9226,-0.71169174,-6.2270083
9227,0.4623905,-4.2241364
9228,-1.5178024,-6.417105
9229,-1.3024098,-5.863804
9230,-0.680555,-6.1647387
9231,-0.85668,-7.4439435
9232,-1.202777,-4.12112
9233,-0.60204774,-3.490235
9234,0.14540434,-1.1024097
9235,-1.2332801,-2.801016
9236,-1.9086924,-0.46311942
9237,1.8307446,-5.1972804
9238,-0.55791,-5.50745
9239,-1.1055466,-3.268571
9240,-0.91114926,-8.283954
9241,-1.5043224,-6.6225753
9242,-1.4946085,-5.5692663
9243,-0.3043684,-5.731009
9244,0.048104815,-3.841433
9245,-1.8156124,-9.343276
9246,-0.38356704,-2.1035204
9247,-2.6164675,-4.577597
9248,-0.9337653,-5.921933
9249,-0.9337951,-9.260151
9250,-1.7714101,-11.999778
9251,-0.08532107,-10.188877
9252,-2.0368226,-11.773646
9253,-1.624615,-11.896475
9254,-2.7219243,-13.348208
9255,-2.2189987,-8.386633
9256,-1.5828072,-6.920396
9257,-2.1840692,-9.18631
9258,-4.460198,-8.756065
9259,-0.6757497,-1.712601
9260,-1.2899513,-4.488227
9261,-2.2797318,-1.5347832
9262,0.37830412,-3.930498
9263,-0.52966756,1.5636331
9264,0.056059923,1.1101978
9265,-0.78246665,-5.478661
9266,0.25715658,-2.785595
9267,-0.19822618,-2.180316
9268,-0.8106046,-4.8019295
9269,-0.22618778,-2.6772656
9270,-0.90566486,-5.3758397
9271,1.0708182,-5.2741003
9272,-0.5255149,-8.43352
9273,0.4355113,-4.307903
9274,-0.89802355,-7.1246967
9275,0.0028072365,-7.093939
9276,0.10208091,-8.891087
9277,0.7099893,-7.2214346
9278,0.85655856,-7.316612
9279,-1.2087901,-6.602536
9280,-0.14813921,-4.5794635
9281,-0.12153039,-3.4879963
9282,-0.50824916,-6.615814
9283,-2.708113,-2.3429837
9284,-0.8070132,-6.592174
9285,0.019029887,-7.8136883
9286,-0.6690084,-6.3201246
9287,-1.2344419,-4.427277
9288,0.75965637,-5.648781
9289,-0.005502444,-5.1251717
9290,-0.4462558,-6.6562986
9291,0.39330617,-6.454105
9292,-0.076873265,-4.431425
9293,1.3961952,-5.956382
9294,-1.5205995,-6.9454846
9295,0.39950895,-5.8427353
9296,-0.7846236,-3.1351871
9297,-1.4358255,-6.5150743
9298,1.1898825,-5.290334
9299,-0.9526491,-7.6036973
9300,-0.5884406,-7.2145534
9301,0.18950456,-5.5364137
9302,-0.8833035,-8.142957
9303,-0.6560709,-6.3305635
9304,-0.049530264,-7.2952995
9305,0.42000544,-5.591918
9306,-1.220278,-6.630715
9307,-0.13987033,-3.8300369
9308,0.58133256,-1.789969
9309,0.22451156,-6.8626056
9310,-2.361599,-5.088032
9311,-1.2219003,-2.2532399
9312,-0.94326556,-5.786438
9313,-0.7122225,-5.9224377
9314,-1.1332635,-6.6634893
9315,-0.8878258,-6.7531466
9316,-1.3949057,-5.9514055
9317,-2.8142982,-7.5291324
9318,-2.7818656,-9.811973
9319,-1.4905816,-9.468427
9320,-2.2446656,-9.446266
9321,-2.4763892,-9.650407
9322,-1.1283872,-12.211449
9323,-0.13022901,-10.452069
9324,-0.88476866,-10.916548
9325,-1.6210254,-9.47352
9326,-1.2793311,-10.881367
9327,-1.1312013,-8.474659
9328,-2.4482467,-8.13939
9329,0.47041667,-8.5238495
9330,-1.8538113,-8.52828
9331,-1.3087212,-8.798703
9332,-2.0203772,-6.534712
9333,-1.1531241,-6.2367163
9334,0.09292153,-9.435308
9335,-0.71468097,-8.0457325
9336,-0.11940013,-8.400233
9337,-0.7108609,-9.829976
9338,-0.79768723,-6.916623
9339,0.552297,-5.654504
9340,-0.17827186,-9.008508
9341,-3.6302688,-6.19776
9342,0.95000565,-4.037196
9343,-1.0719019,-5.948517
9344,-0.5873261,-4.4900565
9345,-1.2329048,-6.6021094
9346,-2.6888769,-4.2065425
9347,-1.3908138,-10.042602
9348,-2.9562843,-8.768971
9349,-1.1020693,-8.837223
9350,-2.8772635,-8.545277
9351,-3.3477795,-11.885589
9352,-1.1575474,-11.035437
9353,-2.2654753,-8.659942
9354,-3.5017707,-6.331924
9355,-0.8753324,-9.212235
9356,-1.6426477,-7.815005
9357,-1.3916256,-6.536403
9358,-0.7297561,-6.053871
9359,-0.17879838,-6.779435
9360,0.75282484,-6.716489
9361,0.06068493,-5.8677626
9362,-1.680798,-9.641088
9363,-0.4305572,-9.608475
9364,-0.64482653,-6.485815
9365,-1.6570652,-8.055237
9366,-0.32643318,-9.580985
9367,-1.5104603,-7.03213
9368,-0.05474165,-8.13684
9369,-0.82452446,-7.039927
9370,-0.6547661,-10.6930485
9371,-1.511854,-9.364936
9372,-2.5985336,-8.876721
9373,-2.196617,-11.16908
9374,-1.76108,-9.909047
9375,-2.8729115,-10.678402
9376,-1.9875877,-11.862929
9377,-1.2133942,-11.561982
9378,-2.3571248,-13.151636
9379,-1.7361379,-12.3907385
9380,-1.8072094,-10.853671
9381,-1.3570714,-9.122452
9382,-3.3850365,-8.190369
9383,-2.2240222,-10.208641
9384,-3.6043918,-12.081613
9385,-2.3427548,-12.593141
9386,-3.8403265,-10.7153
9387,-3.974831,-11.196069
9388,-3.2051723,-11.995608
9389,-2.0335665,-11.186715
9390,-0.23872243,-11.990141
9391,-2.2881854,-11.648131
9392,-1.2622184,-13.943982
9393,-1.0563799,-12.792518
9394,-2.813469,-9.936532
9395,-0.67145973,-9.861697
9396,-0.72777206,-11.619633
9397,-1.8170838,-11.838039
9398,0.6926078,-10.459616
9399,-1.1928397,-12.898861
9400,-2.971129,-8.584119
9401,-4.1152945,-12.262
9402,-1.9291172,-12.342927
9403,-1.0817331,-7.7347465
9404,-2.1193776,-6.5713477
9405,-2.1788347,-6.4384437
9406,-1.4359412,-4.5540633
9407,-2.8623655,-6.3746104
9408,-2.6103382,-2.544424
9409,-1.9201547,-0.7389688
9410,-3.3667789,-2.0226967
9411,-1.1933862,-5.7515855
9412,-2.3948476,-8.209601
9413,-2.9295805,-2.9009922
9414,-2.6014426,-0.39006737
9415,-3.2343633,-3.906838
9416,-3.0176568,-7.9741225
9417,-1.6778942,-4.8423815
9418,-1.547531,-5.7593436
9419,-3.1298006,-3.8183951
9420,-2.0928655,-4.8386154
9421,-2.1666563,-5.0920725
9422,-1.4638456,-10.256574
9423,-2.3906512,-7.8213873
9424,-0.6293447,-3.25235
9425,-0.38773972,-6.4765882
9426,-0.5296518,-7.5876956
9427,-0.82274354,-4.6442857
9428,-4.3843865,-4.2929974
9429,-2.5168786,-3.63667
9430,-1.380914,-3.5660763
9431,-0.7026607,-3.6385057
9432,-0.2981897,-4.219403
9433,0.39515752,-4.282096
9434,0.4310682,-4.002915
9435,-0.8997645,-5.656254
9436,-1.3299038,-1.9763975
9437,-1.3492161,0.78407556
9438,-0.14623135,-0.25472277
9439,-0.95870334,0.6387764
9440,0.47355118,-1.3913841
9441,-1.3504962,-3.0004883
9442,0.8388079,-4.224177
9443,-0.061922934,-2.3580894
9444,-1.0735676,0.9712854
9445,-1.9393102,-4.5116925
9446,-1.8643202,-1.9671435
9447,0.62286806,0.3509903
9448,-1.3678639,-0.78506255
9449,-1.1481979,-2.9441736
9450,0.19056791,-2.5301318
9451,-1.5289849,-2.9179611
9452,-0.737288,-3.3583326
9453,-0.66724783,-2.1996322
9454,-0.99271446,-2.3059607
9455,0.72228646,-1.5707113
9456,-0.10296497,-2.5446677
9457,-0.6778145,-0.60231465
9458,-1.2686025,1.0235996
9459,2.4171216,-1.7414339
9460,-0.8783988,-4.127576
9461,-0.51147854,-2.6674337
9462,-1.1959085,-2.1677299
9463,-0.5081961,-1.7462021
9464,0.41785905,-2.2755492
9465,2.4637759,-0.7759335
9466,-1.2531961,-2.8605418
9467,-1.5933717,-0.41780818
9468,0.7238105,-1.0819429
9469,0.5230758,-0.35004592
9470,-0.7964779,-2.2372146
9471,0.102309406,-0.5602626
9472,-1.4118253,-1.1308029
9473,0.6716269,-0.672542
9474,-1.2580403,-0.3107453
9475,-0.9810388,-0.94709355
9476,-1.2700641,1.5310183
9477,-1.1317179,1.5206201
9478,-1.1096096,-3.6768079
9479,0.085502416,-3.9194775
9480,1.524881,-0.060830828
9481,0.75349146,0.71151954
9482,-1.3137013,-2.2030416
9483,-0.4599817,-2.766449
9484,-1.6920409,-1.8351147
9485,-2.063104,-2.123103
9486,-2.928415,-2.9188921
9487,-2.8446898,-2.2427363
9488,-1.754936,-2.5071788
9489,-2.1401858,-1.9611738
9490,-1.346473,-1.910514
9491,-2.0940847,-2.24512
9492,-0.18861054,-7.5332136
9493,-0.4032144,-5.4241285
9494,-1.3508154,-0.5099394
9495,-0.8399015,-1.0331862
9496,-2.1878023,-2.3176486
9497,-2.636054,-3.758134
9498,-3.1625924,-7.279366
9499,-2.090726,-5.181234
9500,-2.3484397,-2.1252422
9501,-0.39801043,-6.76467
9502,-2.0507026,-5.594597
9503,-0.9583397,-5.8270063
9504,-1.5116972,-3.9510632
9505,-0.39185777,-7.238379
9506,-2.1083753,-6.2799706
9507,-1.0393977,-4.6859946
9508,-3.1880603,-5.9188976
9509,-1.0905521,-5.8317165
9510,-3.1115358,-6.0230103
9511,-2.4081357,-2.4713862
9512,-3.5657527,-3.9724493
9513,-4.433327,-2.2669063
9514,-1.6527572,-3.2843184
9515,-1.5358013,-4.6886325
9516,0.14957502,-5.7774744
9517,-1.1541317,-10.604038
9518,-0.6521303,-6.138293
9519,-1.641325,-5.580593
9520,-1.8895991,-2.2318013
9521,-1.1594204,-2.5218577
9522,-1.5058497,-5.746427
9523,-2.2428493,-4.8648696
9524,-1.0188301,-1.6277038
9525,-2.0171788,-0.63810736
9526,-1.2952433,-0.9486641
9527,-1.7729269,-1.6482229
9528,-3.648143,-2.0151708
9529,-2.4633982,-0.8702849
9530,-1.6417981,-3.8273323
9531,-1.5502563,-1.7638205
9532,-3.6166606,-2.3292468
9533,-2.7009048,-0.4696151
9534,-2.4379435,-3.7406278
9535,-2.1287153,-6.504483
9536,-2.921515,-5.8410635
9537,-1.8583535,-2.1135385
9538,-3.106248,-2.14748
9539,-2.7247024,-2.9845307
9540,-0.84682286,-4.1513734
9541,-2.596838,-5.616592
9542,-2.0267065,-4.6376195
9543,-2.9942827,-5.0443835
9544,-3.146788,-1.788428
9545,-4.2429543,-2.858857
9546,-4.711605,-3.5364842
9547,-0.7069933,-2.732146
9548,-2.0423713,-1.7816223
9549,-1.8309942,-1.3026599
9550,-2.0159235,-0.9354561
9551,-2.7008777,1.2225472
9552,-3.066118,-1.2458465
9553,-3.1684594,-1.1262777
9554,-2.1170788,-1.827675
9555,-3.332435,0.040219802
9556,-2.9369476,-4.3061466
9557,-4.1185284,-5.051657
9558,-2.3191223,-7.0965304
9559,-2.9434466,-3.3219576
9560,-0.5956174,-5.347866
9561,-3.8599794,-5.05429
9562,-4.0198994,-1.2475429
9563,-2.4228745,-2.6783721
9564,-2.7357197,-3.0606925
9565,-1.6750461,-4.181077
9566,-1.6662812,-5.067044
9567,-1.4282377,-2.5058546
9568,-3.2729926,-2.4460208
9569,-4.5570164,-2.930654
9570,-0.93905985,0.72645414
9571,-2.7188168,-3.0814266
9572,-1.0211693,-3.5636003
9573,-0.7542373,-1.8664765
9574,-1.8731097,-1.487823
9575,-1.0575064,-0.41326204
9576,-2.590228,-5.521261
9577,0.10761057,-2.4171553
9578,-1.1884787,-1.5543411
9579,-0.9684831,-3.222972
9580,-0.71034026,-1.0639431
9581,-0.23336461,-5.419825
9582,-0.99033695,-2.192687
9583,-0.73089457,-2.8950317
9584,-2.4608567,-9.875356
9585,-1.1773854,-3.8955808
9586,-0.47910327,-4.083031
9587,-0.52126473,-3.61726
9588,-1.7947794,-4.440536
9589,-2.3813636,-2.0459569
9590,-1.5132515,-7.8812943
9591,-0.9612499,-5.2502003
9592,-1.4489356,-4.3901052
9593,-2.5121586,-2.9279015
9594,-1.241857,-1.6871128
9595,-0.7085425,-0.08109375
9596,0.4263169,-4.889411
9597,-2.425887,-1.3196269
9598,-2.9782045,1.1907054
9599,-3.4676824,-1.3258886
9600,-2.553329,-2.2287314
9601,-2.8042395,-4.527346
9602,-1.4435302,-3.9253259
9603,-3.226254,-3.222837
9604,-2.4681225,-4.630451
9605,-1.0911238,-1.8483136
9606,-0.07379189,-3.8209534
9607,-2.2247555,-3.2220826
9608,-0.57053614,-3.5047328
9609,-0.8017747,-3.6947079
9610,-0.97191113,-2.8513682
9611,-0.8708822,-2.292043
9612,-0.43895033,-3.978255
9613,-2.8241594,-4.694631
9614,-1.9867246,-4.0655503
9615,-3.7077034,-5.1995068
9616,-1.8570637,-6.9860744
9617,-4.126599,-9.4564905
9618,0.20152692,-7.2695723
9619,-1.1047183,-7.9202237
9620,-2.209462,-5.635681
9621,-2.659305,-4.431049
9622,-2.8425853,-5.0548086
9623,-0.87921417,-5.40936
9624,-1.0373775,-5.716625
9625,-1.3844793,-6.016227
9626,-2.9943862,-4.336587
9627,-2.8818815,-4.439889
9628,-0.587222,-5.080199
9629,-1.9577618,-3.9879274
9630,-2.534233,-3.7790053
9631,-2.3852534,-3.1351542
9632,-2.619804,-4.82931
9633,-1.9656876,-5.091538
9634,-0.74652714,-2.6559029
9635,-2.9994097,-3.9068127
9636,-0.8878195,-1.4727036
9637,-0.9529754,-3.4099848
9638,-1.1773934,-3.152426
9639,-1.2583445,-3.2977495
9640,-0.84211355,-2.719221
9641,-1.4804859,-3.2362475
9642,-0.9843113,-1.7443758
9643,-0.51515836,-6.458053
9644,-0.28449133,-3.3191853
9645,-0.48043874,-2.0342598
9646,-0.4963183,-5.746691
9647,-1.8846993,-4.775698
9648,-0.33925962,-2.156943
9649,-1.1723105,-3.2978194
9650,-0.88612705,-5.862268
9651,-0.7369214,-3.0849078
9652,-0.7498378,-2.6770804
9653,-1.149726,-4.14783
9654,0.78581387,-4.887993
9655,-1.6536777,-6.0944934
9656,-0.7967201,-4.4692984
9657,-1.2602438,-5.168602
9658,-0.7748404,-3.8368075
9659,-0.9316224,-3.3463533
9660,-2.1909056,-5.0244136
9661,-1.0924861,-3.1865838
9662,-1.3071383,-6.1490183
9663,-4.665046,-3.7453647
9664,-3.8461874,-5.428483
9665,-4.242245,-4.6574473
9666,-5.407553,-5.181664
9667,-5.454677,-2.1993704
9668,-5.8349156,-5.2071943
9669,-4.5410686,-4.2732344
9670,-4.0304675,-5.4731355
9671,-0.7237698,-7.1378903
9672,-2.0368383,-5.3770785
9673,-1.6774083,-7.387031
9674,-1.3011174,-7.3145604
9675,-1.485643,-4.891972
9676,-3.3097637,-6.148542
9677,-0.29785013,-3.627467
9678,-1.081716,-4.935221
9679,-2.3468726,-6.962522
9680,-4.2510796,-7.8059034
9681,-3.902489,-5.2410855
9682,-1.3245878,-5.7404084
9683,-4.232567,-5.094715
9684,-4.9307847,-7.461232
9685,-2.8371937,-7.7193885
9686,-3.1911013,-8.231807
9687,-4.491372,-4.5890594
9688,-4.3964467,-4.5210342
9689,-3.56459,-4.3825397
9690,-4.662972,-4.528617
9691,-3.617898,-4.1159906
9692,-3.732209,-5.9291577
9693,-3.1950722,-3.4328
9694,-6.0578084,-7.430728
9695,-4.8603396,-3.8085892
9696,-6.1191063,1.0925499
9697,-6.669173,-1.5234388
9698,-6.2390265,-6.398422
9699,-3.4344141,-6.12449
9700,-3.687808,-5.2856984
9701,-5.772361,-5.84649
9702,-5.1505637,-5.0045533
9703,-4.468712,-3.8788004
9704,-7.4970813,-2.216544
9705,-3.8683808,-2.0783517
9706,-3.4379516,-3.7508993
9707,-0.98704,-7.660132
9708,-2.223603,-5.44574
9709,-4.272611,-3.5100558
9710,-4.953316,-6.5189385
9711,-4.787822,-3.1834202
9712,-4.977121,-3.807994
9713,-5.3027964,-2.0763726
9714,-6.189303,0.26733038
9715,-3.766277,-3.6897142
9716,-6.4073153,-4.096099
9717,-6.1786246,-2.6172326
9718,-4.9172754,-5.244313
9719,-7.1633024,-5.4952126
9720,-6.112733,-4.7990756
9721,-6.2622867,-0.52576786
9722,-7.112961,-0.18653288
9723,-5.4830174,-3.4700215
9724,-5.126426,-2.776637
9725,-4.1679106,-2.8300543
9726,-4.504324,-0.9597894
9727,-2.8309433,-3.2850091
9728,-3.6563165,-1.2166594
9729,-2.340927,-4.7386565
9730,-4.5211287,-3.5919812
9731,-4.3346176,-4.629821
9732,-4.9049325,-4.6835103
9733,-5.4359713,-2.5594769
9734,-4.0636315,-3.135665
9735,-1.6695074,-4.5680566
9736,-2.002124,-4.8621345
9737,-0.46525425,-5.76201
9738,-4.1735115,-5.150659
9739,-3.6800675,-4.907036
9740,-4.9131994,-3.5506923
9741,-4.1172795,-5.3137407
9742,-2.9278328,-4.0992427
9743,-3.7669954,-7.308923
9744,-1.0891868,-2.6320708
9745,-2.2360198,-5.3710556
9746,-2.1240337,-2.0041971
9747,-2.3988295,-3.9427745
9748,-1.1462215,-2.98227
9749,-1.3824812,-8.091935
9750,-3.399077,-7.728447
9751,-1.0687623,-9.49976
9752,0.2849333,-6.514081
9753,-2.016322,-1.8131069
9754,-1.5793995,-4.353249
9755,0.68082356,-4.3824563
9756,-0.95522845,-5.766182
9757,-1.0000355,-5.670396
9758,-1.4320197,-8.3520155
9759,-0.3228992,-7.866821
9760,-0.93597895,-4.3069725
9761,-0.7145173,-6.5192184
9762,-2.3629665,-3.9538853
9763,-1.9234825,-6.358168
9764,-2.2510736,-3.0878463
9765,-1.5268755,-5.6061983
9766,-0.59444416,-1.2718841
9767,-0.63657266,-1.7975023
9768,-1.1700189,-4.6364646
9769,-1.3802644,-0.75754184
9770,0.02036237,-5.109463
9771,0.5015599,-4.303053
9772,0.59853655,-5.775131
9773,-0.6351056,-7.7818794
9774,-1.0829365,-5.8147197
9775,-1.4609979,-4.3878493
9776,-1.7086371,-5.432609
9777,-0.9508289,-4.3536463
9778,0.19303164,-5.221281
9779,-0.7897254,-4.20819
9780,1.2601455,-7.2392793
9781,-1.5883665,-8.000992
9782,-2.144403,-6.711634
9783,-0.9162975,-8.225859
9784,-0.6588981,-5.06727
9785,-2.148468,-4.692262
9786,-0.76279306,-5.2402763
9787,1.4795554,0.29968578
9788,1.8125402,-4.900833
9789,1.7851144,-4.681036
9790,4.179838,-4.7104735
9791,3.1234195,-3.3003836
9792,3.3499882,-4.976221
9793,1.8032987,-6.4290757
9794,1.4164728,-3.7378607
9795,3.6387103,-4.6796064
9796,2.8765688,-6.978377
9797,2.9595988,-5.147412
9798,2.9943058,0.8613374
9799,4.0528417,-2.888808
9800,2.7797713,0.5176263
9801,4.1565924,-2.4536657
9802,4.072092,-1.7221762
9803,4.774783,-0.7574968
9804,3.9053612,-6.284787
9805,4.8131995,-2.0250638
9806,3.3146,-3.9479532
9807,4.6789637,-4.075848
9808,5.4144382,-1.1171732
9809,5.1618786,-3.1473107
9810,2.9352853,-5.07891
9811,3.376191,-4.7307534
9812,3.154355,-5.7021365
9813,5.1823444,-6.8667254
9814,3.4448717,-6.31131
9815,3.607025,-10.451765
9816,1.8608614,-5.720739
9817,4.0066967,-4.186043
9818,2.1961668,-5.110873
9819,4.88908,-2.9580064
9820,4.3700128,-6.1211257
9821,3.3237112,-6.3493595
9822,3.7010787,-11.819849
9823,3.6560607,-9.425516
9824,4.9929485,-9.631014
9825,4.497905,-7.2123795
9826,3.3668737,-4.2014494
9827,2.7856495,-4.9162197
9828,3.2829227,-3.1532228
9829,4.8596654,-4.2032547
9830,2.4828572,-4.972995
9831,3.4400716,-3.4422293
9832,2.2600527,-6.6964135
9833,2.7347136,-5.605193
9834,3.1735854,-8.257776
9835,2.9014413,-7.2329555
9836,5.749545,-6.941923
9837,4.5134935,-5.965628
9838,4.2795925,-5.9332447
9839,3.1692457,-4.267129
9840,4.886671,-4.109669
9841,4.428969,-4.458037
9842,2.496712,-3.7758796
9843,4.660626,-3.8538382
9844,3.6141028,-3.72876
9845,3.5048058,-1.9150722
9846,4.3084545,-6.310403
9847,4.1270967,-7.524006
9848,5.243012,-3.216605
9849,4.885568,-5.615465
9850,5.0487785,-5.4711905
9851,3.2411125,-5.34139
9852,4.5178022,-3.294367
9853,4.833661,-7.8542466
9854,6.1013017,-4.787179
9855,6.5709434,-5.9958153
9856,5.577853,-6.5079784
9857,4.6142087,-7.4328074
9858,5.4168797,-4.2065125
9859,3.962365,-2.570065
9860,4.5694876,-3.5266714
9861,5.8107095,-2.1596959
9862,3.8998764,-4.0637474
9863,5.346705,-5.073643
9864,6.3036447,-5.743933
9865,5.3896904,-3.2813156
9866,5.8501163,-6.341741
9867,2.8033953,-3.055844
9868,2.6031978,-3.4845457
9869,3.9815757,-5.212784
9870,5.72293,-3.656184
9871,1.4021062,-1.7513776
9872,6.2947655,-4.9050674
9873,4.220711,-4.624272
9874,3.862557,-5.540185
9875,5.030509,-3.303887
9876,2.801816,-4.3173723
9877,4.752915,-3.1976044
9878,4.79465,-6.5673575
9879,2.494764,-3.8418424
9880,4.996182,-6.735223
9881,2.9281912,-8.291809
9882,3.0963879,-5.5025735
9883,4.6412086,-5.357518
9884,3.3192246,-0.9022579
9885,4.9702168,-4.524513
9886,3.963234,-6.9366446
9887,3.4162982,-4.312256
9888,4.9841347,-4.210023
9889,4.9753036,-9.685543
9890,4.458484,-6.800449
9891,1.709469,-6.1986485
9892,6.136593,-6.456466
9893,3.8045413,-4.975994
9894,4.5348067,-7.717702
9895,3.2088735,-6.575766
9896,4.195905,-9.3912945
9897,4.8487835,-6.7345724
9898,3.5178263,-4.7015514
9899,4.3439045,-5.6723256
9900,4.8847537,-7.4764132
9901,4.907855,-4.092466
9902,3.7697153,-4.8886914
9903,2.6028721,-8.828416
9904,4.1197596,-7.418687
9905,4.449467,-4.830193
9906,4.546226,-5.4306536
9907,3.8198624,-2.1873908
9908,2.5936632,-7.423283
9909,4.542889,-5.898168
9910,4.1590743,-7.1400714
9911,3.6795292,-3.8460069
9912,2.7823365,-4.5331717
9913,3.663964,-4.069609
9914,3.145363,-4.2398806
9915,4.0089,-3.34086
9916,2.661723,-4.4860063
9917,2.8272533,-7.4642925
9918,2.0826676,-5.0420685
9919,3.622866,-4.685498
9920,3.4139905,-7.661726
9921,2.6447363,-6.7469053
9922,3.7027698,-4.6279225
9923,4.3468432,-8.234543
9924,3.260892,-7.5275106
9925,4.7959943,-6.217227
9926,6.302991,-7.4380016
9927,5.9798675,-4.6899023
9928,4.2393756,-3.3513486
9929,2.5519965,-6.0751224
9930,5.0420213,-6.0333157
9931,2.1508412,-3.3134534
9932,4.349271,-8.326056
9933,3.0636368,-7.942468
9934,1.3286539,-4.5292883
9935,4.1387815,-6.445457
9936,0.6961467,-7.7252536
9937,0.8408358,-6.308253
9938,1.2312274,-6.1245756
9939,2.5789216,-7.2084665
9940,2.0540676,-5.4957185
9941,2.9499807,-9.206914
9942,1.8752518,-10.98935
9943,1.619694,-11.822441
9944,1.9191083,-11.341452
9945,4.8912888,-11.744961
9946,3.3661857,-12.746469
9947,2.3050818,-12.297567
9948,2.3175702,-13.893768
9949,5.4832997,-10.965815
9950,1.7489431,-13.21764
9951,1.8438445,-12.827258
9952,1.8832121,-15.32412
9953,1.5094172,-16.489468
9954,1.1278118,-16.447145
9955,-0.34239697,-12.567606
9956,0.4844704,-15.8287525
9957,1.1223892,-17.074574
9958,2.8027885,-15.322736
9959,3.0995667,-14.930446
9960,2.4419782,-10.474538
9961,2.3174102,-10.323913
9962,2.197265,-8.946576
9963,3.419258,-11.858775
9964,3.2685318,-13.981458
9965,3.828834,-15.079997
9966,2.9049811,-13.525779
9967,3.139644,-10.490449
9968,4.21615,-10.946673
9969,2.5950694,-12.869165
9970,2.4697685,-12.994933
9971,3.2804677,-12.376765
9972,3.4771376,-14.405662
9973,2.297859,-12.496464
9974,4.478599,-10.682322
9975,3.8990393,-11.99756
9976,3.9407728,-12.293071
9977,3.802359,-8.416522
9978,4.9570503,-8.037354
9979,3.3203154,-8.752684
9980,4.155169,-11.7279215
9981,2.546479,-9.24945
9982,2.7947516,-11.165068
9983,3.3237355,-9.507984
9984,4.24209,-13.170392
9985,2.166647,-12.214797
9986,3.420174,-12.230452
9987,1.4971228,-12.093344
9988,1.9546359,-12.388778
9989,3.355568,-11.843373
9990,3.0900598,-10.65238
9991,2.5061402,-13.061948
9992,2.6371012,-10.613207
9993,4.110802,-14.314247
9994,5.4934726,-13.956802
9995,3.6554122,-12.019274
9996,0.9005025,-11.512974
9997,3.6222622,-11.252119
9998,1.3711373,-12.274128
9999,0.021512358,-12.5041895
10000,-0.4197895,-11.23611
10001,2.757603,-13.792869
10002,3.8433285,-11.286847
10003,0.95203847,-10.25236
10004,1.5255256,-12.487581
10005,3.1778789,-14.781511
10006,1.6394622,-10.335878
10007,0.7367326,-12.086411
10008,-1.3860062,-12.587428
10009,0.88130254,-14.418785
10010,-0.3846563,-11.722744
10011,1.2929567,-12.217654
10012,3.0477045,-11.578952
10013,3.4541771,-10.385495
10014,2.8907177,-9.055492
10015,2.963505,-10.297178
10016,-0.16421059,-9.293563
10017,0.60353154,-10.198183
10018,0.6141901,-10.882995
10019,2.358531,-12.018967
10020,1.7049689,-10.559673
10021,0.18375145,-10.646688
10022,0.87236094,-9.671614
10023,1.1320525,-10.296856
10024,0.7590012,-12.21389
10025,0.31260282,-10.611719
10026,-0.74867374,-9.399999
10027,-2.1737921,-9.4254465
10028,-0.06872863,-9.553451
10029,-0.325254,-6.5088043
10030,1.1134565,-10.008647
10031,-1.1673725,-8.83896
10032,-4.2977843,-9.905272
10033,-0.2409154,-10.249092
10034,1.5282321,-10.01931
10035,0.7214045,-11.886973
10036,0.120939255,-9.914326
10037,-1.8717704,-12.231163
10038,0.46836624,-10.750117
10039,-0.10171768,-8.682999
10040,0.30845103,-10.378623
10041,-0.94403553,-9.853771
10042,-0.0037114045,-12.166096
10043,0.6531674,-14.776023
10044,0.40898684,-11.811766
10045,-1.6209184,-12.302202
10046,2.2864444,-11.681207
10047,1.2051245,-12.112137
10048,-3.3074675,-12.817117
10049,-3.9906313,-13.646711
10050,-10.761072,-13.814409
10051,-4.997042,-13.62889
10052,-3.1406636,-13.322053
10053,-4.388393,-11.743225
10054,1.0964664,-14.034619
10055,-0.72857153,-15.5424185
10056,2.4929662,-16.520304
10057,-4.2359524,-14.981056
10058,-6.7850204,-16.839363
10059,-5.6696644,-15.190161
10060,-0.599782,-14.209028
10061,-2.9497943,-14.918102
10062,-7.4298263,-13.09525
10063,-7.5152607,-14.462723
10064,-11.827518,-14.154833
10065,-8.5559435,-12.713829
10066,-8.827349,-12.277692
10067,-6.8295293,-12.739075
10068,-9.047429,-9.833418
10069,-10.748401,-10.909383
10070,-10.251811,-9.638071
10071,-11.101447,-8.387809
10072,-8.143978,-12.797865
10073,-9.332024,-14.603175
10074,-7.9983315,-13.541631
10075,-10.57647,-13.559632
10076,-8.805714,-11.671885
10077,-3.7713027,-11.316713
10078,-2.9882185,-12.281525
10079,-6.1623907,-13.644207
10080,-8.50267,-12.483025
10081,-7.975726,-10.770207
10082,-9.233495,-10.52315
10083,-10.236718,-12.398452
10084,-8.382599,-8.111561
10085,-5.527071,-9.00381
10086,-7.00598,-12.176513
10087,-5.5729847,-8.745089
10088,-3.009289,-13.294889
10089,-3.4706433,-12.244836
10090,-8.45576,-14.156173
10091,-7.9143634,-11.930327
10092,-9.43837,-12.201661
10093,-9.700127,-11.725996
10094,-14.340607,-10.669426
10095,-10.158419,-12.369051
10096,-9.539163,-10.961342
10097,-10.560146,-7.4361153
10098,-11.342303,-9.498021
10099,-9.27597,-7.9025187
10100,-13.631398,-9.205984
10101,-11.432187,-10.952278
10102,-8.675498,-9.147373
10103,-12.355423,-12.415739
10104,-11.362148,-10.14962
10105,-15.076635,-13.254496
10106,-15.443274,-13.972272
10107,-17.403542,-11.792798
10108,-13.95824,-12.946557
10109,-12.577089,-12.652276
10110,-12.130464,-15.894943
10111,-16.705833,-13.341452
10112,-11.005362,-12.589642
10113,-12.470817,-16.912668
10114,-8.042958,-17.467968
10115,-9.623285,-14.464498
10116,-11.265041,-18.445744
10117,-6.140186,-16.935188
10118,-6.8316803,-15.738086
10119,-11.003486,-16.636717
10120,-11.917272,-15.430032
10121,-14.404314,-13.062289
10122,-15.759513,-14.539129
10123,-13.228493,-14.171033
10124,-11.991287,-16.31962
10125,-13.597302,-16.115234
10126,-13.321275,-15.24764
10127,-14.642175,-13.215758
10128,-12.2968025,-15.943579
10129,-9.986643,-14.793317
10130,-12.427162,-12.934854
10131,-12.551292,-15.513564
10132,-9.800216,-17.964682
10133,-11.996333,-19.553072
10134,-9.550418,-16.026388
10135,-9.871895,-18.681189
10136,-11.1975155,-18.025555
10137,-10.645139,-20.714272
10138,-5.5151906,-19.658083
10139,-6.2083554,-20.01228
10140,-9.126178,-20.22922
10141,-3.198053,-21.11587
10142,-7.4351826,-16.3923
10143,-7.2762823,-19.853289
10144,-5.769511,-19.034908
10145,-2.5607479,-20.239096
10146,-3.460511,-18.577908
10147,-0.6419072,-19.583181
10148,-3.073186,-18.948252
10149,-4.0496373,-19.384302
10150,-2.492312,-15.531802
10151,-1.8020673,-17.544281
10152,-2.249923,-16.674377
10153,-1.5958073,-18.316906
10154,-4.6975965,-20.517115
10155,-6.704301,-19.27836
10156,-6.144009,-19.165876
10157,-5.09054,-15.418892
10158,-7.799296,-17.54197
10159,-7.858491,-17.600666
10160,-4.4262414,-18.233574
10161,-5.9633245,-17.283598
10162,-5.147105,-17.908182
10163,-3.4897733,-17.93902
10164,-7.615844,-17.196283
10165,-9.626187,-17.861488
10166,-5.5672994,-17.49856
10167,-3.1852617,-16.359016
10168,-4.224319,-15.54237
10169,-5.2000895,-17.05029
10170,-4.6306615,-18.419382
10171,-5.8085146,-17.616758
10172,-3.6995509,-17.209265
10173,-9.3987,-18.214159
10174,-7.7291937,-16.27039
10175,-8.208363,-16.100412
10176,-10.372521,-17.272112
10177,-8.6757,-16.887852
10178,-7.360169,-17.211565
10179,-6.5388536,-18.809015
10180,-6.9184284,-14.988832
10181,-3.9788399,-17.67599
10182,-3.369665,-15.092106
10183,-7.587141,-14.479957
10184,-0.98375887,-17.469004
10185,-4.033102,-17.62321
10186,-4.3776484,-15.133997
10187,-5.2630086,-14.105371
10188,-2.8145545,-17.455923
10189,-2.3883016,-15.87083
10190,-2.4659555,-11.652056
10191,-3.644966,-13.632295
10192,-2.306763,-13.2013
10193,0.04518349,-13.32438
10194,-1.9347796,-16.098215
10195,-5.282291,-12.679495
10196,-4.415136,-15.924134
10197,-4.4187326,-13.7240095
10198,-6.288618,-12.284195
10199,-5.0049453,-14.419466
10200,-4.5309453,-14.579502
10201,-3.5147772,-13.94682
10202,-4.137391,-13.840557
10203,-8.774166,-14.2477255
10204,-7.754372,-17.023993
10205,-5.964585,-15.837519
10206,-5.4936757,-13.881023
10207,-6.151267,-15.699594
10208,-4.714738,-17.137568
10209,-4.7152286,-13.641749
10210,-5.1730685,-13.669013
10211,-5.9312572,-14.323741
10212,-5.821046,-16.209
10213,-7.9071794,-14.972339
10214,-5.8633165,-15.590996
10215,-9.43173,-17.751257
10216,-11.339822,-16.879854
10217,-10.0953865,-16.018276
10218,-9.227385,-16.761988
10219,-9.019448,-16.313084
10220,-9.554967,-15.827376
10221,-9.9854555,-15.122167
10222,-7.610075,-14.029482
10223,-6.9599586,-14.220211
10224,-9.01229,-14.007715
10225,-8.223444,-14.681995
10226,-6.9006824,-16.701153
10227,-8.808621,-14.98481
10228,-6.9638295,-16.651112
10229,-11.515367,-14.362879
10230,-6.7899485,-14.033079
10231,-7.9076247,-16.7433
10232,-6.4445143,-11.998909
10233,-8.34473,-12.617611
10234,-7.895001,-13.7267475
10235,-6.0514817,-14.615575
10236,-9.191756,-12.735364
10237,-7.1644697,-15.443392
10238,-7.424365,-16.101423
10239,-6.716065,-14.565548
10240,-6.9700246,-13.479012
10241,-10.087337,-11.626741
10242,-7.7763124,-12.754703
10243,-8.056194,-10.430925
10244,-7.098915,-11.549419
10245,-9.306456,-14.273995
10246,-9.04667,-9.418783
10247,-10.242366,-12.733115
10248,-8.533783,-12.512473
10249,-7.038357,-13.819442
10250,-3.0978754,-14.55699
10251,-2.9945385,-13.369345
10252,-1.5259674,-14.83153
10253,-2.642775,-12.840442
10254,-5.163776,-11.567508
10255,-4.1674933,-13.2915535
10256,-4.8656297,-11.009513
10257,-5.0912156,-14.826749
10258,-3.573764,-11.764893
10259,-5.751475,-12.412596
10260,-4.287589,-9.968242
10261,-8.880388,-11.724101
10262,-13.020489,-13.76401
10263,-13.467005,-14.06151
10264,-10.509534,-10.837321
10265,-11.456395,-12.773032
10266,-10.444997,-12.07639
10267,-6.422219,-15.914049
10268,-10.467375,-14.2951765
10269,-14.127146,-15.838952
10270,-12.120036,-14.505444
10271,-13.33262,-15.691931
10272,-16.887255,-14.408007
10273,-13.835286,-18.342829
10274,-13.357821,-15.705833
10275,-10.945072,-15.217754
10276,-8.397257,-15.311836
10277,-12.930425,-16.600777
10278,-12.865261,-14.867008
10279,-9.625715,-13.686587
10280,-10.832599,-15.270999
10281,-12.355743,-16.43201
10282,-14.161922,-13.247961
10283,-14.992519,-16.288408
10284,-15.448095,-15.046117
10285,-11.75265,-17.667206
10286,-15.270366,-13.822346
10287,-12.660141,-13.414395
10288,-16.033913,-17.906096
10289,-12.232964,-14.876165
10290,-12.037758,-14.81489
10291,-18.310658,-16.205008
10292,-17.497246,-16.250298
10293,-21.926092,-12.760807
10294,-20.54432,-14.917017
10295,-20.42866,-16.128782
10296,-13.443058,-13.548089
10297,-16.72959,-16.459341
10298,-15.459819,-16.458933
10299,-19.514563,-13.892141
10300,-17.274532,-15.375907
10301,-16.222637,-16.493435
10302,-15.819472,-13.173817
10303,-17.744375,-14.3337345
10304,-13.919571,-13.951682
10305,-17.357044,-15.386894
10306,-15.447014,-13.422659
10307,-18.92727,-15.479949
10308,-16.65184,-14.836881
10309,-15.887756,-14.823708
10310,-11.790993,-14.245308
10311,-11.309135,-13.917818
10312,-15.547586,-13.3938675
10313,-12.331,-13.528168
10314,-17.461718,-14.058342
10315,-16.91925,-14.130695
10316,-17.282167,-13.064444
10317,-18.875013,-14.147464
10318,-18.004635,-12.196047
10319,-20.28068,-10.685553
10320,-20.845146,-12.239399
10321,-21.566614,-13.612496
10322,-15.528339,-14.355756
10323,-20.334272,-13.679822
10324,-19.878456,-15.714483
10325,-19.797464,-13.274408
10326,-15.773649,-17.903416
10327,-14.710588,-16.117384
10328,-18.412477,-15.523465
10329,-21.093689,-15.165082
10330,-21.67063,-15.630294
10331,-19.337101,-12.668348
10332,-19.419386,-13.564677
10333,-15.560534,-13.974273
10334,-17.859634,-15.428279
10335,-20.210724,-13.82307
10336,-18.492594,-12.892772
10337,-15.961624,-13.015908
10338,-16.546753,-13.547751
10339,-16.668224,-15.044069
10340,-17.681566,-13.223324
10341,-15.695035,-11.292138
10342,-19.894464,-17.900242
10343,-13.997629,-14.5556755
10344,-13.95991,-13.685696
10345,-12.582137,-18.187645
10346,-10.913796,-13.371459
10347,-11.752966,-11.577824
10348,-14.521643,-13.228678
10349,-14.247313,-15.321299
10350,-10.982471,-14.532572
10351,-11.345601,-14.1994095
10352,-14.342119,-12.527894
10353,-14.341065,-11.486563
10354,-19.223227,-13.734157
10355,-18.849506,-14.013762
10356,-16.2051,-13.161101
10357,-15.563403,-12.58491
10358,-14.575912,-14.349352
10359,-15.005776,-13.02677
10360,-17.033993,-13.124358
10361,-18.447334,-13.869103
10362,-18.407354,-13.569182
10363,-11.028871,-12.275658
10364,-10.0671425,-11.65838
10365,-14.540287,-11.422893
10366,-12.518566,-10.627025
10367,-13.92798,-12.039625
10368,-12.320357,-13.483254
10369,-14.445935,-14.266197
10370,-16.620396,-13.35802
10371,-19.951088,-13.963299
10372,-22.892069,-16.096846
10373,-22.172968,-14.83156
10374,-21.440586,-13.113651
10375,-19.473272,-15.660957
10376,-20.61854,-13.60784
10377,-23.000061,-11.94012
10378,-22.30558,-11.841715
10379,-22.922272,-14.080916
10380,-20.879934,-14.701998
10381,-24.074629,-14.052248
10382,-20.754833,-13.989044
10383,-21.322592,-10.922893
10384,-20.701332,-12.912031
10385,-18.531202,-11.066723
10386,-21.64765,-9.356235
10387,-19.438442,-10.573675
10388,-15.924421,-10.903066
10389,-20.484428,-7.076406
10390,-20.265116,-10.178585
10391,-20.28203,-8.170467
10392,-23.288973,-9.997096
10393,-19.459677,-9.779609
10394,-20.296972,-11.014414
10395,-21.494793,-10.108775
10396,-21.692846,-10.257618
10397,-20.490501,-6.4605117
10398,-21.502903,-9.353353
10399,-24.836533,-10.777707
10400,-17.629726,-11.978812
10401,-22.167404,-14.84597
10402,-16.597462,-12.468349
10403,-13.15751,-13.340585
10404,-12.137525,-14.674722
10405,-13.983764,-14.439025
10406,-13.640734,-13.451624
10407,-13.658773,-12.332763
10408,-15.960107,-13.622389
10409,-12.961264,-15.053769
10410,-11.745685,-14.881998
10411,-9.452374,-11.892404
10412,-12.381429,-11.04776
10413,-13.5289135,-11.529633
10414,-15.326438,-8.539186
10415,-13.264503,-12.093935
10416,-15.626743,-9.815688
10417,-11.877446,-12.025601
10418,-7.741054,-14.1689625
10419,-13.131566,-12.538232
10420,-13.595833,-12.40909
10421,-14.481632,-10.952294
10422,-12.043899,-10.401594
10423,-12.370205,-14.443254
10424,-12.946143,-13.620497
10425,-11.315542,-12.320258
10426,-12.606703,-13.753327
10427,-14.725909,-12.009946
10428,-11.811031,-12.896985
10429,-15.367706,-14.078011
10430,-11.271356,-11.347019
10431,-13.099108,-13.3037195
10432,-9.015566,-13.424092
10433,-8.667074,-10.200536
10434,-9.876045,-12.303035
10435,-8.916842,-10.503809
10436,-11.796372,-11.08678
10437,-12.298767,-12.7711735
10438,-11.357808,-10.005842
10439,-12.481037,-10.988763
10440,-11.356603,-14.362409
10441,-11.947296,-14.364549
10442,-14.443252,-15.22012
10443,-10.032009,-13.437228
10444,-13.065555,-12.516951
10445,-9.948713,-13.671087
10446,-9.313479,-9.547185
10447,-12.173759,-11.328753
10448,-11.447983,-11.332705
10449,-12.456869,-9.2056265
10450,-13.445439,-10.620608
10451,-11.709511,-11.124043
10452,-12.787591,-13.228773
10453,-12.495205,-14.678691
10454,-12.553497,-10.930717
10455,-13.94589,-11.842442
10456,-11.483075,-12.593137
10457,-13.106382,-9.386605
10458,-8.890343,-13.178041
10459,-12.745076,-10.6617565
10460,-13.622496,-12.672758
10461,-13.251942,-14.658483
10462,-9.532527,-12.282079
10463,-11.210265,-15.720723
10464,-11.115363,-15.285527
10465,-10.974235,-12.983496
10466,-13.336083,-11.592692
10467,-14.158593,-13.804079
10468,-10.057299,-12.9045725
10469,-10.561817,-12.92242
10470,-14.639156,-9.757681
10471,-13.758447,-11.442828
10472,-13.058587,-13.966698
10473,-11.91364,-16.627094
10474,-14.882147,-14.244047
10475,-11.27978,-12.607831
10476,-12.398723,-14.504053
10477,-12.4259205,-10.889195
10478,-9.826745,-10.940565
10479,-12.824665,-10.806684
10480,-10.48622,-12.390345
10481,-10.4344845,-12.056011
10482,-9.982075,-16.788084
10483,-10.5501,-12.835768
10484,-14.0499,-12.496357
10485,-15.801936,-12.010056
10486,-12.855938,-12.902792
10487,-11.044824,-13.624789
10488,-11.266465,-14.135921
10489,-12.167681,-11.366586
10490,-10.618044,-12.395747
10491,-9.881423,-13.474171
10492,-11.71061,-12.835201
10493,-11.241548,-13.02597
10494,-11.982149,-12.800593
10495,-10.486904,-11.700081
10496,-7.5204887,-10.97069
10497,-7.195274,-12.939109
10498,-9.994306,-13.123604
10499,-10.95555,-16.593534
10500,-14.726987,-14.758513
10501,-18.189703,-13.396548
10502,-15.912609,-13.329246
10503,-17.820517,-13.064508
10504,-16.447294,-10.978859
10505,-16.316835,-17.002092
10506,-13.271982,-14.881341
10507,-12.284635,-14.83293
10508,-13.490573,-14.2061825
10509,-12.610414,-14.764144
10510,-13.2952585,-14.740149
10511,-9.745652,-13.333555
10512,-10.747279,-14.604933
10513,-8.966178,-14.696229
10514,-16.444387,-15.890284
10515,-6.4310875,-16.067331
10516,-10.696922,-17.405598
10517,-8.014407,-12.8682
10518,-6.9082274,-11.803997
10519,-4.541413,-15.499567
10520,-4.282333,-13.333738
10521,-2.2488956,-14.261854
10522,-4.0583425,-14.986584
10523,-4.7315836,-15.603588
10524,-4.262666,-12.95746
10525,-5.061494,-17.455841
10526,-4.2478986,-15.404084
10527,-5.016179,-16.80849
10528,-5.1301236,-15.178359
10529,-4.9860425,-17.629345
10530,-3.8471696,-16.35221
10531,-5.560661,-12.855688
10532,-5.533021,-12.157194
10533,-8.202217,-14.092382
10534,-6.3497663,-13.509945
10535,-2.558669,-14.03571
10536,-4.569854,-17.327433
10537,-1.8632153,-14.55177
10538,-5.2452736,-15.282039
10539,-4.1500034,-15.831511
10540,-2.9948702,-14.266526
10541,-4.147792,-15.40171
10542,-4.1613936,-17.963789
10543,-4.0469365,-12.929614
10544,-2.141043,-14.16179
10545,-2.6607583,-14.850469
10546,-4.7715592,-12.424113
10547,-3.9892845,-16.844536
10548,-3.4001873,-12.072494
10549,-3.2922194,-13.438513
10550,-3.1004956,-14.435433
10551,-3.1535797,-15.631973
10552,-3.5326993,-15.001708
10553,-3.9162595,-14.484715
10554,-7.1024933,-16.156416
10555,-6.6477213,-12.273929
10556,-5.800973,-12.287892
10557,-8.913027,-12.641651
10558,-12.367188,-13.4965925
10559,-9.263326,-14.318887
10560,-8.850725,-11.296591
10561,-10.46494,-13.478903
10562,-7.160512,-12.311431
10563,-4.8298674,-13.91023
10564,-10.833573,-12.184953
10565,-12.806875,-14.336964
10566,-7.828406,-14.078806
10567,-11.952272,-13.651841
10568,-9.040947,-13.061347
10569,-11.669446,-12.638046
10570,-11.148893,-12.108855
10571,-8.263618,-12.841794
10572,-7.1526737,-14.454987
10573,-8.632178,-13.548287
10574,-9.808077,-12.816168
10575,-11.71663,-14.756532
10576,-9.447062,-13.946051
10577,-10.1826515,-12.108699
10578,-10.235422,-12.503293
10579,-6.055998,-11.416471
10580,-9.206726,-14.307839
10581,-14.46184,-12.425612
10582,-9.324893,-14.698897
10583,-11.908726,-15.917727
10584,-9.688433,-16.83166
10585,-10.500626,-14.090863
10586,-11.448231,-15.156013
10587,-11.463217,-12.965328
10588,-7.9689145,-12.54675
10589,-9.446245,-13.8682375
10590,-10.78123,-14.171364
10591,-9.898505,-13.139789
10592,-11.417654,-12.852295
10593,-11.524668,-11.350074
10594,-11.983714,-11.127062
10595,-10.876252,-14.661107
10596,-8.551673,-17.459383
10597,-10.276552,-16.027136
10598,-10.940041,-14.996432
10599,-10.457311,-15.636194
10600,-8.470974,-15.025465
10601,-10.678171,-15.716971
10602,-10.214864,-8.169853
10603,-11.866225,-10.777808
10604,-9.986202,-14.503892
10605,-11.779435,-11.129269
10606,-8.135282,-12.62992
10607,-9.047829,-11.2260275
10608,-11.879496,-13.035175
10609,-10.532362,-10.4379835
10610,-12.217726,-9.916846
10611,-10.996585,-9.825035
10612,-12.658899,-9.8813715
10613,-9.951564,-13.191441
10614,-8.711515,-10.248331
10615,-11.003088,-12.422924
10616,-11.040896,-9.764887
10617,-14.02665,-11.584744
10618,-11.104711,-12.071956
10619,-13.310232,-12.182657
10620,-11.306172,-12.598227
10621,-12.138075,-10.751731
10622,-13.182164,-8.919156
10623,-8.896778,-14.014528
10624,-10.996928,-10.844566
10625,-9.726381,-16.478888
10626,-9.46182,-11.947511
10627,-7.9997396,-12.661972
10628,-7.88608,-13.725724
10629,-6.1391735,-15.506737
10630,-8.540423,-14.043179
10631,-6.4738035,-13.773415
10632,-6.3273606,-12.715875
10633,-8.183632,-13.099117
10634,-7.626635,-15.420604
10635,-9.406705,-10.7465
10636,-11.206113,-12.967622
10637,-8.459737,-15.727585
10638,-8.393259,-16.318449
10639,-6.5090733,-14.541237
10640,-6.37904,-18.032232
10641,-8.60638,-11.674885
10642,-7.7537184,-15.386301
10643,-8.719335,-13.902507
10644,-11.298295,-13.267011
10645,-11.475724,-13.246931
10646,-11.158156,-15.382709
10647,-11.020483,-12.759243
10648,-10.756771,-12.295776
10649,-10.509852,-12.059738
10650,-11.442717,-12.607249
10651,-8.59438,-14.078066
10652,-8.127224,-11.885327
10653,-9.170235,-13.890721
10654,-8.14887,-14.59701
10655,-9.834364,-12.706156
10656,-8.575754,-13.052669
10657,-13.148012,-11.429807
10658,-11.14787,-11.703313
10659,-9.327975,-12.829834
10660,-9.552776,-9.265088
10661,-11.953087,-10.581644
10662,-8.842421,-12.796193
10663,-10.488269,-14.170676
10664,-9.068566,-14.300582
10665,-10.738676,-11.868216
10666,-8.752569,-12.099182
10667,-10.400714,-11.398471
10668,-8.601709,-12.915367
10669,-5.498146,-14.5267515
10670,-8.756549,-11.770074
10671,-6.6804285,-12.879087
10672,-9.8966255,-13.446515
10673,-9.854257,-13.472295
10674,-7.2313876,-16.12475
10675,-5.3806014,-11.083943
10676,-2.874051,-15.936987
10677,-3.02452,-12.808073
10678,-5.3831444,-14.929386
10679,-4.494963,-17.127148
10680,-2.1289368,-16.118828
10681,-5.125463,-14.129235
10682,-6.2997684,-16.976051
10683,-6.528564,-12.169254
10684,-1.2500883,-14.042552
10685,-6.391188,-12.526812
10686,-9.462537,-14.4977
10687,-11.918796,-12.532821
10688,-7.6850133,-13.597562
10689,-8.5719385,-13.001279
10690,-10.36063,-9.511781
10691,-8.547528,-13.034331
10692,-7.5440793,-13.903934
10693,-7.169182,-12.572263
10694,-6.134928,-14.197194
10695,-9.581964,-14.452373
10696,-9.413588,-12.647466
10697,-9.086797,-13.206137
10698,-11.181285,-15.782388
10699,-11.464878,-10.168651
10700,-12.335472,-13.124003
10701,-12.206836,-14.373268
10702,-14.473595,-13.648302
10703,-11.971241,-16.473335
10704,-12.409143,-14.619943
10705,-9.784599,-15.884747
10706,-12.459378,-13.996026
10707,-12.780604,-15.143755
10708,-14.875705,-16.286343
10709,-12.710392,-12.026344
10710,-12.929272,-14.125756
10711,-12.411511,-14.519096
10712,-13.31626,-12.772234
10713,-15.478527,-12.045404
10714,-12.536866,-13.846853
10715,-12.694614,-13.103474
10716,-10.522236,-13.668548
10717,-11.184464,-13.437538
10718,-11.473413,-15.980589
10719,-11.648415,-17.129211
10720,-7.3242917,-17.902138
10721,-9.294169,-16.792551
10722,-13.377331,-14.580766
10723,-11.062926,-14.694626
10724,-12.258334,-15.065933
10725,-13.525139,-12.029972
10726,-12.44508,-14.274978
10727,-12.302467,-13.7643175
10728,-10.171839,-14.752186
10729,-11.189196,-15.141239
10730,-11.370708,-15.127717
10731,-11.741361,-10.651861
10732,-9.1784525,-13.930145
10733,-6.6734543,-14.414121
10734,-9.248018,-12.96877
10735,-7.541071,-15.16016
10736,-5.786447,-13.667397
10737,-8.19717,-15.245271
10738,-10.605147,-16.214209
10739,-7.627532,-13.8542595
10740,-6.5557737,-14.430056
10741,-7.6770124,-12.936122
10742,-5.83858,-13.209721
10743,-3.8629286,-13.534248
10744,-9.021606,-15.361649
10745,-9.050358,-13.390994
10746,-12.455948,-11.895217
10747,-12.335158,-12.420296
10748,-8.671507,-14.28954
10749,-10.108541,-14.4829
10750,-13.437234,-11.3350315
10751,-9.0771675,-12.620438
10752,-11.865394,-15.203901
10753,-13.395512,-16.285894
10754,-15.228147,-14.500805
10755,-15.116246,-14.376236
10756,-18.651304,-14.947271
10757,-23.435215,-13.183838
10758,-22.954239,-14.945207
10759,-23.190739,-13.770073
10760,-22.125168,-14.500246
10761,-23.752731,-9.144483
10762,-21.805067,-10.26904
10763,-19.34367,-12.319834
10764,-19.18872,-13.156464
10765,-21.49321,-15.352527
10766,-20.880865,-14.73432
10767,-23.539646,-14.595183
10768,-21.943623,-13.313576
10769,-17.861698,-13.729261
10770,-23.724953,-14.968699
10771,-24.393862,-13.272711
10772,-26.220608,-10.4413395
10773,-22.768517,-12.192939
10774,-24.3561,-13.405168
10775,-28.337029,-12.27424
10776,-25.93624,-5.911393
10777,-25.233145,-9.57811
10778,-27.336159,-11.178062
10779,-24.370562,-11.532106
10780,-23.471416,-15.332453
10781,-23.357603,-15.176087
10782,-25.138403,-12.939421
10783,-22.133629,-12.223661
10784,-19.091267,-12.579604
10785,-17.677729,-13.1495695
10786,-22.511675,-15.041911
10787,-22.014603,-13.26359
10788,-23.915361,-12.293923
10789,-22.125528,-14.891911
10790,-20.336832,-14.425841
10791,-19.298285,-12.088667
10792,-21.99485,-11.776468
10793,-17.424273,-10.194235
10794,-13.333174,-10.997512
10795,-14.408696,-13.001142
10796,-11.573777,-12.047147
10797,-7.1408396,-13.45719
10798,-4.3197017,-14.529555
10799,-7.519994,-12.315796
10800,-9.970679,-13.169184
10801,-10.5858965,-13.380056
10802,-9.722054,-10.7662945
10803,-6.6067147,-13.74956
10804,-10.66836,-12.888136
10805,-7.1528993,-13.616591
10806,-10.0950775,-13.447406
10807,-10.358075,-12.874789
10808,-11.944858,-14.166744
10809,-9.387056,-12.398571
10810,-12.370697,-11.975172
10811,-12.08881,-10.694773
10812,-9.114607,-10.703825
10813,-9.937607,-12.3524475
10814,-10.69787,-12.732277
10815,-10.581391,-13.713673
10816,-9.046926,-15.461207
10817,-8.438326,-14.30412
10818,-6.5604534,-10.9290085
10819,-6.899334,-9.476149
10820,-8.137285,-12.074466
10821,-10.225887,-15.160439
10822,-9.44101,-8.95865
10823,-11.520272,-11.701884
10824,-11.273694,-11.437848
10825,-10.165016,-14.571752
10826,-11.472413,-13.487104
10827,-9.558212,-14.967313
10828,-13.415302,-16.260698
10829,-11.821985,-13.9758625
10830,-7.8469357,-12.689976
10831,-9.369096,-14.145992
10832,-11.554372,-13.084502
10833,-15.631808,-12.25088
10834,-13.345816,-10.485362
10835,-8.426545,-11.295708
10836,-10.257903,-12.741131
10837,-7.130994,-14.523624
10838,-9.437998,-12.927995
10839,-11.123374,-12.071694
10840,-6.0972657,-13.432289
10841,-5.8660407,-14.577793
10842,-3.637357,-12.224129
10843,-3.7270281,-15.12384
10844,-3.7560074,-13.516844
10845,-4.099572,-14.262098
10846,-1.7999127,-12.295289
10847,-4.169696,-12.9620905
10848,-3.5748549,-12.784652
10849,-4.090132,-15.5173855
10850,-3.5639815,-18.058826
10851,-3.4395754,-14.084455
10852,-3.2673786,-16.039143
10853,-3.9617739,-13.944485
10854,-2.0859666,-13.294594
10855,-2.5833027,-12.395461
10856,-2.4336188,-14.634111
10857,-1.5234126,-13.008502
10858,-2.407106,-14.073107
10859,-0.12440039,-14.329797
10860,-3.627255,-15.016115
10861,-3.4036334,-12.971237
10862,-3.0224903,-13.715772
10863,-1.4336054,-15.522997
10864,-2.2972054,-13.25857
10865,-2.5739865,-13.688357
10866,-2.998722,-12.993653
10867,-0.082164586,-14.525522
10868,-2.4967225,-16.894905
10869,-0.96330655,-11.62867
10870,-3.2558656,-12.561463
10871,-6.2069592,-11.560701
10872,-5.923813,-13.62934
10873,-3.1645455,-13.897724
10874,-4.0400023,-13.359289
10875,-3.9569654,-14.5642
10876,-1.9634851,-14.233794
10877,-4.523346,-13.302241
10878,-3.7454326,-14.279879
10879,-4.238727,-13.786664
10880,-1.0921447,-15.395947
10881,-2.3999166,-15.779275
10882,-3.0991127,-15.9791765
10883,-4.2990904,-12.230987
10884,-3.159437,-12.646979
10885,-1.4319416,-14.134306
10886,-1.6208043,-16.226984
10887,-4.619746,-13.208964
10888,-2.630035,-14.859642
10889,-2.6247516,-14.433555
10890,-1.3527716,-13.81688
10891,-3.6391456,-13.498955
10892,-3.5104554,-14.802324
10893,-5.6810637,-12.806965
10894,-2.933234,-13.603382
10895,-1.1437215,-13.746106
10896,-3.9824436,-15.058862
10897,-2.5214171,-13.6976385
10898,-1.7863106,-14.311115
10899,-4.2981153,-14.8531
10900,-4.8668013,-14.143915
10901,-6.711847,-17.16439
10902,-7.5932117,-16.822218
10903,-7.5219436,-14.024803
10904,-3.4387863,-16.461048
10905,-6.056468,-15.010665
10906,-5.746027,-16.478521
10907,-4.6818542,-14.272229
10908,-1.5266255,-14.630782
10909,-5.2641373,-13.846666
10910,-5.1185856,-14.528955
10911,-4.387636,-15.746611
10912,-7.8141756,-12.818673
10913,-5.7225175,-13.870732
10914,-6.8081837,-11.695718
10915,-3.0157824,-14.960043
10916,-2.3630488,-15.584779
10917,-2.1447608,-11.678593
10918,-1.6382793,-12.84476
10919,-2.9222088,-9.987698
10920,-0.9807436,-10.535561
10921,-3.431076,-11.930336
10922,-5.7656827,-14.366729
10923,-5.817732,-11.047375
10924,-6.888883,-9.770839
10925,-2.434945,-11.703692
10926,-4.0636816,-15.148585
10927,-2.6748614,-10.1869755
10928,-0.20246579,-14.076399
10929,-2.5303433,-14.776679
10930,-0.83936757,-16.332664
10931,-2.992597,-14.390257
10932,1.0358157,-13.486299
10933,-1.2068964,-16.557203
10934,-2.9790583,-17.571619
10935,-0.7123962,-9.157887
10936,-0.81244457,-12.785349
10937,-3.1445403,-11.474136
10938,-2.3592176,-12.631521
10939,-0.58855623,-14.889692
10940,-0.20083044,-13.831198
10941,-2.5623102,-13.439608
10942,-1.5665976,-14.991051
10943,-2.6290276,-13.195701
10944,-2.0465102,-14.42002
10945,-0.10640913,-14.4559555
10946,-0.86406255,-12.574015
10947,1.1119499,-13.399889
10948,-2.5035312,-10.9466305
10949,0.2909327,-12.126846
10950,0.7963194,-13.627577
10951,-1.5361394,-11.99372
10952,0.30694932,-16.063612
10953,0.114576936,-15.845773
10954,0.6097587,-16.764706
10955,-0.7925147,-15.52099
10956,-2.2853785,-14.002359
10957,0.065134354,-18.178158
10958,0.32913756,-16.077393
10959,1.0386652,-16.98329
10960,-0.3184393,-16.258356
10961,-0.4430171,-17.807371
10962,0.3102258,-16.77276
10963,0.9407235,-17.692923
10964,-1.1500514,-16.435356
10965,-2.781631,-17.283543
10966,-1.0561618,-14.393407
10967,-1.4808298,-17.44811
10968,-0.93383783,-16.363792
10969,3.8867016,-14.449066
10970,2.034742,-15.998643
10971,4.6858616,-15.8113985
10972,2.6971748,-15.746859
10973,4.539638,-15.126403
10974,4.956941,-14.988149
10975,4.924131,-14.41485
10976,3.400824,-14.595497
10977,5.0222106,-17.334486
10978,4.1106753,-13.886951
10979,5.548869,-16.801695
10980,5.7825837,-15.482667
10981,5.300689,-18.634424
10982,4.292146,-17.146893
10983,4.665917,-17.498732
10984,6.746321,-16.730747
10985,3.6968272,-18.026653
10986,5.1200943,-18.522303
10987,5.5214334,-19.124165
10988,6.3339033,-16.803308
10989,4.6976967,-16.978773
10990,3.605981,-13.207992
10991,5.1638036,-16.000832
10992,3.1421921,-14.502448
10993,3.7064996,-15.376984
10994,4.8466353,-15.01103
10995,2.9576254,-14.832014
10996,1.7066066,-14.476679
10997,3.23212,-14.969703
10998,2.5535028,-13.947194
10999,3.4646778,-15.22035
11000,3.4736335,-15.427741
11001,3.1180687,-13.579389
11002,5.6310163,-15.422834
11003,5.691713,-13.265053
11004,4.3469925,-12.40688
11005,5.501509,-12.402752
11006,4.307425,-12.59056
11007,3.3697975,-14.789075
11008,4.412307,-11.9439
11009,3.654661,-14.119622
11010,5.517733,-17.084822
11011,5.716694,-17.783978
11012,5.0511656,-15.035195
11013,4.140459,-16.068674
11014,3.818489,-17.061659
11015,3.1197588,-13.991455
11016,3.9495504,-14.922073
11017,4.2677617,-15.610993
11018,5.4110537,-16.339787
11019,7.068801,-13.094162
11020,5.8192644,-17.100927
11021,7.709,-14.347364
11022,4.177468,-15.759696
11023,5.6599274,-15.386064
11024,3.5342233,-14.12367
11025,4.772417,-16.185251
11026,4.8018546,-16.326843
11027,5.2285295,-15.2151785
11028,4.261069,-14.353133
11029,3.4156024,-15.306462
11030,4.5892844,-16.11767
11031,5.582652,-13.505961
11032,4.539577,-13.265942
11033,4.1868796,-14.641868
11034,5.353608,-14.324604
11035,5.6693335,-15.3491125
11036,2.8738995,-13.951291
11037,4.9025264,-15.492715
11038,4.264855,-13.06418
11039,4.154536,-13.990676
11040,5.8772573,-16.058714
11041,4.0716105,-12.632035
11042,4.382618,-13.572061
11043,5.051923,-13.014088
11044,4.61823,-15.630359
11045,5.5068545,-13.400249
11046,5.0004416,-16.37886
11047,5.0031343,-13.987959
11048,5.401527,-14.209463
11049,4.479489,-14.975414
11050,5.2971573,-13.392624
11051,5.541921,-13.732049
11052,6.217597,-13.922475
11053,5.0390105,-16.330942
11054,4.9116616,-16.189642
11055,6.3725843,-12.587778
11056,6.917249,-14.472891
11057,5.7908897,-17.195395
11058,4.363309,-16.354805
11059,4.099436,-13.543722
11060,3.6208174,-17.878456
11061,4.4474354,-13.579535
11062,3.9916983,-11.678962
11063,5.51655,-14.744335
11064,5.7814436,-15.266746
11065,5.5947943,-15.091502
11066,5.5717115,-12.526512
11067,5.8301983,-15.913725
11068,7.6170735,-17.1523
11069,5.0967026,-16.209747
11070,5.3768487,-14.58534
11071,5.801726,-15.123045
11072,4.4725075,-14.9855585
11073,6.194067,-16.279354
11074,5.6241446,-15.895034
11075,5.4626956,-13.289671
11076,4.4437876,-15.508479
11077,4.875358,-15.031748
11078,5.238715,-14.822607
11079,5.4636745,-14.621916
11080,6.146548,-15.88005
11081,6.9838996,-16.823792
11082,6.652654,-14.255123
11083,7.4540796,-15.488103
11084,5.746867,-13.261943
11085,7.6491103,-13.175684
11086,7.089126,-15.511298
11087,4.8722224,-14.673487
11088,7.297171,-14.382071
11089,6.233972,-14.943285
11090,5.5268965,-16.84391
11091,6.2187014,-15.240721
11092,6.2795,-15.241519
11093,6.7238173,-16.369896
11094,6.42955,-14.24582
11095,6.04642,-16.522953
11096,5.623485,-12.24392
11097,7.09946,-12.741228
11098,5.97304,-12.946362
11099,6.3767962,-13.521228
11100,7.7731767,-12.7188425
11101,8.084056,-14.927521
11102,4.814425,-12.15904
11103,5.913829,-14.083074
11104,5.734321,-13.62428
11105,5.591145,-14.724186
11106,4.8473783,-11.836496
11107,5.529004,-14.31455
11108,7.437671,-13.100723
11109,6.345241,-12.723721
11110,5.2827787,-13.146008
11111,5.76221,-14.125942
11112,6.6285543,-14.902137
11113,6.876186,-16.161825
11114,6.896815,-14.10087
11115,6.381632,-13.975939
11116,5.52562,-14.484443
11117,7.347946,-12.925745
11118,7.142919,-12.645063
11119,6.0734687,-16.50424
11120,4.932406,-12.851635
11121,6.2449274,-13.02292
11122,7.048207,-16.002481
11123,6.851812,-13.997129
11124,7.37159,-13.117881
11125,6.350674,-12.833222
11126,6.3153734,-13.5165825
11127,6.1992583,-14.888044
11128,7.3509502,-13.875
11129,6.6895,-13.674971
11130,6.3887963,-14.433967
11131,6.909635,-13.878368
11132,7.9337554,-16.051455
11133,6.436112,-16.07781
11134,6.613308,-15.391496
11135,6.3316665,-16.455692
11136,7.676186,-14.642976
11137,6.8004174,-10.961222
11138,6.9839554,-10.659354
11139,7.0635304,-12.3616
11140,4.9668484,-15.66628
11141,5.26156,-14.446856
11142,6.192698,-13.76668
11143,6.237514,-11.834144
11144,6.171828,-15.587822
11145,6.393831,-14.3137865
11146,5.4055314,-13.13567
11147,8.139886,-14.516477
11148,5.6694646,-13.090081
11149,7.1949167,-13.606478
11150,8.242731,-12.612639
11151,6.5221467,-17.151855
11152,7.096923,-14.4814005
11153,8.541737,-16.194328
11154,6.6658416,-13.85558
11155,5.72564,-17.254719
11156,6.8788853,-19.893097
11157,7.6823792,-17.344858
11158,7.2825327,-14.898785
11159,7.037206,-15.8176
11160,6.746819,-13.704183
11161,6.696518,-14.461583
11162,7.0556917,-14.97524
11163,8.037541,-13.088834
11164,5.579255,-14.01267
11165,8.675199,-14.464483
11166,7.7428007,-15.124342
11167,6.8855886,-14.175254
11168,7.821229,-16.115257
11169,6.150232,-15.147271
11170,6.109253,-15.143483
11171,6.057892,-16.95538
11172,5.687205,-16.216022
11173,5.53313,-13.399176
11174,6.3959246,-14.419738
11175,5.783652,-15.922536
11176,4.028791,-14.306178
11177,2.9556005,-12.716476
11178,4.5826216,-14.983448
11179,4.9551735,-13.124491
11180,4.9041333,-16.168211
11181,4.68794,-17.295298
11182,3.6941192,-15.181656
11183,3.673095,-18.04495
11184,6.197059,-16.6033
11185,2.9516628,-15.679352
11186,2.0800843,-15.141543
11187,3.375182,-15.72621
11188,4.7861896,-14.404556
11189,3.9861834,-13.296291
11190,4.4920483,-16.464638
11191,3.6734703,-17.514837
11192,3.5303125,-15.359837
11193,2.6272936,-15.025713
11194,3.7409272,-13.564019
11195,3.4260578,-12.620196
11196,2.6541448,-17.38859
11197,4.824961,-15.853536
11198,3.3296852,-14.313228
11199,5.7656555,-13.84143
11200,4.941123,-13.883532
11201,3.4883232,-14.952901
11202,1.9940566,-15.609157
11203,2.9300573,-16.43988
11204,2.8125308,-18.941135
11205,3.5673223,-14.567521
11206,1.9340456,-13.734026
11207,1.9797121,-16.183128
11208,0.75739896,-13.044132
11209,3.3522825,-14.676616
11210,1.7441653,-13.399085
11211,4.364644,-16.164076
11212,4.5644097,-15.243852
11213,3.364822,-14.003244
11214,2.8372211,-13.417578
11215,2.7869558,-11.994341
11216,4.3101177,-14.821693
11217,6.4259205,-14.587013
11218,6.414821,-12.296544
11219,6.4256043,-14.736002
11220,4.0101767,-15.491146
11221,5.186109,-15.22931
11222,4.840371,-12.937336
11223,5.2413497,-12.297029
11224,2.7115078,-15.108252
11225,3.5223513,-13.722161
11226,4.054623,-11.985266
11227,3.2038429,-10.506193
11228,4.512527,-13.117088
11229,3.701544,-13.817878
11230,3.1365025,-11.005546
11231,4.2037625,-14.481478
11232,3.8693893,-12.796922
11233,3.078072,-13.423653
11234,3.4642313,-13.236828
11235,5.0538545,-14.504635
11236,4.4131308,-14.051361
11237,3.3428576,-12.349873
11238,5.820975,-15.410574
11239,4.0714355,-15.096415
11240,4.6765685,-12.9305935
11241,5.312865,-14.687734
11242,4.4941545,-14.378028
11243,4.0871377,-15.073429
11244,4.750927,-15.362351
11245,4.1998796,-15.3559475
11246,5.771484,-15.89443
11247,4.824842,-14.041739
11248,5.047558,-15.5263815
11249,5.4944468,-15.472857
11250,4.6306477,-12.678051
11251,4.531074,-15.039657
11252,3.9531908,-12.849574
11253,3.721342,-13.8810835
11254,5.0547256,-15.308883
11255,3.514774,-14.697283
11256,4.993076,-14.682364
11257,3.2119348,-15.720254
11258,5.585856,-16.386898
11259,5.255749,-16.164587
11260,5.3349166,-14.787554
11261,4.737565,-12.778488
11262,6.7417636,-14.156671
11263,5.8390803,-14.134257
11264,5.7813163,-12.526023
11265,4.390767,-14.754369
11266,4.7264495,-13.43359
11267,4.6479306,-11.2795315
11268,5.1312923,-13.880185
11269,4.2848125,-10.329523
11270,4.541378,-9.599736
11271,5.612137,-12.3859
11272,7.573747,-14.561256
11273,4.1190753,-15.524693
11274,3.7984731,-12.696808
11275,4.119899,-12.337708
11276,6.3770676,-13.380022
11277,5.947828,-12.46925
11278,5.596993,-10.29975
11279,5.0270014,-14.867927
11280,6.555975,-17.122776
11281,3.6625822,-11.039037
11282,5.2192144,-14.723383
11283,7.266736,-15.349846
11284,5.8760405,-15.171074
11285,5.737483,-14.249743
11286,6.6084332,-14.665156
11287,5.9179525,-15.32061
11288,7.1154103,-12.850958
11289,6.9457426,-11.610118
11290,7.6803007,-14.226029
11291,6.0270996,-15.531807
11292,4.97272,-13.185767
11293,4.6229067,-13.40374
11294,5.9563093,-12.468961
11295,5.071853,-13.656193
11296,5.3302383,-15.388019
11297,6.4018707,-13.665201
11298,5.1182036,-13.976697
11299,4.7633343,-13.005369
11300,6.1709027,-15.128048
11301,5.418955,-14.959037
11302,5.518578,-16.774107
11303,4.9664993,-12.945957
11304,4.355671,-13.532686
11305,4.714832,-14.153904
11306,5.7155104,-12.380845
11307,6.7254667,-13.242782
11308,4.901885,-15.61804
11309,5.319302,-15.365324
11310,6.672119,-16.540018
11311,4.9711585,-15.231937
11312,5.1269245,-15.43999
11313,4.4989285,-13.850732
11314,6.3854437,-13.062296
11315,4.459653,-13.66434
11316,6.0664196,-14.401244
11317,4.583104,-12.732788
11318,4.2327237,-15.227343
11319,6.444172,-14.620401
11320,4.074943,-13.0198965
11321,5.0780377,-10.728399
11322,4.295815,-12.462618
11323,4.5191083,-15.725405
11324,5.8890023,-14.281996
11325,6.247189,-13.841103
11326,7.065763,-11.5807495
11327,7.2825522,-13.064466
11328,7.185685,-15.550693
11329,6.1959405,-14.445314
11330,4.224093,-14.051054
11331,5.8616786,-16.556839
11332,5.970628,-15.8379135
11333,6.1062655,-13.450303
11334,6.5666633,-14.631339
11335,6.3308845,-15.765792
11336,6.0454707,-16.69351
11337,6.002256,-16.33184
11338,5.5394335,-15.713495
11339,4.8255587,-19.016966
11340,6.924858,-18.079353
11341,5.6269717,-16.303267
11342,5.252733,-16.055498
11343,5.6715574,-16.34181
11344,7.2812696,-16.283634
11345,7.7584405,-14.017475
11346,5.7153873,-18.546394
11347,6.272939,-16.099138
11348,7.2632494,-17.107319
11349,5.4538627,-16.710093
11350,4.559597,-12.679819
11351,5.815111,-15.522568
11352,5.8345566,-18.97388
11353,3.6023867,-16.382063
11354,5.178055,-15.569502
11355,4.9015045,-14.6733265
11356,5.364082,-17.762999
11357,5.86342,-14.2456875
11358,5.690117,-15.871934
11359,6.3029923,-15.188327
11360,6.240796,-17.041388
11361,5.505771,-14.466386
11362,5.9326754,-18.243551
11363,5.675198,-16.911726
11364,5.082706,-15.829126
11365,3.9019954,-16.588385
11366,5.8760715,-18.554308
11367,5.1563716,-15.785184
11368,4.7657185,-16.326498
11369,4.8217735,-13.073802
11370,6.1951375,-17.772161
11371,6.4683557,-14.213231
11372,4.9652286,-14.525809
11373,5.7144594,-14.187069
11374,6.200133,-16.767168
11375,5.1208014,-17.19666
11376,5.9212527,-15.022798
11377,5.272103,-14.774607
11378,7.5469136,-16.46578
11379,4.484578,-17.515488
11380,3.712343,-15.4917555
11381,5.1190095,-16.074203
11382,4.623274,-14.668407
11383,6.063156,-15.281929
11384,5.437091,-17.195257
11385,4.6549444,-16.336355
11386,4.7609096,-13.425092
11387,5.39656,-14.629722
11388,5.1313543,-17.002932
11389,4.798053,-13.444488
11390,5.1115704,-14.805863
11391,6.1154966,-16.937399
11392,7.2513413,-15.364039
11393,7.102667,-16.857895
11394,3.999269,-15.51424
11395,6.8662205,-14.009802
11396,5.6557255,-17.391449
11397,5.7690043,-17.301712
11398,5.60025,-15.4918
11399,3.6937234,-14.225672
11400,5.0969605,-16.767612
11401,5.8708706,-16.84789
11402,6.1317873,-17.146656
11403,5.943021,-15.374619
11404,5.384162,-14.2074175
11405,5.910174,-15.41107
11406,5.3930387,-14.907674
11407,3.9825416,-13.857314
11408,4.004509,-14.491997
11409,4.878983,-15.38301
11410,5.3491936,-16.782116
11411,4.724344,-13.554116
11412,4.49178,-17.217562
11413,4.505452,-17.585028
11414,5.012729,-18.345337
11415,6.2138214,-16.654285
11416,5.8490252,-16.57546
11417,5.2876472,-11.55014
11418,4.1222644,-16.547989
11419,4.3570127,-15.265893
11420,5.1111836,-16.00164
11421,4.7148905,-13.978933
11422,4.0543666,-13.254578
11423,4.440721,-16.473106
11424,3.5670156,-15.984192
11425,3.7099035,-14.899939
11426,3.2582405,-11.868212
11427,4.5566444,-14.156677
11428,4.5125327,-15.698792
11429,5.5345535,-15.602829
11430,3.3048787,-16.440458
11431,5.441124,-14.332469
11432,4.8120546,-15.614446
11433,5.145206,-15.765222
11434,4.871636,-12.995922
11435,5.032343,-16.073275
11436,5.121152,-15.337321
11437,4.9060645,-16.316952
11438,4.1768475,-10.950229
11439,5.0546684,-11.314133
11440,5.8343077,-15.229849
11441,3.993719,-13.6456995
11442,5.084886,-14.806775
11443,6.4348755,-11.0103035
11444,6.0922647,-10.085461
11445,5.058042,-14.008137
11446,6.033503,-15.45812
11447,8.248381,-16.467424
11448,6.139261,-15.384217
11449,4.061963,-17.917728
11450,3.694587,-15.284042
11451,6.001394,-11.891693
11452,6.166507,-14.165793
11453,5.0779285,-15.836284
11454,5.150814,-15.871236
11455,4.7858515,-13.934245
11456,5.4242344,-13.805673
11457,5.2721434,-14.663384
11458,3.989012,-13.966618
11459,5.078787,-16.794474
11460,4.162602,-15.950815
11461,5.621367,-14.97176
11462,5.092737,-14.713434
11463,5.8372765,-15.2188635
11464,6.315982,-13.201504
11465,5.9868727,-15.847289
11466,5.918862,-13.188214
11467,5.6418114,-13.214057
11468,4.7436814,-13.867883
11469,5.609716,-13.244386
11470,5.290369,-11.223551
11471,6.1827493,-10.928687
11472,5.89919,-14.641377
11473,4.6193533,-15.1699095
11474,6.7568655,-16.136042
11475,5.339861,-16.294415
11476,5.7661633,-16.005856
11477,6.3591547,-16.552706
11478,5.994006,-15.693963
11479,6.9658413,-14.272996
11480,7.451704,-15.282391
11481,6.513598,-13.111871
11482,4.804006,-15.3879385
11483,4.2739854,-15.471408
11484,3.9380898,-15.2369795
11485,4.180421,-16.744642
11486,4.7454243,-17.334332
11487,6.501062,-13.979168
11488,6.2235866,-16.378975
11489,6.018609,-13.730657
11490,4.9265823,-15.910802
11491,6.1839404,-14.523446
11492,5.74857,-12.460727
11493,5.3985868,-12.906279
11494,6.370157,-15.040509
11495,5.083026,-14.625688
11496,5.900035,-14.797071
11497,5.270476,-17.824896
11498,5.7307277,-15.286789
11499,5.4585443,-16.237354
11500,5.82548,-16.73619
11501,5.184013,-17.093216
11502,5.2324634,-15.028922
11503,6.234012,-15.723077
11504,6.292661,-16.328074
11505,4.6766863,-14.618173
11506,5.1197104,-16.832277
11507,6.4852095,-17.306902
11508,4.5252366,-19.24194
11509,6.2209516,-18.23758
11510,5.074176,-17.023611
11511,6.8294597,-17.228186
11512,6.505921,-15.516832
11513,4.2264757,-17.922733
11514,5.1470885,-19.768414
11515,4.3768067,-22.079588
11516,3.4621034,-20.240664
11517,4.5305934,-17.939999
11518,5.6422787,-19.471174
11519,3.0669067,-19.831148
11520,3.7694082,-16.501184
11521,4.9174747,-17.59861
11522,3.827447,-16.52725
11523,3.6077034,-17.937912
11524,4.1202307,-20.409454
11525,3.8302236,-16.11656
11526,3.9467053,-16.397083
11527,5.9124823,-15.715749
11528,5.5102963,-16.289282
11529,3.6706634,-15.89967
11530,2.8351138,-16.58394
11531,4.7784553,-16.474186
11532,3.1578715,-16.797205
11533,1.3884085,-18.57401
11534,4.0804257,-17.82388
11535,4.8808136,-20.05774
11536,4.7138734,-18.38131
11537,4.2227793,-18.559242
11538,3.5222218,-21.865679
11539,3.71612,-18.81052
11540,2.9205241,-21.372528
11541,3.644587,-19.936932
11542,5.2936487,-21.099583
11543,4.2479944,-20.865814
11544,3.4986353,-19.228767
11545,4.458678,-17.195812
11546,4.0891647,-20.065031
11547,4.2914066,-21.71375
11548,3.730574,-17.677525
11549,4.1525764,-21.4676
11550,4.0545454,-19.647795
11551,4.7131515,-19.380238
11552,4.6198077,-19.744278
11553,5.5569487,-20.13816
11554,5.0516067,-21.385677
11555,4.693505,-19.453522
11556,2.9834528,-16.481556
11557,6.09655,-16.857895
11558,4.458236,-16.374245
11559,4.32561,-17.201485
11560,6.179416,-16.392794
11561,5.831749,-19.855211
11562,6.2479258,-19.866693
11563,4.2096534,-19.259758
11564,5.012401,-18.857893
11565,4.636856,-19.139805
11566,4.324096,-15.961226
11567,5.2308927,-18.549793
11568,4.1931276,-19.24199
11569,5.079516,-15.739468
11570,4.75268,-18.954771
11571,4.524463,-18.039852
11572,5.2922406,-20.495094
11573,4.841041,-19.216225
11574,3.24439,-20.701223
11575,3.8008256,-18.13477
11576,4.305284,-19.82029
11577,4.5454493,-17.810171
11578,5.452551,-13.139086
11579,4.1206045,-13.639708
11580,3.4139235,-16.33213
11581,5.029667,-16.444849
11582,5.531601,-14.050047
11583,5.737054,-16.651842
11584,5.1190143,-15.948866
11585,4.8936496,-15.587014
11586,4.0930276,-16.007051
11587,4.546683,-15.336089
11588,4.0363474,-14.832605
11589,5.270043,-18.221075
11590,5.380694,-16.663746
11591,4.6400113,-15.4041815
11592,6.350678,-14.661824
11593,5.561146,-13.200467
11594,4.7842865,-13.680975
11595,6.753641,-16.274582
11596,6.0178065,-15.597695
11597,4.6537313,-15.579544
11598,6.214128,-15.396329
11599,4.5271707,-9.876662
11600,4.8243394,-12.140852
11601,3.8877666,-13.413425
11602,4.017326,-13.674403
11603,6.284879,-16.169167
11604,5.9611325,-14.080163
11605,5.1130667,-14.194336
11606,5.170508,-19.035938
11607,6.0463243,-17.140776
11608,6.542009,-16.987253
11609,5.1473,-16.433554
11610,3.5560334,-11.479578
11611,4.6800117,-14.332643
11612,6.729299,-15.189771
11613,5.915124,-13.500837
11614,5.729298,-11.891093
11615,5.3501234,-12.718803
11616,5.743537,-16.69013
11617,3.536287,-11.135648
11618,4.6466446,-13.945066
11619,3.9185498,-15.085385
11620,5.974645,-17.192553
11621,5.709853,-16.778625
11622,4.2171803,-17.34009
11623,4.7326202,-20.28455
11624,3.4657443,-19.099102
11625,6.1468105,-19.498304
11626,4.5682282,-17.226925
11627,3.9755175,-17.696665
11628,5.932661,-17.03628
11629,6.175156,-18.002901
11630,6.2844133,-15.823345
11631,6.350711,-18.032694
11632,4.704732,-16.602575
11633,4.585218,-17.158987
11634,4.1568513,-20.145658
11635,5.150815,-17.680328
11636,6.43758,-18.264273
11637,4.696174,-19.689316
11638,3.2933195,-16.39425
11639,3.9556339,-15.63568
11640,4.3116307,-13.3491535
11641,5.663667,-16.7237
11642,4.148472,-17.15455
11643,4.6254616,-15.852562
11644,5.672875,-17.729912
11645,5.61914,-18.426697
11646,4.670138,-17.47866
11647,5.4050016,-18.916815
11648,5.307242,-17.605726
11649,4.8982515,-17.175753
11650,6.0708127,-18.721008
11651,6.1761713,-19.372189
11652,6.212218,-18.400105
11653,4.877635,-16.34847
11654,4.923776,-17.147812
11655,5.0697355,-16.932045
11656,4.916051,-17.496836
11657,5.847351,-17.569857
11658,5.093496,-17.008657
11659,4.9214067,-17.166079
11660,5.5394444,-18.603184
11661,5.7909203,-17.178066
11662,4.767297,-18.798912
11663,5.402803,-17.333807
11664,3.991371,-16.125513
11665,4.681874,-16.889404
11666,6.005811,-17.602072
11667,5.701779,-15.716333
11668,6.112737,-16.739103
11669,5.0112705,-17.422138
11670,4.4489927,-16.742727
11671,6.3111258,-15.25052
11672,5.4604874,-15.590371
11673,7.1246924,-16.132872
11674,5.9460635,-14.970877
11675,5.59477,-13.703127
11676,5.35889,-17.092083
11677,4.9321785,-15.748278
11678,6.2306957,-14.305093
11679,5.3872747,-15.803273
11680,5.2138305,-13.96515
11681,6.660258,-15.527369
11682,4.1401153,-15.408186
11683,5.443316,-15.899654
11684,5.1265945,-16.391184
11685,4.7053685,-11.945327
11686,5.5206375,-14.113747
11687,4.819255,-15.535915
11688,4.929149,-15.682337
11689,5.627525,-13.204902
11690,4.404683,-13.818846
11691,5.7817764,-14.637276
11692,4.379173,-15.926306
11693,4.490514,-13.419273
11694,5.6650696,-14.353051
11695,4.8557415,-14.525817
11696,6.7935653,-12.807228
11697,7.841024,-13.654948
11698,6.4087877,-13.050151
11699,7.9358673,-10.204388
11700,7.6074276,-11.83264
11701,7.2403035,-12.709066
11702,5.4711847,-13.029383
11703,6.789963,-12.354197
11704,5.006193,-14.674802
11705,7.6543007,-16.999825
11706,5.1635594,-15.8541765
11707,7.0248966,-13.246644
11708,4.187652,-12.202083
11709,5.262037,-15.876458
11710,5.5851064,-17.006102
11711,4.5552897,-16.04787
11712,5.1495104,-15.150911
11713,4.855185,-14.947054
11714,1.6249181,-13.538776
11715,5.559634,-14.830335
11716,5.1477013,-15.366605
11717,4.613555,-13.365002
11718,5.1981316,-15.776459
11719,3.3077497,-15.651388
11720,3.7497303,-16.284893
11721,3.6886208,-15.134944
11722,6.048447,-14.667567
11723,5.5807786,-18.765453
11724,5.1306705,-19.45245
11725,5.4039288,-18.022427
11726,4.3935447,-16.891832
11727,5.620779,-17.141481
11728,4.856807,-19.311722
11729,4.631675,-14.352865
11730,4.1634493,-13.525287
11731,3.7273138,-13.51318
11732,4.668384,-12.273468
11733,3.3168347,-13.725501
11734,4.3330336,-13.665061
11735,4.151519,-13.90502
11736,3.0275946,-12.492289
11737,4.514135,-10.852695
11738,3.9345126,-14.206874
11739,3.9794176,-14.619933
11740,4.5542808,-12.593239
11741,4.6757445,-14.503562
11742,6.0887027,-17.276585
11743,4.9881787,-16.366777
11744,4.7492013,-17.915983
11745,4.808972,-16.573935
11746,6.177791,-15.877171
11747,3.5565345,-15.00022
11748,5.3537073,-16.933174
11749,3.8208477,-15.87397
11750,4.7798176,-14.677475
11751,5.656625,-17.584183
11752,5.064482,-16.78508
11753,4.9935465,-16.489687
11754,3.945143,-16.08475
11755,5.327998,-15.614971
11756,5.0356197,-14.298389
11757,4.792941,-16.134335
11758,3.519397,-13.6678295
11759,3.4993913,-15.513606
11760,4.339296,-17.014206
11761,5.00619,-14.131098
11762,5.2255025,-16.269316
11763,5.7902894,-13.263005
11764,4.7647104,-14.858911
11765,4.5350747,-17.241732
11766,5.053773,-17.20096
11767,5.156924,-15.666907
11768,4.1366863,-15.662735
11769,4.3868327,-15.392648
11770,4.1030073,-17.605255
11771,6.1621246,-12.991904
11772,2.6932952,-12.064543
11773,5.1730266,-14.803173
11774,4.3659053,-10.284294
11775,5.60675,-13.567161
11776,3.7746196,-13.542826
11777,5.9935308,-14.222506
11778,6.5296826,-15.84434
11779,5.648408,-13.151336
11780,5.923211,-10.9283695
11781,6.1292415,-13.486795
11782,5.6827464,-13.530316
11783,6.155842,-14.022417
11784,5.802112,-15.747968
11785,5.7589498,-15.845106
11786,5.118533,-13.141251
11787,6.261129,-15.208913
11788,5.2364845,-14.772349
11789,4.6010804,-15.810229
11790,5.3789306,-15.472754
11791,5.7898183,-16.407095
11792,3.842049,-17.985432
11793,4.3991055,-14.577553
11794,4.8553643,-14.555193
11795,4.319405,-16.636505
11796,5.7321587,-13.814559
11797,4.979002,-17.448318
11798,5.6558924,-15.298342
11799,3.6540487,-14.489953
11800,5.397575,-14.737995
11801,5.662513,-11.352159
11802,5.1137757,-12.684594
11803,4.308588,-12.703293
11804,5.200182,-16.46234
11805,5.5943356,-13.843249
11806,4.4723115,-11.974765
11807,4.9407673,-12.937237
11808,6.341926,-16.14502
11809,3.941398,-15.019029
11810,5.398717,-13.96789
11811,5.095756,-15.19412
11812,3.3634453,-14.859477
11813,2.536591,-11.189091
11814,6.159937,-11.018305
11815,5.8864894,-15.294883
11816,5.290324,-12.192092
11817,6.4204726,-14.178142
11818,4.7543044,-12.918275
11819,3.789059,-12.780945
11820,5.1912766,-11.861713
11821,2.8111532,-12.797025
11822,2.2791476,-11.888521
11823,2.2650235,-11.23528
11824,2.2184892,-12.539012
11825,3.544072,-12.375824
11826,4.8232126,-12.383679
11827,4.7101364,-12.608938
11828,5.3567705,-11.976267
11829,6.3939824,-12.134487
11830,2.4251058,-15.487519
11831,5.4309688,-15.409515
11832,2.628134,-15.191685
11833,3.6482546,-13.76401
11834,3.208227,-15.776079
11835,1.731926,-14.238033
11836,0.7912788,-13.052021
11837,2.5915837,-13.669633
11838,2.6522758,-14.082298
11839,3.2706347,-13.383689
11840,4.2648225,-15.524035
11841,3.0879865,-16.610754
11842,4.696788,-15.453835
11843,3.6911275,-16.684397
11844,4.1533604,-15.345201
11845,3.5307674,-15.008073
11846,5.021379,-13.350882
11847,3.7129896,-13.644534
11848,4.8394003,-12.651292
11849,5.4691267,-14.017223
11850,5.3184147,-15.737507
11851,6.200756,-13.660757
11852,3.1732788,-17.220625
11853,4.228776,-14.1590185
11854,5.366222,-14.903485
11855,4.838749,-15.522707
11856,4.7077465,-14.167021
11857,5.349065,-15.509834
11858,5.7994313,-14.133352
11859,5.7056713,-14.218577
11860,4.606164,-14.514859
11861,4.1570144,-17.048908
11862,4.6445217,-17.714188
11863,3.6588018,-14.955784
11864,4.0141115,-14.017694
11865,3.0558887,-16.634815
11866,3.2754416,-16.906271
11867,4.6053534,-14.255161
11868,4.5471306,-14.890039
11869,5.3410163,-17.494387
11870,5.418226,-14.353442
11871,7.3548417,-15.29149
11872,6.2870283,-11.723545
11873,5.0036416,-16.000484
11874,4.486916,-16.358002
11875,6.061527,-17.624706
11876,5.093149,-18.402481
11877,5.530755,-17.842196
11878,4.115122,-13.084078
11879,2.590065,-14.764433
11880,4.7707667,-17.306433
11881,5.414355,-16.420513
11882,5.816932,-17.070618
11883,5.6027226,-17.78537
11884,4.970243,-17.834118
11885,4.1656237,-15.107764
11886,4.817988,-17.615185
11887,5.3325305,-18.292936
11888,4.170101,-17.030888
11889,6.1251206,-17.764189
11890,3.5676336,-14.296067
11891,5.1164374,-15.012794
11892,2.50734,-17.118908
11893,4.3420253,-16.686447
11894,7.0469127,-19.252617
11895,6.931775,-17.537819
11896,6.0967383,-18.113844
11897,5.0003486,-17.74145
11898,3.434448,-18.251297
11899,4.9158187,-17.953144
11900,3.767244,-19.175026
11901,6.127821,-18.658007
11902,5.7991676,-19.516264
11903,4.6532593,-17.326921
11904,4.277006,-16.166765
11905,6.2581444,-20.923775
11906,4.0032063,-18.462305
11907,4.4154673,-16.806627
11908,5.257352,-19.196373
11909,5.181227,-17.442133
11910,6.0943885,-17.065525
11911,4.752873,-18.000021
11912,4.9268436,-16.837233
11913,4.838551,-18.679453
11914,6.1433496,-20.323221
11915,4.7162905,-19.294407
11916,5.870335,-18.678493
11917,4.370525,-19.66255
11918,4.8380256,-18.659372
11919,4.3433466,-16.350023
11920,4.931009,-16.87728
11921,4.748838,-18.604528
11922,3.455772,-17.633139
11923,4.811979,-21.078716
11924,4.6180058,-21.415327
11925,4.907138,-20.98785
11926,4.650353,-20.008049
11927,5.3654833,-20.4985
11928,3.06523,-19.076214
11929,4.954059,-16.586739
11930,3.664854,-17.73711
11931,7.306036,-14.751491
11932,5.1517687,-16.565134
11933,4.0469546,-19.323185
11934,5.0065465,-18.696955
11935,6.428783,-19.546246
11936,5.9332566,-19.062347
11937,5.174398,-16.578794
11938,6.081693,-17.410149
11939,4.6154943,-20.737518
11940,6.2404814,-18.95625
11941,5.0800304,-16.100695
11942,5.711103,-14.024245
11943,5.6666,-15.824211
11944,5.6475344,-13.507135
11945,6.5730543,-17.256296
11946,7.331828,-17.729706
11947,6.2367296,-19.555199
11948,4.7142277,-14.168089
11949,5.0483932,-18.47186
11950,4.935245,-17.869656
11951,5.154164,-19.848297
11952,5.6470237,-20.669676
11953,3.7459009,-20.044287
11954,5.9213676,-22.162699
11955,6.2338753,-17.505484
11956,6.03227,-19.391129
11957,4.7990246,-19.067106
11958,6.1569066,-21.951494
11959,4.6422424,-19.686895
11960,5.9138074,-19.263113
11961,3.8693597,-16.47465
11962,5.4134216,-19.861258
11963,5.527487,-19.364445
11964,4.9517555,-19.418201
11965,5.0148,-20.055038
11966,6.407987,-17.478764
11967,6.718721,-15.707272
11968,6.881369,-14.508975
11969,5.433589,-14.719318
11970,5.81167,-18.137476
11971,6.6098475,-19.287285
11972,7.1853943,-20.13054
11973,7.6033254,-19.635784
11974,6.414176,-16.893547
11975,5.2263956,-16.324179
11976,6.322749,-16.155613
11977,4.9207277,-17.699434
11978,6.294431,-18.474346
11979,5.651163,-16.091532
11980,6.491459,-16.180727
11981,5.136622,-16.021864
11982,6.3383083,-15.3323
11983,5.1555,-18.472113
11984,6.5649934,-16.817839
11985,5.9717016,-17.86814
11986,7.5866756,-17.173555
11987,5.8431873,-16.66447
11988,5.5063252,-18.22904
11989,6.1301312,-16.63739
11990,7.2046404,-15.717775
11991,5.1580834,-14.560485
11992,6.592418,-17.100195
11993,6.7243156,-18.729353
11994,5.9570804,-19.930426
11995,6.82585,-21.243
11996,6.3551955,-17.998444
11997,6.0654645,-19.507587
11998,7.6631436,-17.469807
11999,5.9328156,-18.56316
12000,6.723397,-23.08074
12001,5.3587403,-21.590006
12002,7.117912,-20.597836
12003,6.5579767,-19.210686
12004,5.176406,-14.703013
12005,6.157581,-19.574747
12006,5.6713877,-19.814024
12007,6.677169,-18.386023
12008,5.609513,-17.959253
12009,5.4938817,-18.604755
12010,7.5245724,-17.23818
12011,6.71682,-17.74704
12012,6.2217236,-17.087646
12013,6.542622,-20.323446
12014,6.7649026,-20.08159
12015,7.729594,-18.779366
12016,6.3235846,-19.43598
12017,7.194409,-18.370655
12018,7.0338883,-21.33929
12019,6.103202,-19.887383
12020,6.3197184,-20.126064
12021,6.4733477,-16.982143
12022,5.8582015,-19.648611
12023,6.1864285,-19.22611
12024,6.9159985,-22.285307
12025,5.842421,-21.366632
12026,5.4467535,-16.715834
12027,6.531518,-18.817093
12028,6.8743353,-20.275797
12029,6.1107345,-19.67417
12030,5.0497127,-16.523996
12031,6.0488153,-17.454487
12032,6.3905144,-17.465137
12033,7.294705,-17.915747
12034,7.2569213,-19.160126
12035,6.8961453,-17.069628
12036,6.009154,-23.378187
12037,6.398218,-19.236717
12038,6.5268803,-21.886974
12039,6.1921806,-20.526005
12040,8.101626,-16.709185
12041,6.786506,-17.297297
12042,6.812277,-15.071265
12043,6.6090417,-17.878042
12044,5.001395,-15.226021
12045,5.6407924,-18.680458
12046,4.0584016,-15.747325
12047,3.0210521,-15.932993
12048,5.5283732,-18.443214
12049,6.176409,-19.284496
12050,5.8706775,-17.239607
12051,5.9311123,-17.237644
12052,4.98022,-17.678062
12053,6.196459,-19.309685
12054,5.8309746,-20.718307
12055,6.7868266,-17.812788
12056,7.3321714,-18.069664
12057,5.924155,-18.41637
12058,7.007062,-19.502693
12059,6.3721056,-20.467094
12060,6.733085,-21.860394
12061,5.1291246,-19.451427
12062,5.9292645,-19.225657
12063,6.0888057,-19.837439
12064,6.985202,-20.282692
12065,5.073655,-18.22493
12066,6.4415827,-17.877
12067,5.0569563,-18.322487
12068,4.5916553,-19.190142
12069,4.945363,-18.19078
12070,5.7697725,-17.760704
12071,5.670884,-19.405077
12072,6.3961005,-18.101355
12073,4.926238,-13.332391
12074,5.617805,-17.529724
12075,6.4210134,-16.549776
12076,5.5187607,-17.77174
12077,6.4587173,-16.453192
12078,6.2703667,-17.137539
12079,5.792927,-17.768583
12080,6.4388924,-17.01226
12081,6.4435062,-19.278067
12082,5.202247,-18.465342
12083,6.1887875,-16.096666
12084,5.8470645,-14.4133215
12085,5.8153343,-15.840928
12086,6.090876,-16.713476
12087,7.754321,-16.985428
12088,5.1795874,-15.709417
12089,4.544654,-14.719173
12090,5.2132444,-17.54228
12091,6.277475,-14.802238
12092,5.8702574,-16.966074
12093,6.3293686,-14.706169
12094,4.7398205,-14.544846
12095,6.2814627,-16.881666
12096,5.8372483,-15.774136
12097,4.8154144,-13.612665
12098,6.1937814,-12.174261
12099,5.602067,-15.87586
12100,5.589663,-11.98019
12101,4.84509,-15.501762
12102,5.119213,-13.91518
12103,5.3111362,-13.747041
12104,6.7096868,-18.795357
12105,5.593095,-17.757538
12106,4.841589,-18.388676
12107,7.2048736,-18.406748
12108,6.664224,-19.220804
12109,5.0972557,-13.557332
12110,6.0571365,-16.516827
12111,6.38037,-18.612137
12112,5.1138844,-14.008098
12113,6.837119,-18.730564
12114,5.634143,-16.286915
12115,7.2135005,-19.422533
12116,6.3160667,-17.450182
12117,5.714594,-17.776342
12118,5.887309,-16.17469
12119,6.8440723,-15.671169
12120,5.325444,-17.287544
12121,6.0578346,-20.255442
12122,7.237129,-17.010487
12123,5.716984,-19.437382
12124,7.3635955,-17.593502
12125,6.341611,-16.467804
12126,6.3258343,-18.080704
12127,7.0871625,-15.201558
12128,7.593618,-16.758352
12129,5.840648,-13.481961
12130,7.893937,-15.9312105
12131,7.691517,-17.67244
12132,7.314741,-19.381203
12133,5.9732394,-18.232435
12134,6.4985743,-18.219835
12135,8.049797,-17.59207
12136,6.1566367,-15.888074
12137,6.644563,-18.321247
12138,5.8216524,-18.075233
12139,6.448475,-18.126472
12140,5.292569,-17.219658
12141,6.7748036,-18.328926
12142,5.888133,-17.434658
12143,6.399505,-17.214922
12144,7.5425577,-15.365633
12145,7.9131303,-17.97461
12146,7.149675,-18.445866
12147,6.3369617,-17.017166
12148,6.7062907,-17.021084
12149,6.8167725,-15.391352
12150,7.3273706,-12.666154
12151,6.910316,-13.724571
12152,6.9155917,-16.932096
12153,7.5654216,-15.5084715
12154,6.9313564,-18.32969
12155,7.42924,-15.06734
12156,6.069823,-14.32616
12157,7.741475,-17.849104
12158,6.181269,-15.574975
12159,6.928116,-18.584114
12160,6.0973873,-15.0316105
12161,6.503882,-15.088245
12162,6.734426,-14.953281
12163,6.554528,-16.688065
12164,7.0224953,-16.273695
12165,6.7529073,-16.88793
12166,7.975176,-16.461012
12167,6.84247,-15.632908
12168,5.5281124,-14.831159
12169,6.7446632,-17.55223
12170,6.817647,-17.440212
12171,7.292161,-14.388898
12172,6.453247,-14.180883
12173,6.3658895,-12.5714035
12174,7.4448433,-17.2204
12175,6.829432,-14.405653
12176,6.9927287,-16.208158
12177,5.8453646,-15.426524
12178,6.7348084,-10.9300995
12179,5.5441437,-11.745499
12180,7.1328382,-14.145503
12181,4.5250688,-14.909385
12182,5.4321113,-13.493746
12183,6.067671,-17.580679
12184,6.209331,-16.768534
12185,7.205951,-14.15868
12186,6.5295396,-14.491958
12187,7.038379,-17.88479
12188,5.8817425,-18.63144
12189,7.2371945,-19.78796
12190,7.68423,-16.978363
12191,6.2710323,-17.451223
12192,6.8742356,-14.6487
12193,5.665073,-17.984808
12194,7.107941,-18.315508
12195,6.0736527,-16.474993
12196,5.0099664,-18.282759
12197,4.7468204,-13.734734
12198,5.26014,-15.792136
12199,4.8176074,-19.258118
12200,5.4190173,-17.346266
12201,5.9935675,-17.736898
12202,6.294911,-16.349949
12203,7.0354276,-17.108747
12204,5.329773,-17.094032
12205,5.930988,-18.52337
12206,6.963207,-18.146845
12207,6.40226,-20.752718
12208,6.623374,-17.109287
12209,7.140172,-18.411171
12210,6.1293263,-14.653196
12211,6.0625815,-16.55874
12212,5.4889116,-18.145765
12213,4.693285,-18.71793
12214,6.4409056,-18.32453
12215,7.012455,-17.50207
12216,6.634838,-15.705811
12217,4.864819,-16.475065
12218,6.1613555,-18.967606
12219,5.1489754,-19.53803
12220,5.6672707,-17.301638
12221,5.608842,-18.832064
12222,6.194302,-22.946991
12223,5.6166553,-19.02991
12224,5.5174546,-18.17397
12225,5.9342856,-17.481918
12226,4.2617407,-15.723549
12227,4.675917,-13.474609
12228,5.0190372,-15.669499
12229,6.063329,-15.2434225
12230,5.465546,-14.52016
12231,3.0482788,-14.253944
12232,4.1378202,-17.038837
12233,4.777581,-15.403554
12234,3.4006672,-14.989342
12235,3.7214565,-19.668547
12236,4.4336987,-18.219057
12237,4.1288347,-18.334034
12238,4.2727766,-14.4892235
12239,5.74441,-17.321882
12240,2.6242392,-18.304106
12241,4.798777,-17.380964
12242,4.800154,-17.229864
12243,4.0407157,-14.01835
12244,4.5328927,-12.050478
12245,4.8716946,-14.438309
12246,4.2581573,-15.428702
12247,5.1354237,-14.23024
12248,4.2867556,-14.692189
12249,5.3943605,-16.68138
12250,4.5942464,-12.977055
12251,5.245114,-14.689553
12252,4.317055,-13.609891
12253,6.566617,-14.073919
12254,5.347439,-16.954866
12255,4.2792296,-14.346679
12256,6.8665576,-14.516129
12257,3.6433828,-14.259886
12258,4.6228456,-16.258022
12259,4.683231,-13.923956
12260,4.32378,-15.945418
12261,4.9018927,-17.116278
12262,4.533468,-18.200327
12263,5.37521,-16.313845
12264,4.8526134,-13.324072
12265,4.680241,-14.074642
12266,4.792868,-16.020014
12267,5.39588,-13.406329
12268,2.9417706,-16.525196
12269,3.866421,-13.458826
12270,2.5620983,-16.661312
12271,3.886611,-15.66306
12272,5.1996665,-18.591547
12273,5.42415,-15.387455
12274,4.6808577,-12.983929
12275,5.101298,-17.758017
12276,7.494209,-14.852377
12277,4.719994,-14.903188
12278,3.9150271,-16.823954
12279,5.5994954,-18.41358
12280,4.115046,-15.518274
12281,5.116689,-18.309063
12282,5.026496,-13.882258
12283,6.0038795,-17.577951
12284,5.525193,-14.833725
12285,3.7991858,-16.34759
12286,5.7943516,-15.777338
12287,4.905946,-16.204824
12288,6.9217267,-15.040568
12289,6.1150966,-16.815283
12290,4.7299848,-17.286615
12291,4.5180426,-15.695264
12292,4.796143,-12.607604
12293,3.844492,-16.322397
12294,4.2897773,-16.139847
12295,5.4297347,-17.359665
12296,6.1636043,-19.171434
12297,5.8811364,-18.70262
12298,5.044818,-18.082903
12299,4.1573067,-17.017118
12300,3.446449,-17.191507
12301,4.5536966,-19.63134
12302,4.1414495,-17.70556
12303,4.4547577,-16.838219
12304,4.11525,-17.384413
12305,4.32125,-16.861311
12306,4.678449,-17.20744
12307,5.195459,-13.956583
12308,5.415103,-16.181562
12309,6.873584,-14.831224
12310,3.998472,-15.714351
12311,4.963818,-17.319916
12312,5.8696795,-15.4372
12313,6.5618544,-14.732992
12314,5.3730383,-15.115788
12315,4.801982,-15.681823
12316,6.060917,-13.798453
12317,6.666206,-15.059653
12318,5.5570188,-14.287361
12319,3.5934672,-14.9479475
12320,4.437238,-15.200019
12321,4.9799724,-12.247481
12322,4.676502,-15.144464
12323,4.8449388,-15.029323
12324,5.5719438,-15.025527
12325,5.459017,-15.738042
12326,5.4311285,-18.362314
12327,6.1840754,-15.502771
12328,6.0145907,-12.914042
12329,4.5344753,-15.422541
12330,2.41812,-13.809649
12331,4.2314105,-13.314743
12332,4.965184,-13.685182
12333,3.1416864,-15.509602
12334,4.7476897,-12.057078
12335,3.7565954,-12.459383
12336,2.941337,-15.802906
12337,3.9538667,-15.969456
12338,2.759456,-16.054382
12339,3.4916217,-17.570024
12340,2.768959,-19.036785
12341,3.1821475,-17.160833
12342,5.3225856,-17.230013
12343,5.7284656,-16.77008
12344,4.4131093,-17.991243
12345,4.8351283,-18.663025
12346,4.9599824,-18.48771
12347,4.8738723,-16.667068
12348,3.6060452,-18.607769
12349,4.549583,-17.716852
12350,4.0982194,-15.631411
12351,3.5976565,-17.204195
12352,3.211065,-15.3777485
12353,3.4906604,-15.406208
12354,2.3583412,-15.962102
12355,2.9839656,-15.124666
12356,3.761113,-13.913991
12357,4.2310243,-14.425034
12358,4.1939535,-14.770739
12359,4.111327,-15.144066
12360,4.444221,-15.73521
12361,3.7161086,-17.779778
12362,3.6112933,-14.454021
12363,4.069887,-14.186402
12364,3.581892,-13.633122
12365,4.3950176,-15.849443
12366,4.5153985,-15.298636
12367,4.172408,-15.997387
12368,3.2836723,-14.141179
12369,3.940847,-13.77913
12370,4.0982685,-16.512539
12371,4.876494,-15.159503
12372,2.789801,-18.659374
12373,4.612411,-16.834898
12374,3.7823277,-15.019351
12375,2.304404,-12.20504
12376,3.1061413,-15.300472
12377,3.2019749,-14.348683
12378,2.7208455,-15.682275
12379,3.755862,-16.096684
12380,2.819448,-13.512433
12381,3.250639,-16.395119
12382,2.0136318,-13.059356
12383,1.9868404,-16.21964
12384,2.0894582,-14.440435
12385,3.8135989,-15.762777
12386,2.8706138,-14.509744
12387,3.0903997,-12.530493
12388,2.6431375,-9.097248
12389,2.1737785,-6.9577537
12390,2.201429,-12.553382
12391,3.6606584,-11.8886795
12392,3.7786324,-13.78358
12393,3.726622,-12.390861
12394,4.5009785,-11.969137
12395,4.583997,-12.615762
12396,4.9625797,-15.425449
12397,4.1488223,-11.721112
12398,5.4297304,-10.93711
12399,2.4931195,-13.316287
12400,3.8192832,-15.199656
12401,4.087378,-12.594545
12402,4.6387897,-11.0595255
12403,3.7893012,-13.410951
12404,4.497512,-13.530617
12405,4.078043,-15.169021
12406,3.992897,-14.423952
12407,3.6281793,-14.904946
12408,2.6248317,-13.747233
12409,2.5460327,-19.966486
12410,3.0756893,-16.781908
12411,4.530743,-14.929941
12412,5.1735587,-13.99579
12413,2.716728,-12.316188
12414,5.721047,-16.315939
12415,5.8142233,-15.711431
12416,3.739673,-13.962423
12417,2.9801831,-13.540237
12418,4.1804028,-16.47827
12419,3.353996,-13.594844
12420,4.550623,-13.098826
12421,5.381547,-13.675307
12422,5.83015,-13.003786
12423,4.94973,-10.3639765
12424,2.4100106,-12.330771
12425,4.7340817,-15.789812
12426,4.450325,-12.58559
12427,4.8767943,-14.993444
12428,3.6672533,-13.392031
12429,3.487995,-15.345367
12430,4.0445733,-14.376095
12431,4.777545,-15.308843
12432,2.5551872,-15.703949
12433,4.54715,-13.966564
12434,3.3487148,-14.999143
12435,4.4593344,-13.472658
12436,3.4004972,-16.726208
12437,3.0270214,-16.050615
12438,2.8666675,-14.98561
12439,3.4062963,-13.89635
12440,5.665677,-16.766827
12441,4.578959,-16.041939
12442,4.74179,-14.794046
12443,4.4164443,-12.022999
12444,2.482467,-14.161407
12445,4.0945835,-13.497273
12446,3.1591115,-16.336727
12447,3.4325643,-13.903283
12448,4.218621,-13.781145
12449,1.8564236,-13.968082
12450,3.1256123,-15.125308
12451,3.1216664,-16.30308
12452,4.220759,-14.414067
12453,3.340993,-15.468817
12454,2.9578269,-17.89859
12455,2.6070726,-16.02762
12456,3.4357529,-17.74646
12457,3.4973462,-15.479358
12458,4.9847813,-15.913613
12459,3.8990111,-13.900554
12460,2.7437174,-17.464695
12461,4.844203,-15.9082575
12462,5.279605,-15.842729
12463,4.74478,-15.765788
12464,3.810807,-14.721437
12465,3.600914,-16.640522
12466,4.948912,-13.890034
12467,5.1591325,-16.501318
12468,4.3314724,-14.608922
12469,4.722347,-14.950466
12470,3.9030545,-16.98717
12471,2.8938217,-16.239716
12472,3.8575299,-16.562113
12473,3.4825606,-19.086262
12474,4.494476,-17.256298
12475,2.133435,-16.96613
12476,2.4253814,-16.943111
12477,3.8525093,-19.083637
12478,3.3773098,-16.847395
12479,4.2746086,-16.119802
12480,3.5581458,-16.217125
12481,4.899975,-16.691238
12482,5.0673766,-13.5582485
12483,2.8358808,-14.83765
12484,3.9673479,-13.27852
12485,5.3950634,-15.131567
12486,4.8548784,-16.830952
12487,5.193787,-16.122679
12488,3.7546804,-15.020409
12489,5.8649287,-17.009783
12490,3.599017,-15.873791
12491,5.557525,-13.568987
12492,5.300458,-13.533922
12493,5.0243893,-13.3471365
12494,4.2126627,-12.61347
12495,4.4814343,-13.501373
12496,3.4354258,-15.666087
12497,5.6353073,-12.799932
12498,3.321531,-14.020506
12499,4.7054167,-14.425331
12500,5.1183023,-14.587936
12501,5.034744,-15.76421
12502,2.6769204,-13.504713
12503,4.8890896,-15.799665
12504,3.9654553,-14.582396
12505,4.6215997,-14.484347
12506,4.6597724,-16.743235
12507,6.029936,-13.695018
12508,3.6682093,-12.980424
12509,4.3979716,-15.302701
12510,4.0153313,-17.049782
12511,5.070721,-15.222652
12512,4.235381,-12.853213
12513,4.136262,-14.39735
12514,5.8324637,-15.939482
12515,4.4841413,-16.368153
12516,6.3334684,-16.697264
12517,6.0256696,-14.758849
12518,5.1248336,-15.37958
12519,4.817931,-13.461242
12520,7.231646,-15.286409
12521,4.070171,-14.549766
12522,3.9426932,-14.047879
12523,6.007468,-15.40239
12524,4.7546906,-15.518902
12525,5.3048186,-15.8843975
12526,5.9019885,-15.022064
12527,4.4585795,-14.201712
12528,5.0737967,-14.738913
12529,6.59189,-15.978255
12530,7.8589625,-15.215065
12531,5.236444,-13.036571
12532,5.906523,-12.611898
12533,5.434016,-13.814935
12534,5.5885153,-17.084421
12535,5.345576,-15.733583
12536,5.47362,-17.011295
12537,4.62682,-16.187525
12538,4.772522,-12.583611
12539,5.7745814,-14.533411
12540,5.4318933,-16.431158
12541,5.771057,-15.665651
12542,4.838929,-14.996636
12543,4.740267,-11.702483
12544,3.1176121,-13.474124
12545,4.0522413,-15.869385
12546,4.5151978,-17.202623
12547,3.6759634,-16.28352
12548,5.130857,-16.655178
12549,4.5505137,-15.699782
12550,5.8475227,-15.2210655
12551,6.275691,-16.170172
12552,4.4141526,-17.53634
12553,4.623115,-17.15535
12554,5.0121765,-16.361904
12555,4.313046,-18.032646
12556,5.7031374,-14.936819
12557,6.1083426,-16.256598
12558,6.2230396,-16.175638
12559,4.374409,-16.833761
12560,5.0945497,-12.478355
12561,4.390511,-14.940747
12562,4.4511075,-14.024554
12563,4.3599834,-14.897371
12564,4.229579,-14.690478
12565,4.788397,-15.878288
12566,6.5916595,-17.571651
12567,5.744916,-15.93847
12568,5.2539353,-14.661411
12569,3.9045162,-15.001493
12570,4.2787127,-15.150404
12571,4.706473,-15.910996
12572,3.8747246,-15.230424
12573,5.500538,-15.77805
12574,5.9879146,-16.921297
12575,5.919109,-14.291474
12576,4.966593,-13.648063
12577,5.652657,-10.868982
12578,5.95277,-14.172705
12579,3.8356986,-12.721784
12580,5.2024894,-13.5770445
12581,4.3559284,-13.845056
12582,3.9402463,-15.537109
12583,6.5515723,-16.907053
12584,5.684598,-12.379951
12585,5.1635575,-13.323194
12586,4.312568,-13.771157
12587,5.651577,-14.254106
12588,3.533365,-12.969472
12589,5.0849757,-13.337919
12590,4.063601,-13.7634945
12591,5.53452,-16.025887
12592,4.7405195,-16.930042
12593,5.992912,-14.915995
12594,5.307781,-15.544031
12595,4.1137366,-15.473533
12596,6.199194,-12.700712
12597,4.210836,-13.1773615
12598,5.9978,-15.506276
12599,4.7747297,-15.650222
12600,6.302203,-13.84926
12601,3.5519307,-13.96342
12602,4.6543183,-9.805733
12603,5.2236958,-10.623504
12604,5.7596517,-12.399038
12605,4.3131914,-12.853018
12606,5.0455246,-14.173943
12607,4.4275413,-13.198127
12608,4.8727126,-14.224637
12609,6.324647,-14.789473
12610,5.1908073,-11.853939
12611,3.830736,-14.425147
12612,4.2259192,-12.186602
12613,4.356376,-12.058598
12614,5.600734,-12.226799
12615,3.9678905,-12.00284
12616,4.162772,-12.557562
12617,5.032323,-14.4128
12618,5.8563805,-15.173746
12619,3.5143485,-10.846223
12620,4.962799,-12.347645
12621,3.6320817,-13.997027
12622,4.705386,-15.803911
12623,4.705656,-15.631944
12624,5.778808,-16.039234
12625,6.2253504,-16.049124
12626,5.9372334,-15.612743
12627,5.6203074,-15.199169
12628,4.1960244,-16.565369
12629,4.6488075,-16.01633
12630,5.3139234,-17.048525
12631,5.7649274,-16.399567
12632,4.930761,-16.148277
12633,7.2597547,-14.552054
12634,4.7457933,-17.209986
12635,5.328367,-15.892489
12636,4.826735,-15.253122
12637,6.26262,-16.760542
12638,4.345845,-16.367737
12639,4.5060315,-15.653162
12640,2.9057915,-15.842963
12641,4.0296354,-18.912043
12642,4.2577233,-15.982329
12643,4.3699884,-12.354777
12644,3.8783953,-18.133745
12645,4.3361597,-16.080702
12646,4.4335675,-16.246202
12647,4.412292,-13.390757
12648,6.2511406,-15.674667
12649,3.9658775,-15.518591
12650,4.8294992,-15.493305
12651,5.290695,-14.871141
12652,3.7297928,-18.126726
12653,4.8561316,-18.581276
12654,5.920986,-18.986248
12655,4.398935,-18.939533
12656,6.0159087,-18.83291
12657,5.115766,-20.078482
12658,6.354296,-16.346973
12659,5.6216116,-16.568481
12660,4.8150806,-16.798326
12661,5.110355,-13.934752
12662,4.254069,-16.013369
12663,5.2536607,-17.685654
12664,6.3687167,-16.817593
12665,6.6706977,-17.465933
12666,4.9247966,-17.243395
12667,4.965212,-15.700458
12668,4.19997,-16.78185
12669,4.6850734,-16.19755
12670,5.8959255,-15.432616
12671,4.6443033,-15.7886
12672,4.2919383,-14.254956
12673,4.5480723,-12.627058
12674,4.3349495,-12.623209
12675,6.492375,-14.860809
12676,5.945476,-15.06922
12677,6.125287,-16.159594
12678,5.2248945,-13.660401
12679,4.884384,-13.305543
12680,5.039137,-13.331669
12681,5.0261445,-13.598318
12682,5.163652,-11.502883
12683,4.530106,-11.583863
12684,4.526422,-11.937498
12685,5.705551,-11.421395
12686,3.033376,-13.373293
12687,4.9230075,-15.257111
12688,4.0014024,-12.616831
12689,3.7321036,-13.391498
12690,3.9489622,-14.627613
12691,4.812832,-9.663751
12692,3.473824,-12.431391
12693,4.065634,-14.56216
12694,4.584163,-15.521183
12695,2.9159691,-12.809749
12696,4.0610967,-12.507116
12697,4.875496,-13.254748
12698,4.068159,-10.645234
12699,4.254604,-13.966467
12700,6.23935,-11.120871
12701,2.918429,-11.680553
12702,4.4010463,-13.375308
12703,3.7690015,-14.309902
12704,3.4220176,-15.673184
12705,3.8739595,-16.476944
12706,3.6014218,-12.799581
12707,2.2753832,-13.755616
12708,3.2368653,-11.347537
12709,2.0355136,-11.209256
12710,2.6301591,-11.052145
12711,4.610585,-12.000641
12712,3.9914732,-13.462587
12713,3.94021,-11.50309
12714,2.952271,-13.665946
12715,1.1072608,-11.226188
12716,4.25037,-14.813398
12717,2.9635065,-11.945155
12718,4.7562447,-17.76911
12719,3.161125,-15.565108
12720,4.3156586,-14.176019
12721,3.5491555,-16.336233
12722,3.5517914,-14.929863
12723,2.9628952,-10.982589
12724,4.6926656,-10.386617
12725,4.5628023,-7.606274
12726,4.7957454,-10.899017
12727,4.4829087,-9.177092
12728,3.7123175,-13.398462
12729,4.4000974,-10.6163645
12730,4.964182,-13.690808
12731,5.470282,-11.228252
12732,4.1439667,-11.223692
12733,5.0649924,-12.092725
12734,4.454222,-9.447456
12735,5.0911784,-8.482102
12736,3.8370848,-8.947646
12737,4.528104,-10.800951
12738,4.658688,-12.6231
12739,5.3504753,-13.036296
12740,3.415329,-12.344887
12741,3.7817743,-13.047325
12742,3.5802357,-12.216934
12743,4.4392123,-13.335242
12744,3.908626,-13.910468
12745,4.9805174,-11.024816
12746,5.5156865,-14.472815
12747,5.309581,-10.586474
12748,3.4435406,-11.659719
12749,3.490865,-13.041276
12750,4.318924,-12.094582
12751,3.2984226,-12.262858
12752,4.366022,-13.964941
12753,3.5368485,-14.6267185
12754,4.330523,-14.2212925
12755,3.4234233,-15.698
12756,5.07133,-16.471
12757,3.876893,-12.027545
12758,3.309019,-14.291062
12759,3.820249,-13.744147
12760,4.639584,-12.463045
12761,3.3269577,-13.454765
12762,4.720851,-12.323794
12763,4.9277916,-16.341053
12764,4.628179,-14.906471
12765,4.637528,-17.43044
12766,3.7073996,-12.881804
12767,5.2846293,-13.105382
12768,4.840587,-13.419154
12769,3.944233,-16.432497
12770,3.596319,-15.635767
12771,6.6560855,-20.70483
12772,5.623794,-16.194798
12773,4.617908,-17.089401
12774,3.8016074,-19.301458
12775,4.2087893,-15.812025
12776,4.140221,-14.841109
12777,5.213106,-15.274169
12778,5.056115,-12.836775
12779,3.9910185,-13.391593
12780,5.2689867,-16.40239
12781,3.925056,-14.083753
12782,3.6538439,-12.304409
12783,4.0331607,-11.668975
12784,4.1770124,-13.370953
12785,3.140646,-14.881403
12786,4.757611,-14.654823
12787,4.1860156,-14.661944
12788,5.1585975,-14.070646
12789,4.379073,-14.828072
12790,5.994674,-14.350487
12791,3.2700996,-12.086238
12792,3.812257,-13.079509
12793,4.327239,-15.258314
12794,5.3679576,-13.178487
12795,4.8218703,-12.756139
12796,2.6259143,-14.210348
12797,3.5061793,-12.075886
12798,5.396809,-11.890407
12799,4.369503,-10.333275
12800,5.099004,-14.35811
12801,3.778476,-14.857972
12802,4.482376,-13.832329
12803,4.7859693,-13.567168
12804,4.509044,-14.787346
12805,4.584205,-13.201454
12806,4.0481935,-18.995304
12807,4.4479756,-16.746546
12808,4.5645576,-15.199834
12809,3.9357328,-15.017473
12810,5.438368,-15.821186
12811,6.7165103,-14.550412
12812,5.1532536,-14.695844
12813,5.081517,-13.28707
12814,5.5454087,-13.625717
12815,4.4290075,-10.476663
12816,7.1947513,-12.117672
12817,4.9235578,-13.962885
12818,4.3182,-12.407491
12819,5.3928995,-15.702766
12820,4.6474442,-14.677307
12821,4.643474,-14.268664
12822,5.6853375,-13.187716
12823,4.1902933,-14.246966
12824,3.638313,-15.352306
12825,5.0722938,-14.431346
12826,4.0523767,-14.443218
12827,3.7532332,-15.157293
12828,3.3992174,-18.802998
12829,4.522748,-14.264748
12830,4.5087676,-12.761159
12831,4.437284,-14.3919
12832,4.8661494,-14.470904
12833,4.5940394,-14.112372
12834,5.2623467,-16.515621
12835,4.0626163,-16.204044
12836,3.684674,-12.563669
12837,4.259525,-9.599083
12838,5.9933543,-11.266189
12839,4.6648912,-14.065061
12840,6.025172,-11.634768
12841,3.9067142,-14.365244
12842,4.590192,-12.917876
12843,4.968986,-10.120048
12844,5.7592893,-12.963408
12845,4.523716,-11.655596
12846,6.0099936,-9.697713
12847,4.677528,-10.672829
12848,5.49762,-9.223037
12849,3.9668593,-14.802506
12850,5.9192486,-9.639388
12851,3.9358797,-10.060301
12852,4.2054124,-11.2821245
12853,4.5791793,-12.855342
12854,3.8044808,-13.030594
12855,4.2565665,-14.996035
12856,3.5962598,-12.992501
12857,5.422652,-13.638263
12858,5.4287295,-13.248696
12859,3.8879392,-10.339471
12860,4.8074512,-9.013756
12861,5.372138,-9.795177
12862,3.714505,-10.578047
12863,3.628709,-10.215819
12864,3.9276028,-11.0176
12865,4.381368,-11.686319
12866,5.5573983,-14.077515
12867,3.3851578,-12.975538
12868,5.20366,-13.05801
12869,4.31143,-13.348925
12870,6.1702485,-12.554152
12871,3.727295,-13.49412
12872,3.3926451,-13.416081
12873,4.725489,-16.131031
12874,4.4484987,-14.864109
12875,4.7287693,-13.376363
12876,5.582808,-15.882784
12877,5.4212484,-13.789042
12878,5.6794376,-14.996106
12879,3.939863,-15.188725
12880,5.9065337,-12.520159
12881,5.7209916,-11.183454
12882,5.134648,-8.604718
12883,3.479401,-10.807222
12884,5.588484,-9.8976555
12885,4.9377937,-11.655982
12886,4.6401215,-11.638176
12887,5.387652,-12.243236
12888,4.0091295,-12.639682
12889,4.5985227,-12.519327
12890,4.750423,-8.608343
12891,3.7604473,-12.110851
12892,5.7272687,-14.686563
12893,5.0680604,-13.685968
12894,5.01406,-14.143543
12895,4.1261578,-12.701738
12896,4.2019687,-12.489731
12897,5.7743716,-13.531599
12898,6.1716685,-12.100774
12899,6.892256,-12.929878
12900,5.5853963,-13.545622
12901,4.6055217,-13.022134
12902,5.15953,-11.103975
12903,5.925216,-11.359205
12904,5.4537535,-9.574494
12905,4.7917304,-12.644496
12906,5.227968,-13.640055
12907,6.599054,-12.455538
12908,5.5079575,-12.578974
12909,5.3244863,-14.04322
12910,5.6826587,-13.705727
12911,5.423148,-14.334291
12912,5.3198576,-13.975486
12913,5.9584575,-10.84427
12914,5.6912184,-13.542135
12915,6.0516744,-14.104504
12916,7.6828456,-12.929627
12917,6.757421,-13.53149
12918,5.174449,-13.687618
12919,5.5912414,-12.402381
12920,6.1674767,-17.363064
12921,6.3991203,-12.817702
12922,6.4359384,-13.879288
12923,5.2148643,-12.096427
12924,5.3940253,-15.708719
12925,5.6644406,-13.097134
12926,3.5596366,-17.024025
12927,6.0266876,-13.850343
12928,6.116681,-15.51874
12929,5.837253,-16.28923
12930,5.4471393,-14.632239
12931,5.2019496,-14.844
12932,4.357152,-16.667542
12933,3.4639592,-17.229803
12934,1.9487481,-16.162336
12935,3.6016898,-14.703185
12936,4.297757,-13.268514
12937,4.129957,-15.221142
12938,2.5846605,-11.965022
12939,4.199007,-15.67934
12940,5.7512455,-18.39405
12941,4.4429684,-15.680042
12942,4.4885087,-13.776803
12943,5.3253393,-12.824103
12944,5.157706,-14.156556
12945,6.319034,-14.314043
12946,5.033342,-12.372908
12947,5.994778,-10.355131
12948,6.257338,-12.016773
12949,4.7127566,-13.379126
12950,4.232825,-12.416728
12951,5.7599363,-14.075934
12952,4.094506,-11.665321
12953,3.887223,-8.853369
12954,5.1205783,-12.513067
12955,4.3688884,-12.957289
12956,3.013049,-12.636635
12957,3.8976421,-11.668981
12958,3.8131094,-13.792426
12959,5.2150555,-15.748622
12960,4.100863,-15.656541
12961,4.6503787,-12.819237
12962,6.152296,-14.098593
12963,4.9798822,-16.549726
12964,4.424362,-17.161522
12965,3.6534224,-16.49791
12966,7.031828,-12.262453
12967,4.263834,-11.387772
12968,4.70556,-15.126521
12969,5.499474,-13.446866
12970,3.866957,-13.761461
12971,6.0791655,-13.03586
12972,5.0156865,-13.77028
12973,5.51697,-13.063762
12974,6.2263217,-12.106683
12975,5.9845695,-17.09606
12976,5.2982965,-17.348877
12977,6.265217,-13.437585
12978,5.535036,-17.337137
12979,5.106194,-15.546222
12980,4.973971,-16.86116
12981,7.4923434,-15.54362
12982,6.612091,-13.278249
12983,5.4790573,-13.017376
12984,5.8048797,-13.88485
12985,3.9018655,-12.161995
12986,4.543082,-13.232423
12987,3.2896714,-13.820007
12988,3.9811976,-15.275369
12989,4.557972,-14.673809
12990,4.3045588,-13.442916
12991,4.652933,-13.90553
12992,3.1669807,-11.5685625
12993,3.3436124,-13.885141
12994,2.3723564,-14.794367
12995,3.347696,-16.132261
12996,2.8039706,-11.223239
12997,5.180749,-14.200261
12998,3.858249,-14.485924
12999,3.9036543,-12.9871855
